Job Role,Company Name,Location,Date Posted,Apply Link,Company Link,No. of Applicants,Company / Job Details,Source
Technical Sales Development Representative,Kinetic Innovative Staffing Pty Ltd,Remote,2026-09-10,https://www.foundit.in/job/technical-sales-development-representative-kinetic-innovative-staffing-pty-ltd-remote-66400774,N/A,13.0,"Experience: 3-7 Years | Salary: 7,20,000-9,60,000 PHP | Key Skills: technical sales presentations,Technical Sales, Cybersecurity | Industry: Cyber Security | Function: Others",Foundit
Sr. Sales Development Representative,MoEngage,Bengaluru,2025-07-11,https://www.foundit.in/job/sr-sales-development-representative-moengage-bengaluru-bangalore-35474163,https://www.moengage.com,38.0,"Experience: 10-15 Years | Salary: 15,50,000-20,00,000 INR | Key Skills: CRM Tools, Communication Skills, Saas Sales, B2B Services, Adaptability, relationship enhancement | Industry: Information Technology | Function: Sales/Business Development",Foundit
Sales Development Representative,CrowdStrike,Bengaluru,2025-05-22,https://www.foundit.in/job/sales-development-representative-crowdstrike-bengaluru-bangalore-34950617,https://www.crowdstrike.com,173.0,"Experience: 3-8 Years | Salary: 3,00,000-8,00,000 INR | Key Skills: Git, Javascript, Apis, Node.js, Sql, AWS | Industry: Cyber Security | Function: Others",Foundit
Sales Development Representative,EBIZON NETINFO PRIVATE LIMITED,Noida,2026-09-12,https://apna.co/job/noida/ebizon-sales-development-representative-noida-1827850866,https://www.ebizontek.com,,"Company: EBIZON NETINFO PRIVATE LIMITED | Location: Noida | Salary: Not disclosed | Tags: Work from Office, Full Time, Min. 1 year",Apna
Sales Development Representative,Salesforce.com India Pvt Ltd,Bengaluru/Bangalore,2026-09-12,https://apna.co/job/bengaluru/sales-development-representative-1480643819,https://www.salesforce.com,,"Company: Salesforce.com India Pvt Ltd | Location: Bengaluru/Bangalore | Salary: Not disclosed | Tags: Work from Office, Full Time, Any experience",Apna
Sales Development Representative,NielsenIQ,Gurgaon/Gurugram,2026-09-12,https://apna.co/job/gurgaon/sales-development-representative-1249905115,https://www.nielseniq.com,,"Company: NielsenIQ | Location: Gurgaon/Gurugram | Salary: Not disclosed | Tags: Work from Office, Full Time, Min. 1 year",Apna
Business Development Representative,Testzeus,"HSR Layout, Bengaluru/Bangalore Region",2026-09-12,https://apna.co/job/bengaluru-bangalore-region/business-development-representative-488559474,https://www.testzeus.com,,"Company: Testzeus | Location: HSR Layout, Bengaluru/Bangalore Region | Salary: ₹60,000 - ₹67,000 | Tags: Work from Office, Full Time, Min. 2 years, Good (Intermediate / Advanced) English",Apna
Business Development Representative,Kadwin Technologies,All areas in Jaipur,2026-09-12,https://apna.co/job/jaipur/business-development-representative-298735969,https://www.kadwin.com,,"Company: Kadwin Technologies | Location: All areas in Jaipur | Salary: ₹15,000 - ₹30,000 | Tags: Field Job, Full Time, Night Shift, Any experience, Basic English",Apna
Sales Development Representative,EBIZON NETINFO PRIVATE LIMITED,Noida,2026-09-12,https://apna.co/job/noida/ebizon-ii-sales-associate-1005816483,https://www.ebizontek.com,,"Company: EBIZON NETINFO PRIVATE LIMITED | Location: Noida | Salary: Not disclosed | Tags: Work from Office, Full Time, Any experience",Apna
Business Development Representative,EBIZON NETINFO PRIVATE LIMITED,Noida,2026-09-12,https://apna.co/job/noida/ebizon-business-development-representative-noida-1198486161,https://www.ebizontek.com,,"Company: EBIZON NETINFO PRIVATE LIMITED | Location: Noida | Salary: Not disclosed | Tags: Work from Office, Full Time, Min. 1 year",Apna
Business Development Representative,New Relic One India Pvt. Ltd.,Hyderabad,2026-09-12,https://apna.co/job/hyderabad/business-development-representative-1999904428,https://www.newrelic.com,,"Company: New Relic One India Pvt. Ltd. | Location: Hyderabad | Salary: Not disclosed | Tags: Work from Office, Full Time, Min. 2 years",Apna
Senior Sales Development Representative - Life Sciences,Thermo Fisher Scientific India Pvt Ltd,New Delhi,2026-09-12,https://apna.co/job/new-delhi/head-enterprise-services-1691422906,https://www.thermofisher.com,,"Company: Thermo Fisher Scientific India Pvt Ltd | Location: New Delhi | Salary: Not disclosed | Tags: Work from Office, Full Time, Min. 8 years",Apna
Business Development Representative,Arbor Academy,"Baner, Pune Region",2026-09-12,https://apna.co/job/pune-region/business-development-representative-976736129,https://www.arboracademy.com,,"Company: Arbor Academy | Location: Baner, Pune Region | Salary: ₹15,000 - ₹30,000 | Tags: Work from Office, Full Time, Any experience, Basic English",Apna
Senior Business Development Representative,MindTickle Interactive Media Pvt Ltd,Bengaluru/Bangalore,2026-09-12,https://apna.co/job/bengaluru/senior-business-development-representative-1952876941,https://www.mindtickle.com,,"Company: MindTickle Interactive Media Pvt Ltd | Location: Bengaluru/Bangalore | Salary: Not disclosed | Tags: Work from Office, Full Time, Min. 5 years",Apna
Enterprise Sales Development Representative,Snowflake Computing India Llp,Bengaluru/Bangalore,2026-09-12,https://apna.co/job/bengaluru/sales-development-representative-1185472816,https://www.snowflake.com,,"Company: Snowflake Computing India Llp | Location: Bengaluru/Bangalore | Salary: Not disclosed | Tags: Work from Office, Full Time, Min. 3 years",Apna
Sales Development Representative,NielsenIQ,Bengaluru/Bangalore,2026-09-12,https://apna.co/job/bengaluru/sales-development-representative-1287551493,https://www.nielseniq.com,,"Company: NielsenIQ | Location: Bengaluru/Bangalore | Salary: Not disclosed | Tags: Work from Office, Full Time, Min. 1 year",Apna
Sales Capture Practitioner - Global Capability Center (GCC),Accenture India Private Limited,Bengaluru/Bangalore,2026-09-12,https://apna.co/job/bengaluru/india-gcc-sales-capture-practitioner-1602657156,https://www.accenture.com,,"Company: Accenture India Private Limited | Location: Bengaluru/Bangalore | Salary: Not disclosed | Tags: Work from Office, Full Time, Min. 6 years",Apna
Sales Development Representative,EBIZON NETINFO PRIVATE LIMITED,Noida,2026-09-12,https://apna.co/job/noida/fresher-sales-development-representative-1975033026,https://www.ebizontek.com,,"Company: EBIZON NETINFO PRIVATE LIMITED | Location: Noida | Salary: Not disclosed | Tags: Work from Office, Full Time, Any experience",Apna
Sales Development Representative,ByteDance,Gurgaon/Gurugram,2026-09-12,https://apna.co/job/gurgaon/sales-development-representative-byteplus-1571055530,https://www.bytedance.com,,"Company: ByteDance | Location: Gurgaon/Gurugram | Salary: Not disclosed | Tags: Work from Office, Full Time, Min. 2 years",Apna
Sales Development Representative - Outbound Sales,Snowflake Computing India Llp,Bengaluru/Bangalore,2026-09-12,https://apna.co/job/bengaluru/sales-development-representative-outbound-1579078990,https://www.snowflake.com,,"Company: Snowflake Computing India Llp | Location: Bengaluru/Bangalore | Salary: Not disclosed | Tags: Work from Office, Full Time, Min. 2 years",Apna
Sales Development Representative - IT Sales,EBIZON NETINFO PRIVATE LIMITED,Noida,2026-09-12,https://apna.co/job/noida/sales-development-representative-it-sales-1418459255,https://www.ebizontek.com,,"Company: EBIZON NETINFO PRIVATE LIMITED | Location: Noida | Salary: Not disclosed | Tags: Work from Office, Full Time, Min. 1 year",Apna
Business Development Associate,M/S Parikshit Erector,"Sector 24, Delhi-NCR",2026-09-12,https://apna.co/job/delhi-ncr/business-development-associate-320226341,https://www.parikshiterector.com,,"Company: M/S Parikshit Erector | Location: Sector 24, Delhi-NCR | Salary: ₹15,000 - ₹25,000 | Tags: Work from Office, Full Time, Min. 1 year, Basic English",Apna
Business Development Associate,Info Spark,Work from Home,2026-09-12,https://apna.co/job/pune-region/business-development-associate-963380729,https://www.infospark.in,,"Company: Info Spark | Location: Work from Home | Salary: ₹5,000 - ₹8,000 | Tags: Part Time, Any experience, Good (Intermediate / Advanced) English",Apna
Business Development Associate,Phonepe,Mohali,2026-09-12,https://apna.co/job/mohali/business-development-associate-905237347,https://www.phonepe.com,,"Company: Phonepe | Location: Mohali | Salary: ₹18,000 - ₹21,000 | Tags: Field Job, Full Time, Any experience, Basic English",Apna
Sales Development Representative,Atlassian India Llp,Bengaluru/Bangalore,2026-09-12,https://apna.co/job/bengaluru/sales-development-representative-1023478651,https://www.atlassian.com,,"Company: Atlassian India Llp | Location: Bengaluru/Bangalore | Salary: Not disclosed | Tags: Work from Office, Full Time, Min. 2 years",Apna
Business Development Associate,Axis Bank Pvt Ltd,Bengaluru/Bangalore,2026-09-12,https://apna.co/job/bengaluru-bangalore/business-development-associate-543081011,https://www.axisbank.com,,"Company: Axis Bank Pvt Ltd | Location: Bengaluru/Bangalore | Salary: ₹15,500 - ₹19,000 | Tags: Work from Office, Full Time, Freshers only, No English Required",Apna
Sales Development Representative,Linkedin Technology Information Pvt Ltd,Mumbai/Bombay,2026-09-12,https://apna.co/job/mumbai/sales-development-representative-1782771491,https://www.linkedin.com,,"Company: Linkedin Technology Information Pvt Ltd | Location: Mumbai/Bombay | Salary: Not disclosed | Tags: Work from Office, Full Time, Min. 1 year",Apna
Business Development Associate,Leverage Edu,Noida,2026-09-12,https://apna.co/job/noida/business-development-associate-132061432,https://www.leverageedu.com,,"Company: Leverage Edu | Location: Noida | Salary: ₹20,000 - ₹40,000 | Tags: Work from Office, Full Time, Any experience, Good (Intermediate / Advanced) English",Apna
Sales Development Specialist - Bioprocessing Industry,Thermo Fisher Scientific India Pvt Ltd,Pune,2026-09-12,https://apna.co/job/pune/sales-development-specialist-1246398771,https://www.thermofisher.com,,"Company: Thermo Fisher Scientific India Pvt Ltd | Location: Pune | Salary: Not disclosed | Tags: Work from Office, Full Time, Min. 3 years",Apna
Business Development Associate,Leverage Ed-Tech Private Limited,Noida,2026-09-12,https://apna.co/job/noida/business-development-associate-918982928,https://www.leverageed.com,,"Company: Leverage Ed-Tech Private Limited | Location: Noida | Salary: ₹29,000 - ₹33,000 | Tags: Work from Office, Full Time, Any experience, Good (Intermediate / Advanced) English",Apna
Sales Development Representative,Linkedin Technology Information Pvt Ltd,Mumbai/Bombay,2026-09-12,https://apna.co/job/mumbai/sales-development-representative-mumbai-1654090522,https://www.linkedin.com,,"Company: Linkedin Technology Information Pvt Ltd | Location: Mumbai/Bombay | Salary: Not disclosed | Tags: Work from Office, Full Time, Min. 1 year",Apna
Business Development Associate,Quirksmith Lifestyle,"Kaikondrahalli, Bengaluru/Bangalore",2026-09-12,https://apna.co/job/bengaluru-bangalore/business-development-associate-760818462,N/A,,"Company: Quirksmith Lifestyle | Location: Kaikondrahalli, Bengaluru/Bangalore | Salary: ₹18,000 - ₹20,000 | Tags: Work from Office, Full Time, Any experience, Basic English",Apna
Sales Development Representative,Linkedin Technology Information Pvt Ltd,Gurgaon/Gurugram,2026-09-12,https://apna.co/job/gurgaon/sales-development-representative-1304742204,https://www.linkedin.com,,"Company: Linkedin Technology Information Pvt Ltd | Location: Gurgaon/Gurugram | Salary: Not disclosed | Tags: Work from Office, Full Time, Min. 1 year",Apna
Business Development Associate,Leverage Edu,"Sector 126, Noida",2026-09-12,https://apna.co/job/noida/business-development-associate-836390352,https://www.leverageedu.com,,"Company: Leverage Edu | Location: Sector 126, Noida | Salary: ₹25,000 - ₹40,000 | Tags: Work from Office, Full Time, Any experience, Good (Intermediate / Advanced) English",Apna
Sales Development Representative Analyst,Accenture India Private Limited,Bengaluru/Bangalore,2026-09-12,https://apna.co/job/bengaluru/sales-development-rep-analyst-1047225195,https://www.accenture.com,,"Company: Accenture India Private Limited | Location: Bengaluru/Bangalore | Salary: Not disclosed | Tags: Work from Office, Full Time, Min. 3 years",Apna
Business Development Associate,Axis Bank Pvt Ltd,"Hadapsar, Pune",2026-09-12,https://apna.co/job/pune/business-development-associate-606657865,https://www.axisbank.com,,"Company: Axis Bank Pvt Ltd | Location: Hadapsar, Pune | Salary: ₹16,000 - ₹19,000 | Tags: Field Job, Full Time, Freshers only, Basic English",Apna
International Sales Development Representative,EBIZON NETINFO PRIVATE LIMITED,Noida,2026-09-12,https://apna.co/job/noida/sales-development-representative-international-sal-1620153422,https://www.ebizontek.com,,"Company: EBIZON NETINFO PRIVATE LIMITED | Location: Noida | Salary: Not disclosed | Tags: Work from Office, Full Time, Min. 1 year",Apna
Business Development Associate,Uprooting Talent Private Limited,Bengaluru/Bangalore,2026-09-12,https://apna.co/job/bengaluru-bangalore/business-development-associate-948403804,N/A,,"Company: Uprooting Talent Private Limited | Location: Bengaluru/Bangalore | Salary: ₹33,333 - ₹41,667 | Tags: Work from Office, Full Time, Any experience, Good (Intermediate / Advanced) English",Apna
Business Development Representative,Salesforce.com India Pvt Ltd,Bengaluru/Bangalore,2026-09-12,https://apna.co/job/bengaluru/business-development-representative-1161251514,https://www.salesforce.com,,"Company: Salesforce.com India Pvt Ltd | Location: Bengaluru/Bangalore | Salary: Not disclosed | Tags: Work from Office, Full Time, Min. 3 years",Apna
Business Development Associate,Leverage Edu,Noida,2026-09-12,https://apna.co/job/noida/business-development-associate-449868399,https://www.leverageedu.com,,"Company: Leverage Edu | Location: Noida | Salary: ₹29,000 - ₹33,000 | Tags: Work from Office, Full Time, Any experience, Good (Intermediate / Advanced) English",Apna
Business Development Associate,Urban Company,"Vikhroli East, Mumbai/Bombay",2026-09-12,https://apna.co/job/mumbai-bombay/business-development-associate-782348294,https://www.urbancompany.com,,"Company: Urban Company | Location: Vikhroli East, Mumbai/Bombay | Salary: ₹25,000 - ₹28,000 | Tags: Work from Office, Full Time, Any experience, Basic English",Apna
Senior Business Development Representative,Hevo Technologies India Private Limited,Bengaluru/Bangalore,2026-09-12,https://apna.co/job/bengaluru/senior-bdr-north-america-market-1668005553,https://www.hevo.com,,"Company: Hevo Technologies India Private Limited | Location: Bengaluru/Bangalore | Salary: Not disclosed | Tags: Work from Office, Full Time, Min. 3 years",Apna
Sales Representative,3M India Limited,Chennai,2026-09-12,https://apna.co/job/chennai/sales-rep-1688598896,N/A,,"Company: 3M India Limited | Location: Chennai | Salary: Not disclosed | Tags: Work from Office, Full Time, Freshers only",Apna
Industrial Sales Representative - Lubricants,ExxonMobil,Bengaluru/Bangalore,2026-09-12,https://apna.co/job/bengaluru/sales-representative-chennai-1409314706,https://www.exxonmobil.com,,"Company: ExxonMobil | Location: Bengaluru/Bangalore | Salary: Not disclosed | Tags: Work from Office, Full Time, Min. 7 years",Apna
Business Development Executive,Axis Bank Pvt Ltd,"Model Town, Ludhiana",2026-09-12,https://apna.co/job/ludhiana/business-development-executive-155064169,https://www.axisbank.com,,"Company: Axis Bank Pvt Ltd | Location: Model Town, Ludhiana | Salary: ₹15,000 - ₹18,000 | Tags: Work from Office, Full Time, Any experience, Basic English",Apna
Sales Representative,India Medtronic Pvt. Ltd,Gurgaon/Gurugram,2026-09-12,https://apna.co/job/gurgaon/sales-representative-i-1707632128,https://www.medtronic.com,,"Company: India Medtronic Pvt. Ltd | Location: Gurgaon/Gurugram | Salary: Not disclosed | Tags: Work from Office, Full Time, Min. 2 years",Apna
Business Development Executive,Smartgoal Research,"Vijay Nagar, Indore",2026-09-12,https://apna.co/job/indore/business-development-executive-972992668,https://www.smartgoalresearch.com,,"Company: Smartgoal Research | Location: Vijay Nagar, Indore | Salary: ₹13,000 - ₹30,000 | Tags: Work from Office, Full Time, Any experience, Basic English",Apna
Sales Representative,India Medtronic Pvt. Ltd,Mumbai/Bombay,2026-09-12,https://apna.co/job/mumbai/sales-representative-ii-1670460901,https://www.medtronic.com,,"Company: India Medtronic Pvt. Ltd | Location: Mumbai/Bombay | Salary: Not disclosed | Tags: Work from Office, Full Time, Min. 2 years",Apna
Business Development Executive,Nazakat,"Patparganj, New Delhi",2026-09-12,https://apna.co/job/new-delhi/business-development-executive-695741996,https://www.nazakat.com,,"Company: Nazakat | Location: Patparganj, New Delhi | Salary: ₹7,000 - ₹10,000 | Tags: Work from Office, Part Time, Full Time, Any experience, Good (Intermediate / Advanced) English",Apna
Medical Device Sales Representative,India Medtronic Pvt. Ltd,Gurgaon/Gurugram,2026-09-12,https://apna.co/job/gurgaon/sales-representative-ii-energy-based-devices-1501503989,https://www.medtronic.com,,"Company: India Medtronic Pvt. Ltd | Location: Gurgaon/Gurugram | Salary: Not disclosed | Tags: Work from Office, Full Time, Min. 2 years",Apna
Sales Representative - Energy Based Medical Devices,India Medtronic Pvt. Ltd,Kolkata/Calcutta,2026-09-12,https://apna.co/job/kolkata/sales-exective-energy-based-device-1710226007,https://www.medtronic.com,,"Company: India Medtronic Pvt. Ltd | Location: Kolkata/Calcutta | Salary: Not disclosed | Tags: Work from Office, Full Time, Min. 2 years",Apna
Business Development Executive,Equitas Small Finance Bank,Jalna,2026-09-12,https://apna.co/job/jalna/business-development-executive-ucv-1141737411,https://www.equitassmallfinancebank.com,,"Company: Equitas Small Finance Bank | Location: Jalna | Salary: Not disclosed | Tags: Work from Office, Full Time, Min. 1 year",Apna
Business Development Executive,Muthoot Fincorp Limited,Kalavad,2026-09-12,https://apna.co/job/kalavad/business-development-executive-1709750072,https://www.muthootfincorp.com,,"Company: Muthoot Fincorp Limited | Location: Kalavad | Salary: Not disclosed | Tags: Work from Office, Full Time, Min. 1 year",Apna
Sales Representative,Wolters Kluwer,Pune,2026-09-12,https://apna.co/job/pune/sales-representative-1765881214,N/A,,"Company: Wolters Kluwer | Location: Pune | Salary: Not disclosed | Tags: Work from Office, Full Time, Freshers only",Apna
Business Development Executive,Ambicaa Sales Corpn,Chennai,2026-09-12,https://apna.co/job/chennai/business-development-executive-580829830,N/A,,"Company: Ambicaa Sales Corpn | Location: Chennai | Salary: ₹23,000 - ₹30,000 | Tags: Field Job, Full Time, Min. 6 months, Basic English",Apna
Sales Representative,India Medtronic Pvt. Ltd,Gurgaon/Gurugram,2026-09-12,https://apna.co/job/gurgaon/sales-representative-ii-1462874932,https://www.medtronic.com,,"Company: India Medtronic Pvt. Ltd | Location: Gurgaon/Gurugram | Salary: Not disclosed | Tags: Work from Office, Full Time, Min. 2 years",Apna
Business Development Executive,Madhavbaug Ayurvedic Cardiac Hospital,"Lok Dhara, Kalyan",2026-09-12,https://apna.co/job/kalyan/business-development-executive-694385650,N/A,,"Company: Madhavbaug Ayurvedic Cardiac Hospital | Location: Lok Dhara, Kalyan | Salary: ₹8,000 - ₹10,000 | Tags: Work from Office, Part Time, Any experience, Basic English",Apna
Sales Representative - Medical Devices,India Medtronic Pvt. Ltd,Gurgaon/Gurugram,2026-09-12,https://apna.co/job/gurgaon/sales-representative-ii-endo-mechanical-intelligen-1968419258,https://www.medtronic.com,,"Company: India Medtronic Pvt. Ltd | Location: Gurgaon/Gurugram | Salary: Not disclosed | Tags: Work from Office, Full Time, Min. 2 years",Apna
Business Development Representative,Adobe Systems India Pvt Ltd,Bengaluru/Bangalore,2026-09-12,https://apna.co/job/bengaluru/business-development-representative-1997849219,https://www.adobe.com,,"Company: Adobe Systems India Pvt Ltd | Location: Bengaluru/Bangalore | Salary: Not disclosed | Tags: Work from Office, Full Time, Min. 2 years",Apna
Business Development Executive,Sarvam Setu,"Rajaji Nagar, Bengaluru/Bangalore",2026-09-12,https://apna.co/job/bengaluru-bangalore/business-development-executive-51514067,https://www.sarvamsetu.com,,"Company: Sarvam Setu | Location: Rajaji Nagar, Bengaluru/Bangalore | Salary: ₹20,000 - ₹30,000 | Tags: Work from Office, Full Time, Any experience, Basic English",Apna
Sales Representative,India Medtronic Pvt. Ltd,Ahmedabad,2026-09-12,https://apna.co/job/ahmedabad/territory-manager-endo-mechanical-intelligent-devi-1907312408,https://www.medtronic.com,,"Company: India Medtronic Pvt. Ltd | Location: Ahmedabad | Salary: Not disclosed | Tags: Work from Office, Full Time, Min. 2 years",Apna
Business Development Executive,Softronex (Opc) Private Limited,"Sector 4, Noida",2026-09-12,https://apna.co/job/noida/business-development-executive-407006563,N/A,,"Company: Softronex (Opc) Private Limited | Location: Sector 4, Noida | Salary: ₹15,000 - ₹25,000 | Tags: Work from Office, Full Time, Min. 1 year, Basic English",Apna
Remote Sales Representative,India Medtronic Pvt. Ltd,Mumbai/Bombay,2026-09-12,https://apna.co/job/mumbai/remote-sales-representative-i-1817626614,https://www.medtronic.com,,"Company: India Medtronic Pvt. Ltd | Location: Mumbai/Bombay | Salary: Not disclosed | Tags: Work from Office, Full Time, Min. 2 years",Apna
Business Development Executive,Hdfc Life Insurance Company Limited,"Bhawanipur, Kolkata/Calcutta",2026-09-12,https://apna.co/job/kolkata-calcutta/business-development-executive-450075573,N/A,,"Company: Hdfc Life Insurance Company Limited | Location: Bhawanipur, Kolkata/Calcutta | Salary: ₹22,000 - ₹40,000 | Tags: Work from Office, Part Time, Full Time, Any experience, Basic English",Apna
Medical Device Sales Representative,India Medtronic Pvt. Ltd,Bengaluru/Bangalore,2026-09-12,https://apna.co/job/bengaluru/sales-representative-ii-1567386404,https://www.medtronic.com,,"Company: India Medtronic Pvt. Ltd | Location: Bengaluru/Bangalore | Salary: Not disclosed | Tags: Work from Office, Full Time, Min. 2 years",Apna
Business Development Executive,Axis Bank Pvt Ltd,Mohali,2026-09-12,https://apna.co/job/mohali/business-development-executive-559922808,https://www.axisbank.com,,"Company: Axis Bank Pvt Ltd | Location: Mohali | Salary: ₹15,000 - ₹18,000 | Tags: Work from Office, Full Time, Any experience, Basic English",Apna
Sales Representative - Medical Devices (Soft Tissue Implant),India Medtronic Pvt. Ltd,Mumbai/Bombay,2026-09-12,https://apna.co/job/mumbai/territory-manager-soft-tissue-implants-sti-1295780755,https://www.medtronic.com,,"Company: India Medtronic Pvt. Ltd | Location: Mumbai/Bombay | Salary: Not disclosed | Tags: Work from Office, Full Time, Min. 2 years",Apna
Business Development Executive,SND Digital Private Limited,"Nehru Nagar, Delhi-NCR",2026-09-12,https://apna.co/job/delhi-ncr/business-development-executive-267864225,https://www.snddigital.com,,"Company: SND Digital Private Limited | Location: Nehru Nagar, Delhi-NCR | Salary: ₹15,000 - ₹40,000 | Tags: Work from Office, Full Time, Min. 1 year, Good (Intermediate / Advanced) English",Apna
Medical Device Sales Representative,India Medtronic Pvt. Ltd,Gurgaon/Gurugram,2026-09-12,https://apna.co/job/gurgaon/sales-representative-ii-soft-tissue-implant-1606233052,https://www.medtronic.com,,"Company: India Medtronic Pvt. Ltd | Location: Gurgaon/Gurugram | Salary: Not disclosed | Tags: Work from Office, Full Time, Min. 2 years",Apna
Business Development Executive,North  Star Academy,"Adugodi, Bengaluru/Bangalore",2026-09-12,https://apna.co/job/bengaluru-bangalore/business-development-executive-567971760,https://www.northstaracademy.in,,"Company: North  Star Academy | Location: Adugodi, Bengaluru/Bangalore | Salary: ₹15,000 - ₹30,000 | Tags: Work from Office, Full Time, Min. 6 months, Good (Intermediate / Advanced) English",Apna
Pharmaceutical Sales Representative - Specialty Dermatology,Novartis India,Chandigarh,2026-09-12,https://apna.co/job/chandigarh/sales-rep-territory-business-executive-1987546328,https://www.novartis.com,,"Company: Novartis India | Location: Chandigarh | Salary: Not disclosed | Tags: Work from Office, Full Time, Min. 2 years",Apna
Business Development Executive,Mohini Enterprises,Pimpri-Chinchwad,2026-09-12,https://apna.co/job/pimpri-chinchwad/business-development-executive-121527066,https://www.mohini.com,,"Company: Mohini Enterprises | Location: Pimpri-Chinchwad | Salary: ₹24,000 - ₹27,000 | Tags: Field Job, Full Time, Min. 1 year, Basic English",Apna
Business Development Representative,Groen Research Solutions Pvt. Ltd.,"Koramangala, Bengaluru/Bangalore Region",2026-09-12,https://apna.co/job/bengaluru-bangalore-region/business-development-representative-291160278,N/A,,"Company: Groen Research Solutions Pvt. Ltd. | Location: Koramangala, Bengaluru/Bangalore Region | Salary: ₹20,000 - ₹30,000 | Tags: Work from Office, Full Time, Any experience, No English Required",Apna
Business Development Executive,Earlyjobs,"Koramangala, Bengaluru/Bangalore",2026-09-12,https://apna.co/job/bengaluru-bangalore/business-development-executive-667632769,https://www.earlyjobs.in,,"Company: Earlyjobs | Location: Koramangala, Bengaluru/Bangalore | Salary: ₹17,000 - ₹33,000 | Tags: Work from Office, Full Time, Any experience, Good (Intermediate / Advanced) English",Apna
Business Development Executive,Think Hygiene Solutions,"Thaltej, Ahmedabad",2026-09-12,https://apna.co/job/ahmedabad/business-development-executive-980865025,https://www.thinkhygiene.com,,"Company: Think Hygiene Solutions | Location: Thaltej, Ahmedabad | Salary: ₹22,000 - ₹30,000 | Tags: Field Job, Full Time, Any experience, Basic English",Apna
Business Development Executive,Blue Chip Computer Consultants Pvt Ltd,"Bommenahalli, Bengaluru/Bangalore Region",2026-09-12,https://apna.co/job/bengaluru-bangalore-region/business-development-executive-304739072,N/A,,"Company: Blue Chip Computer Consultants Pvt Ltd | Location: Bommenahalli, Bengaluru/Bangalore Region | Salary: ₹25,000 - ₹25,000 | Tags: Work from Office, Full Time, Freshers only, Good (Intermediate / Advanced) English",Apna
Business Development Executive,SAS Sales Group,"Ashok Nagar, Bengaluru/Bangalore",2026-09-12,https://apna.co/job/bengaluru-bangalore/business-development-executive-521912664,https://www.sassales.net,,"Company: SAS Sales Group | Location: Ashok Nagar, Bengaluru/Bangalore | Salary: ₹35,000 - ₹50,000 | Tags: Work from Office, Full Time, Any experience, Basic English",Apna
Business Development Executive,Ornsoar Consultancy Services Private Limited,"Teynampet, Chennai",2026-09-12,https://apna.co/job/chennai/business-development-executive-236528650,N/A,,"Company: Ornsoar Consultancy Services Private Limited | Location: Teynampet, Chennai | Salary: ₹15,000 - ₹20,000 | Tags: Work from Office, Full Time, Any experience, Good (Intermediate / Advanced) English",Apna
Business Development Representative,Mastercard India Services Pvt Ltd,Gurgaon/Gurugram,2026-09-12,https://apna.co/job/gurgaon/lead-generation-specialist-apac-eemea-1187467528,N/A,,"Company: Mastercard India Services Pvt Ltd | Location: Gurgaon/Gurugram | Salary: Not disclosed | Tags: Work from Office, Full Time, Min. 2 years",Apna
Business Development Executive,Axis Bank Pvt Ltd,"Kabirpur Village, Sonipat",2026-09-12,https://apna.co/job/sonipat/business-development-executive-615279500,https://www.axisbank.com,,"Company: Axis Bank Pvt Ltd | Location: Kabirpur Village, Sonipat | Salary: ₹16,000 - ₹18,000 | Tags: Work from Office, Full Time, Any experience, Basic English",Apna
Business Development Executive,Finlight Research India,"BTM Layout, Bengaluru/Bangalore",2026-09-12,https://apna.co/job/bengaluru-bangalore/business-development-executive-844204104,https://www.finlightresearch.com,,"Company: Finlight Research India | Location: BTM Layout, Bengaluru/Bangalore | Salary: ₹20,000 - ₹30,000 | Tags: Work from Office, Full Time, Any experience, Basic English",Apna
Business Development Executive,Nirmala Solar Power Generation Private Limited,Gorakhpur,2026-09-12,https://apna.co/job/gorakhpur/business-development-executive-822568861,N/A,,"Company: Nirmala Solar Power Generation Private Limited | Location: Gorakhpur | Salary: ₹10,000 - ₹20,000 | Tags: Field Job, Full Time, Any experience, Basic English",Apna
Business Development Executive,Mohini Enterprises,"New Tippasandra, Bengaluru/Bangalore",2026-09-12,https://apna.co/job/bengaluru-bangalore/business-development-executive-157451593,https://www.mohini.com,,"Company: Mohini Enterprises | Location: New Tippasandra, Bengaluru/Bangalore | Salary: ₹25,000 - ₹35,000 | Tags: Work from Office, Full Time, Any experience, Basic English",Apna
Business Proposal Representative,Oracle India Private Limited,Pune,2026-09-12,https://apna.co/job/pune/business-proposal-rep-4-1077306604,https://www.oracle.com,,"Company: Oracle India Private Limited | Location: Pune | Salary: Not disclosed | Tags: Work from Office, Full Time, Min. 2 years",Apna
Business Development Executive,Tegh Cables (India) Private Limited,Ahmedabad,2026-09-12,https://apna.co/job/ahmedabad/business-development-executive-52886619,https://www.teghcables.com,,"Company: Tegh Cables (India) Private Limited | Location: Ahmedabad | Salary: ₹20,000 - ₹50,000 | Tags: Field Job, Full Time, Min. 1 year, Good (Intermediate / Advanced) English",Apna
Business Development Executive,Rao Edusolutions Private Limited,"Powai, Mumbai/Bombay",2026-09-12,https://apna.co/job/mumbai-bombay/business-development-executive-898576603,N/A,,"Company: Rao Edusolutions Private Limited | Location: Powai, Mumbai/Bombay | Salary: ₹30,000 - ₹60,000 | Tags: Work from Office, Full Time, Min. 1 year, Good (Intermediate / Advanced) English",Apna
Business Development Executive,D N Associates,"Noida Extension, Noida",2026-09-12,https://apna.co/job/noida/business-development-executive-749956807,https://www.dnassociates.com,,"Company: D N Associates | Location: Noida Extension, Noida | Salary: ₹25,000 - ₹35,000 | Tags: Work from Office, Full Time, Any experience, Basic English",Apna
Business Proposal Representative,Oracle India Private Limited,Bengaluru/Bangalore,2026-09-12,https://apna.co/job/bengaluru/business-proposal-rep-3-1145290210,https://www.oracle.com,,"Company: Oracle India Private Limited | Location: Bengaluru/Bangalore | Salary: Not disclosed | Tags: Work from Office, Full Time, Min. 2 years",Apna
Business Development Executive,Amrapali Consultants Llp,"Navrangpura, Ahmedabad",2026-09-12,https://apna.co/job/ahmedabad/business-development-executive-722673417,N/A,,"Company: Amrapali Consultants Llp | Location: Navrangpura, Ahmedabad | Salary: ₹25,000 - ₹35,000 | Tags: Work from Office, Full Time, Min. 1 year, Good (Intermediate / Advanced) English",Apna
Account Development Representative - Technology Sales,Mongodb Software India Private Limited,Gurgaon/Gurugram,2026-09-12,https://apna.co/job/gurgaon/account-development-representative-1886713254,https://www.mongodb.com,,"Company: Mongodb Software India Private Limited | Location: Gurgaon/Gurugram | Salary: Not disclosed | Tags: Work from Office, Full Time, Any experience",Apna
Sales Representative,PM Electronics,"Jodhpur Village, Ahmedabad",2026-09-12,https://apna.co/job/ahmedabad/sales-representative-633915061,https://www.pmelectronics.com,,"Company: PM Electronics | Location: Jodhpur Village, Ahmedabad | Salary: ₹15,000 - ₹25,000 | Tags: Work from Office, Full Time, Any experience, Basic English",Apna
Business Development Executive,Mohini Enterprises,Noida,2026-09-12,https://apna.co/job/noida/business-development-executive-76872559,https://www.mohini.com,,"Company: Mohini Enterprises | Location: Noida | Salary: ₹25,000 - ₹35,000 | Tags: Field Job, Full Time, Night Shift, Min. 2 years, Basic English",Apna
Sales Representative,Inhama Spices And Agro Products Private Limited,Palakkad,2026-09-12,https://apna.co/job/palakkad/sales-representative-368877174,N/A,,"Company: Inhama Spices And Agro Products Private Limited | Location: Palakkad | Salary: ₹15,000 - ₹18,000 | Tags: Field Job, Full Time, Min. 2 years, Basic English",Apna
Business Development Executive (BDE),SRBS Bhartiya Airways Services Private Limited,"Sector 63, Noida",2026-09-12,https://apna.co/job/noida/business-development-executive-bde-976667069,N/A,,"Company: SRBS Bhartiya Airways Services Private Limited | Location: Sector 63, Noida | Salary: ₹20,000 - ₹30,000 | Tags: Work from Office, Full Time, Any experience, Basic English",Apna
Sales Representative,KTR Industries,Madurai,2026-09-12,https://apna.co/job/madurai/sales-representative-462981339,N/A,,"Company: KTR Industries | Location: Madurai | Salary: ₹10,000 - ₹10,000 | Tags: Field Job, Full Time, Any experience, Basic English",Apna
Business Development Associate,Digi - Loans,Barasat,2026-09-12,https://apna.co/job/barasat/business-development-associate-563511189,https://www.digiloans.com,,"Company: Digi - Loans | Location: Barasat | Salary: ₹15,000 - ₹18,000 | Tags: Field Job, Full Time, Any experience, Basic English",Apna
Sales Representative,West Star Automotive,"Makarba, Ahmedabad",2026-09-12,https://apna.co/job/ahmedabad/sales-representative-673543223,https://www.weststarautomotive.in,,"Company: West Star Automotive | Location: Makarba, Ahmedabad | Salary: ₹15,000 - ₹20,000 | Tags: Work from Office, Full Time, Any experience, Basic English",Apna
Business Development Executive (BDE),DigitalVia Technologies OPC Private Limited,"Tukoganj, Indore",2026-09-12,https://apna.co/job/indore/business-development-executive-bde-988945431,N/A,,"Company: DigitalVia Technologies OPC Private Limited | Location: Tukoganj, Indore | Salary: ₹18,000 - ₹28,000 | Tags: Work from Office, Full Time, Any experience, Basic English",Apna
Sales Representative,Manna Health Mix,Chennai,2026-09-12,https://apna.co/job/chennai/sales-representative-573113050,https://www.mannahealthmix.com,,"Company: Manna Health Mix | Location: Chennai | Salary: ₹18,000 - ₹25,000 | Tags: Field Job, Full Time, Any experience, Basic English",Apna
Business Development Executive,Aadvik Finserv,"Janak Puri, Delhi-NCR",2026-09-12,https://apna.co/job/delhi-ncr/business-development-executive-937521409,N/A,,"Company: Aadvik Finserv | Location: Janak Puri, Delhi-NCR | Salary: ₹14,000 - ₹25,000 | Tags: Work from Office, Full Time, Any experience, Basic English",Apna
Business Development Associate,Leverage Edu,Noida,2026-09-12,https://apna.co/job/noida/business-development-associate-846963624,https://www.leverageedu.com,,"Company: Leverage Edu | Location: Noida | Salary: ₹25,000 - ₹40,000 | Tags: Work from Office, Full Time, Any experience, Good (Intermediate / Advanced) English",Apna
Sales Representative,Moneytree Realty Services Limited,"Sector 126, Noida",2026-09-12,https://apna.co/job/noida/sales-representative-729697057,https://www.moneytreerealty.com,,"Company: Moneytree Realty Services Limited | Location: Sector 126, Noida | Salary: ₹25,000 - ₹99,000 | Tags: Work from Office, Full Time, Any experience, Basic English",Apna
Sales Representative,Olive Green,Bengaluru/Bangalore,2026-09-12,https://apna.co/job/bengaluru-bangalore/sales-representative-232358764,https://www.olivegreen.com,,"Company: Olive Green | Location: Bengaluru/Bangalore | Salary: ₹25,000 - ₹30,000 | Tags: Field Job, Full Time, Min. 1 year, Good (Intermediate / Advanced) English",Apna
Business Development Executive,Roomadda Urban Solutions Private Limited,"Koramangala, Bengaluru/Bangalore",2026-09-12,https://apna.co/job/bengaluru-bangalore/business-development-executive-743203675,N/A,,"Company: Roomadda Urban Solutions Private Limited | Location: Koramangala, Bengaluru/Bangalore | Salary: ₹20,000 - ₹25,000 | Tags: Work from Office, Full Time, Any experience, Basic English",Apna
Business Development Associate-Nellore,Rejoice Realm,Bengaluru/Bangalore,2026-09-12,https://apna.co/job/bengaluru-bangalore/business-development-associate-nellore-410653768,N/A,,"Company: Rejoice Realm | Location: Bengaluru/Bangalore | Salary: ₹15,000 - ₹35,000 | Tags: Work from Office, Full Time, Any experience, Basic English",Apna
Sales Representative,Star Energy System,"Gandhinagar, Ahmedabad Region",2026-09-12,https://apna.co/job/ahmedabad-region/sales-representative-997394377,N/A,,"Company: Star Energy System | Location: Gandhinagar, Ahmedabad Region | Salary: ₹20,000 - ₹25,000 | Tags: Field Job, Full Time, Min. 6 months, Good (Intermediate / Advanced) English",Apna
Sales Representative,V5 Global,"Bapunagar, Ahmedabad",2026-09-12,https://apna.co/job/ahmedabad/sales-representative-625970219,https://www.v5global.com,,"Company: V5 Global | Location: Bapunagar, Ahmedabad | Salary: ₹22,000 - ₹28,000 | Tags: Field Job, Full Time, Min. 6 months, Basic English",Apna
Business Development Executive,Phonepe,"Vijaya Nagar, Bengaluru/Bangalore",2026-09-12,https://apna.co/job/bengaluru-bangalore/business-development-executive-219258065,https://www.phonepe.com,,"Company: Phonepe | Location: Vijaya Nagar, Bengaluru/Bangalore | Salary: ₹21,000 - ₹23,500 | Tags: Field Job, Full Time, Any experience, Basic English",Apna
Sales Representative,GC Foods Pvt. Ltd.,"Delhi Cantonment, Delhi-NCR",2026-09-12,https://apna.co/job/delhi-ncr/sales-representative-986950928,https://www.gcfoods.com,,"Company: GC Foods Pvt. Ltd. | Location: Delhi Cantonment, Delhi-NCR | Salary: ₹15,000 - ₹20,000 | Tags: Field Job, Full Time, Min. 3 years, Basic English",Apna
Business Development Executive (BDE),North  Star Academy,"Adugodi, Bengaluru/Bangalore Region",2026-09-12,https://apna.co/job/bengaluru-bangalore-region/business-development-executive-bde-569293423,https://www.northstaracademy.in,,"Company: North  Star Academy | Location: Adugodi, Bengaluru/Bangalore Region | Salary: ₹16,000 - ₹30,000 | Tags: Work from Office, Full Time, Any experience, Good (Intermediate / Advanced) English",Apna
Business Development Associate,Nobroker Technologies Solutions Private Limited,Hyderabad,2026-09-12,https://apna.co/job/hyderabad/business-development-associate-243047569,https://www.nobroker.com,,"Company: Nobroker Technologies Solutions Private Limited | Location: Hyderabad | Salary: ₹25,000 - ₹30,000 | Tags: Field Job, Full Time, Min. 1 year, Good (Intermediate / Advanced) English",Apna
Sales Representative,Swarnaz Jewellery Private Limited,"Bakarganj, Patna Region",2026-09-12,https://apna.co/job/patna-region/sales-representative-107716955,N/A,,"Company: Swarnaz Jewellery Private Limited | Location: Bakarganj, Patna Region | Salary: ₹15,000 - ₹20,000 | Tags: Work from Office, Full Time, Min. 1 year, Basic English",Apna
Sales Representative,Pandian Agro Foods Private Limited,Theni Allinagaram,2026-09-12,https://apna.co/job/theni-allinagaram/sales-representative-562010733,N/A,,"Company: Pandian Agro Foods Private Limited | Location: Theni Allinagaram | Salary: ₹17,000 - ₹30,000 | Tags: Field Job, Full Time, Any experience, No English Required",Apna
Sales Representative,Pandian Agro Foods Private Limited,Nagercoil,2026-09-12,https://apna.co/job/nagercoil/sales-representative-355001446,N/A,,"Company: Pandian Agro Foods Private Limited | Location: Nagercoil | Salary: ₹20,000 - ₹25,000 | Tags: Field Job, Full Time, Any experience, No English Required",Apna
Business Development Associate,Phonepe,"Hegganahalli, Bengaluru/Bangalore",2026-09-12,https://apna.co/job/bengaluru-bangalore/business-development-associate-302219823,https://www.phonepe.com,,"Company: Phonepe | Location: Hegganahalli, Bengaluru/Bangalore | Salary: ₹23,500 - ₹30,000 | Tags: Field Job, Full Time, Any experience, Basic English",Apna
Business Development Associate,Web AI Tech Solution LLP,"Khyora, Kanpur Region",2026-09-12,https://apna.co/job/kanpur-region/business-development-associate-647671617,N/A,,"Company: Web AI Tech Solution LLP | Location: Khyora, Kanpur Region | Salary: ₹10,000 - ₹25,000 | Tags: Work from Office, Full Time, Min. 1 year, Good (Intermediate / Advanced) English",Apna
Sales Representative,Kalory Sweets and Namkeen Private Limited,Lucknow,2026-09-12,https://apna.co/job/lucknow/sales-representative-336692173,N/A,,"Company: Kalory Sweets and Namkeen Private Limited | Location: Lucknow | Salary: ₹14,000 - ₹15,000 | Tags: Field Job, Full Time, Min. 1 year, Basic English",Apna
Business Development Associate,Bizpole Business Solutions,Ernakulam,2026-09-12,https://apna.co/job/ernakulam/business-development-associate-852547319,N/A,,"Company: Bizpole Business Solutions | Location: Ernakulam | Salary: ₹15,000 - ₹20,000 | Tags: Work from Office, Full Time, Any experience, Basic English",Apna
Sales Representative,smollan,Jhansi,2026-09-12,https://apna.co/job/jhansi/sales-representative-848292519,https://www.smollan.com,,"Company: smollan | Location: Jhansi | Salary: ₹18,000 - ₹20,000 | Tags: Field Job, Full Time, Min. 6 months, Basic English",Apna
Sales Representative,BVM Infotech,"Ghatkopar West, Mumbai/Bombay",2026-09-12,https://apna.co/job/mumbai-bombay/sales-representative-466972147,N/A,,"Company: BVM Infotech | Location: Ghatkopar West, Mumbai/Bombay | Salary: ₹15,000 - ₹30,000 | Tags: Field Job, Full Time, Any experience, Basic English",Apna
Business Development Executive,Scopehr Services,"Vadaperumbakkam, Chennai",2026-09-12,https://apna.co/job/chennai/business-development-executive-240681741,https://www.scopehr.in,,"Company: Scopehr Services | Location: Vadaperumbakkam, Chennai | Salary: ₹15,000 - ₹30,000 | Tags: Work from Office, Full Time, Min. 6 months, Basic English",Apna
Sales Representative,fairdeal market,"Sector 67, Gurgaon/Gurugram",2026-09-12,https://apna.co/job/gurgaon-gurugram/sales-representative-446528515,https://www.fairdealmarket.com,,"Company: fairdeal market | Location: Sector 67, Gurgaon/Gurugram | Salary: ₹21,000 - ₹26,000 | Tags: Field Job, Full Time, Any experience, No English Required",Apna
Business Development Executive,Procucev,"Marathahalli, Bengaluru/Bangalore",2026-09-12,https://apna.co/job/bengaluru-bangalore/business-development-executive-691956531,https://www.procucev.com,,"Company: Procucev | Location: Marathahalli, Bengaluru/Bangalore | Salary: ₹10,000 - ₹25,000 | Tags: Work from Office, Full Time, Any experience, Basic English",Apna
Product Sales Manager - Transaction Banking,Kotak Mahindra Bank Limited,Chennai,2026-09-12,https://apna.co/job/chennai/product-sales-manager-transaction-banking-gts-cash-1711487154,N/A,,"Company: Kotak Mahindra Bank Limited | Location: Chennai | Salary: Not disclosed | Tags: Work from Office, Full Time, Min. 5 years",Apna
BUSINESS DEVELOPMENT EXECUTIVE (Inside Sales),Sahayak Advisory Private Limited,"Prahlad Nagar, Ahmedabad",2026-09-12,https://apna.co/job/ahmedabad/business-development-executive-inside-sales-103662162,N/A,,"Company: Sahayak Advisory Private Limited | Location: Prahlad Nagar, Ahmedabad | Salary: ₹15,000 - ₹30,000 | Tags: Work from Office, Full Time, Any experience, Basic English",Apna
Channel Sales Representative - ERP Solutions,Oracle India Private Limited,Noida,2026-09-12,https://apna.co/job/noida/netsuite-erp-channel-sales-representative-iv-1571547043,https://www.oracle.com,,"Company: Oracle India Private Limited | Location: Noida | Salary: Not disclosed | Tags: Work from Office, Full Time, Min. 2 years",Apna
Business Development Associate,Alpstine Technology,"Navlakha, Indore",2026-09-12,https://apna.co/job/indore/business-development-associate-771847673,N/A,,"Company: Alpstine Technology | Location: Navlakha, Indore | Salary: ₹20,000 - ₹25,000 | Tags: Work from Office, Full Time, Freshers only, Good (Intermediate / Advanced) English",Apna
Cloud and AI Solution Sales Specialist,Microsoft Corporation India Pvt Ltd.,Bengaluru/Bangalore,2026-09-12,https://apna.co/job/bengaluru/solution-area-specialists-1780308035,https://www.microsoft.com,,"Company: Microsoft Corporation India Pvt Ltd. | Location: Bengaluru/Bangalore | Salary: Not disclosed | Tags: Work from Office, Full Time, Min. 6 years",Apna
Sales Representative,Jupiter Technologies,Bangalore,2026-09-12,https://www.instahyre.com/job-422442-sales-representative-at-jupiter-technologies-bangalore/,https://www.jupiter.com,,"Company: Jupiter Technologies | Skills: B2B, Corporate Sales, Direct Sales, Sales, enterprise sales | Target: Sales Representative",Instahyre
Sales Development Representative,ZenTrades,Pune,2026-09-12,https://www.instahyre.com/job-437846-sales-development-representative-at-zentrades-pune/,https://www.zentrades.in,,"Company: ZenTrades | Skills: Business Development, Direct Sales, Sales | Target: Sales Development Representative",Instahyre
Sales Development Representative,Kloudfuse,Bangalore,2026-09-12,https://www.instahyre.com/job-441436-sales-development-representative-at-kloudfuse-bangalore/,https://www.kloudfuse.com,,"Company: Kloudfuse | Skills: BDR, business development, DevOps, devtools, observability, SaaS, sales development representative, SDR, technical sales | Target: Sales Development Representative",Instahyre
Sales Development Representative,PineGap.ai,Bangalore,2026-09-12,https://www.instahyre.com/job-440232-sales-development-representative-at-pinegap-bangalore/,N/A,,"Company: PineGap.ai | Skills: Sales, Business Development | Target: Sales Development Representative",Instahyre
Sales Development Representative,ZenStatement,Bangalore,2026-09-12,https://www.instahyre.com/job-425363-sales-development-representative-at-zenstatement-bangalore/,https://www.zenstatement.com,,"Company: ZenStatement | Skills: Business Development, Corporate Sales, Direct Sales, Inside Sales, Lead Generation, Sales | Target: Sales Development Representative",Instahyre
Sales Development Representative,Kodo,Mumbai,2026-09-12,https://www.instahyre.com/job-424309-sales-development-representative-at-kodo-mumbai/,https://www.kodo.com,,"Company: Kodo | Skills: Business Development, Corporate Sales, Sales | Target: Sales Development Representative",Instahyre
Sales Development Representative,Perennial Systems,Pune,2026-09-12,https://www.instahyre.com/job-432010-sales-development-representative-at-perennial-systems-pune/,N/A,,"Company: Perennial Systems | Skills: Business Development, Sales | Target: Sales Development Representative",Instahyre
Sales Development Representative,Wozku,Bangalore,2026-09-12,https://www.instahyre.com/job-426001-sales-development-representative-at-wozku-bangalore/,https://www.wozku.com,,"Company: Wozku | Skills: Business Development, Sales, Telecalling | Target: Sales Development Representative",Instahyre
Sales Development Representative,RISA Labs,Bangalore,2026-09-12,https://www.instahyre.com/job-425467-sales-development-representative-at-risa-labs-bangalore/,https://www.risa.com,,"Company: RISA Labs | Skills: Sales, International Sales, LinkedIn Sales Navigator, Business Development, Hubspot, ZoomInfo, Clay, Corporate Sales, LinkedIn, Telecalling, Revenue Management, Claude | Target: Sales Development Representative",Instahyre
Sales Development Representative,Delhivery,Bangalore,2026-09-12,https://www.instahyre.com/job-411588-sales-development-representative-at-delhivery-bangalore/,https://www.delhivery.com,,Company: Delhivery | Skills: Sales | Target: Sales Development Representative,Instahyre
Sales Development Representative,Saara,Bangalore,2026-09-12,https://www.instahyre.com/job-402744-sales-development-representative-at-saara-bangalore/,https://www.saara.in,,"Company: Saara | Skills: Business Development, Direct Sales, International Sales, Sales, Telecalling | Target: Sales Development Representative",Instahyre
Sales Development Representative,eDataBae,"Mumbai,Navi Mumbai",2026-09-12,https://www.instahyre.com/job-425383-sales-development-representative-at-edatabae-mumbai-navi-mumbai/,https://www.edatabae.com,,"Company: eDataBae | Skills: IT staffing, US IT staffing, lead generation, sales | Target: Sales Development Representative",Instahyre
Sales Development Representative,Oliv AI,Work From Home,2026-09-12,https://www.instahyre.com/job-422610-sales-development-representative-at-oliv-ai-work-from-home/,https://www.olivai.org,,"Company: Oliv AI | Skills: Business Development, Corporate Sales, International Sales, Sales | Target: Sales Development Representative",Instahyre
Sales Development Representative,IONAGE,Bangalore,2026-09-12,https://www.instahyre.com/job-417169-sales-development-representative-at-ionage-bangalore/,https://www.ionage.com,,"Company: IONAGE | Skills: CRM, HubSpot, SDR, Salesforce, Zoho, business development, inside sales, sales | Target: Sales Development Representative",Instahyre
Sales Development Representative,Arrowhead,"Bangalore,Mumbai",2026-09-12,https://www.instahyre.com/job-420677-sales-development-representative-at-arrowhead-bangalore-mumbai/,https://www.arrowhead.in,,"Company: Arrowhead | Skills: Sales, Telecalling, Presales | Target: Sales Development Representative",Instahyre
Sales Development Representative,IONAGE,Bangalore,2026-09-12,https://www.instahyre.com/job-416075-sales-development-representative-at-ionage-bangalore/,https://www.ionage.com,,"Company: IONAGE | Skills: HubSpot, Salesforce, Zoho, business development, crm, inside sales, saas, sdr | Target: Sales Development Representative",Instahyre
Sales Development Representative,Truva,Mumbai,2026-09-12,https://www.instahyre.com/job-392755-sales-development-representative-at-truva-mumbai/,https://www.truva.in,,"Company: Truva | Skills: Sales, Business Development, Direct Sales, Real Estate Broking | Target: Sales Development Representative",Instahyre
Sales Development Representative,Zenskar,Bangalore,2026-09-12,https://www.instahyre.com/job-435725-sales-development-representative-at-zenskar-2-bangalore/,https://www.zenskar.com,,"Company: Zenskar | Skills: Lead Generation, Business Development, International Sales, Sales | Target: Sales Development Representative",Instahyre
Sales Development Representative,CashBook,Bangalore,2026-09-12,https://www.instahyre.com/job-429834-sales-development-representative-at-cashbook-bangalore/,https://www.cashbook.com,,"Company: CashBook | Skills: Business Development, Sales | Target: Sales Development Representative",Instahyre
Senior Sales Development Representative,Zzazz,Mumbai,2026-09-12,https://www.instahyre.com/job-440086-senior-sales-development-representative-at-zzazz-mumbai/,https://www.zzazz.com,,"Company: Zzazz | Skills: Business Development, Sales | Target: Senior Sales Development Representative",Instahyre
Founding Sales Development Representative,Muffin Media,Work From Home,2026-09-12,https://www.instahyre.com/job-422214-founding-sales-development-representative-at-muffin-media-work-from-home/,https://www.muffinmedia.co,,"Company: Muffin Media | Skills: International Sales, Sales | Target: Founding Sales Development Representative",Instahyre
Sr. Sales Development Representative,SalesMonk.ai,Gurgaon,2026-09-12,https://www.instahyre.com/job-409396-sr-sales-development-representative-at-salesmonk-gurgaon/,N/A,,"Company: SalesMonk.ai | Skills: Sales, Business Development, International Sales | Target: Sr. Sales Development Representative",Instahyre
Business Development Representative (Sales),Klimb.io,Bangalore,2026-09-12,https://www.instahyre.com/job-432071-business-development-representative-sales-at-klimb-bangalore/,https://www.klimbio.com,,"Company: Klimb.io | Skills: AE, BDR, SDR, SaaS, account executive, qualification | Target: Business Development Representative (Sales)",Instahyre
Inside Sales Representative,Signellent Technologies,"Mumbai,Noida",2026-09-12,https://www.instahyre.com/job-438222-inside-sales-representative-at-signellent-technologies-mumbai-noida/,https://www.signellent.com,,"Company: Signellent Technologies | Skills: Direct Sales, Sales | Target: Inside Sales Representative",Instahyre
Sales Development Representative (Founding Team),xPay,Bangalore,2026-09-12,https://www.instahyre.com/job-429827-sales-development-representative-founding-team-at-xpay-bangalore/,https://www.xpay.co,,"Company: xPay | Skills: Sales, Business Development, Telecalling, Corporate Sales, Direct Sales, International Sales, Customer Service, Payment Solutions, Enterprise Software | Target: Sales Development Representative (Founding Team)",Instahyre
IT Inside Sales Representative,Signellent Technologies,Mumbai,2026-09-12,https://www.instahyre.com/job-438423-it-inside-sales-representative-at-signellent-technologies-mumbai/,https://www.signellent.com,,"Company: Signellent Technologies | Skills: IT Infrastructure, Information Security, Presales, Sales | Target: IT Inside Sales Representative",Instahyre
Business Development Representative,Recruiterflow,Bangalore,2026-09-12,https://www.instahyre.com/job-439786-business-development-representative-at-recruiterflow-bangalore/,https://www.recruiterflow.com,,"Company: Recruiterflow | Skills: Business Development, International Sales, Sales, Telecalling | Target: Business Development Representative",Instahyre
Business Development Representative,Gumlet,Bangalore,2026-09-12,https://www.instahyre.com/job-441580-business-development-representative-at-gumlet-bangalore/,https://www.gumlet.com,,"Company: Gumlet | Skills: Sales, Business Development, LinkedIn | Target: Business Development Representative",Instahyre
Business Development Representative,PineGap.ai,Bangalore,2026-09-12,https://www.instahyre.com/job-437902-business-development-representative-at-pinegap-bangalore/,N/A,,Company: PineGap.ai | Skills: Business Development | Target: Business Development Representative,Instahyre
Business Development Representative,PineGap.ai,Bangalore,2026-09-12,https://www.instahyre.com/job-438581-business-development-representative-at-pinegap-bangalore/,N/A,,"Company: PineGap.ai | Skills: Sales, Business Development | Target: Business Development Representative",Instahyre
Business Development Representative,Pidge,Work From Home,2026-09-12,https://www.instahyre.com/job-437717-business-development-representative-at-pidge-work-from-home/,https://www.pidge.in,,"Company: Pidge | Skills: Apollo, HubSpot, Salesforce, Zoho, lead generation, sales | Target: Business Development Representative",Instahyre
Business Development Representative,Nected,Work From Home,2026-09-12,https://www.instahyre.com/job-436264-business-development-representative-at-nected-work-from-home/,https://www.nected.io,,"Company: Nected | Skills: Business Development, Business Process Management (BPM), Corporate Sales, Sales, Salesforce | Target: Business Development Representative",Instahyre
Business Development Representative,Gsoft Cloud,Kochi,2026-09-12,https://www.instahyre.com/job-435327-business-development-representative-at-gsoft-cloud-kochi/,N/A,,"Company: Gsoft Cloud | Skills: Presales, Business Development, AWS, Azure, Lead Generation | Target: Business Development Representative",Instahyre
Business Development Representative,Nected,Work From Home,2026-09-12,https://www.instahyre.com/job-433422-business-development-representative-at-nected-work-from-home/,https://www.nected.io,,"Company: Nected | Skills: Sales, Lead Generation, Business Development, CRM, Hubspot, Zoho CRM, Salesforce, Microsoft Dynamics, Lead Qualification | Target: Business Development Representative",Instahyre
Business Development Representative,FlytBase,Pune,2026-09-12,https://www.instahyre.com/job-426755-business-development-representative-at-flytbase-pune/,https://www.flytbase.com,,Company: FlytBase | Skills: Business Development | Target: Business Development Representative,Instahyre
Business Development Representative,Recro Media,Work From Home,2026-09-12,https://www.instahyre.com/job-426321-business-development-representative-at-recro-media-work-from-home/,https://www.recromedia.in,,Company: Recro Media | Skills: Business Development | Target: Business Development Representative,Instahyre
Business Development Representative,Nected,Gurgaon,2026-09-12,https://www.instahyre.com/job-425488-business-development-representative-at-nected-gurgaon/,https://www.nected.io,,"Company: Nected | Skills: Sales, Business Development | Target: Business Development Representative",Instahyre
Business Development Representative,Zycus,Bangalore,2026-09-12,https://www.instahyre.com/job-419877-business-development-representative-at-zycus-bangalore/,https://www.zycus.com,,"Company: Zycus | Skills: Business Development, LinkedIn, Marketing, Sales | Target: Business Development Representative",Instahyre
Inside Sales Representative (B2B IT Solutions),Digiswitch Infotech,Noida,2026-09-12,https://www.instahyre.com/job-436480-inside-sales-representative-b2b-it-solutions-at-digiswitch-infotech-noida/,N/A,,"Company: Digiswitch Infotech | Skills: Business Development, Corporate Sales, Sales, Telecalling | Target: Inside Sales Representative (B2B IT Solutions)",Instahyre
Business Development Representative (Nected),Nected,Work From Home,2026-09-12,https://www.instahyre.com/job-435683-business-development-representative-nected-at-nected-work-from-home/,https://www.nected.io,,"Company: Nected | Skills: Sales, Business Development | Target: Business Development Representative (Nected)",Instahyre
Business Development Representative - SaaS,Nected,Work From Home,2026-09-12,https://www.instahyre.com/job-434863-business-development-representative-saas-at-nected-work-from-home/,https://www.nected.io,,"Company: Nected | Skills: Business Development, CRM, International Sales, LinkedIn Sales Navigator, Sales, APIs, Corporate Sales, Salesforce | Target: Business Development Representative - SaaS",Instahyre
Sr. Business Development Representative,Gumlet,Bangalore,2026-09-12,https://www.instahyre.com/job-428661-sr-business-development-representative-at-gumlet-bangalore/,https://www.gumlet.com,,"Company: Gumlet | Skills: Sales, CRM | Target: Sr. Business Development Representative",Instahyre
Sr. Business Development Representative,EquityList,Gurgaon,2026-09-12,https://www.instahyre.com/job-430957-sr-business-development-representative-at-equitylist-gurgaon/,https://www.equitylist.com,,"Company: EquityList | Skills: Business Development, ICP, Lead Generation, Lead Qualification, Sales, Sales Enablement | Target: Sr. Business Development Representative",Instahyre
Customer Success Representative,Arivihan Technologies,Indore,2026-09-12,https://www.instahyre.com/job-435245-customer-success-representative-at-arivihan-technologies-indore/,https://www.arivihan.com,,"Company: Arivihan Technologies | Skills: Chat / Email Support, Customer Relationship, Customer Service, Phone / Voice Support | Target: Customer Success Representative",Instahyre
Customer Service Representative,FitBudd,Work From Home,2026-09-12,https://www.instahyre.com/job-430709-customer-service-representative-at-fitbudd-work-from-home/,https://www.fitbudd.com,,Company: FitBudd | Skills: Sales Operations | Target: Customer Service Representative,Instahyre
Business Development Representative II - U4B - Sal,Uber,Mumbai,2026-09-12,https://www.instahyre.com/job-429940-business-development-representative-ii-u4b-sal-at-uber-mumbai/,N/A,,"Company: Uber | Skills: Business Development, Sales | Target: Business Development Representative II - U4B - Sal",Instahyre
Sales / Business Development Manager,Adobe,Noida,2026-09-12,https://www.instahyre.com/job-421763-sales-business-development-manager-at-adobe-noida/,https://www.adobe.com,,"Company: Adobe | Skills: International Sales, Lead Generation, Lead Qualification, LinkedIn Sales Navigator | Target: Sales / Business Development Manager",Instahyre
Business Development Manager (Sales),DEFTeam Solutions,Hyderabad,2026-09-12,https://www.instahyre.com/job-436449-business-development-manager-sales-at-defteam-solutions-2-hyderabad/,https://www.defteam.com,,"Company: DEFTeam Solutions | Skills: Business Development, Direct Sales, International Sales, Sales | Target: Business Development Manager (Sales)",Instahyre
Sales / Business Development Manager,Furnco,Noida,2026-09-12,https://www.instahyre.com/job-438335-sales-business-development-manager-at-furnco-noida/,https://www.furnco.in,,"Company: Furnco | Skills: Business Development, Corporate Sales, Direct Sales, Sales | Target: Sales / Business Development Manager",Instahyre
Business Development Associate (Sales),PhysicsWallah,"Bangalore,Gurgaon",2026-09-12,https://www.instahyre.com/job-433009-business-development-associate-sales-at-physicswallah-bangalore-gurgaon/,https://www.physicswallah.in,,"Company: PhysicsWallah | Skills: Direct Sales, Education Counselling, Presales, Sales | Target: Business Development Associate (Sales)",Instahyre
Business Development Executive (Sales),Finch IT Solutions,Bangalore,2026-09-12,https://www.instahyre.com/job-432683-business-development-executive-sales-internship-at-finch-it-solutions-bangalore/,N/A,,"Company: Finch IT Solutions | Skills: Business Development, Corporate Sales, Sales | Target: Business Development Executive (Sales) (Internship)",Instahyre
Sales & Business Development Intern,Omnivio,Work From Home,2026-09-12,https://www.instahyre.com/job-430803-sales-business-development-intern-internship-at-omnivio-work-from-home/,https://www.omnivio.io,,"Company: Omnivio | Skills: Business Development, CRM, Direct Sales, Lead Generation, Sales, Salesforce | Target: Sales & Business Development Intern (Internship)",Instahyre
Sales & Business Development Manager,Gudgudee,Bangalore,2026-09-12,https://www.instahyre.com/job-417486-sales-business-development-manager-at-gudgudee-bangalore/,https://www.gudgudee.in,,"Company: Gudgudee | Skills: Business Development, Corporate Sales, Direct Sales, Sales, Telecalling | Target: Sales & Business Development Manager",Instahyre
Business Development & Sales Intern,Simnovus,Bangalore,2026-09-12,https://www.instahyre.com/job-440772-business-development-sales-intern-internship-at-simnovus-bangalore/,https://www.simnovus.com,,"Company: Simnovus | Skills: Business Development, Sales | Target: Business Development & Sales Intern (Internship)",Instahyre
Sales Associate,Instahyre,Bangalore,2026-09-12,https://www.instahyre.com/job-442362-sales-associate-at-instahyre-bangalore/,https://www.instahyre.com,,"Company: Instahyre | Skills: SaaS, account management, business development, enterprise, inside sales, sales, software | Target: Sales Associate",Instahyre
Sales Manager,indiagold,Hyderabad,2026-09-12,https://www.instahyre.com/job-440453-sales-manager-at-indiagold-hyderabad/,https://www.indiagold.com,,"Company: indiagold | Skills: Sales, Field Work, Gold Loans, Direct Sales | Target: Sales Manager",Instahyre
Sales Manager,Scaler Academy,Gurgaon,2026-09-12,https://www.instahyre.com/job-437643-sales-manager-at-scaler-academy-gurgaon/,https://www.scaleracademy.com,,"Company: Scaler Academy | Skills: Sales, Business Development | Target: Sales Manager",Instahyre
Sales Associate,Digituall,Bhubaneshwar,2026-09-12,https://www.instahyre.com/job-440723-sales-associate-at-digituall-bhubaneshwar/,https://www.digituall.com,,"Company: Digituall | Skills: Business Development, Sales | Target: Sales Associate",Instahyre
Sales Manager,Oron Systems,Noida,2026-09-12,https://www.instahyre.com/job-441836-sales-manager-at-oron-systems-noida/,N/A,,"Company: Oron Systems | Skills: SaaS, biz dev, business development, media, sales | Target: Sales Manager",Instahyre
Sales Manager,Mind IT Systems,Delhi,2026-09-12,https://www.instahyre.com/job-366183-sales-manager-at-mind-it-systems-delhi/,https://www.minditsystems.com,,"Company: Mind IT Systems | Skills: Sales, Business Development | Target: Sales Manager",Instahyre
Sales Manager,Truva,Mumbai,2026-09-12,https://www.instahyre.com/job-422224-sales-manager-at-truva-mumbai/,https://www.truva.in,,Company: Truva | Skills: Sales | Target: Sales Manager,Instahyre
Sales Manager,Fynd,"Bangalore,Kolkata,Mumbai",2026-09-12,https://www.instahyre.com/job-439261-sales-manager-at-fynd-bangalore-kolkata-mumbai/,https://www.fynd.com,,"Company: Fynd | Skills: Sales, Business Development, Customer Service | Target: Sales Manager",Instahyre
Sales Executive,WorkLooper Consultants,Noida,2026-09-12,https://www.instahyre.com/job-437133-sales-executive-at-worklooper-consultants-noida/,N/A,,"Company: WorkLooper Consultants | Skills: Business Development, Direct Sales, Sales | Target: Sales Executive",Instahyre
Sales Manager,Aspire Proptech,Bangalore,2026-09-12,https://www.instahyre.com/job-323267-sales-manager-at-aspire-proptech-2-bangalore/,N/A,,"Company: Aspire Proptech | Skills: Business Development, Direct Sales, Sales | Target: Sales Manager",Instahyre
Sales Manager,Korber Pharma,"Ahmedabad,Hyderabad,Mumbai",2026-09-12,https://www.instahyre.com/job-432706-sales-manager-at-korber-pharma-ahmedabad-hyderabad-mumbai/,https://www.korberpharma.com,,"Company: Korber Pharma | Skills: MES, biotech, manufacturing execution systems, pharma, pharmaceutical, sales | Target: Sales Manager",Instahyre
Sales Manager,Korber Pharma,"Ahmedabad,Hyderabad,Mumbai",2026-09-12,https://www.instahyre.com/job-433302-sales-manager-at-korber-pharma-ahmedabad-hyderabad-mumbai/,https://www.korberpharma.com,,"Company: Korber Pharma | Skills: MES, Manufacturing Execution Systems, biotech, pharma, pharmaceutical, sales | Target: Sales Manager",Instahyre
Sales Executive,Physioneeds Academy,Delhi,2026-09-12,https://www.instahyre.com/job-419341-sales-executive-at-physioneeds-academy-delhi/,N/A,,"Company: Physioneeds Academy | Skills: Sales Enablement, Sales Operations | Target: Sales Executive",Instahyre
Sales Executive,Digituall,Bhubaneshwar,2026-09-12,https://www.instahyre.com/job-437807-sales-executive-at-digituall-bhubaneshwar/,https://www.digituall.com,,"Company: Digituall | Skills: Business Development, Corporate Sales, Direct Sales, International Sales, Sales, Telecalling | Target: Sales Executive",Instahyre
Sales Executive,ALYF,Mumbai,2026-09-12,https://www.instahyre.com/job-440414-sales-executive-at-alyf-mumbai/,https://www.alyf.in,,"Company: ALYF | Skills: Presales, Sales | Target: Sales Executive",Instahyre
Sales Consultant,EaseMyTrip.com,Gurgaon,2026-09-12,https://www.instahyre.com/job-419917-sales-consultant-at-easemytrip-2-gurgaon/,N/A,,"Company: EaseMyTrip.com | Skills: GDS, Travel Planning, Presales, Travel Management, Sales, Sales Operations, Galileo, Business Development | Target: Sales Consultant",Instahyre
Sales Executive,SP Transaction Hub Technology,Thane,2026-09-12,https://www.instahyre.com/job-438879-sales-executive-at-sp-transaction-hub-technology-thane/,N/A,,"Company: SP Transaction Hub Technology | Skills: Business Development, Sales | Target: Sales Executive",Instahyre
Sales Executive,Traviyo,Noida,2026-09-12,https://www.instahyre.com/job-419235-sales-executive-at-traviyo-noida/,https://www.traviyo.com,,"Company: Traviyo | Skills: Business Development, Corporate Sales, Direct Sales, Sales | Target: Sales Executive",Instahyre
Sales Manager,3M Estates,Hyderabad,2026-09-12,https://www.instahyre.com/job-435830-sales-manager-at-3m-estates-hyderabad/,https://www.3mestates.com,,"Company: 3M Estates | Skills: Real Estate Broking, Sales | Target: Sales Manager",Instahyre
Sales Engineer,Oritech,"Coimbatore,Hyderabad",2026-09-12,https://www.instahyre.com/job-438557-sales-engineer-at-oritech-coimbatore-hyderabad/,https://www.oritech.io,,"Company: Oritech | Skills: Technical Writing, Sales, Microsoft Office, Driving | Target: Sales Engineer",Instahyre
Sales Executive,Illusion Dental Laboratory,Vadodara,2026-09-12,https://www.instahyre.com/job-433646-sales-executive-at-illusion-dental-laboratory-vadodara/,N/A,,"Company: Illusion Dental Laboratory | Skills: Business Development, Corporate Sales, Direct Sales, Sales | Target: Sales Executive",Instahyre
Sales Executive,Aelyx,Indore,2026-09-12,https://www.instahyre.com/job-424711-sales-executive-at-aelyx-indore/,https://www.aelyx.com,,"Company: Aelyx | Skills: Business Development, International Sales, Sales, Telecalling | Target: Sales Executive",Instahyre
Sales Executive,SHIPLEE,"Bangalore,Delhi,Work From Home",2026-09-12,https://www.instahyre.com/job-381698-sales-executive-at-shiplee-bangalore-delhi-work-from-home/,https://www.shiplee.in,,"Company: SHIPLEE | Skills: Business Development, Corporate Sales, Direct Sales, Sales, Telecalling | Target: Sales Executive",Instahyre
Sales Executive,Wedpainter Studios,Delhi,2026-09-12,https://www.instahyre.com/job-419468-sales-executive-at-wedpainter-studios-delhi/,https://www.wedpainterstudios.in,,"Company: Wedpainter Studios | Skills: Sales Enablement, Sales Forecasting, Sales Operations | Target: Sales Executive",Instahyre
Sales Manager,Deccan Group,Daman & Diu,2026-09-12,https://www.instahyre.com/job-430917-sales-manager-at-deccan-group-daman-diu/,https://www.deccan.in,,"Company: Deccan Group | Skills: CRM, International Sales, Sales | Target: Sales Manager",Instahyre
Sales Executive,Diyos Infotech,Hyderabad,2026-09-12,https://www.instahyre.com/job-435887-sales-executive-at-diyos-infotech-hyderabad/,N/A,,"Company: Diyos Infotech | Skills: Business Development, Corporate Sales, Direct Sales, Sales | Target: Sales Executive",Instahyre
Sales Executive,Meadbery,"Chandigarh,Mohali,Panchkula",2026-09-12,https://www.instahyre.com/job-422799-sales-executive-at-meadbery-chandigarh-mohali-panchkula/,https://www.meadbery.com,,"Company: Meadbery | Skills: Business Development, Direct Sales, Sales, Telecalling | Target: Sales Executive",Instahyre
Sales Executive,Procucev,Bangalore,2026-09-12,https://www.instahyre.com/job-435464-sales-executive-at-procucev-bangalore/,https://www.procucev.com,,"Company: Procucev | Skills: Sales, Telecalling | Target: Sales Executive",Instahyre
Sales Executive,Powerlux,"Bhopal,Korba,Raigarh",2026-09-12,https://www.instahyre.com/job-434037-sales-executive-at-powerlux-bhopal-korba-raigarh/,https://www.powerlux.in,,"Company: Powerlux | Skills: Machine Learning, Power Generators | Target: Sales Executive",Instahyre
Sales Executive,MoneyTree Realty,"Gurgaon,Lucknow,Noida",2026-09-12,https://www.instahyre.com/job-412191-sales-executive-at-moneytree-realty-gurgaon-lucknow-noida/,https://www.moneytreerealty.com,,"Company: MoneyTree Realty | Skills: Business Development, Sales, Telecalling | Target: Sales Executive",Instahyre
Sales Manager,Assurance Developers,Hyderabad,2026-09-12,https://www.instahyre.com/job-433385-sales-manager-at-assurance-developers-hyderabad/,https://www.assurancedevelopers.com,,"Company: Assurance Developers | Skills: Business Development, Direct Sales, Real Estate Broking, Sales | Target: Sales Manager",Instahyre
Sales Associate,Fashor,Chennai,2026-09-12,https://www.instahyre.com/job-432705-sales-associate-at-fashor-chennai/,https://www.fashor.com,,Company: Fashor | Skills: Sales Operations | Target: Sales Associate,Instahyre
Sales Engineer,Gain,Bangalore,2026-09-12,https://www.instahyre.com/job-430790-sales-engineer-at-gain-2-bangalore/,https://www.gain.io,,Company: Gain | Skills: Sales Enablement | Target: Sales Engineer,Instahyre
Sales Executive,Tula Properties,Bangalore,2026-09-12,https://www.instahyre.com/job-430232-sales-executive-at-tula-properties-bangalore/,N/A,,Company: Tula Properties | Skills: Sales | Target: Sales Executive,Instahyre
Sales Manager,Tech SIS,"Bhopal,Chennai,Delhi",2026-09-12,https://www.instahyre.com/job-426143-sales-manager-at-tech-sis-bhopal-chennai-delhi/,https://www.sis.in,,Company: Tech SIS | Skills: CCTV | Target: Sales Manager,Instahyre
Sales Director,MSD Technologies,Bangalore,2026-09-12,https://www.instahyre.com/job-430929-sales-director-at-msd-technologies-bangalore/,https://www.msd.com,,"Company: MSD Technologies | Skills: Sales, GCC | Target: Sales Director",Instahyre
Sales Manager,NanoHealth,Hyderabad,2026-09-12,https://www.instahyre.com/job-68571-sales-manager-at-nanohealth-hyderabad/,https://www.nanohealth.in,,"Company: NanoHealth | Skills: Business Development, Corporate Sales, Direct Sales, Sales | Target: Sales Manager",Instahyre
Sales Head,Sapience Learning Aura AI,"Bangalore,Work From Home",2026-09-12,https://www.instahyre.com/job-426726-sales-head-at-sapience-learning-aura-ai-bangalore-work-from-home/,N/A,,"Company: Sapience Learning Aura AI | Skills: Business Development, Corporate Sales, Direct Sales, International Sales, Sales | Target: Sales Head",Instahyre
Sales Executive,Truva,Mumbai,2026-09-12,https://www.instahyre.com/job-416953-sales-executive-at-truva-mumbai/,https://www.truva.in,,"Company: Truva | Skills: Business Development, Sales | Target: Sales Executive",Instahyre
Sales Operation,Truva,Mumbai,2026-09-12,https://www.instahyre.com/job-423938-sales-operation-at-truva-mumbai/,https://www.truva.in,,Company: Truva | Skills: Sales Operations | Target: Sales Operation,Instahyre
Sales Executive,Wipro,Ahmedabad,2026-09-12,https://www.instahyre.com/job-421650-sales-executive-at-wipro-ahmedabad/,https://www.wipro.com,,"Company: Wipro | Skills: Sales, Business Development, Direct Sales | Target: Sales Executive",Instahyre
Sales Executive,Learning Routes,"Bangalore,Gurgaon,Mumbai",2026-09-12,https://www.instahyre.com/job-393722-sales-executive-at-learning-routes-bangalore-gurgaon-mumbai/,https://www.learningroutes.com,,"Company: Learning Routes | Skills: Business Development, Corporate Sales, Direct Sales, Sales, Telecalling | Target: Sales Executive",Instahyre
Sales Executive,Trivial Chapter,Gurgaon,2026-09-12,https://www.instahyre.com/job-425762-sales-executive-at-trivial-chapter-gurgaon/,https://www.trivialchapter.com,,"Company: Trivial Chapter | Skills: Business Development, Corporate Sales, International Sales, Sales, Telecalling | Target: Sales Executive",Instahyre
Sales Intern,Work4Flow,Work From Home,2026-09-12,https://www.instahyre.com/job-423520-sales-intern-internship-at-work4flow-work-from-home/,https://www.work4flow.com,,Company: Work4Flow | Skills: Sales Training | Target: Sales Intern (Internship),Instahyre
Sales Executive,CoverTiger,Noida,2026-09-12,https://www.instahyre.com/job-425584-sales-executive-at-covertiger-noida/,https://www.covertiger.com,,"Company: CoverTiger | Skills: Business Development, International Sales, Sales, Telecalling | Target: Sales Executive",Instahyre
Sales Manager,Synerthink Solutions,Gurgaon,2026-09-12,https://www.instahyre.com/job-421009-sales-manager-at-synerthink-solutions-gurgaon/,N/A,,"Company: Synerthink Solutions | Skills: BFSI, Business Development, Sales | Target: Sales Manager",Instahyre
Sales Associate,Appinventiv,Noida,2026-09-12,https://www.instahyre.com/job-425321-sales-associate-at-appinventiv-noida/,https://www.appinventiv.com,,"Company: Appinventiv | Skills: Business Development, International Sales, Sales | Target: Sales Associate",Instahyre
Sales Executive,Truva,Bangalore,2026-09-12,https://www.instahyre.com/job-423885-sales-executive-at-truva-bangalore/,https://www.truva.in,,Company: Truva | Skills: Sales | Target: Sales Executive,Instahyre
Sales Analyst,Aurm,Bangalore,2026-09-12,https://www.instahyre.com/job-425288-sales-analyst-at-aurm-bangalore/,https://www.aurm.in,,"Company: Aurm | Skills: crm, field, inside, sales | Target: Sales Analyst",Instahyre
Sales Executive,Portall Infosystems,Mumbai,2026-09-12,https://www.instahyre.com/job-423138-sales-executive-at-portall-infosystems-mumbai/,N/A,,Company: Portall Infosystems | Skills: Sales | Target: Sales Executive,Instahyre
Sales Associate,uCertify,"Allahabad,Noida,Thane",2026-09-12,https://www.instahyre.com/job-410724-sales-associate-at-ucertify-allahabad-noida-thane/,https://www.ucertify.com,,"Company: uCertify | Skills: Business Development, Corporate Sales, Direct Sales, International Sales, Sales, Telecalling | Target: Sales Associate",Instahyre
Sales Associate,uCertify,Noida,2026-09-12,https://www.instahyre.com/job-415470-sales-associate-at-ucertify-noida/,https://www.ucertify.com,,"Company: uCertify | Skills: Business Development, Corporate Sales, International Sales, Sales, Telecalling | Target: Sales Associate",Instahyre
Sales Lead,Coreworks AI,Bangalore,2026-09-12,https://www.instahyre.com/job-420619-sales-lead-at-coreworks-ai-bangalore/,N/A,,"Company: Coreworks AI | Skills: Sales, Business Development, International Sales, Corporate Sales, CRM, Hubspot, Solution Sales, Lead Generation, Lead Qualification, LinkedIn Sales Navigator, Salesforce | Target: Sales Lead",Instahyre
Sales Executive,Ascra Technologies,Mumbai,2026-09-12,https://www.instahyre.com/job-424351-sales-executive-at-ascra-technologies-mumbai/,https://www.ascra.net,,"Company: Ascra Technologies | Skills: Business Development, Sales | Target: Sales Executive",Instahyre
Sales Executive,Amadeus,Noida,2026-09-12,https://www.instahyre.com/job-423234-sales-executive-at-amadeus-noida/,https://www.amadeus.com,,"Company: Amadeus | Skills: International Sales, Business Development, International BPO, Sales | Target: Sales Executive",Instahyre
Sales Manager,Rooman Technologies,"Davangere,Kolkata,Nagpur",2026-09-12,https://www.instahyre.com/job-423159-sales-manager-at-rooman-technologies-davangere-kolkata-nagpur/,https://www.rooman.com,,Company: Rooman Technologies | Skills: Business Development | Target: Sales Manager,Instahyre
Sales Manager,Synerthink Solutions,Gurgaon,2026-09-12,https://www.instahyre.com/job-421012-sales-manager-at-synerthink-solutions-gurgaon/,N/A,,"Company: Synerthink Solutions | Skills: Corporate Sales, Sales, Business Development | Target: Sales Manager",Instahyre
Sales Manager,Truva,Mumbai,2026-09-12,https://www.instahyre.com/job-422220-sales-manager-at-truva-mumbai/,https://www.truva.in,,Company: Truva | Skills: Sales | Target: Sales Manager,Instahyre
Sales Manager,Rooman Technologies,Kolkata,2026-09-12,https://www.instahyre.com/job-423195-sales-manager-at-rooman-technologies-kolkata/,https://www.rooman.com,,"Company: Rooman Technologies | Skills: Business Development, Sales | Target: Sales Manager",Instahyre
Sales Executive,Nandi Playing Cards,Bangalore,2026-09-12,https://www.instahyre.com/job-375045-sales-executive-at-nandi-playing-cards-bangalore/,https://www.nandiplayingcards.com,,"Company: Nandi Playing Cards | Skills: Sales, Business Development, Print Advertising, Social Media Marketing, Content Marketing | Target: Sales Executive",Instahyre
Sales Manager,Rooman Technologies,"Jaipur,Rajsamand,Udaipur",2026-09-12,https://www.instahyre.com/job-423161-sales-manager-at-rooman-technologies-jaipur-rajsamand-udaipur/,https://www.rooman.com,,"Company: Rooman Technologies | Skills: Business Development, Direct Sales, Sales | Target: Sales Manager",Instahyre
Sales Recruiter,House of Models,Bangalore,2026-09-12,https://www.instahyre.com/job-422435-sales-recruiter-at-house-of-models-bangalore/,https://www.houseofmodels.com,,Company: House of Models | Skills: Non IT Recruitment | Target: Sales Recruiter,Instahyre
Sales Manager,Scaler Academy,Bangalore,2026-09-12,https://www.instahyre.com/job-422461-sales-manager-at-scaler-academy-bangalore/,https://www.scaleracademy.com,,"Company: Scaler Academy | Skills: Education Counselling, Sales | Target: Sales Manager",Instahyre
Sales Manager,futureMBBS,Gurgaon,2026-09-12,https://www.instahyre.com/job-419234-sales-manager-at-futurembbs-gurgaon/,https://www.futurembbs.com,,"Company: futureMBBS | Skills: Sales, Telecalling, Direct Sales, Business Development, Corporate Sales, International Sales | Target: Sales Manager",Instahyre
Sales Intern,Focaccia Digital,Gurgaon,2026-09-12,https://www.instahyre.com/job-410777-sales-intern-at-focaccia-digital-2-gurgaon/,https://www.focacciadigital.com,,Company: Focaccia Digital | Skills: Sales | Target: Sales Intern,Instahyre
Sales Executive,Traffic HQ,Mumbai,2026-09-12,https://www.instahyre.com/job-420905-sales-executive-at-traffic-hq-mumbai/,https://www.traffichq.in,,"Company: Traffic HQ | Skills: Business Development, Presales, Sales | Target: Sales Executive",Instahyre
Sales Manager,IntelliDB Enterprise,"Bangalore,Mumbai",2026-09-12,https://www.instahyre.com/job-419956-sales-manager-at-intellidb-enterprise-bangalore-mumbai/,https://www.intellidbenterprise.com,,Company: IntelliDB Enterprise | Skills: Corporate Sales | Target: Sales Manager,Instahyre
Sales Executive,OnGraph Technologies,Chennai,2026-09-12,https://www.instahyre.com/job-419459-sales-executive-at-ongraph-technologies-chennai/,https://www.ongraph.in,,"Company: OnGraph Technologies | Skills: Business Development, Sales | Target: Sales Executive",Instahyre
Sales Executive,Vaidam Management and Services,"Delhi,Kolkata,Mumbai",2026-09-12,https://www.instahyre.com/job-418760-sales-executive-at-vaidam-management-and-services-delhi-kolkata-mumbai/,N/A,,"Company: Vaidam Management and Services | Skills: Business Development, Corporate Sales, Direct Sales, Sales | Target: Sales Executive",Instahyre
Sales Executive,Mojo Realty,Hyderabad,2026-09-12,https://www.instahyre.com/job-415147-sales-executive-at-mojo-realty-hyderabad/,N/A,,"Company: Mojo Realty | Skills: Business Development, International Sales, Sales, Telecalling | Target: Sales Executive",Instahyre
Sales Manager,Homes247.in,Bangalore,2026-09-12,https://www.instahyre.com/job-418054-sales-manager-at-homes247-bangalore/,N/A,,"Company: Homes247.in | Skills: Sales, Telecalling | Target: Sales Manager",Instahyre
Sales Manager,MoneyTree Realty,"Gurgaon,Noida",2026-09-12,https://www.instahyre.com/job-412973-sales-manager-at-moneytree-realty-gurgaon-noida/,https://www.moneytreerealty.com,,Company: MoneyTree Realty | Skills: Sales | Target: Sales Manager,Instahyre
Sales Executive,Wardiere Technologies,Bangalore,2026-09-12,https://www.instahyre.com/job-414605-sales-executive-at-wardiere-technologies-bangalore/,N/A,,"Company: Wardiere Technologies | Skills: Business Development, Sales, Telecalling | Target: Sales Executive",Instahyre
Sales Executive,NoBroker,Bangalore,2026-09-12,https://www.instahyre.com/job-416921-sales-executive-at-nobroker-bangalore/,https://www.nobroker.com,,"Company: NoBroker | Skills: Sales, Telecalling | Target: Sales Executive",Instahyre
Sales Manager,MoneyTree Realty,Noida,2026-09-12,https://www.instahyre.com/job-412190-sales-manager-at-moneytree-realty-noida/,https://www.moneytreerealty.com,,"Company: MoneyTree Realty | Skills: Business Development, Corporate Sales, Direct Sales, Sales, Telecalling | Target: Sales Manager",Instahyre
Sales Manager,Probe42,"Chennai,Delhi,Mumbai",2026-09-12,https://www.instahyre.com/job-400580-sales-manager-at-probe42-chennai-delhi-mumbai/,https://www.probe42.com,,"Company: Probe42 | Skills: Business Development, Sales | Target: Sales Manager",Instahyre
Sales Manager,Seekfactory,Delhi,2026-09-12,https://www.instahyre.com/job-409451-sales-manager-at-seekfactory-delhi/,https://www.seekfactory.com,,"Company: Seekfactory | Skills: Business Development, Direct Sales, Sales, Telecalling | Target: Sales Manager",Instahyre
Sales Manager,Innovate Labs,Gurgaon,2026-09-12,https://www.instahyre.com/job-415818-sales-manager-at-innovate-labs-gurgaon/,https://www.innovate.ai,,"Company: Innovate Labs | Skills: Corporate Sales, Sales | Target: Sales Manager",Instahyre
Sales Executive,THE GRID,Bangalore,2026-09-12,https://www.instahyre.com/job-442838-sales-executive-at-the-grid-bangalore/,https://www.thegrid.com,,"Company: THE GRID | Skills: english, retail, sales | Target: Sales Executive",Instahyre
Sales Executive,Skymeric Technologies,Pune,2026-09-12,https://www.instahyre.com/job-442027-sales-executive-at-skymeric-technologies-pune/,https://www.skymeric.com,,"Company: Skymeric Technologies | Skills: bde, business development, closing, deals, lead generation, negotiation, outreach, prospecting, sales, selling | Target: Sales Executive",Instahyre
Sales Executive,Indo Spark construction services,"Pimpri-Chinchwad,Pune",2026-09-12,https://www.instahyre.com/job-441989-sales-executive-at-indo-spark-construction-services-pimpri-chinchwad-pune/,N/A,,"Company: Indo Spark construction services | Skills: b2b, construction, fasteners, field, hardware, materials, sales | Target: Sales Executive",Instahyre
Sales Engineer,Shah Brothers,"Mumbai,Thane",2026-09-12,https://www.instahyre.com/job-441607-sales-engineer-at-shah-brothers-mumbai-thane/,https://www.shahbrothers.in,,"Company: Shah Brothers | Skills: B2B, sale engineer | Target: Sales Engineer",Instahyre
Sales Specialist,Shah Brothers,Ahmedabad,2026-09-12,https://www.instahyre.com/job-441573-sales-specialist-at-shah-brothers-ahmedabad/,https://www.shahbrothers.in,,Company: Shah Brothers | Skills: Sales | Target: Sales Specialist,Instahyre
Sales Manager,SMS-Magic,Bangalore,2026-09-12,https://www.instahyre.com/job-441491-sales-manager-at-sms-magic-bangalore/,N/A,,"Company: SMS-Magic | Skills: Sales, International Sales, Business Development, Marketing, Salesforce | Target: Sales Manager",Instahyre
Sales Manager,Sign3,"Gurgaon,Mumbai",2026-09-12,https://www.instahyre.com/job-440200-sales-manager-at-sign3-2-gurgaon-mumbai/,https://www.sign3.io,,"Company: Sign3 | Skills: Sales, Lead Generation, Fraud Management, Risk Management, Business Development | Target: Sales Manager",Instahyre
Sales Manager,Nihilent,"Chennai,Kolkata,Pune",2026-09-12,https://www.instahyre.com/job-438076-sales-manager-at-nihilent-2-chennai-kolkata-pune/,https://www.nihilent.com,,"Company: Nihilent | Skills: ServiceNow, Sales, Business Development | Target: Sales Manager",Instahyre
Sales Coordinator,Hindustan Tin Works,Delhi,2026-09-12,https://www.instahyre.com/job-433990-sales-coordinator-at-hindustan-tin-works-delhi/,N/A,,Company: Hindustan Tin Works | Skills: Sales Operations | Target: Sales Coordinator,Instahyre
Sales Executive,uCertify,Noida,2026-09-12,https://www.instahyre.com/job-433687-sales-executive-at-ucertify-noida/,https://www.ucertify.com,,"Company: uCertify | Skills: Business Development, International Sales, Sales | Target: Sales Executive",Instahyre
Sales Executive,AnandaVana By Nature Nest,Delhi,2026-09-12,https://www.instahyre.com/job-432980-sales-executive-at-anandavana-by-nature-nest-delhi/,N/A,,Company: AnandaVana By Nature Nest | Skills: Sales | Target: Sales Executive,Instahyre
Sales Manager,Voltas,Hyderabad,2026-09-12,https://www.instahyre.com/job-432195-sales-manager-at-voltas-hyderabad/,https://www.voltas.com,,"Company: Voltas | Skills: b2b, business-to-business, direct sales, sales | Target: Sales Manager",Instahyre
Sales Executive,Hcube WowCarz,Bangalore,2026-09-12,https://www.instahyre.com/job-430652-sales-executive-at-hcube-wowcarz-bangalore/,N/A,,Company: Hcube WowCarz | Skills: Sales | Target: Sales Executive,Instahyre
Sales Executive,Key,Dubai,2026-09-12,https://www.instahyre.com/job-430594-sales-executive-at-key-dubai/,https://www.key.ai,,"Company: Key | Skills: Sales, VMware vCloud, Business Development | Target: Sales Executive",Instahyre
Sales Head,Oro Resort,Bangalore,2026-09-12,https://www.instahyre.com/job-428990-sales-head-at-oro-resort-bangalore/,https://www.ororesort.com,,"Company: Oro Resort | Skills: Sales, Corporate Sales, MICE, Lead Generation, LinkedIn, Direct Sales | Target: Sales Head",Instahyre
Sales Executive,Intelizest,Chennai,2026-09-12,https://www.instahyre.com/job-428536-sales-executive-at-intelizest-chennai/,https://www.intelizest.com,,Company: Intelizest | Skills: Marketing | Target: Sales Executive,Instahyre
Sales Executive,Green Cascades,Visakhapatnam,2026-09-12,https://www.instahyre.com/job-423957-sales-executive-at-green-cascades-visakhapatnam/,https://www.greencascades.in,,"Company: Green Cascades | Skills: Business Development, Corporate Sales, Direct Sales, International Sales, Sales, Telecalling | Target: Sales Executive",Instahyre
Sales Manager,Rooman Technologies,Tirupati,2026-09-12,https://www.instahyre.com/job-423223-sales-manager-at-rooman-technologies-tirupati/,https://www.rooman.com,,"Company: Rooman Technologies | Skills: Business Development, Sales | Target: Sales Manager",Instahyre
Sales Specialist,Unacademy,"Bangalore,Gurgaon",2026-09-12,https://www.instahyre.com/job-423094-sales-specialist-at-unacademy-bangalore-gurgaon/,https://www.unacademy.com,,"Company: Unacademy | Skills: Sales, Business Development, Telecalling | Target: Sales Specialist",Instahyre
Sales Manager,Electronica Finance,"Bangalore,Hyderabad",2026-09-12,https://www.instahyre.com/job-416887-sales-manager-at-electronica-finance-bangalore-hyderabad/,https://www.electronicafinance.in,,"Company: Electronica Finance | Skills: Loans, SME, Sales, Automobile Loans, Business Development, Commercial Vehicle Loans, Corporate Loans, Industrial Machinery, Solar Energy | Target: Sales Manager",Instahyre
Sales Specialist,PolicyBazaar.com,Gurgaon,2026-09-12,https://www.instahyre.com/job-416543-sales-specialist-at-policybazaar-gurgaon/,N/A,,Company: PolicyBazaar.com | Skills: sales | Target: Sales Specialist,Instahyre
Sales Executive,HTCL Technologies,Bangalore,2026-09-12,https://www.instahyre.com/job-416340-sales-executive-at-htcl-technologies-bangalore/,https://www.htcl.com,,"Company: HTCL Technologies | Skills: Corporate Sales, Direct Sales, Sales | Target: Sales Executive",Instahyre
Corporate Event Sales & Sales Manager,Game Wagon,Bangalore,2026-09-12,https://www.instahyre.com/job-436716-corporate-event-sales-sales-manager-at-game-wagon-bangalore/,https://www.gamewagon.com,,"Company: Game Wagon | Skills: Business Development, Corporate Sales, Sales | Target: Corporate Event Sales & Sales Manager",Instahyre
Head of Business Development & Corporate Sales,Hike,"Delhi,Gurgaon",2026-09-12,https://www.instahyre.com/job-439733-head-of-business-development-corporate-sales-at-hike-delhi-gurgaon/,https://www.hike.com,,"Company: Hike | Skills: Corporate Sales, Direct Sales, Business Development, Market Research, Sales, Distribution | Target: Head of Business Development & Corporate Sales",Instahyre
Sales and Business Development Manager,Oron Systems,Noida,2026-09-12,https://www.instahyre.com/job-440780-sales-and-business-development-manager-internship-at-oron-systems-noida/,N/A,,"Company: Oron Systems | Skills: HR Tech, acquisition, bizdev, business development, enterprise sales, inside sales, media, saas, sales, selling | Target: Sales and Business Development Manager (Internship)",Instahyre
Sales and Business Development Manager,Lemnisk,Bangalore,2026-09-12,https://www.instahyre.com/job-437245-sales-and-business-development-manager-at-lemnisk-bangalore/,https://www.lemnisk.com,,"Company: Lemnisk | Skills: Business Development, Sales, Key Account Management | Target: Sales and Business Development Manager",Instahyre
Business Development Manager - International Sales,iThink Logistics,"Mumbai,Surat",2026-09-12,https://www.instahyre.com/job-441886-business-development-manager-international-sales-at-ithink-logistics-mumbai-surat/,https://www.ithinklogistics.com,,"Company: iThink Logistics | Skills: Sales, Business Development, International Sales, International Logistics, Outbound Logistics, Home Decor, CRM, Customer Service, Corporate Sales, Microsoft Office | Target: Business Development Manager - International Sales",Instahyre
Business Development / Inside Sales Executive,Zentech Info Solutions,"Delhi,Mumbai",2026-09-12,https://www.instahyre.com/job-440911-business-development-inside-sales-executive-at-zentech-info-solutions-delhi-mumbai/,https://www.zentechinfo.com,,"Company: Zentech Info Solutions | Skills: Business Development, Sales | Target: Business Development / Inside Sales Executive",Instahyre
Business Development (Inside Sales) Intern,AblyWorks,"Delhi,Gurgaon,Noida",2026-09-12,https://www.instahyre.com/job-435029-business-development-inside-sales-intern-internship-at-ablyworks-delhi-gurgaon-noida/,https://www.ablyworks.com,,"Company: AblyWorks | Skills: Sales, Telecalling, Business Development, Direct Sales, Market Research, Sales Forecasting | Target: Business Development (Inside Sales) Intern (Internship)",Instahyre
Business Development Executive - IT Sales,Mypcot Infotech,"Bangalore,Gurgaon,Mumbai",2026-09-12,https://www.instahyre.com/job-426828-business-development-executive-it-sales-at-mypcot-infotech-bangalore-gurgaon-mumbai/,https://www.mypcotinfotech.com,,"Company: Mypcot Infotech | Skills: Sales, Business Development, Education Counselling, Educational Content | Target: Business Development Executive - IT Sales",Instahyre
Business Development Executive - B2C Sales,Surgenix Healthcare,Gurgaon,2026-09-12,https://www.instahyre.com/job-433981-business-development-executive-b2c-sales-at-surgenix-healthcare-gurgaon/,https://www.surgenixhealthcare.com,,"Company: Surgenix Healthcare | Skills: Business Development, Sales | Target: Business Development Executive - B2C Sales",Instahyre
Business Development Manager - Technical Sales,IBI Group,Mumbai,2026-09-12,https://www.instahyre.com/job-426458-business-development-manager-technical-sales-at-ibi-group-mumbai/,https://www.ibi.org,,"Company: IBI Group | Skills: Sales, Business Development, Corporate Sales, CCTV | Target: Business Development Manager - Technical Sales",Instahyre
Business Development Executive (Inside Sales),dataFloat,Mohali,2026-09-12,https://www.instahyre.com/job-424311-business-development-executive-inside-sales-at-datafloat-mohali/,https://www.datafloat.com,,"Company: dataFloat | Skills: Sales, Business Development | Target: Business Development Executive (Inside Sales)",Instahyre
Sales and Business Development Associate,Tutopia Learning,Kolkata,2026-09-12,https://www.instahyre.com/job-442670-sales-and-business-development-associate-at-tutopia-learning-kolkata/,N/A,,"Company: Tutopia Learning | Skills: Bengali, business development, sales | Target: Sales and Business Development Associate",Instahyre
Manager Sales and Business Development,SNG India,"Bangalore,Delhi,Mumbai",2026-09-12,https://www.instahyre.com/job-434808-manager-sales-and-business-development-at-sng-india-bangalore-delhi-mumbai/,https://www.sng.in,,"Company: SNG India | Skills: Business Development, Corporate Sales, Direct Sales, Sales, Telecalling | Target: Manager Sales and Business Development",Instahyre
Head of Inside Sales (Pre - Sales),Truva,Mumbai,2026-09-12,https://www.instahyre.com/job-434062-head-of-inside-sales-pre-sales-at-truva-mumbai/,https://www.truva.in,,"Company: Truva | Skills: CRM, HubSpot, LeadSquared, Salesforce, Zoho CRM, customer success, growth operations, inside sales, pre-sales, presales, sales operations | Target: Head of Inside Sales (Pre - Sales)",Instahyre
Inside Sales Associate,Swipe,Hyderabad,2026-09-12,https://www.instahyre.com/job-436129-inside-sales-associate-at-swipe-hyderabad/,https://www.swipe.com,,"Company: Swipe | Skills: Business Development, Direct Sales, Sales | Target: Inside Sales Associate",Instahyre
Account Executive,Nihilent,Mumbai,2026-09-12,https://www.instahyre.com/job-432320-account-executive-at-nihilent-2-mumbai/,https://www.nihilent.com,,"Company: Nihilent | Skills: International Sales, Sales, Business Development | Target: Account Executive",Instahyre
Inside Sales Executive,UNext Learning,Noida,2026-09-12,https://www.instahyre.com/job-404618-inside-sales-executive-at-unext-learning-noida/,https://www.unextlearning.com,,"Company: UNext Learning | Skills: Sales, Business Development, Telecalling, Direct Sales | Target: Inside Sales Executive",Instahyre
Admission Officer,UNext Learning,Bangalore,2026-09-12,https://www.instahyre.com/job-416836-admission-officer-at-unext-learning-bangalore/,https://www.unextlearning.com,,"Company: UNext Learning | Skills: Sales, Business Development, Customer Relationship, Corporate Sales | Target: Admission Officer",Instahyre
Business Development Manager (ATS / HRMS),WaayuPay,"Delhi,Gurgaon,Noida",2026-09-12,https://www.instahyre.com/job-417587-business-development-manager-ats-hrms-at-waayupay-delhi-gurgaon-noida/,https://www.waayupay.com,,"Company: WaayuPay | Skills: SSAS, HRMS, LMS, Sales, Business Development, Direct Sales, Corporate Sales | Target: Business Development Manager (ATS / HRMS)",Instahyre
Zonal Sales Manager (Third Line),Lead and Sales,Mumbai,2026-09-12,https://www.instahyre.com/job-433765-zonal-sales-manager-third-line-at-lead-and-sales-mumbai/,https://www.leadandsales.com,,"Company: Lead and Sales | Skills: Dermatology, Sales, Business Development | Target: Zonal Sales Manager (Third Line)",Instahyre
Pre - Sales Associate,Rajneethi,Bangalore,2026-09-12,https://www.instahyre.com/job-442150-pre-sales-associate-at-rajneethi-bangalore/,https://www.rajneethi.com,,"Company: Rajneethi | Skills: Business Development, Presales, Proposal Writing, Sales | Target: Pre - Sales Associate",Instahyre
Sales Development Representative,Tutorcloud.ai,Bangalore,2026-09-12,https://internshala.com/job/detail/sales-development-representative-job-in-bangalore-at-tutorcloudai1788482023,N/A,,Company: Tutorcloud.ai | CTC: Not disclosed | Experience: 0-2 years | Location: Bangalore,Internshala
Sales Development Representative,LWYD Interactive,Bangalore,2026-09-12,https://internshala.com/job/detail/sales-development-representative-job-in-bangalore-at-lwyd-interactive1788482008,N/A,,Company: LWYD Interactive | CTC: Not disclosed | Experience: 0-2 years | Location: Bangalore,Internshala
Sales Development Representative,Lifie AI,Bangalore,2026-09-12,https://internshala.com/job/detail/sales-development-representative-job-in-bangalore-at-lifie-ai1789369585,N/A,,Company: Lifie AI | CTC: Not disclosed | Experience: 0-2 years | Location: Bangalore,Internshala
Sales Development Representative,Quintype Technologies Incorporation,Bangalore,2026-09-12,https://internshala.com/job/detail/sales-development-representative-job-in-bangalore-at-quintype-technologies-incorporation1787963451,N/A,,Company: Quintype Technologies Incorporation | CTC: Not disclosed | Experience: 0-2 years | Location: Bangalore,Internshala
Sales Development Representative,Libra AI,Bangalore,2026-09-12,https://internshala.com/job/detail/sales-development-representative-job-in-bangalore-at-libra-ai1787185981,https://www.libraai.in,,Company: Libra AI | CTC: Not disclosed | Experience: 0-2 years | Location: Bangalore,Internshala
Sales Development Representative,Mareana,Bangalore,2026-09-12,https://internshala.com/job/detail/sales-development-representative-job-in-bangalore-at-mareana1787272358,https://www.mareana.com,,Company: Mareana | CTC: Not disclosed | Experience: 0-2 years | Location: Bangalore,Internshala
Sales Development Representative,The Takeoff AI,Bangalore,2026-09-12,https://internshala.com/job/detail/sales-development-representative-job-in-bangalore-at-the-takeoff-ai1789371624,N/A,,Company: The Takeoff AI | CTC: Not disclosed | Experience: 0-2 years | Location: Bangalore,Internshala
Sales Development Representative,Volody,Bangalore,2026-09-12,https://internshala.com/job/detail/fresher-sales-development-representative-job-in-bangalore-at-volody1788136270,https://www.volody.com,,Company: Volody | CTC: Not disclosed | Experience: 0-2 years | Location: Bangalore,Internshala
Sales Development Representative,AsteroidX,Bangalore,2026-09-12,https://internshala.com/job/detail/fresher-sales-development-representative-job-in-bangalore-at-asteroidx1789375445,https://www.asteroidx.com,,Company: AsteroidX | CTC: Not disclosed | Experience: 0-2 years | Location: Bangalore,Internshala
Sales Development Representative,ClearTax For Business,Bangalore,2026-09-12,https://internshala.com/job/detail/sales-development-representative-job-in-bangalore-at-cleartax-for-business1789000328,https://www.cleartax.in,,Company: ClearTax For Business | CTC: Not disclosed | Experience: 0-2 years | Location: Bangalore,Internshala
Sales Development Representative,ToolJet,Bangalore,2026-09-12,https://internshala.com/job/detail/fresher-sales-development-representative-job-in-bangalore-at-tooljet1782118028,https://www.tooljet.com,,Company: ToolJet | CTC: Not disclosed | Experience: 0-2 years | Location: Bangalore,Internshala
Tele Sales Executive,Dezire HR Services Hiring For Fintech company,Bangalore,2026-09-11,https://www.shine.com/jobs/tele-sales-executive/dezire-hr-services/19549923,N/A,0.0,"Company: Dezire HR Services Hiring For Fintech company | Salary: Not disclosed | Exp: 0 to 4 Yrs | <p><strong>Job Title: Tele Sales Executive</strong></p>
<p><strong>Share your resume, or please contact HR Chandrakala at 984 42 78 650</strong></p>
<p>Work Schedule: 6 Days Working | 10 am - 7 pm <br />Work Location: Hoodi, Bangalore (Work From Office)<br />Compensation: 17,000&ndash;24,000 In-Han...",Shine
Financial Consultant | Field Sales,QRN Services,"Bangalore, Gujarat, Noida, Hyderabad, Thane, Mumbai City, Delhi",2026-09-11,https://www.shine.com/jobs/financial-consultant-field-sales/qrn-services/19549915,N/A,0.0,"Company: QRN Services | Salary: Not disclosed | Exp: 0 to 4 Yrs | <h3><span> Job Responsibilities</span></h3>
<ul data-spread=""false"">
<li><span>Generate new business through field sales activities.</span></li>
<li><span>Acquire and onboard new clients for financial/broking products.</span></li>
<li><span>Understand customer requirements and recommend suitable financial products.</span></li>
...",Shine
Direct Sales Leader,Aspire ERP Systems Hiring For MNC For Life Insurance Client Of Aspire,"Bangalore, Rajkot, Pune, Mumbai City, Surat, Ahmedabad",2026-09-14,https://www.shine.com/jobs/direct-sales-leader/aspire-erp-systems/19550105,N/A,0.0,"Company: Aspire ERP Systems Hiring For MNC For Life Insurance Client Of Aspire | Salary: Not disclosed | Exp: 4 to 9 Yrs | <ul>
<li>
<p>Dear Associate</p>
<p>We Have Urgent Open Position In TOP MNC Companies.</p>
</li>
<li>
<p><br />For Apply Call on 9049228518 or Email on aspirebfsijobs1@gmail.com</p>
<strong>Experience:</strong>&nbsp;Minimum 5 years of overall life insurance experience.</...",Shine
Mgr- Sr Mgr - Electrical project sales,MEGMA SERVICES,"Bangalore, Hyderabad",2026-09-11,https://www.shine.com/jobs/mgr-sr-mgr-electrical-project-sales/megma-services/19549917,https://www.megma.com,0.0,"Company: MEGMA SERVICES | Salary: Not disclosed | Exp: 4 to 9 Yrs | <p>Leading Electrical and MEP contracting company requires Mgr/ Sr Mgr( Electrical and MEP Projects)- Bangalore/ Hyderabad</p>
<p>One of our client a 30 year old Electrical and turnkey MEP contracting solutions company head quatered in Bangalore with operations in over 5 metro cities if India that consistently exceed expectations...",Shine
Area Sales Manager (Bangalore),ETHOS HR MANAGEMENT AND PROJECTS LIMITED,Bangalore,2026-09-10,https://www.shine.com/jobs/area-sales-manager-bangalore/ethos-hr-management-and-projects-limited/19549204,N/A,0.0,"Company: ETHOS HR MANAGEMENT AND PROJECTS LIMITED | Salary: Not disclosed | Exp: 3 to 8 Yrs | <p><strong>Role Summary</strong></p>
<p>We are looking for an Area Sales Manager to drive district-level sales of solar inverter products. The role involves developing and executing sales strategies, appointing and managing dealers, distributors, and channel partners, and building strong relationships wi...",Shine
Assistant Manager - B2B Sales - Turnkey Interiors Solutions,Pepperfry,Bangalore,2026-09-10,https://www.shine.com/jobs/assistant-manager-b2b-sales-turnkey-interiors-solutions/pepperfry/19549635,https://www.pepperfry.org,0.0,"Company: Pepperfry | Salary: Not disclosed | Exp: 24 to >25 Yrs | Sales &


Lead Generation



Generate new leads through networking, referrals, platforms like LinkedIn, project tracking tools, and industry connects.


Build a healthy pipeline of qualified leads with clear funnel visibility.


Track project developments, PMC firms, architects, and real estate movements.


Engage with decision make...",Shine
FRESHERS - Life Insurance Sales,ANANTA VYOM CONSULTANTS,"Bangalore, Chennai, Hyderabad, Kerala",2026-09-09,https://www.shine.com/jobs/freshers-life-insurance-sales/ananta-vyom-consultants/19549137,https://www.anantavyomconsultants.com,0.0,"Company: ANANTA VYOM CONSULTANTS | Salary: Not disclosed | Exp: 0 to 1 Yr | <p class=""x_xmsonormal"">&nbsp;</p><hr />
<p><strong> Calling Freshers! Kickstart Your Career in the Most Booming Industry Life Insurance Sales</strong></p>
<p>Are you ready to build a high-growth career with unlimited earning potential  We're inviting applications from enthusiastic, driven individuals ready to make their...",Shine
Sales Manager (B2B),Yogesh Deo,"Bangalore, Chennai, Coimbatore",2026-09-08,https://www.shine.com/jobs/sales-manager-b2b/yogesh-deo/19548933,N/A,0.0,"Company: Yogesh Deo | Salary: Not disclosed | Exp: 8 to 13 Yrs | <p><strong> Key Responsibilities</strong></p>
<ul>
<li><span>Develop new business opportunities across industrial &amp; manufacturing customers</span></li>
<li><span> Build relationships with Plant Heads, Maintenance Heads, Engineering Heads, Procurement and Facility teams</span></li>
<li><span> Drive sales through direct custome...",Shine
Tele sales,BRIGHT E-SOURCING LLP.,Bangalore,2026-09-11,https://www.shine.com/jobs/tele-sales/bright-e-sourcing-llp/19549916,N/A,0.0,"Company: BRIGHT E-SOURCING LLP. | Salary: Not disclosed | Exp: 0 to 1 Yr | <p>WE ARE HIRING for Muthoot sales<br /><br /></p>
<p>Freshers with South Indian Language (Telugu) with Basic English</p>
<p>Salary -Fresher 15500 exp 18000</p>
<p><br />Shift Timings : Day Shift (9.30 to 6.30)</p>
<p><br />Sunday should be off</p>
<p><br />Work&nbsp; Location: Kothnur</p>",Shine
Senior/ Business Development Executive Bangalore,Cielo Talent,Bangalore,2026-09-10,https://www.shine.com/jobs/senior-business-development-executive-bangalore/cielo-talent/19549306,https://www.cielotalent.com,0.0,"Company: Cielo Talent | Salary: Not disclosed | Exp: 1 to 5 Yrs | Company Description

One of the most admiring learning solutions companies in India and Africa, providing end to end new age learning solutions to 400+ Corporate clients across this region.

We have over 3,000 learning and development specialists and their domain expertise in across 21 industry verticals.

In terms of accolades, we ...",Shine
SDR Interns (Sales Development Representative),AppOpen,Bangalore,2026-09-13,https://www.shine.com/jobs/sdr-interns-sales-development-representative/appopen/19550540,https://www.appopen.io,0.0,"Company: AppOpen | Salary: Not disclosed | Exp: 0 to 4 Yrs | We're Hiring: SDR Interns | HSR Bengaluru

 Openings: 2

 Location: HSR, Bengaluru

 Stipend: 10,000/month + performance bonus




What you'll do:

Lead generation via LinkedIn & email outreachProspect research and lead qualificationBook meetings with founders & business ownersInternational B2B sales - US & UK markets


Who we're looking...",Shine
Sales Development Representative (SDR) - Bangalore,FirstHive Tech Corporation,Bangalore,2026-09-13,https://www.shine.com/jobs/sales-development-representative-sdr-bangalore/firsthive-tech-corporation/19550531,https://www.firsthive.com,0.0,"Company: FirstHive Tech Corporation | Salary: Not disclosed | Exp: 0 to 4 Yrs | Experience: Previous experience in sales, customer service, or a related field is a plus but not required.
Education: Bachelor's degree in Business Administration, Marketing, or related field preferred.
Location: Bangalore
What is the role 



The role is responsible for generating and qualifying leads for the sales te...",Shine
Turbizo.com - Cofounder/Head - Sales - IIM/FMS/IIT/NIT/ISB/XLRI,Turbizo,Bangalore,2026-09-10,https://www.shine.com/jobs/turbizocom-cofounder-head-sales-iim-fms-iit-nit-isb-xlri/turbizo/19549597,https://www.turbizo.com,0.0,"Company: Turbizo | Salary: Not disclosed | Exp: 5 to 10 Yrs | Job Title: Co-Founder, SalesLocation: BengaluruCompany: turbizo.comAbout Us: Turbizo is an innovative startup focused on transforming employee transportation through cutting-edge technology and seamless logistics. Our mission is to enhance the commuting experience for employees while optimizing transportation efficiency for businesses. ...",Shine
Sales Manager  Resort Sales,Rosetta Hospitality,Bangalore,2026-09-10,https://www.shine.com/jobs/sales-manager-resort-sales/rosetta-hospitality/19549475,https://www.rosettahospitality.com,0.0,Company: Rosetta Hospitality | Salary: Not disclosed | Exp: 0 to 4 Yrs | Job ResponsibilitiesGeneral Responsibilities: Responsible to do a complete show around for clients visiting the resort for adhoc groups & events Have in-depth knowledge of our product and competitors Answer all calls within 3 rings All queries to be reverted within 12 hours of receivingSpecific Responsibilities Responsible fo...,Shine
"Associate Director, Sales Enablement - Proposal Engine Lead",Kyndryl,Bangalore,2026-09-10,https://www.shine.com/jobs/associate-director-sales-enablement-proposal-engine-lead/kyndryl/19549553,https://www.kyndryl.com,0.0,"Company: Kyndryl | Salary: Not disclosed | Exp: 6 to 10 Yrs | Who We Are

At Kyndryl, we run and reimagine the mission-critical technology systems that drive advantage for the world's leading businesses. We are at the heart of progress with proven expertise and a continuous flow of AI-powered insight, enabling smarter decisions, faster innovation, and a lasting competitive edge. For our people-Kyn...",Shine
Customer Service Executive - Sales,Tata Capital Finance Ltd,Bangalore,2026-09-13,https://www.shine.com/jobs/customer-service-executive-sales/tata-capital-finance-ltd/19550326,N/A,0.0,Company: Tata Capital Finance Ltd | Salary: Not disclosed | Exp: 0 to 4 Yrs | Customer Service - Sales - Housing - DM - Bengaluru - Kanakapura Road - CRE *JM* 10367 Achieving business targets as laid down by acquiring new client relationships and maintaining them. Graduate in any discipline  Identify target areas for prospective business  Pre-screen customer segments as per the organization norms ...,Shine
Business Development Manager,AWINMO INDIA MARKETING PRIVATE LIMITED,"Bangalore, Chennai, Noida, Hyderabad, Kolkata, Gurugram, Pune, Mumbai City, Delhi, Anantpur",2026-09-08,https://www.shine.com/jobs/business-development-manager/awinmo-india-marketing-private-limited/19548844,N/A,0.0,"Company: AWINMO INDIA MARKETING PRIVATE LIMITED | Salary: Not disclosed | Exp: 13 to 23 Yrs | <p>We are looking for an ambitious and energetic Business Development Manager to help us expand&nbsp;our clientele. You will be the front of the company and will have&nbsp;the dedication to create and apply an effective sales strategy.</p>
<p>The goal is to drive&nbsp;sustainable financial growth through...",Shine
Prowiden Overseas - International Business Development Manager,PROWIDEN OVERSEAS,Bangalore,2026-09-07,https://www.shine.com/jobs/prowiden-overseas-international-business-development-manager/prowiden-overseas/19547471,N/A,0.0,"Company: PROWIDEN OVERSEAS | Salary: Not disclosed | Exp: 4 to 8 Yrs | Job Description:

International Business Development Manager:

Location: Bangalore, India

Company: Prowiden Overseas

Department: International Business Development

Employment Type: Full-Time

About Prowiden:

Prowiden Overseas is an international recruitment and business consulting company helping businesses expand globally....",Shine
Salesforce Developer || Bengaluru || Hybrid,PradeepIT Consulting Services,Bangalore,2026-09-07,https://www.shine.com/jobs/salesforce-developer-bengaluru-hybrid/pradeepit-consulting-services/19546649,N/A,0.0,"Company: PradeepIT Consulting Services | Salary: Not disclosed | Exp: 6 to 10 Yrs | Salesforce Developer




Role: Salesforce Developer


Location: Bengaluru (Hybrid)




Payroll Partner: Experis IT Pvt Ltd


Experience Required: 6+ years




Notice Period: Immediate to 15 days max


Work Mode: Hybrid




Shift Timings: Rotational / General Shift (based on project need)


Open Positions: 1




 Ma...",Shine
Curriculum Associates - Salesforce IT Architect,Curriculum Associates India Private Limited,Bangalore,2026-09-07,https://www.shine.com/jobs/curriculum-associates-salesforce-it-architect/curriculum-associates-india-private-limited/19546627,https://www.curriculumassociates.com,0.0,"Company: Curriculum Associates India Private Limited | Salary: Not disclosed | Exp: 24 to >25 Yrs | At Curriculum Associates, we believe in the potential of every child and are changing the face of education technology with award-winning learning programs like i-Ready that serve a third of the nation's K-8 students.




For more than 50 years, our commitment to making classrooms better places, ser...",Shine
Senior - Software Engineer - Salesforce Developer,Bread Financial,Bangalore,2026-09-07,https://www.shine.com/jobs/senior-software-engineer-salesforce-developer/bread-financial/19546613,https://www.breadfinancial.com,0.0,"Company: Bread Financial | Salary: Not disclosed | Exp: 5 to 9 Yrs | Every career journey is personal. That's why we empower you with the tools and support to create your own success story. 

Be challenged. Be heard. Be valued. Be you . be here.

Job Summary

Engineer, 2 is responsible for developing and enhancing financial technology solutions by translating requirements into functional software....",Shine
Zuora Lead/Architect - Salesforce CPQ,TRH Consultancy,Bangalore,2026-09-07,https://www.shine.com/jobs/zuora-lead-architect-salesforce-cpq/trh-consultancy/19546599,N/A,0.0,"Company: TRH Consultancy | Salary: Not disclosed | Exp: 0 to 4 Yrs | Role Overview : 

We are seeking a seasoned Zuora Lead/Architect to spearhead our complex billing and revenue management initiatives. In this role, you will serve as the primary technical authority, bridging the gap between intricate business requirements and scalable technical solutions within the Zuora ecosystem. You will colla...",Shine
Salesforce Financial Services Cloud Solution Architect,Birlasoft Limited,Bangalore,2026-09-07,https://www.shine.com/jobs/salesforce-financial-services-cloud-solution-architect/birlasoft-limited/19546592,https://www.birlasoft.com,0.0,"Company: Birlasoft Limited | Salary: Not disclosed | Exp: 12 to 16 Yrs | Subcon - Salesforce Financial Services Cloud Area(s) of responsibility Empowered By Innovation Birlasoft, a global leader at the forefront of Cloud, AI, and Digital technologies, seamlessly blends domain expertise with enterprise solutions. The companys consultative and design-thinking approach empowers societies worldwide, e...",Shine
Salesforce Marketing and Data cloud,Mercedes-Benz Research and Development India Private Limited,Bangalore,2026-09-07,https://www.shine.com/jobs/salesforce-marketing-and-data-cloud/mercedes-benz-research-and-development-india-private-limited/19546578,N/A,0.0,"Company: Mercedes-Benz Research and Development India Private Limited | Salary: Not disclosed | Exp: 5 to 9 Yrs | Aufgaben About MBRDI:

Mercedes-Benz Research and Development India (MBRDI), headquartered in Bengaluru with a satellite office in Pune, is the largest R&D center for Mercedes-Benz Group AG outside of Germany. Our mission is to drive innovation and excellence in automotive engineering,...",Shine
Meesho - Software Development Engineer II - Data Platform,Meesho,Bangalore,2026-09-07,https://www.shine.com/jobs/meesho-software-development-engineer-ii-data-platform/meesho/19545877,https://www.meesho.com,0.0,"Company: Meesho | Salary: Not disclosed | Exp: 1 to 5 Yrs | About the team :




Data is everything But only in the hands of the right person. And as part of our team, you will help us transform data into actionable insights and systems. When 5% of Indian households shop with us, its important to build data-backed, resilient systems to manage millions of orders every day. Weve done this  with zero...",Shine
Salesforce Data Cloud Developer,PineQ Lab Technology,Bangalore,2026-09-07,https://www.shine.com/jobs/salesforce-data-cloud-developer/pineq-lab-technology/19545778,N/A,0.0,"Company: PineQ Lab Technology | Salary: Not disclosed | Exp: 3 to 7 Yrs | Location: PAN India

Experience: 3+ Years

Employment Type: Full-Time

Job Summary

We are looking for a skilled Salesforce Data Cloud Developer to design, develop, and implement data solutions using Salesforce Data Cloud. The ideal candidate should have strong experience in data integration, data modeling, identity resoluti...",Shine
Business Development Executive - Food & Beverage,PEPSICO,Bangalore,2026-09-07,https://www.shine.com/jobs/business-development-executive-food-beverage/pepsico/19545424,https://www.pepsico.com,0.0,"Company: PEPSICO | Salary: Not disclosed | Exp: 0 to 4 Yrs | What role you will play in team: Contribute to the growth of PepsiCo's market share by identifying and securing new business opportunities within the Indian food and beverage sector.What you will do: Develop and execute sales strategies, manage key accounts, and build strong relationships with clients.Key responsibility:Market research a...",Shine
Open Financial - Business Development Manager,Nexthire,Bangalore,2026-09-07,https://www.shine.com/jobs/open-financial-business-development-manager/nexthire/19545148,https://www.nexthire.in,0.0,"Company: Nexthire | Salary: Not disclosed | Exp: 3 to 7 Yrs | Job Title: Business Development Manager
Experience: 7+ Years
Location: Bangalore, India


Responsibilities:

 Own and assist smooth onboarding of clients.
 Manage end-to-end funnel on New Initiative Products - new merchant acquisition and upselling of products to existing clients.
 Pitch and demonstrate the features and benefits of Open...",Shine
"Sales exutive , training manger , business manger",Chain Reaction Co.,Bangalore,2026-09-07,https://www.shine.com/jobs/sales-exutive-training-manger-business-manger/chain-reaction-co/19545136,https://www.chainreaction.org,0.0,"Company: Chain Reaction Co. | Salary: Not disclosed | Exp: 0 to 4 Yrs | Company Description Chain Reaction Co. is a growing organization focused on delivering high-quality products and services to a diverse customer base. The company values collaboration, performance, and continuous improvement across all business functions. Team members are encouraged to take ownership of their work, contribute i...",Shine
Manager - Business Development ( US Process ),Novel Office,Bangalore,2026-09-07,https://www.shine.com/jobs/manager-business-development-us-process/novel-office/19543412,https://www.noveloffice.com,0.0,"Company: Novel Office | Salary: Not disclosed | Exp: 0 to 4 Yrs | Job descriptionPosition Summary: The Business Development Manager - Leasing, will be responsible for developing and executing Sales & Business Development strategies for bringing in new clients. The BDM - Leasing will receive enquiries from pre-sales team and shall engage clients to build rapport and close office leasing deals. The ...",Shine
Entry-level Business Development,Minteworld,Bangalore,2026-09-07,https://www.shine.com/jobs/entry-level-business-development/minteworld/19542992,N/A,0.0,"Company: Minteworld | Salary: Not disclosed | Exp: 0 to 4 Yrs | Skills:Salesforce CRM, Cold calling, Negotiation skills, Market research, Communication skills, Business Development, Sound market research capabilities,Qualifications And SkillsSalesforce CRM proficiencyStrong cold calling abilitiesExcellent negotiation skillsSound market research capabilitiesEffective communication skillsRoles and R...",Shine
Customer Sales Executive - Tata Cards - Bengaluru - Prestige Corniche - CSE,TATA Capital,Bangalore,2026-09-07,https://www.shine.com/jobs/customer-sales-executive-tata-cards-bengaluru-prestige-corniche-cse/tata-capital/19542707,https://www.tatacapital.com,0.0,"Company: TATA Capital | Salary: Not disclosed | Exp: 0 to 4 Yrs | Perform the following under the guidance/direction of Supervisor/Manager


 With help of Supervisor/ Manager, Identify the customers for protentional Business


 Collect the documents from Customers and validate as per the organization norms


 Logging the case in the system as per SOP and follow the process for disbursement.


 Ful...",Shine
Business Development Representative APAC,Chargebee,Bangalore,2026-09-07,https://www.shine.com/jobs/business-development-representative-apac/chargebee/19541878,https://www.chargebee.com,0.0,"Company: Chargebee | Salary: Not disclosed | Exp: 1 to 5 Yrs | We&aposre looking for energetic, driven professionals with strong business acumen and natural sales instincts to join our dynamic team. Ideal candidates are eager to progress through a clear learning and earning path. At Chargebee, we offer a fast-paced, innovative environment with the tools, resources, and leadership you need to excel...",Shine
Sales and Business Development Representative,Zimson Watches,Bangalore,2026-09-07,https://www.shine.com/jobs/sales-and-business-development-representative/zimson-watches/19541873,https://www.zimsonwatches.com,0.0,Company: Zimson Watches | Salary: Not disclosed | Exp: 2 to 6 Yrs | What role you will play in team: You'll be responsible for building and maintaining relationships with key retailers and distributors.What you will do: You will increase sales volume and expand market share for our luxury watches.Key responsibility:Develop and maintain relationships with key clients.Generate new business opportuni...,Shine
Sales Representative - Tech Company,Uplers,Bangalore,2026-09-07,https://www.shine.com/jobs/sales-representative-tech-company/uplers/19541821,https://www.uplers.com,0.0,"Company: Uplers | Salary: Not disclosed | Exp: 3 to 12 Yrs | Key Account Manager - B2B Sales
Experience: 3 - 12 Years Exp
Shift  : 10:00 AM to 7:00 PM IST
Opportunity Type:  Office (Bengaluru)
Placement Type:  Permanent


(*corporate tie OR Corporate Sales and B2B sales


Key Account Manager - B2B Sales who is passionate about their work, eager to learn and grow, and who is committed to delivering...",Shine
Business Development Representative (BDR) Intern,BiteSpeed,Bangalore,2026-09-07,https://www.shine.com/jobs/business-development-representative-bdr-intern/bitespeed/19541819,https://www.bitespeed.in,0.0,"Company: BiteSpeed | Salary: Not disclosed | Exp: 1 to 5 Yrs | Internship Details

Role: Business Development Representative InternDuration: 6 monthsLocation: In-office (Bangalore)Stipend: 20,000 (Fixed per month)Incentives: Performance based (Uncapped)Performance based PPO

About BiteSpeed

Hey there! We are a Sequoia-backed SaaS startup building an AI-native Marketing, Support & Sales suite for ...",Shine
Business Development Manager - Enterprise Sales,Apple,Bangalore,2026-09-07,https://www.shine.com/jobs/business-development-manager-enterprise-sales/apple/19541711,https://www.apple.com,0.0,"Company: Apple | Salary: Not disclosed | Exp: 5 to 9 Yrs | What role you will play in team: Drive growth by securing new enterprise clients, building strong relationships, and managing the entire sales cycle, from lead generation to contract closure. You will be a key player in expanding our market share within the Indian corporate sector.What you will do: Develop and implement strategies to targe...",Shine
"Business Development (Sales) Internship in Pune, Hyderabad, Noida, Odisha",NCL Buildtek Limited,Bangalore,2026-09-07,https://www.shine.com/jobs/business-development-sales-internship-in-pune-hyderabad-noida-odisha/ncl-buildtek-limited/19541702,https://www.nclbuildtek.com,0.0,"Company: NCL Buildtek Limited | Salary: Not disclosed | Exp: 24 to >25 Yrs | As a Business Development (Sales) intern at NCL Buildtek Limited, you will have the opportunity to learn and grow in a dynamic and fast-paced B2B sales environment. You will work closely with our experienced sales team to develop new business opportunities and drive revenue growth for the company.

Key Responsibilities


...",Shine
"Business Development (Sales) Internship in Bangalore, Hyderabad, Mumbai",GBH Headsets,Bangalore,2026-09-07,https://www.shine.com/jobs/business-development-sales-internship-in-bangalore-hyderabad-mumbai/gbh-headsets/19541688,https://www.gbhheadsets.org,0.0,"Company: GBH Headsets | Salary: Not disclosed | Exp: 0 to 4 Yrs | Selected Intern's Day-to-day Responsibilities Include

Market ResearchBusiness DevelopmentClient HandlingPR WITH CUSTOMERSPlanning & Execution

6.1st hand experience of visiting clients MNC Companies

About Company: We are a telecom hardware and software company providing products and services to MNCs across India and abroad in over...",Shine
Team Lead-Sales,Aventurine Homes,Bangalore,2026-09-07,https://www.shine.com/jobs/team-lead-sales/aventurine-homes/19541683,https://www.aventurinehomes.com,0.0,"Company: Aventurine Homes | Salary: Not disclosed | Exp: 2 to 6 Yrs | About the job:

About Us Aventurine Homes is a real estate consulting and channel partner firm specializing in residential property sales, investment advisory, and developer partnerships. The company focuses on delivering professional real estate advisory services to homebuyers and investors by connecting them with reputed devel...",Shine
B2B Food Ingredients Sales Executive,Axureone,Bangalore,2026-09-07,https://www.shine.com/jobs/b2b-food-ingredients-sales-executive/axureone/19541681,https://www.axureone.com,0.0,"Company: Axureone | Salary: Not disclosed | Exp: 0 to 4 Yrs | We are seeking an energetic and driven B2B Food Ingredients Sales Executive to manage and grow customer relationships across the food ingredients ecosystem. This role involves working closely with clients in Bakery, Protein, Snacks, Premix, Beverages, RTD, RTE, QSR, and online food businesses. The incumbent will focus on introducing inn...",Shine
Field Sales Executive | Bangalore | Fresher & Experienced |,Policybazaar.com,Bangalore,2026-09-07,https://www.shine.com/jobs/field-sales-executive-bangalore-fresher-experienced/policybazaarcom/19541621,N/A,0.0,"Company: Policybazaar.com | Salary: Not disclosed | Exp: 0 to 8 Yrs | Job description: Policybazaar Hiring: Field Sales Executive (Fresher & Experienced both are welcome) Contact Info : Interested Candidates Can Directly Share Their CV On harshshukla@policybazaar.com or 9118166042( Call For Quick Response) .


Position Overview Policybazaar is seeking confident, dynamic, and high-energy profession...",Shine
Field Sales Officer,KADTECH HR SOLUTIONS,"Bangalore, Chennai, Hyderabad",2026-09-07,https://www.shine.com/jobs/field-sales-officer/kadtech-hr-solutions/19541379,https://www.kadtechhr.com,0.0,"Company: KADTECH HR SOLUTIONS | Salary: Not disclosed | Exp: 0 to 4 Yrs | 
<span data-offset-key=""6mt5r-0-0""><span data-text=""true"">Job Summary: <br /><br /></span></span>


<span data-offset-key=""98v4h-0-0""><span data-text=""true"">We are looking for a dynamic and result-oriented </span></span><span data-offset-key=""98v4h-0-1""><span data-text=""true"">Field Sales Officer (CASA)</span></span><span...",Shine
Business Development Executive,KADTECH HR SOLUTIONS,Bangalore,2026-09-07,https://www.shine.com/jobs/business-development-executive/kadtech-hr-solutions/19541376,https://www.kadtechhr.com,0.0,"Company: KADTECH HR SOLUTIONS | Salary: Not disclosed | Exp: 0 to 4 Yrs | &nbsp;

<span data-offset-key=""2jabo-0-0""><span data-text=""true"">Key Responsibilities:</span></span>


<span data-offset-key=""7dao5-0-0"">&nbsp;</span>


<span data-offset-key=""1et03-0-0"">&nbsp;</span>


<span data-offset-key=""2ojhu-0-0""><span data-text=""true"">1. Identify and connect with business owners, SMEs, and...",Shine
Healthcare Business Development Specialist,Abbott Healthcare,Bangalore,2026-09-05,https://www.shine.com/jobs/healthcare-business-development-specialist/abbott-healthcare/19541028,N/A,0.0,Company: Abbott Healthcare | Salary: Not disclosed | Exp: 2 to 6 Yrs | What role you will play in team: Expand Abbott's presence within healthcare institutions by securing new business and maintaining strong relationships with key decision-makers.What you will do: Develop and execute strategies to increase sales of Abbott's healthcare products and services.Key responsibility:Identifying and qualif...,Shine
Sales Development Representative,COMPRINNO,BENGALURU,2026-09-12,https://www.adzuna.in/details/5866927376,https://www.comprinno.com,,"Company: COMPRINNO | Location: BENGALURU | Salary: 3 - 13 LACS/ANNUM
                
                    TOP MATCH | ",Adzuna
Sales Development Representative,INCRUITER,BENGALURU,2026-09-12,https://www.adzuna.in/details/5374613553,https://www.incruiter.com,,"Company: INCRUITER | Location: BENGALURU | Salary: 4 - 7 LACS/ANNUM
                
                    CLOSING SOON | ",Adzuna
Sales Development Representative,UNNATI,BENGALURU,2026-09-12,https://www.adzuna.in/details/2904497689,https://www.unnati.in,,"Company: UNNATI | Location: BENGALURU | Salary: 5 - 8 LACS/ANNUM
                
                    CLOSING SOON | ",Adzuna
Sales Development Representative,INTUGINE - LOGISTICS THROUGH INNOVATION,BENGALURU,2026-09-12,https://www.adzuna.in/details/1786690671,N/A,,"Company: INTUGINE - LOGISTICS THROUGH INNOVATION | Location: BENGALURU | Salary: 4 - 7 LACS/ANNUM
                
                    CLOSING SOON | ",Adzuna
Sales Development Representative,GUSHWORK,BENGALURU,2026-09-12,https://www.adzuna.in/details/5146689734,https://www.gushwork.in,,"Company: GUSHWORK | Location: BENGALURU | Salary: 7 - 9 LACS/ANNUM
                
                    CLOSING SOON | ",Adzuna
Sales Development Representative,SIGMA INFOSOLUTIONS,BENGALURU,2026-09-12,https://www.adzuna.in/details/4710144821,N/A,,"Company: SIGMA INFOSOLUTIONS | Location: BENGALURU | Salary: 8 - 15 LACS/ANNUM
                
                    ABOVE AVERAGE SALARYCLOSING SOON | ",Adzuna
Sales Development Representative,QRATA,BENGALURU,2026-09-12,https://www.adzuna.in/details/4514375906,https://www.qrata.com,,"Company: QRATA | Location: BENGALURU | Salary: 10 - 20 LACS/ANNUM
                
                    ABOVE AVERAGE SALARYCLOSING SOON | ",Adzuna
Sales development representative,WENGER AND WATSON INC,BENGALURU,2026-09-12,https://www.adzuna.in/details/2641987106,N/A,,"Company: WENGER AND WATSON INC | Location: BENGALURU | Salary: 5 - 14 LACS/ANNUM
                
                    CLOSING SOON | ",Adzuna
Sales Development Representative,THE HUB,BENGALURU,2026-09-12,https://www.adzuna.in/details/2509165198,https://www.thehub.in,,"Company: THE HUB | Location: BENGALURU | Salary: 0 - 15 LACS/ANNUM
                
                    ABOVE AVERAGE SALARYCLOSING SOON | ",Adzuna
Sales Development Representative,AAVIAH PEOPLS NETWORK COMPNAY,BENGALURU,2026-09-12,https://www.adzuna.in/details/3830617880,N/A,,"Company: AAVIAH PEOPLS NETWORK COMPNAY | Location: BENGALURU | Salary: 5 - 12 LACS/ANNUM
                
                    CLOSING SOON | ",Adzuna
Sales Development Representative,MANPOWER INDIA,BENGALURU,2026-09-12,https://www.adzuna.in/details/3340501146,https://www.manpower.com,,"Company: MANPOWER INDIA | Location: BENGALURU | Salary: 6 - 12 LACS/ANNUM
                
                    TOP MATCHCLOSING SOON | ",Adzuna
Sales Development Representative,GREENSTITCH TECHNOLOGIES PVT LTD,BENGALURU,2026-09-12,https://www.adzuna.in/details/4530892105,https://www.greenstitch.com,,"Company: GREENSTITCH TECHNOLOGIES PVT LTD | Location: BENGALURU | Salary: 5 - 13 LACS/ANNUM
                
                    CLOSING SOON | ",Adzuna
Sales Development Representative (SaaS Sales),JHANA,BENGALURU,2026-09-12,https://www.adzuna.in/details/5016365236,https://www.jhana.com,,"Company: JHANA | Location: BENGALURU | Salary: 8 - 10 LACS/ANNUM
                
                    CLOSING SOON | ",Adzuna
Lead Sales Development Representative,CONTLO,BENGALURU,2026-09-12,https://www.adzuna.in/details/4592990516,https://www.contlo.ai,,"Company: CONTLO | Location: BENGALURU | Salary: 6 - 14 LACS/ANNUM
                
                    CLOSING SOON | ",Adzuna
Sales Development Representative(SDR),GARAGEPLUG,BENGALURU,2026-09-12,https://www.adzuna.in/details/3148437526,https://www.garageplug.com,,"Company: GARAGEPLUG | Location: BENGALURU | Salary: 4 - 8 LACS/ANNUM
                
                    CLOSING SOON | ",Adzuna
Sr. Sales Development Representative (SaaS Sales),JHANA,BENGALURU,2026-09-12,https://www.adzuna.in/details/4992611180,https://www.jhana.com,,"Company: JHANA | Location: BENGALURU | Salary: 12 - 17 LACS/ANNUM
                
                    ABOVE AVERAGE SALARYCLOSING SOON | ",Adzuna
Sales Development Representative (SDR) - India,NUNIFY TECH INC,BENGALURU,2026-09-12,https://www.adzuna.in/details/4303679717,https://www.nunify.com,,"Company: NUNIFY TECH INC | Location: BENGALURU | Salary: 0.08 - 0.14 LACS/ANNUM
                
                    ABOVE AVERAGE SALARYCLOSING SOON | ",Adzuna
Sales Development Representative (Thailand Region),SWITCHON,BENGALURU,2026-09-12,https://www.adzuna.in/details/5879561792,https://www.switchon.com,,"Company: SWITCHON | Location: BENGALURU | Salary: 11 - 13 LACS/ANNUM
                
                    ABOVE AVERAGE SALARY | ",Adzuna
Sales Development Representative - North America,HACKEREARTH,"BANGALORE, KARNATAKA, INDIA",2026-09-12,https://www.adzuna.in/details/5474675021,https://www.hackerearth.com,,"Company: HACKEREARTH | Location: BANGALORE, KARNATAKA, INDIA | Salary: 1E+07 PER QUARTER
                
                    CLOSING SOON | ",Adzuna
Sales Development Representative - North America,HEVO DATA,BENGALURU,2026-09-12,https://www.adzuna.in/details/2268992392,https://www.hevodata.com,,"Company: HEVO DATA | Location: BENGALURU | Salary: 0 - 10 LACS/ANNUM
                
                    CLOSING SOON | ",Adzuna
Sales Development Representative (Founding Team),FLEXYPE,BENGALURU,2026-09-12,https://www.adzuna.in/details/5461968162,https://www.flexype.com,,"Company: FLEXYPE | Location: BENGALURU | Salary: 6 - 10 LACS/ANNUM
                
                    TOP MATCHCLOSING SOON | ",Adzuna
Sales Development Representative / Lead Generator,CONTLO,BENGALURU,2026-09-12,https://www.adzuna.in/details/4592990520,https://www.contlo.ai,,"Company: CONTLO | Location: BENGALURU | Salary: 4 - 7 LACS/ANNUM
                
                    CLOSING SOON | ",Adzuna
Sales Development Representative (B2B SaaS),ZYCUS,BENGALURU,2026-09-12,https://www.adzuna.in/details/4464664316,https://www.zycus.com,,"Company: ZYCUS | Location: BENGALURU | Salary: 6 - 10 LACS/ANNUM
                
                    CLOSING SOON | ",Adzuna
Sales Development Representative (US & Latin America),GARAGEPLUG,BENGALURU,2026-09-12,https://www.adzuna.in/details/3148437457,https://www.garageplug.com,,"Company: GARAGEPLUG | Location: BENGALURU | Salary: 5 - 8 LACS/ANNUM
                
                    CLOSING SOON | ",Adzuna
"Sales Development Representative (Inbound, B2B SaaS",TALENT PRO,BENGALURU,2026-09-12,https://www.adzuna.in/details/5199066328,https://www.talentpro.in,,"Company: TALENT PRO | Location: BENGALURU | Salary: 8 - 12 LACS/ANNUM
                
                    CLOSING SOON | ",Adzuna
Inside Sales Associate / Outbound Sales Development Representative (SDR),MANTRAS2SUCCESS,BENGALURU/BANGALORE,2026-09-12,https://www.adzuna.in/details/5822430281,N/A,,"Company: MANTRAS2SUCCESS | Location: BENGALURU/BANGALORE | Salary: 400000-600000 PER YEAR
                
                    CLOSING SOON | ",Adzuna
"Business Development Executive(Lead qualification, b2b saas",STAFFNIXCOM,BENGALURU,2026-09-12,https://www.adzuna.in/details/5820996398,N/A,,"Company: STAFFNIXCOM | Location: BENGALURU | Salary: 7 - 12 LACS/ANNUM
                
                    CLOSING SOON | ",Adzuna
Business Development Executive(Lead qualification,STAFFNIXCOM,BENGALURU,2026-09-12,https://www.adzuna.in/details/5860983321,N/A,,Company: STAFFNIXCOM | Location: BENGALURU | Salary: 10 - 12 LACS/ANNUM | ,Adzuna
Inside Sales Specialist (International),MANTRAS2SUCCESS,BENGALURU/BANGALORE,2026-09-12,https://www.adzuna.in/details/5727270795,N/A,,"Company: MANTRAS2SUCCESS | Location: BENGALURU/BANGALORE | Salary: 1.2E+06-1.6E+06 PER YEAR
                
                    CLOSING SOON | ",Adzuna
Business Development Representative (B2B SaaS sales),INCRUITER,BENGALURU,2026-09-12,https://www.adzuna.in/details/5390148048,https://www.incruiter.com,,"Company: INCRUITER | Location: BENGALURU | Salary: 8 - 12 LACS/ANNUM
                
                    TOP MATCHCLOSING SOON | ",Adzuna
Sales Development Specialist,MULTI RECRUIT,BENGALURU,2026-09-12,https://www.adzuna.in/details/2853928034,https://www.multirecruit.com,,"Company: MULTI RECRUIT | Location: BENGALURU | Salary: 0 - 8 LACS/ANNUM
                
                    CLOSING SOON | ",Adzuna
Sales Development Manager - Lead,RECKO,BENGALURU,2026-09-12,https://www.adzuna.in/details/1968606311,https://www.recko.com,,"Company: RECKO | Location: BENGALURU | Salary: 7.5 - 24 LACS/ANNUM
                
                    ABOVE AVERAGE SALARYCLOSING SOON | ",Adzuna
Business Development Representative,FILTER YOU,BENGALURU,2026-09-12,https://www.adzuna.in/details/4156644449,N/A,,"Company: FILTER YOU | Location: BENGALURU | Salary: 6 - 7 LACS/ANNUM
                
                    REMOTECLOSING SOON | ",Adzuna
"Enterprise Sales Account Manager (SAP, Indian market)",TALENTXO,BENGALURU,2026-09-12,https://www.adzuna.in/details/5848055955,https://www.talentxo.com,,"Company: TALENTXO | Location: BENGALURU | Salary: 24 - 30 LACS/ANNUM
                
                    ABOVE AVERAGE SALARY | ",Adzuna
Sales Trainer â Corporate Training Programs,EDSTELLAR.COM,BENGALURU,2026-09-12,https://www.adzuna.in/details/5239552756,N/A,,"Company: EDSTELLAR.COM | Location: BENGALURU | Salary: 5 - 10 LACS/ANNUM
                
                    CLOSING SOON | ",Adzuna
Sales Development Representative,Zocdoc,,2026-09-12,https://builtin.com/job/sales-development-representative/11137879,N/A,,Company: Zocdoc | Location:  | Salary: Not disclosed | ,BuiltIn
Sales Development Representative - Goa,SJ Innovation BD Ltd.,,2026-09-12,https://builtin.com/job/sales-development-representative-goa/11151955,N/A,,Company: SJ Innovation BD Ltd. | Location:  | Salary: Not disclosed | ,BuiltIn
Sales Development Representative,DataBeat,,2026-09-12,https://builtin.com/job/sales-development-representative/11151708,https://www.databeat.io,,Company: DataBeat | Location:  | Salary: Not disclosed | ,BuiltIn
Sales Development Representative,ClickPost,,2026-09-12,https://builtin.com/job/sales-development-representative/11150997,https://www.clickpost.com,,Company: ClickPost | Location:  | Salary: Not disclosed | ,BuiltIn
Sales Development Representative,Mobility Global,,2026-09-12,https://builtin.com/job/sales-development-representative/11140662,https://www.mobilityglobal.com,,Company: Mobility Global | Location:  | Salary: Not disclosed | ,BuiltIn
Sales Development Representative,Shuru,,2026-09-12,https://builtin.com/job/sales-development-representative/11140387,https://www.shuru.io,,Company: Shuru | Location:  | Salary: Not disclosed | ,BuiltIn
Sales Development Representative,Veeam,,2026-09-12,https://builtin.com/job/sales-development-representative/10946962,https://www.veeam.com,,Company: Veeam | Location:  | Salary: Not disclosed | ,BuiltIn
Sales Development Representative,BrowserStack,,2026-09-12,https://builtin.com/job/sales-development-representative/10112048,https://www.browserstack.com,,Company: BrowserStack | Location:  | Salary: Not disclosed | ,BuiltIn
Sales Development Representative (SDR),Docyt,,2026-09-12,https://builtin.com/job/sales-development-representative-sdr/10432904,N/A,,Company: Docyt | Location:  | Salary: Not disclosed | ,BuiltIn
Fresher- Sales Development Representative,EbizON,,2026-09-12,https://builtin.com/job/fresher-sales-development-representative/11067839,https://www.ebizontek.com,,Company: EbizON | Location:  | Salary: Not disclosed | ,BuiltIn
Sales Development Representative Intern (Paid - India/Remote),Peakflo,,2026-09-12,https://builtin.com/job/sales-development-representative-intern-paid-india-remote/9921355,https://www.peakflo.com,,Company: Peakflo | Location:  | Salary: Not disclosed | ,BuiltIn
Sales Development Representative,Adit,,2026-09-12,https://builtin.com/job/sales-development-representative/11050525,https://www.adit.com,,Company: Adit | Location:  | Salary: Not disclosed | ,BuiltIn
EbizON : Sales Development Representative  || Noida,EbizON,,2026-09-12,https://builtin.com/job/ebizon-sales-development-representative-noida/11048369,https://www.ebizontek.com,,Company: EbizON | Location:  | Salary: Not disclosed | ,BuiltIn
Sales Development Representative,Stripe,,2026-09-12,https://builtin.com/job/sales-development-representative/10361504,https://www.stripe.com,,Company: Stripe | Location:  | Salary: Not disclosed | ,BuiltIn
Senior Sales Development Representative - APAC,SpotDraft,,2026-09-12,https://builtin.com/job/senior-sales-development-representative-apac/11037835,https://www.spotdraft.com,,Company: SpotDraft | Location:  | Salary: Not disclosed | ,BuiltIn
Sales Development Representative | India | Remote,Grafana Labs,,2026-09-12,https://builtin.com/job/sales-development-representative-india-remote/10997702,https://www.grafana.com,,Company: Grafana Labs | Location:  | Salary: Not disclosed | ,BuiltIn
Sales Development Representative – International Sales,EbizON,,2026-09-12,https://builtin.com/job/sales-development-representative-international-sales/10997116,https://www.ebizontek.com,,Company: EbizON | Location:  | Salary: Not disclosed | ,BuiltIn
Sales Development Representative (SDR),OpenGov,,2026-09-12,https://builtin.com/job/sdr/10975331,https://www.opengov.com,,Company: OpenGov | Location:  | Salary: Not disclosed | ,BuiltIn
Sales Development Representative,Attentive.ai,,2026-09-12,https://builtin.com/job/sales-development-representative/10974552,N/A,,Company: Attentive.ai | Location:  | Salary: Not disclosed | ,BuiltIn
Sales Development Representative,BolsterBiz,,2026-09-12,https://builtin.com/job/sales-development-representative/10963762,https://www.bolsterbiz.com,,Company: BolsterBiz | Location:  | Salary: Not disclosed | ,BuiltIn
Sales Development Representative (SDR),Netcom Learning,,2026-09-12,https://builtin.com/job/sales-development-representative-sdr/10958739,https://www.netcomlearning.com,,Company: Netcom Learning | Location:  | Salary: Not disclosed | ,BuiltIn
Sales Development Representative,Neuralgo Software India Private Limited,,2026-09-12,https://builtin.com/job/sales-development-representative/10958457,N/A,,Company: Neuralgo Software India Private Limited | Location:  | Salary: Not disclosed | ,BuiltIn
Sales Development Representative,The Access Group,,2026-09-12,https://builtin.com/job/sales-development-representative/10952924,https://www.theaccess.com,,Company: The Access Group | Location:  | Salary: Not disclosed | ,BuiltIn
Sales Development Representative,Finsmart Accounting,,2026-09-12,https://builtin.com/job/sales-development-representative/10951135,https://www.finsmartaccounting.com,,Company: Finsmart Accounting | Location:  | Salary: Not disclosed | ,BuiltIn
Sales Development Representative,Hubhopper,,2026-09-12,https://builtin.com/job/sales-development-representative/9903563,https://www.hubhopper.com,,Company: Hubhopper | Location:  | Salary: Not disclosed | ,BuiltIn
Graduate Sales Development Representative,Canonical,,2026-09-12,https://builtin.com/job/graduate-sales-development-representative/2722846,https://www.canonical.com,,Company: Canonical | Location:  | Salary: Not disclosed | ,BuiltIn
Senior Sales Development Representative - Inside Sales (Outbound),Increff,,2026-09-12,https://builtin.com/job/senior-sales-development-representative-inside-sales-outbound/10906369,https://www.increff.com,,Company: Increff | Location:  | Salary: Not disclosed | ,BuiltIn
Sales Development Representative (SDR) Intern – HR Solutions,N Human Resources & Management Systems,,2026-09-12,https://builtin.com/job/sales-development-representative-sdr-intern-hr-solutions/10896880,N/A,,Company: N Human Resources & Management Systems | Location:  | Salary: Not disclosed | ,BuiltIn
Sales Development Representative – International Sales,EbizON,,2026-09-12,https://builtin.com/job/sales-development-representative-international-sales/10889235,https://www.ebizontek.com,,Company: EbizON | Location:  | Salary: Not disclosed | ,BuiltIn
Sales Development Representative (India Public Sector),Elastic,,2026-09-12,https://builtin.com/job/sales-development-representative-india-public-sector/10865901,https://www.elastic.co,,Company: Elastic | Location:  | Salary: Not disclosed | ,BuiltIn
Sales Development Representative (Outbound),Snowflake,,2026-09-12,https://builtin.com/job/sales-development-representative-outbound/10865046,https://www.snowflake.com,,Company: Snowflake | Location:  | Salary: Not disclosed | ,BuiltIn
Sales Development Representative (SDR) Lead,TripleDart Digital Private Limited,,2026-09-12,https://builtin.com/job/sales-development-representative-sdr-lead/10846360,https://www.tripledartdigital.com,,Company: TripleDart Digital Private Limited | Location:  | Salary: Not disclosed | ,BuiltIn
Sales Development Representative,Paramyter Tech,,2026-09-12,https://builtin.com/job/sales-development-representative/9750815,https://www.paramyter.com,,Company: Paramyter Tech | Location:  | Salary: Not disclosed | ,BuiltIn
Sales Development Representative- Mid Market,Infeedo AI,,2026-09-12,https://builtin.com/job/sales-development-representative-mid-market/9610044,N/A,,Company: Infeedo AI | Location:  | Salary: Not disclosed | ,BuiltIn
Sales Development Representative,eKincare,,2026-09-12,https://builtin.com/job/sales-development-representative/10822348,https://www.ekincare.com,,Company: eKincare | Location:  | Salary: Not disclosed | ,BuiltIn
Sales Development Representative,eKincare,,2026-09-12,https://builtin.com/job/sales-development-representative/10822339,https://www.ekincare.com,,Company: eKincare | Location:  | Salary: Not disclosed | ,BuiltIn
Sales Development Representative,Spyne,,2026-09-12,https://builtin.com/job/sales-development-representative/10439284,https://www.spyne.io,,Company: Spyne | Location:  | Salary: Not disclosed | ,BuiltIn
Sales Development Representative ll Noida,EbizON,,2026-09-12,https://builtin.com/job/sales-development-representative-ll-noida/8835486,https://www.ebizontek.com,,Company: EbizON | Location:  | Salary: Not disclosed | ,BuiltIn
Sales Development Representative ll Noida,EbizON,,2026-09-12,https://builtin.com/job/sales-development-representative-ll-noida/9332855,https://www.ebizontek.com,,Company: EbizON | Location:  | Salary: Not disclosed | ,BuiltIn
Sales Development Representative - Thailand,SwitchOn,,2026-09-12,https://builtin.com/job/sales-development-representative-thailand/10818708,https://www.switchon.com,,Company: SwitchOn | Location:  | Salary: Not disclosed | ,BuiltIn
Sales Development Representative,Delveio Consulting,,2026-09-12,https://builtin.com/job/sales-development-representative/10810475,N/A,,Company: Delveio Consulting | Location:  | Salary: Not disclosed | ,BuiltIn
Sales Development Representative,"Caminosoft AI, Inc.",,2026-09-12,https://builtin.com/job/sales-development-representative/8124992,https://www.caminosoftai.com,,"Company: Caminosoft AI, Inc. | Location:  | Salary: Not disclosed | ",BuiltIn
Sales Development Representative ll Noida,EbizON,,2026-09-12,https://builtin.com/job/sales-development-representative-ll-noida/9253005,https://www.ebizontek.com,,Company: EbizON | Location:  | Salary: Not disclosed | ,BuiltIn
Sales Development Representative (IT Sales ),EbizON,,2026-09-12,https://builtin.com/job/sales-development-representative-it-sales/10037175,https://www.ebizontek.com,,Company: EbizON | Location:  | Salary: Not disclosed | ,BuiltIn
Sales Development Representative ll Noida,EbizON,,2026-09-12,https://builtin.com/job/sales-development-representative-ll-noida/9595475,https://www.ebizontek.com,,Company: EbizON | Location:  | Salary: Not disclosed | ,BuiltIn
Sales Development Representative (SDR),Practice by Numbers,,2026-09-12,https://builtin.com/job/sales-development-representative-sdr/9972733,N/A,,Company: Practice by Numbers | Location:  | Salary: Not disclosed | ,BuiltIn
Sales Development Representative (IT Sales ),EbizON,,2026-09-12,https://builtin.com/job/sales-development-representative-it-sales/10002779,https://www.ebizontek.com,,Company: EbizON | Location:  | Salary: Not disclosed | ,BuiltIn
Sales Development Representative,BrowserStack,,2026-09-12,https://builtin.com/job/sales-development-representative-sdr/10007553,https://www.browserstack.com,,Company: BrowserStack | Location:  | Salary: Not disclosed | ,BuiltIn
Sales Development Representative – International Sales,EbizON,,2026-09-12,https://builtin.com/job/sales-development-representative-international-sales/10748786,https://www.ebizontek.com,,Company: EbizON | Location:  | Salary: Not disclosed | ,BuiltIn
EbizON : Sales Development Representative  || Noida,EbizON,,2026-09-12,https://builtin.com/job/ebizon-sales-development-representative-noida/10748766,https://www.ebizontek.com,,Company: EbizON | Location:  | Salary: Not disclosed | ,BuiltIn
Sales Development Representative (SDR),Simform,,2026-09-12,https://builtin.com/job/sales-development-representative-sdr/10738550,https://www.simform.com,,Company: Simform | Location:  | Salary: Not disclosed | ,BuiltIn
Sales Development Representative,Avoma,,2026-09-12,https://builtin.com/job/sales-development-representative/9581414,https://www.avoma.com,,Company: Avoma | Location:  | Salary: Not disclosed | ,BuiltIn
Sales Development Representative-1,SOTI,,2026-09-12,https://builtin.com/job/sales-development-representative-1/10149766,https://www.soti.com,,Company: SOTI | Location:  | Salary: Not disclosed | ,BuiltIn
Sales Development Representative,SOTI,,2026-09-12,https://builtin.com/job/sales-development-representative/10711878,https://www.soti.com,,Company: SOTI | Location:  | Salary: Not disclosed | ,BuiltIn
Sr. Sales Development Representative,Indovance Inc.,,2026-09-12,https://builtin.com/job/sr-sales-development-representative/10709441,N/A,,Company: Indovance Inc. | Location:  | Salary: Not disclosed | ,BuiltIn
Senior Sales Development Representative,Indovance Inc.,,2026-09-12,https://builtin.com/job/senior-sales-development-representative/10300705,N/A,,Company: Indovance Inc. | Location:  | Salary: Not disclosed | ,BuiltIn
Sales Development Representative (IT Sales ),EbizON,,2026-09-12,https://builtin.com/job/sales-development-representative-it-sales/10310984,https://www.ebizontek.com,,Company: EbizON | Location:  | Salary: Not disclosed | ,BuiltIn
"Senior Sales Development Representative, India",Branch (branch.io),,2026-09-12,https://builtin.com/job/senior-sales-development-representative-india/10301337,N/A,,Company: Branch (branch.io) | Location:  | Salary: Not disclosed | ,BuiltIn
SDR / Inside Sales (Inbound) – SaaS,Quick Dry Cleaning Software,,2026-09-12,https://builtin.com/job/sdr-inside-sales-inbound-saas/10316085,N/A,,Company: Quick Dry Cleaning Software | Location:  | Salary: Not disclosed | ,BuiltIn
Sales Development Representative,Vena Solutions,,2026-09-12,https://builtin.com/job/sales-development-representative/9898663,https://www.vena.com,,Company: Vena Solutions | Location:  | Salary: Not disclosed | ,BuiltIn
Sales Development Representative,Ema Unlimited,,2026-09-12,https://builtin.com/job/sales-development-representative/9918317,N/A,,Company: Ema Unlimited | Location:  | Salary: Not disclosed | ,BuiltIn
Job Role: Sales Development Representative (SDR)-  IT Services & Consulting,Markeeters,,2026-09-12,https://builtin.com/job/job-role-sales-development-representative-sdr-it-services-consulting/6198530,N/A,,Company: Markeeters | Location:  | Salary: Not disclosed | ,BuiltIn
SDR (Sales Development Representative),Rwazi,,2026-09-12,https://builtin.com/job/sdr-sales-development-representative/9907772,https://www.rwazi.com,,Company: Rwazi | Location:  | Salary: Not disclosed | ,BuiltIn
Sales Development Representative (Outbound),Translate By Humans,,2026-09-12,https://builtin.com/job/sales-development-representative-outbound/10682458,N/A,,Company: Translate By Humans | Location:  | Salary: Not disclosed | ,BuiltIn
Sales Development Representative,Jumio,,2026-09-12,https://builtin.com/job/business-development-representative/10678210,https://www.jumio.com,,Company: Jumio | Location:  | Salary: Not disclosed | ,BuiltIn
Sales Development Representative,EbizON,,2026-09-12,https://builtin.com/job/sales-development-representative/9861043,https://www.ebizontek.com,,Company: EbizON | Location:  | Salary: Not disclosed | ,BuiltIn
Sales Development Representative (English Speaking),Canary Technologies,,2026-09-12,https://builtin.com/job/sales-development-representative-hindi-speaking/10667028,https://www.canary.com,,Company: Canary Technologies | Location:  | Salary: Not disclosed | ,BuiltIn
Sales Development Representative (SDR) – US Enterprise Market | Full-Time | Onsite (Noida) | Night Shift | Uncapped Incentives,"Infopro Learning, Inc",,2026-09-12,https://builtin.com/job/business-development-representative-inside-sales-full-time-onsite-noida-office-night-shift-india-based-candidates-only/9856003,https://www.infoprolearning.com,,"Company: Infopro Learning, Inc | Location:  | Salary: Not disclosed | ",BuiltIn
Sales Development Representative,Sycurio,,2026-09-12,https://builtin.com/job/sales-development-representative/10172151,https://www.sycurio.com,,Company: Sycurio | Location:  | Salary: Not disclosed | ,BuiltIn
Sales Development Representative - Snapsight,Gevme,,2026-09-12,https://builtin.com/job/sales-development-representative-snapsight/9837272,https://www.gevme.com,,Company: Gevme | Location:  | Salary: Not disclosed | ,BuiltIn
Sales Development Representative,ZainTECH,,2026-09-12,https://builtin.com/job/sales-development-representative/9828626,https://www.zaintech.com,,Company: ZainTECH | Location:  | Salary: Not disclosed | ,BuiltIn
Senior Sales Development Representative,OpenObserve,,2026-09-12,https://builtin.com/job/senior-sales-development-representative/9183477,https://www.openobserve.ai,,Company: OpenObserve | Location:  | Salary: Not disclosed | ,BuiltIn
Senior Sales Development Representative (#2),OpenObserve,,2026-09-12,https://builtin.com/job/senior-sales-development-representative-2/9183251,https://www.openobserve.ai,,Company: OpenObserve | Location:  | Salary: Not disclosed | ,BuiltIn
Enterprise Sales Development Representative - US,Sprinto,,2026-09-12,https://builtin.com/job/enterprise-sales-development-representative-us/10201866,N/A,,Company: Sprinto | Location:  | Salary: Not disclosed | ,BuiltIn
Sales Development Representative,Stutzen Corporates Private Limited,,2026-09-12,https://builtin.com/job/sales-development-representative/10164260,N/A,,Company: Stutzen Corporates Private Limited | Location:  | Salary: Not disclosed | ,BuiltIn
Sales Development Representative ll Noida,EbizON,,2026-09-12,https://builtin.com/job/sales-development-representative-ll-noida/9180859,https://www.ebizontek.com,,Company: EbizON | Location:  | Salary: Not disclosed | ,BuiltIn
Sales Development Representative ll Noida,EbizON,,2026-09-12,https://builtin.com/job/sales-development-representative-ll-noida/9180823,https://www.ebizontek.com,,Company: EbizON | Location:  | Salary: Not disclosed | ,BuiltIn
Sales Development Representative ll Noida,EbizON,,2026-09-12,https://builtin.com/job/sales-development-representative-ll-noida/9180827,https://www.ebizontek.com,,Company: EbizON | Location:  | Salary: Not disclosed | ,BuiltIn
Sales Development Representative,iHeartMedia,,2026-09-12,https://builtin.com/job/sales-development-representative/10567936,https://www.iheartmedia.com,,Company: iHeartMedia | Location:  | Salary: Not disclosed | ,BuiltIn
Sales Development Representative - North America,HackerEarth,,2026-09-12,https://builtin.com/job/sales-development-representative-north-america/6309563,https://www.hackerearth.com,,Company: HackerEarth | Location:  | Salary: Not disclosed | ,BuiltIn
EbizON : Sales Development Representative || Noida,EbizON,,2026-09-12,https://builtin.com/job/ebizon-sales-development-representative-noida/10538043,https://www.ebizontek.com,,Company: EbizON | Location:  | Salary: Not disclosed | ,BuiltIn
Lead -Sales Development Representative - Bangalore,Apna,,2026-09-12,https://builtin.com/job/lead-sales-development-representative-bangalore/10518301,https://www.apna.ai,,Company: Apna | Location:  | Salary: Not disclosed | ,BuiltIn
"Business Development Executive / Sales Development Representative (UX,UI Design/Development/IT/Digital)",ProCreator Solutions Private Limited,,2026-09-12,https://builtin.com/job/business-development-executive-sales-development-representative-ux-ui-design-development-it-digital/9430551,https://www.procreator.ai,,Company: ProCreator Solutions Private Limited | Location:  | Salary: Not disclosed | ,BuiltIn
Sales Development Representative (ID 1362),Marketscope,,2026-09-12,https://builtin.com/job/sales-development-representative-id-1362/10111881,https://www.marketscope.com,,Company: Marketscope | Location:  | Salary: Not disclosed | ,BuiltIn
Sales Development Representative,Huzzle Ltd,,2026-09-12,https://builtin.com/job/sales-development-representative/10122428,N/A,,Company: Huzzle Ltd | Location:  | Salary: Not disclosed | ,BuiltIn
Sales Development Representative,Huzzle Ltd,,2026-09-12,https://builtin.com/job/sales-development-representative/10122502,N/A,,Company: Huzzle Ltd | Location:  | Salary: Not disclosed | ,BuiltIn
Sales Development Representative ll Noida,EbizON,,2026-09-12,https://builtin.com/job/sales-development-representative-ll-noida/9411755,https://www.ebizontek.com,,Company: EbizON | Location:  | Salary: Not disclosed | ,BuiltIn
Sales Development Representative (IT Sales ),EbizON,,2026-09-12,https://builtin.com/job/sales-development-representative-it-sales/10499500,https://www.ebizontek.com,,Company: EbizON | Location:  | Salary: Not disclosed | ,BuiltIn
Sales Development Representative,DevRev,,2026-09-12,https://builtin.com/job/sales-development-representative/10061171,https://www.devrev.com,,Company: DevRev | Location:  | Salary: Not disclosed | ,BuiltIn
Sales Development Representative,Boston Dynamics,,2026-09-12,https://builtin.com/job/sales-development-representative/9671295,https://www.bostondynamics.com,,Company: Boston Dynamics | Location:  | Salary: Not disclosed | ,BuiltIn
Sales Development Representative,Alaan,,2026-09-12,https://builtin.com/job/sales-development-representative/8136864,https://www.alaan.com,,Company: Alaan | Location:  | Salary: Not disclosed | ,BuiltIn
Inside Sales Representative,MetaRPO,Bangalore,2026-09-10,https://www.dice.com/job-detail/1f2abe8f-7c76-4027-af16-70ff3ab6869f,https://www.metarpo.com,,Company: MetaRPO | Type: Contract | Salary: $$60 - $70 | Location: Bangalore,Dice
Need Business Development Representative (BDR) :: Remote,"Synergy Technologies, LLC",Bangalore,2026-09-14,https://www.dice.com/job-detail/05e3256b-efd2-47f0-8fa9-0aa646821d41,https://www.synergy.com,,"Company: Synergy Technologies, LLC | Type: Contract | Salary: Depends on Experience | Location: Bangalore",Dice
Sales Business Development Manager,B12 Consulting,Bangalore,2026-09-14,https://www.dice.com/job-detail/15443b33-0013-4369-853d-447a9c198801,https://www.b12consulting.com,,Company: B12 Consulting | Type: Full-time | Salary: Depends on Experience | Location: Bangalore,Dice
Sales Staffing / Business Development Manager,Clevanoo LLC,Bangalore,2026-09-11,https://www.dice.com/job-detail/f813c853-a737-456f-a257-2dc706db7f13,https://www.clevanoo.com,,Company: Clevanoo LLC | Type: Full-time | Salary: Depends on Experience | Location: Bangalore,Dice
Sales / Business Development Manager,"Pyramid Technology Solutions, Inc.",Bangalore,2026-08-07,https://www.dice.com/job-detail/a1eeda03-5901-4cce-9410-c2b99d8500bb,https://www.pyramidtechnology.org,,"Company: Pyramid Technology Solutions, Inc. | Type: Contract | Salary: Depends on Experience | Location: Bangalore",Dice
Inside Sales Representative  NASA SEWP,Kriaanet Inc,"Leesburg, Virginia, USA",2026-08-13,https://www.dice.com/job-detail/bb697aa7-b2cb-453e-b006-fc0c2438dc5b,https://www.kriaanet.com,,"Company: Kriaanet Inc | Type: Full-time | Salary: Depends on Experience | Location: Leesburg, Virginia, USA",Dice
Business Development Representative,"Mitchell Martin, Inc.",Bangalore,2026-08-24,https://www.dice.com/job-detail/bfa92262-b19f-49ab-b4a9-6436b962daa3,https://www.mitchellmartin.com,,"Company: Mitchell Martin, Inc. | Type: Full-time, Third Party | Salary: $$122500 - $175000 | Location: Bangalore",Dice
Business Development Manager  B2B Cloud Sales & AWS Solutions,OnwardPath Technology Solutions LLC,Bangalore,2026-08-31,https://www.dice.com/job-detail/af590305-daf6-439c-813f-102da75fe434,N/A,,Company: OnwardPath Technology Solutions LLC | Type: Full-time | Salary: Depends on Experience | Location: Bangalore,Dice
"""Sales Manager"" / ""Business Development Manager"" / Client Partner Custom Software / Enterprise Account Executive",Relevance Lab Inc.,Bangalore,2026-08-11,https://www.dice.com/job-detail/135377de-b104-4c7e-b9b1-c51e3acd8112,https://www.relevancelab.com,,Company: Relevance Lab Inc. | Type: Contract | Salary: Depends on Experience | Location: Bangalore,Dice
IT Sales / Business Development Executive,BEEU INFOTECH INC.,Bangalore,2026-08-25,https://www.dice.com/job-detail/ad8db2dd-00af-4b2e-b402-77f748119f15,N/A,,Company: BEEU INFOTECH INC. | Type: Full-time | Salary: Depends on Experience | Location: Bangalore,Dice
Sales Lead,To The New,Bangalore,2026-08-14,https://www.dice.com/job-detail/bb505b5b-0f21-4d09-9307-4ac50354cf84,https://www.tothenew.com,,Company: To The New | Type: Full-time | Salary: Depends on Experience | Location: Bangalore,Dice
Sales Head,To The New,Bangalore,2026-08-14,https://www.dice.com/job-detail/6c893fe2-0b0b-41bb-a509-f8514469dd10,https://www.tothenew.com,,Company: To The New | Type: Full-time | Salary: Depends on Experience | Location: Bangalore,Dice
Regional Sales Rep (NE),Saicon Consultants Inc.,Bangalore,2026-08-28,https://www.dice.com/job-detail/2f2f7ec7-9092-4c32-a273-24069d66e70f,N/A,,"Company: Saicon Consultants Inc. | Type: Full-time, Third Party | Salary: $$120000 | Location: Bangalore",Dice
Sales Director,Excel Tek Inc.,Bangalore,2026-08-18,https://www.dice.com/job-detail/803efda0-fdeb-4eff-bef9-b3fd172abd65,https://www.exceltek.in,,"Company: Excel Tek Inc. | Type: Full-time | Salary: $$100,000 - $120,000 | Location: Bangalore",Dice
"Director, Sales Engineering",Celestica International LP,Bangalore,2026-07-21,https://www.dice.com/job-detail/b2dc87da-0ba2-47a0-a3ef-a6ee1d898d14,N/A,,Company: Celestica International LP | Type: Full-time | Salary: Not disclosed | Location: Bangalore,Dice
Sales Engineer,"Motion Recruitment Partners, LLC",Bangalore,2026-07-24,https://www.dice.com/job-detail/7616dcfc-121b-4afa-add1-6245fb14c9cc,https://www.motionrecruitmentpartners.com,,"Company: Motion Recruitment Partners, LLC | Type: Contract | Salary: Not disclosed | Location: Bangalore",Dice
Sales Executive (Public Sector),QualiTest,Bangalore,2026-09-14,https://www.dice.com/job-detail/772b9aea-bda0-4371-97d0-456a794705d6,https://www.qualitest.com,,"Company: QualiTest | Type: Full-time | Salary: 160,000 - 170,000 | Location: Bangalore",Dice
"Regional Sales Executive, Managed IT Services (MSP)",The Intersect Group,Bangalore,2026-07-30,https://www.dice.com/job-detail/e57ba9fb-0538-4b91-a706-6fb0f3489ff7,https://www.theintersect.in,,Company: The Intersect Group | Type: Full-time | Salary: Depends on Experience | Location: Bangalore,Dice
Sales Managers,4 Consulting Inc,Bangalore,2026-09-14,https://www.dice.com/job-detail/8600fc78-40c4-442f-912a-a1024ca33eef,https://www.4consulting.ai,,"Company: 4 Consulting Inc | Type: Full-time, Third Party | Salary: Depends on Experience | Location: Bangalore",Dice
"Sales Account Executive, Edtech",JoVE,"Providence, Rhode Island, USA",2026-09-07,https://www.dice.com/job-detail/99e50a39-848c-48f1-b030-a627f84b2407,https://www.jove.com,,"Company: JoVE | Type: Full-time, Third Party | Salary: 80000 - 85000 | Location: Providence, Rhode Island, USA",Dice
"Sales Account Executive, Edtech",JoVE,"Boston, Massachusetts, USA",2026-09-07,https://www.dice.com/job-detail/92ec9d61-8210-41e8-bd4c-47b26e284c6b,https://www.jove.com,,"Company: JoVE | Type: Full-time, Third Party | Salary: 80000 - 85000 | Location: Boston, Massachusetts, USA",Dice
"Sales Account Executive, Edtech",JoVE,"Cambridge, Massachusetts, USA",2026-09-07,https://www.dice.com/job-detail/29f65f9a-c9e2-47ee-b6ff-64044a1892b9,https://www.jove.com,,"Company: JoVE | Type: Full-time, Third Party | Salary: 80000 - 85000 | Location: Cambridge, Massachusetts, USA",Dice
Senior Salesforce Developer,"Techouts, Inc",Bangalore,2026-08-24,https://www.dice.com/job-detail/ab886f8f-2573-4781-877b-6b31fef80105,https://www.techouts.com,,"Company: Techouts, Inc | Type: Contract | Salary: Depends on Experience | Location: Bangalore",Dice
Enterprise Healthcare Sales Director New Logo Acquisition,"Impelsys, Inc.",Bangalore,2026-09-08,https://www.dice.com/job-detail/1abf404f-60aa-4764-8f70-421f1cf7b051,https://www.impelsys.com,,"Company: Impelsys, Inc. | Type: Full-time | Salary: $$100,000 - $140,000 | Location: Bangalore",Dice
College Athletics Sales Executive,Arthur Lawrence,Bangalore,2026-09-11,https://www.dice.com/job-detail/c7f70fe2-8e71-431a-9e85-d5587bfa5a88,https://www.arthurlawrence.com,,"Company: Arthur Lawrence | Type: Contract, Third Party | Salary: Depends on Experience | Location: Bangalore",Dice
Sales Operations Manager - HubSpot CRM,Sradha Technologies LLC,Bangalore,2026-09-09,https://www.dice.com/job-detail/6684cd41-68b7-4d45-88f4-ac155e0de074,N/A,,Company: Sradha Technologies LLC | Type: Full-time | Salary: Depends on Experience | Location: Bangalore,Dice
Principal Consultant - Salesforce Business Development Manager (Contract),Nagarro,"Chicago, Illinois, USA",2026-07-30,https://www.dice.com/job-detail/0d22d864-6e04-44c8-8a25-7e80afef4ed1,https://www.nagarro.com,,"Company: Nagarro | Type: Full-time | Salary: Not disclosed | Location: Chicago, Illinois, USA",Dice
Principal Consultant - Salesforce Business Development Manager (Contract),Nagarro,"San Jose, California, USA",2026-07-30,https://www.dice.com/job-detail/14f68803-16a4-46c7-a4fd-46b7faf6e8f0,https://www.nagarro.com,,"Company: Nagarro | Type: Full-time | Salary: Not disclosed | Location: San Jose, California, USA",Dice
National Sales Manager,Tosi,Bangalore,2026-08-19,https://www.dice.com/job-detail/b62eece4-3c5f-41b7-83fb-e35862261385,https://www.tosi.com,,Company: Tosi | Type: Full-time | Salary: 85000 - 95000 | Location: Bangalore,Dice
Sr Business Sales Manager PE Sector - SaaS / Data Solutions,NextPath,Bangalore,2026-09-11,https://www.dice.com/job-detail/97544fe6-ecc8-46e5-b763-22cea4116e54,https://www.nextpath.com,,"Company: NextPath | Type: Full-time | Salary: $$160,000 - $180,000 | Location: Bangalore",Dice
Entry Level IT Sales Associates,Maantic,Bangalore,2026-09-09,https://www.dice.com/job-detail/faa85bd0-cb94-4fdf-85e9-dab20b107112,https://www.maantic.com,,Company: Maantic | Type: Full-time | Salary: Depends on Experience | Location: Bangalore,Dice
Senior Presales Engineer,Motorola Solutions,"Allen, Texas, USA",2026-07-18,https://www.dice.com/job-detail/45184730-4d17-4774-8213-dcecd4dd50ee,https://www.motorola.com,,"Company: Motorola Solutions | Type: Full-time | Salary: USD 100,000.00 - 125,000.00 per year | Location: Allen, Texas, USA",Dice
"Regional Sales Manager (RSM) - Northeast Region (based in NYC, Boston or New Haven)","Complete Network Services, LLC.",Bangalore,2026-07-22,https://www.dice.com/job-detail/a851c4d5-c21c-42b8-a7a8-a6e0e371a0fb,https://www.completenetwork.com,,"Company: Complete Network Services, LLC. | Type: Full-time | Salary: Depends on Experience | Location: Bangalore",Dice
CCIE (Cisco Certified Internetwork Expert) Pre Sales Consultant,Tech Tandem Inc,Bangalore,2026-09-14,https://www.dice.com/job-detail/dab91994-4e58-4e61-ba53-ceb5b59d8523,https://www.tandem.ai,,"Company: Tech Tandem Inc | Type: Full-time | Salary: $$140,000 - $160,000 | Location: Bangalore",Dice
Spiff (Sales Commissions) & Salesforce IT Consultant,"Adva IT Services, Inc..",Bangalore,2026-09-10,https://www.dice.com/job-detail/062989b6-d6a1-4c8c-a0a6-b9688516ae86,https://www.advait.com,,"Company: Adva IT Services, Inc.. | Type: Contract | Salary: Depends on Experience | Location: Bangalore",Dice
Enterprise Sales Executive,Tech Abstractor LLC,Bangalore,2026-09-09,https://www.dice.com/job-detail/1aa185f1-4fff-4adc-9bde-69c5a8cd29f2,https://www.abstractor.io,,Company: Tech Abstractor LLC | Type: Full-time | Salary: Depends on Experience | Location: Bangalore,Dice
Vice President-Payer Sales,Meraki7 Inc,Bangalore,2026-08-31,https://www.dice.com/job-detail/615586a7-d00c-4a70-97ab-148c561b1752,N/A,,"Company: Meraki7 Inc | Type: Full-time, Third Party | Salary: Depends on Experience | Location: Bangalore",Dice
Field Engineer - BDM | Sales,"StaffRight Associates, LLC","Greensboro, North Carolina, USA",2026-09-06,https://www.dice.com/job-detail/20f03e79-760e-43ad-9571-28bc01b4c9d8,https://www.staffrightassociates.com,,"Company: StaffRight Associates, LLC | Type: Full-time | Salary: 100000 - 200000 | Location: Greensboro, North Carolina, USA",Dice
Field Engineer - BDM | Sales,"StaffRight Associates, LLC","Dallas, Texas, USA",2026-09-06,https://www.dice.com/job-detail/825c7815-5715-4a24-9be7-0fc30fd61457,https://www.staffrightassociates.com,,"Company: StaffRight Associates, LLC | Type: Full-time | Salary: 100000 - 200000 | Location: Dallas, Texas, USA",Dice
Field Engineer - BDM | Sales,"StaffRight Associates, LLC","San Jose, California, USA",2026-09-06,https://www.dice.com/job-detail/713ada2f-d5dc-42a0-b003-c4bdb5148f15,https://www.staffrightassociates.com,,"Company: StaffRight Associates, LLC | Type: Full-time | Salary: 100000 - 200000 | Location: San Jose, California, USA",Dice
Senior Solutions Engineer â (Sales/Application Securityâ Security SaaS),EmployVision,Bangalore,2026-08-31,https://www.dice.com/job-detail/23bd7da6-a24e-4f6b-b1fc-1e9b33d3dda1,https://www.employvision.com,,"Company: EmployVision | Type: Full-time | Salary: 140,000 - 160,000 | Location: Bangalore",Dice
Application Sales Engineer I,Messer Americas,"Dallas, Texas, USA",2026-09-05,https://www.dice.com/job-detail/ee680cc3-eb91-4389-9669-911bce8b63d6,N/A,,"Company: Messer Americas | Type: Full-time | Salary: Not disclosed | Location: Dallas, Texas, USA",Dice
Client Account Sales Lead with Public Utility industry exp - Remote + 50% Travel,"Diversified Technology, Inc.",Bangalore,2026-09-08,https://www.dice.com/job-detail/93f85f6b-86b6-414e-923c-c09f45b83659,https://www.diversifiedtechnology.com,,"Company: Diversified Technology, Inc. | Type: Full-time | Salary: Depends on Experience | Location: Bangalore",Dice
"GTM Engineer - Sales Workflow Automation, Revenue Intelligence",Toast,Bangalore,2026-07-27,https://www.dice.com/job-detail/e82c7d9e-4a0e-46e1-9cec-4bf217e1955f,https://www.toast.com,,"Company: Toast | Type: Full-time | Salary: USD 120,000.00 - 192,000.00 per year | Location: Bangalore",Dice
Vice President â Healthcare Payer Sales  New Logo/( Hunter),Smart Caliber Technology,Bangalore,2026-08-17,https://www.dice.com/job-detail/ef4898a9-32ef-428c-aee6-975d27a521e9,N/A,,"Company: Smart Caliber Technology | Type: Full-time, Third Party | Salary: 167000 - 250000 | Location: Bangalore",Dice
AI & Data Pre-Sales Leader ? Manufacturing Sales & Revenue,W3Global,"Dallas, Texas, USA",2026-07-13,https://www.dice.com/job-detail/91db5f1a-e3b7-48f3-aeab-7a1601b56a27,https://www.w3global.com,,"Company: W3Global | Type: Full-time | Salary: USD170000.0/ANNUAL - USD220000.0/ANNUAL | Location: Dallas, Texas, USA",Dice
Enterprise Sales Director - Strategic Accounts,ChaTeck Incorporated,Bangalore,2026-09-12,https://www.dice.com/job-detail/ba920803-f4b0-40fa-b893-2202b6e910d4,N/A,,"Company: ChaTeck Incorporated | Type: Full-time, Third Party | Salary: Depends on Experience | Location: Bangalore",Dice
Business Development Manager (Aerospace),"StaffRight Associates, LLC","Phoenix, Arizona, USA",2026-09-07,https://www.dice.com/job-detail/0ab6b3c6-9548-4245-ab76-1928d3a2cf66,https://www.staffrightassociates.com,,"Company: StaffRight Associates, LLC | Type: Full-time | Salary: 170000 - 190000 | Location: Phoenix, Arizona, USA",Dice
Vice President Healthcare Provider Sales Account management- Full Time,Smart Caliber Technology,Bangalore,2026-08-17,https://www.dice.com/job-detail/a0969f64-d90d-4204-8037-b9d24319deb0,N/A,,"Company: Smart Caliber Technology | Type: Full-time, Third Party | Salary: Depends on Experience | Location: Bangalore",Dice
Technical Sales Support (Public Address),Bosch,"Burnsville, Minnesota, USA",2026-08-20,https://www.dice.com/job-detail/031bce67-e32d-4208-a9d9-0504e1c8ebcf,https://www.bosch.com,,"Company: Bosch | Type: Full-time | Salary: USD 85,000.00 - 100,000.00 per year | Location: Burnsville, Minnesota, USA",Dice
Director of Technical Sales,Celestica International LP,Bangalore,2026-07-11,https://www.dice.com/job-detail/432bb940-9f18-4ed8-b39a-3f12a9d8df32,N/A,,"Company: Celestica International LP | Type: Full-time | Salary: USD 147,000.00 - 175,000.00 per year | Location: Bangalore",Dice
Sr. Manager of Presales Engineering,Motorola Solutions,"Chicago, Illinois, USA",2026-08-19,https://www.dice.com/job-detail/a9a9f889-ac30-432c-8891-f829447a9708,https://www.motorola.com,,"Company: Motorola Solutions | Type: Full-time | Salary: USD 120,000.00 - 140,000.00 per year | Location: Chicago, Illinois, USA",Dice
SAP SD Business Process Manager (Sales & Distribution),VeridianTech,"North Carolina, USA",2026-09-09,https://www.dice.com/job-detail/833a9659-93bd-4348-9aad-cb671e75c4bc,https://www.veridiantech.in,,"Company: VeridianTech | Type: Contract, Third Party | Salary: Not disclosed | Location: North Carolina, USA",Dice
Salesforce - Business Development Manager - Healthcare,Huron,"Chicago, Illinois, USA",2026-08-14,https://www.dice.com/job-detail/f890db8f-0558-4ec0-a71d-fc26298a5adb,https://www.huron.com,,"Company: Huron | Type: Full-time | Salary: USD 110,000.00 - 165,000.00 per year | Location: Chicago, Illinois, USA",Dice
Senior AI Pre-Sales Solutions Architect,Novulis Corporation,"San Francisco, California, USA",2026-08-31,https://www.dice.com/job-detail/d9b4f5f8-e693-4a60-9288-b40178962e77,https://www.novulis.com,,"Company: Novulis Corporation | Type: Full-time | Salary: 75 - 90 | Location: San Francisco, California, USA",Dice
Market Development Engineer,"Arrow Electronics, Inc.","Peabody, Massachusetts, USA",2026-08-28,https://www.dice.com/job-detail/2ea08fbf-1218-4d09-bc5f-d124a2f4f91a,N/A,,"Company: Arrow Electronics, Inc. | Type: Full-time | Salary: USD 84,300.00 - 152,020.00 per year | Location: Peabody, Massachusetts, USA",Dice
Network Systems Engineer (Pre-Sales) - NYC,"Arastra, Inc.","New York, New York, USA",2026-08-16,https://www.dice.com/job-detail/d2eab83c-b8b0-4ce8-9fa7-1ff3c082c866,N/A,,"Company: Arastra, Inc. | Type: Full-time | Salary: USD 112,000.00 - 160,000.00 per year | Location: New York, New York, USA",Dice
Salesforce Business Analyst / Sales Cloud,Kforce Technology Staffing,"Armonk, New York, USA",2026-08-31,https://www.dice.com/job-detail/1cc78c2a-c323-44ae-bc65-dec74b5269aa,N/A,,"Company: Kforce Technology Staffing | Type: Contract | Salary: $$60 - $70 hourly | Location: Armonk, New York, USA",Dice
Sales Compensation Manager - 100% Remote, Pellera,US,2026-08-19,https://www.dice.com/job-detail/fbcfd121-a6ba-435b-b50b-118cdfe4ad65,https://www.pellera.com,,Company:  Pellera | Type: Full-time | Salary: Not disclosed | Location: US,Dice
Senior Solutions Architect â Microsoft Dynamics 365 Customer Engagement (CE) Sales,IT Gig LLC,Bangalore,2026-09-14,https://www.dice.com/job-detail/ab631b56-a9ad-465f-9b87-8196435cf381,https://www.itgig.com,,Company: IT Gig LLC | Type: Contract | Salary: Depends on Experience | Location: Bangalore,Dice
Presales Engineer - Northeast,Motorola Solutions,"Maryland, USA",2026-07-23,https://www.dice.com/job-detail/c7e6c5e0-9ef8-471a-a900-b63f6221b5d0,https://www.motorola.com,,"Company: Motorola Solutions | Type: Full-time | Salary: USD 85,000.00 - 110,000.00 per year | Location: Maryland, USA",Dice
Presales Engineer - West,Motorola Solutions,"Colorado, USA",2026-07-23,https://www.dice.com/job-detail/6de266dc-04ae-4e7d-a271-e43d799d611e,https://www.motorola.com,,"Company: Motorola Solutions | Type: Full-time | Salary: USD 85,000.00 - 110,000.00 per year | Location: Colorado, USA",Dice
Presales Engineer - South/Mid-Atlantic,Motorola Solutions,"Florida, USA",2026-07-23,https://www.dice.com/job-detail/a0b0d7ca-598c-4a9f-aceb-6f0308987526,https://www.motorola.com,,"Company: Motorola Solutions | Type: Full-time | Salary: USD 85,000.00 - 110,000.00 per year | Location: Florida, USA",Dice
Presales Engineer - Central/Midwest,Motorola Solutions,"Chicago, Illinois, USA",2026-07-23,https://www.dice.com/job-detail/78a97cd2-4c63-4627-948e-140718759dfc,https://www.motorola.com,,"Company: Motorola Solutions | Type: Full-time | Salary: USD 85,000.00 - 110,000.00 per year | Location: Chicago, Illinois, USA",Dice
"Principal Presales Engineer, ISV HLS",Twilio,Bangalore,2026-09-08,https://www.dice.com/job-detail/5d7d6b83-62e1-4c60-9550-e90d008006a9,https://www.twilio.com,,"Company: Twilio | Type: Full-time | Salary: USD 138,872.00 - 173,590.00 per year | Location: Bangalore",Dice
Business Development Executive IT Staffing,Vega Consulting Solutions,Bangalore,2026-08-17,https://www.dice.com/job-detail/a9ac87ba-2fa2-45a9-8153-d473e2005e12,https://www.vegaconsulting.com,,Company: Vega Consulting Solutions | Type: Contract | Salary: Depends on Experience | Location: Bangalore,Dice
Software Development Manager,AmeriSave Mortgage Corporation,Bangalore,2026-09-03,https://www.dice.com/job-detail/2f175d70-6245-4ec4-8eef-59cbf614b458,N/A,,"Company: AmeriSave Mortgage Corporation | Type: Full-time | Salary: USD 150,000.00 - 210,000.00 per year | Location: Bangalore",Dice
Security Architect - Exposure Management (Presales) - Northeast region,GuidePoint Security,Bangalore,2026-08-05,https://www.dice.com/job-detail/072a9b07-aa43-44a0-a67f-d2c4435a2c48,https://www.guidepointsecurity.com,,Company: GuidePoint Security | Type: Full-time | Salary: Not disclosed | Location: Bangalore,Dice
Spiff & Salesforce IT Consultant,Spadtek Solutions LLC,Bangalore,2026-09-09,https://www.dice.com/job-detail/4c582636-08a8-497d-8e11-b1771343909c,https://www.spadtek.com,,"Company: Spadtek Solutions LLC | Type: Third Party, Contract | Salary: Depends on Experience | Location: Bangalore",Dice
"Solution Engineer, Presales - Public Sector (US Remote)","JFrog, Inc",Bangalore,2026-09-11,https://www.dice.com/job-detail/d689c32e-6ddb-4d48-814a-2212657514f8,https://www.jfrog.com,,"Company: JFrog, Inc | Type: Full-time | Salary: USD 160,000.00 - 172,500.00 per year | Location: Bangalore",Dice
Business Development Manager - Aerospace,BlackFern Recruitment,Bangalore,2026-07-24,https://www.dice.com/job-detail/fd878b42-cbbe-4df3-a6e7-41fc4e03c990,N/A,,"Company: BlackFern Recruitment | Type: Full-time | Salary: $$170,000 - $190,000 | Location: Bangalore",Dice
Senior Business Development Manager eCommerce,Connect Tech+Talent,Bangalore,2026-09-01,https://www.dice.com/job-detail/47b6af6b-0192-4248-a261-9dae9c8bd587,https://www.connecttechtalent.com,,Company: Connect Tech+Talent | Type: Full-time | Salary: Depends on Experience | Location: Bangalore,Dice
AI Business Architect- Sales Operations,Guidewire Software Inc.,Bangalore,2026-08-30,https://www.dice.com/job-detail/ff386b56-852f-4f59-ad8a-66a19237329a,N/A,,"Company: Guidewire Software Inc. | Type: Full-time | Salary: USD 156,000.00 - 234,000.00 per year | Location: Bangalore",Dice
"Security Solutions Engineer (Pre-Sales) - REMOTE - San Jose, CA area",EVOTEK,Bangalore,2026-08-19,https://www.dice.com/job-detail/5e9a7d42-5855-4582-9cdb-f4cc62b42192,https://www.evotek.com,,"Company: EVOTEK | Type: Full-time | Salary: 150,000 - 200,000 | Location: Bangalore",Dice
Salesforce Product Manager,CitiusTech,Bangalore,2026-09-04,https://www.dice.com/job-detail/8709c8ed-cfae-4756-9894-beda7df009c9,https://www.citiustech.com,,Company: CitiusTech | Type: Contract | Salary: Depends on Experience | Location: Bangalore,Dice
"Senior Director, Development (Electrical Engineering)","QTS Realty Trust, Inc.","Virginia, USA",2026-08-06,https://www.dice.com/job-detail/58e4850c-6c01-4859-b45e-91fc351211df,https://www.qtsrealtytrust.com,,"Company: QTS Realty Trust, Inc. | Type: Full-time | Salary: USD 189,070.05 - 289,138.52 per year | Location: Virginia, USA",Dice
Senior Salesforce Administrator,CitiusTech,Bangalore,2026-09-01,https://www.dice.com/job-detail/6c4eeaa2-5c1c-49d3-bcbc-3c8a4d6e02e8,https://www.citiustech.com,,"Company: CitiusTech | Type: Contract, Third Party | Salary: Depends on Experience | Location: Bangalore",Dice
"Salesforce Solution Architect, Sales Cloud","NeuraFlash, Part of Accenture",Bangalore,2026-08-27,https://www.dice.com/job-detail/de37af8f-ebdf-4775-a66e-1efd8cb0536c,https://www.accenture.com,,"Company: NeuraFlash, Part of Accenture | Type: Full-time | Salary: USD 94,400.00 per year | Location: Bangalore",Dice
Salesforce Developer,"Milestone Technologies, Inc.",Bangalore,2026-09-04,https://www.dice.com/job-detail/596e9da9-3c65-4d80-9c8b-f1adba53c6be,https://www.milestone.in,,"Company: Milestone Technologies, Inc. | Type: Full-time | Salary: Not disclosed | Location: Bangalore",Dice
Salesforce Business Systems Analyst - %100 remote,AspireIT Solutions,Bangalore,2026-08-30,https://www.dice.com/job-detail/b3c75a01-4810-4bd6-ad75-64d1185facd5,https://www.aspireit.com,,"Company: AspireIT Solutions | Type: Contract, Third Party | Salary: $$50 - $55 | Location: Bangalore",Dice
Salesforce Solution Architect,AspireIT Solutions,Bangalore,2026-09-08,https://www.dice.com/job-detail/cf588c16-3839-4bfa-b64e-5a1aa037edce,https://www.aspireit.com,,"Company: AspireIT Solutions | Type: Contract, Third Party | Salary: Depends on Experience | Location: Bangalore",Dice
Presales Solutions Engineer - Cloud Security,SHI International Corporation,"Texas, USA",2026-07-16,https://www.dice.com/job-detail/ba9f0b28-c9e1-4b38-b836-031ea6ebfc4f,https://www.shiinternational.com,,"Company: SHI International Corporation | Type: Full-time | Salary: USD 120,000.00 - 230,000.00 per year | Location: Texas, USA",Dice
Business Development Contractor,DynPro Inc.,Bangalore,2026-08-27,https://www.dice.com/job-detail/1d710ed5-63e9-45c4-bf51-c8f3b0f133c8,https://www.dynpro.com,,Company: DynPro Inc. | Type: Contract | Salary: Depends on Experience | Location: Bangalore,Dice
Business Development Executive (Inside Sales),Oda Class - Pigeon Education India Pvt ltd,"Bengaluru, Karnataka",2026-09-12,https://www.simplyhired.co.in/job/n3BI9Wl-NB0Nh8cfjeaob8lD8_8mEMZNOlDynYiMgLKmV9VZNkPAfg,N/A,,"Company: Oda Class - Pigeon Education India Pvt ltd | Location: Bengaluru, Karnataka | Salary: Not disclosed | Oda Class - Pigeon Education India Pvt ltd —Bengaluru, Karnataka2.3",SimplyHired
Business Development Executive,INVISION PHARMA LIMITED,"Bengaluru, Karnataka",2026-09-12,https://www.simplyhired.co.in/job/CImX3HiQZCP_76i0h8lC-l9s7s4F9h2vYsm8nAVUvMSx9_A3nElJpw,https://www.invisionpharma.com,,"Company: INVISION PHARMA LIMITED | Location: Bengaluru, Karnataka | Salary: Not disclosed | INVISION PHARMA LIMITED —Bengaluru, Karnataka",SimplyHired
Field Sales Representative,AVNFLEX Packing Private Limited,"Bengaluru, Karnataka",2026-09-12,https://www.simplyhired.co.in/job/BUgG_8OjSgIHxwS-1dV1oV0lMJd5w1kcZPfOA95iL07YPZ5Zx7wZfw,N/A,,"Company: AVNFLEX Packing Private Limited | Location: Bengaluru, Karnataka | Salary: Not disclosed | AVNFLEX Packing Private Limited —Bengaluru, Karnataka",SimplyHired
Sales Representative,The Mom Store,"Bangalore City, Bengaluru, Karnataka",2026-09-12,https://www.simplyhired.co.in/job/mp0aq_FoHCPt74QCZe1fTSocT2SwLVM9WpZCawkQ_OL0-7KLhCBgag,https://www.themomstore.in,,"Company: The Mom Store | Location: Bangalore City, Bengaluru, Karnataka | Salary: Not disclosed | The Mom Store —Bangalore City, Bengaluru, Karnataka",SimplyHired
Sales Development Representative,Velocity,"Bengaluru, Karnataka",2026-09-12,https://www.simplyhired.co.in/job/hl32-jcPgzUaLYb9vGJHXEqYxAIde5WKCeQq0nPWQJAryCMdMUU_WA,https://www.velocity.com,,"Company: Velocity | Location: Bengaluru, Karnataka | Salary: Not disclosed | Velocity —Bengaluru, Karnataka3",SimplyHired
Sales Development Representative,PinnacleU,"Bengaluru, Karnataka",2026-09-12,https://www.simplyhired.co.in/job/67UJ016WJcPxUReKkwkOi7wUtzr0T3RpkGPsm4EMRWac_lOOmkvMWA,https://www.pinnacleu.in,,"Company: PinnacleU | Location: Bengaluru, Karnataka | Salary: Not disclosed | PinnacleU —Bengaluru, Karnataka",SimplyHired
Sales Development Representative,School of SDR,"Bangalore City, Bengaluru, Karnataka",2026-09-12,https://www.simplyhired.co.in/job/s12iu2g1eVhbpD_0mw7RRl6JHGP0SFdLSJILE0U6TV9MXEslWBD31Q,https://www.schoolofsdr.com,,"Company: School of SDR | Location: Bangalore City, Bengaluru, Karnataka | Salary: Not disclosed | School of SDR —Bangalore City, Bengaluru, Karnataka",SimplyHired
Sales Development Representative,Skillgenic,"Vimanapura, Bengaluru, Karnataka",2026-09-12,https://www.simplyhired.co.in/job/xFlGjdxjN2PrjJpvSpZKjPWWcZxWfuFp3JHDfwryZFcLE8KZ3g7cug,https://www.skillgenic.in,,"Company: Skillgenic | Location: Vimanapura, Bengaluru, Karnataka | Salary: Not disclosed | Skillgenic —Vimanapura, Bengaluru, Karnataka",SimplyHired
Business Development Executive - Fresher,Apna,"Bengaluru, Karnataka",2026-09-12,https://www.simplyhired.co.in/job/CzCvqjC4-Ucqhh5FtqVUUa-cSXoAjn_Wwu3YzORBnJAYkYbgfKkqyg,https://www.apna.ai,,"Company: Apna | Location: Bengaluru, Karnataka | Salary: Not disclosed | Apna —Bengaluru, Karnataka3.1",SimplyHired
Sales Development Representative,Agara,"Bengaluru, Karnataka",2026-09-12,https://www.simplyhired.co.in/job/_3JJ8k74s1Ss-fJLsOWK10Y9_Js4FgYWXCie4EHIvkoSFTjCbDcDow,https://www.agara.com,,"Company: Agara | Location: Bengaluru, Karnataka | Salary: Not disclosed | Agara —Bengaluru, Karnataka",SimplyHired
Inside Sales Executive,5C Network,"BTM Layout, Bengaluru, Karnataka",2026-09-12,https://www.simplyhired.co.in/job/oX8vAlZFHbqbXr-xqcQ-E9EPq0s1y1F2BI01JX3F0XnyEXwiZAMFBg,https://www.5cnetwork.com,,"Company: 5C Network | Location: BTM Layout, Bengaluru, Karnataka | Salary: Not disclosed | 5C Network —BTM Layout, Bengaluru, Karnataka1.7",SimplyHired
Inside Sales Representative,Lenovo,"Bengaluru, Karnataka",2026-09-12,https://www.simplyhired.co.in/job/MhCv4R3Hjg5G3MaasvbmNu8gFZ-Dbi_2Z8KRc49WZqkAwSktrnt9aQ,https://www.lenovo.com,,"Company: Lenovo | Location: Bengaluru, Karnataka | Salary: Not disclosed | Lenovo —Bengaluru, Karnataka3.8",SimplyHired
Business Development Associate,Groen Research Solutions LLP,"Bengaluru, Karnataka",2026-09-12,https://www.simplyhired.co.in/job/h0lQk_KB-LRQikn5nMb8TNiKN9VB0oAZj5A92l_rifoiMuVqZROYhA,N/A,,"Company: Groen Research Solutions LLP | Location: Bengaluru, Karnataka | Salary: Not disclosed | Groen Research Solutions LLP —Bengaluru, Karnataka",SimplyHired
Sales Representative,Netzary Infodynamics,"Bengaluru, Karnataka",2026-09-12,https://www.simplyhired.co.in/job/Q42YajL5LQTQayAHQUvaVL6KFINIjfrw0aBuYewkdDKHWKYiwDOAFg,N/A,,"Company: Netzary Infodynamics | Location: Bengaluru, Karnataka | Salary: Not disclosed | Netzary Infodynamics —Bengaluru, Karnataka",SimplyHired
Business Development Representative,Frantiger Business Consulting Private Limited,"Electronic City, Bengaluru, Karnataka",2026-09-12,https://www.simplyhired.co.in/job/0K0MwECJPKzytEkuwOuuVy-u6pJkaIm4DSzlWFQ86y0ccgA-fWszHg,N/A,,"Company: Frantiger Business Consulting Private Limited | Location: Electronic City, Bengaluru, Karnataka | Salary: Not disclosed | Frantiger Business Consulting Private Limited —Electronic City, Bengaluru, Karnataka4.7",SimplyHired
Sales Development Representative (SDR),TechBiz Global GmbH,"Bengaluru, Karnataka",2026-09-12,https://www.simplyhired.co.in/job/gov3TBwBdlYU1nq8j-F5rx8WexyH0ONoQ5ZPrCRqV5nB2PDPjdVuYQ,N/A,,"Company: TechBiz Global GmbH | Location: Bengaluru, Karnataka | Salary: Not disclosed | TechBiz Global GmbH —Bengaluru, Karnataka",SimplyHired
Presales Engineer,BTPL,"Bengaluru, Karnataka",2026-09-12,https://www.simplyhired.co.in/job/vgk1XpLSV6BVuLRTdgBSaOorXO_zYKS9n6IeL49WJHlxX7lgmKB8-A,https://www.btpl.com,,"Company: BTPL | Location: Bengaluru, Karnataka | Salary: Not disclosed | BTPL —Bengaluru, Karnataka4",SimplyHired
Sales Development Representative (Remote),RippleHire,"Bengaluru, Karnataka",2026-09-12,https://www.simplyhired.co.in/job/XzKv4wUjnD1bdjq2rP8VMI56sd38omvCf--NAkpCUvPJVk96jzc3pA,https://www.ripplehire.com,,"Company: RippleHire | Location: Bengaluru, Karnataka | Salary: Not disclosed | RippleHire —Bengaluru, Karnataka3.7",SimplyHired
Business Development Representative,Maxpo Exhibitions Pvt Ltd,"Frazer Town, Bengaluru, Karnataka",2026-09-12,https://www.simplyhired.co.in/job/KYUelYkmutvLcX0aRFh_GqAvBEJVH5tk2FGVmnL5z_MBtV2zEsb2Yw,https://www.maxpoexhibitions.com,,"Company: Maxpo Exhibitions Pvt Ltd | Location: Frazer Town, Bengaluru, Karnataka | Salary: Not disclosed | Maxpo Exhibitions Pvt Ltd —Frazer Town, Bengaluru, Karnataka",SimplyHired
Sales Development Representative,PinnacleU,"Bengaluru, Karnataka",2026-09-12,https://www.simplyhired.co.in/job/P1BwABD-Riu98gfzLYL2NlzoxKecTySvn0onq0CyYFdLzQK5ioW-Bg,https://www.pinnacleu.in,,"Company: PinnacleU | Location: Bengaluru, Karnataka | Salary: Not disclosed | PinnacleU —Bengaluru, Karnataka",SimplyHired
Air Logistics Sales Representative,Kuehne+Nagel,"Bengaluru, Karnataka",2026-09-12,https://www.simplyhired.co.in/job/hOEV1h3l56wKWXiCIGZ3Pr5_6IukIb2lILDS-PRkMVjBGRzDwUOBEQ,https://www.kuehnenagel.ai,,"Company: Kuehne+Nagel | Location: Bengaluru, Karnataka | Salary: Not disclosed | Kuehne+Nagel —Bengaluru, Karnataka3.5",SimplyHired
Sales Development Representative - North America,Hacker Earth,"Bengaluru, Karnataka",2026-09-12,https://www.simplyhired.co.in/job/VBaZAfZ4WKTLq928i5zoEwG4qG1OkyT7Y2jCvSqUgemRWdFzvEZWTw,https://www.hackerearth.com,,"Company: Hacker Earth | Location: Bengaluru, Karnataka | Salary: Not disclosed | Hacker Earth —Bengaluru, Karnataka3",SimplyHired
Business Development Representative,Naukri Ninja,"Bengaluru, Karnataka",2026-09-12,https://www.simplyhired.co.in/job/S16PV94xosYeJNkTmQq51k4VKlZmzo6wOPnjkrh-xC3xQ8nMMFFRZA,https://www.naukrininja.com,,"Company: Naukri Ninja | Location: Bengaluru, Karnataka | Salary: Not disclosed | Naukri Ninja —Bengaluru, Karnataka",SimplyHired
Sales Development Representative,Branofy,"JP Nagar, Bengaluru, Karnataka",2026-09-12,https://www.simplyhired.co.in/job/AEH0_7H-HiuqPUOW0vAE9b78UHJfCq3tysLMNcc-c-GxOEkg9g0nWA,https://www.branofy.com,,"Company: Branofy | Location: JP Nagar, Bengaluru, Karnataka | Salary: Not disclosed | Branofy —JP Nagar, Bengaluru, Karnataka",SimplyHired
Sales Development Representative,School of SDR,"Bangalore City, Bengaluru, Karnataka",2026-09-12,https://www.simplyhired.co.in/job/RBnlrCiYk8YLYOpo1kQsFyfcKAXAXG-4kyP2jGHV1T8DPpmU-qgPgg,https://www.schoolofsdr.com,,"Company: School of SDR | Location: Bangalore City, Bengaluru, Karnataka | Salary: Not disclosed | School of SDR —Bangalore City, Bengaluru, Karnataka",SimplyHired
Sales Development Representative - India,WebEngage,"Bengaluru, Karnataka",2026-09-12,https://www.simplyhired.co.in/job/-YL60xEHff4HmgDfZOQP1vvoeHRtxwWWKVwbqXCfQMH61DK38EPUuw,https://www.webengage.com,,"Company: WebEngage | Location: Bengaluru, Karnataka | Salary: Not disclosed | WebEngage —Bengaluru, Karnataka4.7",SimplyHired
Enterprise Sales Development Representative - US,Leena AI,"Bengaluru, Karnataka",2026-09-12,https://www.simplyhired.co.in/job/mQIAF3YkQvA7oSU-wRZ9kThL_bQxmndtpPNiuUKFyLs0Tgw-7g3GiQ,https://www.leenaai.com,,"Company: Leena AI | Location: Bengaluru, Karnataka | Salary: Not disclosed | Leena AI —Bengaluru, Karnataka5",SimplyHired
Sales Development Representative,KAPTURE CX,"Bengaluru, Karnataka",2026-09-12,https://www.simplyhired.co.in/job/zr2h2SY-mJkDeDiaJfjZj4gokzJsDGUmwplijN6wfLqyCFSMUPIwKw,N/A,,"Company: KAPTURE CX | Location: Bengaluru, Karnataka | Salary: Not disclosed | KAPTURE CX —Bengaluru, Karnataka",SimplyHired
Sales Development Representative,Brivo,"Bengaluru, Karnataka",2026-09-12,https://www.simplyhired.co.in/job/2GrXw72I5iQ1Soyk28eXJTmTDIdMqtCPDONmJFKQEMx1qTQLghOoDg,https://www.brivo.com,,"Company: Brivo | Location: Bengaluru, Karnataka | Salary: Not disclosed | Brivo —Bengaluru, Karnataka3.5",SimplyHired
"Software Engineer II, YouTube",Google,Bengaluru,2026-09-11,https://www.timesjobs.com/job-detail/software-engineer-ii-youtube-google-bengaluru-1-4-years-jobid-D7s7F4N8bcdzpSvf+uAgZw==&source=srp,https://www.google.com,0.0,"Company: Google | Exp: 1-4 yrs | Salary: Not disclosed | Skills: Software Development, Programming Languages, Code Review, Problem Solving, Collaboration | Software Engineer II, YouTube Location: Bengaluru, Karnataka, India Share Share Copy Link Email A Friend Experience Level Early: Experience Completing Work As Directed, And Collaborating With Teammates; Developing Kno...",TimesJobs
"Software Development Engineer, Amazon OpenSearch Service - Plugins And Security",Amazon,Bengaluru,2026-09-11,https://www.timesjobs.com/job-detail/software-development-engineer-amazon-opensearch-service-plugins-and-security-amazon-bengaluru-3-6-years-jobid-imqsMSz0gGdzpSvf+uAgZw==&source=srp,https://www.amazon.com,0.0,"Company: Amazon | Exp: 3-6 yrs | Salary: Not disclosed | Skills: Cloud Computing, Software Development, Data Technologies, Algorithms Expertise, System Design | Description AWS Utility Computing (UC) Provides Product Innovations - From Foundational Services Such As Amazon's Simple Storage Service (S3) And Amazon Elastic Compute Cloud (EC2), To Consistently Released New Produc...",TimesJobs
PRODUCT MANAGER L1,Wipro,Bengaluru,2026-09-11,https://www.timesjobs.com/job-detail/product-manager-l1-wipro-bengaluru-8-10-years-jobid-32oBt5OOzA9zpSvf+uAgZw==&source=srp,https://www.wipro.com,0.0,"Company: Wipro | Exp: 8-10 yrs | Salary: Not disclosed | Skills: Product Development, Client Interaction, Requirement Analysis, Team Management, User Acceptance Testing | Job Title: PRODUCT MANAGER L1 City: Bengaluru State/Province: Karnataka Posting Start Date: 9/7/26 Wipro Limited (NYSE: WIT, BSE: 507685, NSE: WIPRO) Is A Leading Technology Services And Consulting Company Focused On ...",TimesJobs
Software Developer 2,The Scalers,Bengaluru,2026-09-12,https://www.timesjobs.com/job-detail/software-developer-2-the-scalers-bengaluru-6-9-years-jobid-ylbp1wbz5c9zpSvf+uAgZw==&source=srp,https://www.thescalers.com,0.0,"Company: The Scalers | Exp: 6-9 yrs | Salary: Not disclosed | Skills: Java Development, Spring Boot, Microservices Architecture, PostgreSQL Optimization, AWS Deployment | Our Partner Is A Leading Global Logistics Platform That Streamlines Freight Management With Seamless End-to-end Cargo Visibility. We Empower Businesses To Optimise Their Supply Chain Operations, Improve Decision-makin...",TimesJobs
Java FS Developer,CGI Group,Bengaluru,2026-09-12,https://www.timesjobs.com/job-detail/java-fs-developer-cgi-group-bengaluru-5-8-years-jobid-fPlLvpjM4oRzpSvf+uAgZw==&source=srp,https://www.cgi.com,0.0,"Company: CGI Group | Exp: 5-8 yrs | Salary: Not disclosed | Skills: Java Development, Frontend Technologies, Backend Integration, Web Application Design, Performance Optimization | Position Description Company Profile Founded In 1976, CGI Is Among The Largest Independent IT And Business Consulting Services Firms In The World. With 94,000 Consultants And Professionals Across The Globe, CGI Delive.....",TimesJobs
"Field Sales Representative, Information Technology, ITES, Google Cloud",Google,"Gurugram, Bengaluru",2026-09-12,https://www.timesjobs.com/job-detail/field-sales-representative-information-technology-ites-google-cloud-google-gurugram-bengaluru-5-10-years-jobid-wD7b4suvoitzpSvf+uAgZw==&source=srp,https://www.google.com,0.0,"Company: Google | Exp: 5-10 yrs | Salary: Not disclosed | Skills: Strategic Account Management, Client Relationship Building, Sales Cycle Management, Influence Stakeholders, Technical Solutions Advocacy | Field Sales Representative, Information Technology, ITES, Google Cloud Share: Share Field Sales Representative, Information Technology, ITES, Google Cloud Link: Copy Link Email: Email A Friend Lo...",TimesJobs
Sr Specialist Embedded Firmware Developer,AT&T,"Bengaluru, Hyderabad/Secunderabad",2026-09-12,https://www.timesjobs.com/job-detail/sr-specialist-embedded-firmware-developer-att-bengaluru-hyderabadsecunderabad-8-10-years-jobid-UltpN2DuLz5zpSvf+uAgZw==&source=srp,https://www.att.com,0.0,"Company: AT&T | Exp: 8-10 yrs | Salary: Not disclosed | Skills: Embedded Firmware Development, Test Automation Frameworks, Performance Profiling Tools, Wireless Protocols Expertise, Containerization Management | Sr Specialist Embedded Firmware Engineer - Residential Gateways (prplOS &amp; Wireless) Role Overview We Are Looking For An Embedded Firmware Developer With 8+ Years Of Experience To Drive...",TimesJobs
Sr Specialist Cybersecurity Architect,AT&T,"Hyderabad/Secunderabad, Bengaluru",2026-09-12,https://www.timesjobs.com/job-detail/sr-specialist-cybersecurity-architect-att-hyderabadsecunderabad-bengaluru-8-11-years-jobid-0EWUILs14jZzpSvf+uAgZw==&source=srp,https://www.att.com,0.0,"Company: AT&T | Exp: 8-11 yrs | Salary: Not disclosed | Skills: Cybersecurity Architecture, Cloud Security Solutions, Threat Modeling Expertise, Agile Development Methodologies, Risk Assessment Techniques | About The Company: Join AT&amp;T And Reimagine The Communications And Technologies That Connect The World. Our Chief Security Office Ensures That Our Assets Are Safeguarded Through Truthful Tra...",TimesJobs
"Software Engineering Manager, Google Play Games",Google,Bengaluru,2026-09-12,https://www.timesjobs.com/job-detail/software-engineering-manager-google-play-games-google-bengaluru-8-11-years-jobid-PnsNSDGU3B1zpSvf+uAgZw==&source=srp,https://www.google.com,0.0,"Company: Google | Exp: 8-11 yrs | Salary: Not disclosed | Skills: Software Development Expertise, Technical Leadership Experience, Android Application Development, Team Management Skills, Problem Solving Abilities | Software Engineering Manager, Google Play Games Share Share Software Engineering Manager, Google Play Games Copy Link Email A Friend Location: Bengaluru, Karnataka, India Experience Le...",TimesJobs
"Software Engineer III, Front End, YouTube",Google,Bengaluru,2026-09-12,https://www.timesjobs.com/job-detail/software-engineer-iii-front-end-youtube-google-bengaluru-2-5-years-jobid-AhteW9RyNWlzpSvf+uAgZw==&source=srp,https://www.google.com,0.0,"Company: Google | Exp: 2-5 yrs | Salary: Not disclosed | Skills: Front End Development, User Interface Design, Software Development, Data Structures, Problem Solving | Software Engineer III, Front End, YouTube Location: Bengaluru, Karnataka, India Experience Level: Mid Minimum Qualifications: Bachelor's Degree Or Equivalent Practical Experience. 2 Years Of Experience With Software D...",TimesJobs
"Applied Scientist, CMT",Amazon,Bengaluru,2026-09-11,https://www.timesjobs.com/job-detail/applied-scientist-cmt-amazon-bengaluru-3-5-years-jobid-7AWh64cho4lzpSvf+uAgZw==&source=srp,https://www.amazon.com,0.0,"Company: Amazon | Exp: 3-5 yrs | Salary: Not disclosed | Skills: Machine Learning Techniques, Deep Learning Models, Programming Languages, Data Management Tools, Algorithm Development | As A Member Of The CMT Team, You'll Play A Key Role In The Evolution Of Our Competitive Monitoring Systems To Solve Significantly Complex And Interesting Technical Challenges In Machine Learning, Large Language Mod...",TimesJobs
TECHNICAL LEAD L1,Wipro,Bengaluru,2026-09-11,https://www.timesjobs.com/job-detail/technical-lead-l1-wipro-bengaluru-5-8-years-jobid-KY__SLASH__qnP4mLFNzpSvf+uAgZw==&source=srp,https://www.wipro.com,0.0,"Company: Wipro | Exp: 5-8 yrs | Salary: Not disclosed | Skills: Data Modeling, Application Design, Code Review, Root Cause Analysis, Software Development | Job Title: TECHNICAL LEAD L1 City: Bengaluru State/Province: Karnataka Posting Start Date: 8/29/26 Wipro Limited (NYSE: WIT, BSE: 507685, NSE: WIPRO) Is A Leading Technology Services And Consulting Company Focused On ...",TimesJobs
TECHNICAL LEAD L1,Wipro,Bengaluru,2026-09-12,https://www.timesjobs.com/job-detail/technical-lead-l1-wipro-bengaluru-5-8-years-jobid-G0urLjL9m7tzpSvf+uAgZw==&source=srp,https://www.wipro.com,0.0,"Company: Wipro | Exp: 5-8 yrs | Salary: Not disclosed | Skills: Python Programming, Application Development, Code Review, Root Cause Analysis, Solution Design | Job Title: TECHNICAL LEAD L1 City: Bengaluru State/Province: Karnataka Posting Start Date: 9/11/26 Wipro Limited (NYSE: WIT, BSE: 507685, NSE: WIPRO) Is A Leading Technology Services And Consulting Company Focused On ...",TimesJobs
TECHNICAL LEAD L1,Wipro,Bengaluru,2026-09-12,https://www.timesjobs.com/job-detail/technical-lead-l1-wipro-bengaluru-5-8-years-jobid-sfUxWzqVSMpzpSvf+uAgZw==&source=srp,https://www.wipro.com,0.0,"Company: Wipro | Exp: 5-8 yrs | Salary: Not disclosed | Skills: Telecom Wireless Solutions, Application Development, Root Cause Analysis, Software Configuration, Code Review Practices | Job Title: TECHNICAL LEAD L1 City: Bengaluru State/Province: Karnataka Posting Start Date: 9/12/26 Wipro Limited (NYSE: WIT, BSE: 507685, NSE: WIPRO) Is A Leading Technology Services And Consulting Company Focused ...",TimesJobs
Package Consultant-SAP BW HANA Analytics,IBM,Bengaluru,2026-09-12,https://www.timesjobs.com/job-detail/package-consultant-sap-bw-hana-analytics-ibm-bengaluru-8-10-years-jobid-SBb5v49hy4RzpSvf+uAgZw==&source=srp,https://www.ibm.com,0.0,"Company: IBM | Exp: 8-10 yrs | Salary: Not disclosed | Skills: Data Modeling Techniques, ETL Process Knowledge, SAP BW On HANA, Analytical Application Development, End User Reporting Solutions | Introduction A Career In IBM Consulting Is Built On Long-term Client Relationships And Close Collaboration Worldwide. You'll Work With Leading Companies Across Industries, Helping Them Shape Their Hybrid C...",TimesJobs
SDE-1 (FTC),Amazon,Bengaluru,2026-09-11,https://www.timesjobs.com/job-detail/sde-1-ftc-amazon-bengaluru-1-4-years-jobid-aTzY6RkD0otzpSvf+uAgZw==&source=srp,https://www.amazon.com,0.0,"Company: Amazon | Exp: 1-4 yrs | Salary: Not disclosed | Skills: Software Development, Problem Solving, Data Analysis, System Architecture, Compliance Adherence | Cross Border Tech Is Looking For An Experienced Software Development Engineer To Work On Our Cross Border Technology Stacks, Which Enables The Launch Of New Cross Border Arcs With Local Language, Local Currency, Local...",TimesJobs
"Software Development Engineer II , Amazon Cross Border Tech",Amazon,Bengaluru,2026-09-11,https://www.timesjobs.com/job-detail/software-development-engineer-ii-amazon-cross-border-tech-amazon-bengaluru-3-5-years-jobid-2dXNyxUcZHFzpSvf+uAgZw==&source=srp,https://www.amazon.com,0.0,"Company: Amazon | Exp: 3-5 yrs | Salary: Not disclosed | Skills: Software Development, API Design, Problem Solving, Customer Experience, Scalable Platforms | The Amazon Cross Border Core Technology Team Is Seeking A Seasoned Software Engineer To Drive The Development Of Innovative Technologies That Will Shape Platforms And Products Impacting A Multibillion-dollar Business ...",TimesJobs
"Sr. Software Development Engineer, RBS Tech",Amazon,Bengaluru,2026-09-11,https://www.timesjobs.com/job-detail/sr-software-development-engineer-rbs-tech-amazon-bengaluru-5-8-years-jobid-62kXvluzDGlzpSvf+uAgZw==&source=srp,https://www.amazon.com,0.0,"Company: Amazon | Exp: 5-8 yrs | Salary: Not disclosed | Skills: Software Development, Machine Learning, Technical Strategy, Distributed Systems, Team Leadership | Join Our Retail Business Services Tech Team To Architect Intelligent Automation Solutions That Power Amazon's Retail Operations Globally. You'll Lead The Development Of Large-scale Distributed Systems That Leverage Ma...",TimesJobs
Paytm - Product Management - Product Manager (AI) - Risk,Paytm,Bengaluru,2026-09-11,https://www.timesjobs.com/job-detail/paytm-product-management-product-manager-ai-risk-paytm-bengaluru-5-7-years-jobid-kemzkRVwVRhzpSvf+uAgZw==&source=srp,https://www.paytm.com,0.0,"Company: Paytm | Exp: 5-7 yrs | Salary: Not disclosed | Skills: Product Management, Multi Agent Systems, Language Model Fine Tuning, Evaluation System Design, API Development | Product Management - Product Manager (AI) - Risk Location: Bengaluru, Karnataka Employment Type: Full-time Employment Work Model: On-site About Us: Paytm Is India's Leading Mobile Payments And Financial Services Distr...",TimesJobs
Technical Consultant-AI Integration,IBM,"Hyderabad/Secunderabad, Kolkata, Bengaluru",2026-09-12,https://www.timesjobs.com/job-detail/technical-consultant-ai-integration-ibm-hyderabadsecunderabad-kolkata-bengaluru-5-8-years-jobid-dbBkJwyRLKlzpSvf+uAgZw==&source=srp,https://www.ibm.com,0.0,"Company: IBM | Exp: 5-8 yrs | Salary: Not disclosed | Skills: AI Integration Experience, API Development Skills, Workflow Automation Knowledge, Performance Optimization Techniques, Secure Deployment Practices | Introduction A Career In IBM Consulting Is Built On Long-term Client Relationships And Close Collaboration Worldwide. You'll Work With Leading Companies Across Industries, Helping Them Shap...",TimesJobs
"Sr Specialist Embedded Firmware Developer (C/C++ Coding, System Design & Networking)",AT&T,"Bengaluru, Hyderabad/Secunderabad",2026-09-12,https://www.timesjobs.com/job-detail/sr-specialist-embedded-firmware-developer-cc-coding-system-design-networking-att-bengaluru-hyderabadsecunderabad-5-9-years-jobid-cJfL8qZdnD9zpSvf+uAgZw==&source=srp,https://www.att.com,0.0,"Company: AT&T | Exp: 5-9 yrs | Salary: Not disclosed | Skills: Embedded Firmware Development, Python Scripting Automation, Linux Wireless Architecture, Performance Profiling Optimization, Network Stack Management | Sr Specialist Embedded Firmware Engineer - Residential Gateways (prplOS &amp; Wireless) Role Overview We Are Looking For An Embedded Firmware Developer With 5+ Years Of Experience To Dr...",TimesJobs
Specialist System Engineering - Mobile Packet Core Certification Automation Engineer,AT&T,Bengaluru,2026-09-12,https://www.timesjobs.com/job-detail/specialist-system-engineering-mobile-packet-core-certification-automation-engineer-att-bengaluru-3-5-years-jobid-QGT5GAODmqRzpSvf+uAgZw==&source=srp,https://www.att.com,0.0,"Company: AT&T | Exp: 3-5 yrs | Salary: Not disclosed | Skills: G SA Core Expertise, Automated Network Testing, Project Management Tools, Azure DevOps Proficiency, Python Development Skills | Job Responsibilities Develop Technical Expertise With 3GPP 5G SA Core And Actively Drive Our 24x7 Lab Certification Objective. Participate In Sprint Planning And Design Discussions With The Development Team To...",TimesJobs
DEVELOPER L3,Wipro,Bengaluru,2026-09-13,https://www.timesjobs.com/job-detail/developer-l3-wipro-bengaluru-3-5-years-jobid-__SLASH__LXLRoSbHbVzpSvf+uAgZw==&source=srp,https://www.wipro.com,0.0,"Company: Wipro | Exp: 3-5 yrs | Salary: Not disclosed | Skills: Software Development, Requirement Gathering, Module Testing, Documentation Preparation, Stakeholder Collaboration | Job Title: DEVELOPER L3 City: Bengaluru State/Province: Karnataka Posting Start Date: 9/13/26 Wipro Limited (NYSE: WIT, BSE: 507685, NSE: WIPRO) Is A Leading Technology Services And Consulting Company Focused On Build...",TimesJobs
"Software Engineer, Search",Google,Bengaluru,2026-09-13,https://www.timesjobs.com/job-detail/software-engineer-search-google-bengaluru-1-4-years-jobid-tPK0y1n0VGFzpSvf+uAgZw==&source=srp,https://www.google.com,0.0,"Company: Google | Exp: 1-4 yrs | Salary: Not disclosed | Skills: Software Development, Programming Languages, Code Review, Debugging Skills, Infrastructure Management | Software Engineer, Search Share: Share Software Engineer, Search Link: Copy Link Email: Email A Friend Location: Google, Bengaluru, Karnataka, India Experience Level: Early Minimum Qualifications: Bachelor's Degree Or...",TimesJobs
Senior Data Engineer - (SAS Development) Job Details | ANZ Banking Group Limited,ANZ Banking Group,Bengaluru,2026-09-13,https://www.timesjobs.com/job-detail/senior-data-engineer-sas-development-job-details-anz-banking-group-limited-anz-banking-group-bengaluru-4-6-years-jobid-dJ3GETM1MTxzpSvf+uAgZw==&source=srp,N/A,0.0,"Company: ANZ Banking Group | Exp: 4-6 yrs | Salary: Not disclosed | Skills: Advanced SAS Programming, Data Engineering Techniques, SQL Coding Development, Problem Solving Mindset, Data Analysis Workflows | Senior Data Engineer - (SAS Development) Req ID: 123780 Department: Tech NZ BLR Division: Technology Location: Bengaluru About Us At ANZ, We're Applying New Ways Technology And Data Can Be Harne...",TimesJobs
"Senior Verification Engineer, PCIE",Nvidia,Bengaluru,2026-09-13,https://www.timesjobs.com/job-detail/senior-verification-engineer-pcie-nvidia-bengaluru-4-7-years-jobid-m58L7KiHyQRzpSvf+uAgZw==&source=srp,https://www.nvidia.com,0.0,"Company: Nvidia | Exp: 4-7 yrs | Salary: Not disclosed | Skills: ASIC Design Verification, UVM/VMM Methodologies, Verilog/SystemVerilog Expertise, PCIE Protocol Knowledge, Functional Coverage Development | NVIDIA Is Seeking An Elite Senior Verification Engineer To Verify The Design And Implementation Of The Next Generation Of PCI Express Controllers For The World's Leading GPUs And SOCs. This Posi...",TimesJobs
Lead AI Engineer,Wells Fargo,Bengaluru,2026-09-13,https://www.timesjobs.com/job-detail/lead-ai-engineer-wells-fargo-bengaluru-8-11-years-jobid-OOXlyrStqP9zpSvf+uAgZw==&source=srp,https://www.wellsfargo.com,0.0,"Company: Wells Fargo | Exp: 8-11 yrs | Salary: Not disclosed | Skills: Python Development, AI Solutions Architect, Data Engineering, Cloud Native Applications, Software Engineering Best Practices | About This Role: Wells Fargo Is Seeking A Lead AI Engineer. In This Role, You Will: Lead The Design, Development, And Deployment Of Enterprise-scale AI Platforms And GenAI Solutions, Leveraging LLMs, Ag...",TimesJobs
DEVELOPER L4,Wipro,Bengaluru,2026-09-11,https://www.timesjobs.com/job-detail/developer-l4-wipro-bengaluru-5-8-years-jobid-9sMWT1zZDpNzpSvf+uAgZw==&source=srp,https://www.wipro.com,0.0,"Company: Wipro | Exp: 5-8 yrs | Salary: Not disclosed | Skills: Software Development, Quality Assurance, Coding Proficiency, Problem Solving, Client Interaction | Apply Now Apply Now Start Applying With LinkedIn Start Please Wait... Job Title: DEVELOPER L4 City: Bengaluru State/Province: Karnataka Posting Start Date: 9/2/26 Wipro Limited (NYSE: WIT, BSE: 507685, NSE: WIPRO) Is ...",TimesJobs
"Silicon Software Engineering Manager, Embedded Systems",Google,Bengaluru,2026-09-13,https://www.timesjobs.com/job-detail/silicon-software-engineering-manager-embedded-systems-google-bengaluru-8-12-years-jobid-LUH1Hz__SLASH__Y3AdzpSvf+uAgZw==&source=srp,https://www.google.com,0.0,"Company: Google | Exp: 8-12 yrs | Salary: Not disclosed | Skills: Software Development, Team Management, Embedded Systems, Interface Protocols, Firmware Development | Silicon Software Engineering Manager, Embedded Systems Location: Bengaluru, Karnataka, India Experience Level: Advanced Minimum Qualifications Bachelor's Degree In Electrical, Electronics Engineering, Computer Science...",TimesJobs
Senior Software Engineer,GE Healthcare,Bengaluru,2026-09-11,https://www.timesjobs.com/job-detail/senior-software-engineer-ge-healthcare-bengaluru-6-9-years-jobid-6F5O+dkt1cZzpSvf+uAgZw==&source=srp,https://www.gehealthcare.com,0.0,"Company: GE Healthcare | Exp: 6-9 yrs | Salary: Not disclosed | Skills: Software Development, Java Programming, Agile Methodology, Problem Solving Skills, Object Oriented Programming | Summary As A Senior Software Engineer, You Are Responsible For Designing And Programming Large Components And Designing A Feature, Set Of Features, Or Whole Feature Area. She/he Will Work Independently And Contribut...",TimesJobs
Apprentice / SAP Certified Candidate,CGI Group,Bengaluru,2026-09-11,https://www.timesjobs.com/job-detail/apprentice-sap-certified-candidate-cgi-group-bengaluru-0-1-years-jobid-02ScYNNx1k9zpSvf+uAgZw==&source=srp,https://www.cgi.com,0.0,"Company: CGI Group | Exp: 0-1 yrs | Salary: Not disclosed | Skills: SAP Certification, Basic AI Knowledge, Software Development, Engineering Principles, Problem Solving | Position Description: Looking For Apprentice, Who Is SAP Certified Along With Basic Knowledge On AI Locations: Apprentice / SAP Certified Candidate Category: Software Development/ Engineering Main Location: India, Kar...",TimesJobs
TECHNICAL LEAD L1,Wipro,Bengaluru,2026-09-13,https://www.timesjobs.com/job-detail/technical-lead-l1-wipro-bengaluru-5-8-years-jobid-Vgs1lbNvTKFzpSvf+uAgZw==&source=srp,https://www.wipro.com,0.0,"Company: Wipro | Exp: 5-8 yrs | Salary: Not disclosed | Skills: Servicenow Application Development, Root Cause Analysis, Solution Design, Module Level Coding, Software Development Life Cycle | Apply Now Start Applying With LinkedIn Job Title: TECHNICAL LEAD L1 City: Bengaluru State/Province: Karnataka Posting Start Date: 9/12/26 Wipro Limited (NYSE: WIT, BSE: 507685, NSE: WIPRO) Is A Leading Techn...",TimesJobs
"Title:
        

    Sr Technical Lead-Data Engg",Birlasoft,Bengaluru,2026-09-13,https://www.timesjobs.com/job-detail/title-sr-technical-lead-data-engg-birlasoft-bengaluru-5-10-years-jobid-JPG6vw1m1nlzpSvf+uAgZw==&source=srp,https://www.birlasoft.com,0.0,"Company: Birlasoft | Exp: 5-10 yrs | Salary: Not disclosed | Skills: Snowflake Architecture, Data Pipeline Development, Strong SQL Expertise, Cloud Platform Experience, CI/CD Tools Knowledge | ETL Snowflake Sr. Tech Lead Area(s) Of Responsibility Key Responsibilities Data Pipeline Development Snowflake Architecture &amp; Modeling Data Integration &amp; Streaming Data Quality &amp; Governance Colla...",TimesJobs
Senior Software Engineer,Empower,Bengaluru,2026-09-13,https://www.timesjobs.com/job-detail/senior-software-engineer-empower-bengaluru-6-8-years-jobid-LRGtGowpF71zpSvf+uAgZw==&source=srp,https://www.empower.com,0.0,"Company: Empower | Exp: 6-8 yrs | Salary: Not disclosed | Skills: Software Development, Technical Leadership, Code Review, Agile Methodologies, Problem Solving | Our Vision For The Future Is Based On The Idea That Transforming Financial Lives Starts By Giving Our People The Freedom To Transform Their Own. We Have A Flexible Work Environment, And Fluid Career Paths. We Not Only...",TimesJobs
Hiring For VB.NET Developer,krazy mantra hr solutions pvt. ltd,Bengaluru,2026-09-13,https://www.timesjobs.com/job-detail/hiring-for-vbnet-developer-krazy-mantra-hr-solutions-pvt-ltd-bengaluru-1-5-years-jobid-Vvzy__SLASH__dyzdd5zpSvf+uAgZw==&source=srp,N/A,0.0,Company: krazy mantra hr solutions pvt. ltd | Exp: 1-5 yrs | Salary: Not disclosed | Skills: VB.NET Development  Cloud Technologies  Microservices Architecture  Azure Services  REST APIs | Hiring For VB.NET Developer VB.NET Developer Desired Profile Skills: VB.NET/.NET Development Cloud Microservices Azure Spring Boot And Hibernate Microsoft Azure Cloud REST APIs Notice Period: Immediate To 30 Day...,TimesJobs
"Security Consultant-Security Strategy, Risk & Compliance Services",IBM,Bengaluru,2026-09-12,https://www.timesjobs.com/job-detail/security-consultant-security-strategy-risk-compliance-services-ibm-bengaluru-7-9-years-jobid-J4nu6YKy2PVzpSvf+uAgZw==&source=srp,https://www.ibm.com,0.0,"Company: IBM | Exp: 7-9 yrs | Salary: Not disclosed | Skills: Security Solution Implementation, Risk Identification Techniques, Security Strategy Development, Stakeholder Communication Skills, Cyber Security Certifications | Introduction A Career In IBM Consulting Is Built On Long-term Client Relationships And Close Collaboration Worldwide. You'll Work With Leading Companies Across Industries, Hel...",TimesJobs
DOMAIN CONSULTANT L4,Wipro,Bengaluru,2026-09-12,https://www.timesjobs.com/job-detail/domain-consultant-l4-wipro-bengaluru-10-13-years-jobid-45FHJJGmWPxzpSvf+uAgZw==&source=srp,https://www.wipro.com,0.0,"Company: Wipro | Exp: 10-13 yrs | Salary: Not disclosed | Skills: Business Process Analysis, Data Analysis Techniques, Client Engagement Strategies, Solution Development, Project Planning | Job Title: DOMAIN CONSULTANT L4 City: Bengaluru State/Province: Karnataka Posting Start Date: 9/12/26 Wipro Limited (NYSE: WIT, BSE: 507685, NSE: WIPRO) Is A Leading Technology Services And Consulting Company F...",TimesJobs
DOMAIN CONSULTANT L4,Wipro,Bengaluru,2026-09-12,https://www.timesjobs.com/job-detail/domain-consultant-l4-wipro-bengaluru-10-13-years-jobid-xD+hxQ7mTmJzpSvf+uAgZw==&source=srp,https://www.wipro.com,0.0,"Company: Wipro | Exp: 10-13 yrs | Salary: Not disclosed | Skills: Business Process Analysis, Data Analysis Techniques, Client Engagement Strategies, Solution Development, Proposal Creation | Apply Now Apply Now Start Applying With LinkedIn Start Please Wait... Job Title: DOMAIN CONSULTANT L4 City: Bengaluru State/Province: Karnataka Posting Start Date: 9/12/26 Wipro Limited (NYSE: WIT, BSE: 507685...",TimesJobs
Data Engineer-Data Platforms-Azure,IBM,Bengaluru,2026-09-13,https://www.timesjobs.com/job-detail/data-engineer-data-platforms-azure-ibm-bengaluru-5-10-years-jobid-YZPnFRH2M0dzpSvf+uAgZw==&source=srp,https://www.ibm.com,0.0,"Company: IBM | Exp: 5-10 yrs | Salary: Not disclosed | Skills: Data Pipeline Development, Azure Services Proficiency, Open Source Technologies, Data Layer Design, Real Time Data Processing | Introduction A Career In IBM Consulting Is Built On Long-term Client Relationships And Close Collaboration Worldwide. You'll Work With Leading Companies Across Industries, Helping Them Shape Their Hybrid Cloud...",TimesJobs
"Security Consultant-Security Strategy, Risk & Compliance Services",IBM,Bengaluru,2026-09-13,https://www.timesjobs.com/job-detail/security-consultant-security-strategy-risk-compliance-services-ibm-bengaluru-7-9-years-jobid-96sVM0whZNJzpSvf+uAgZw==&source=srp,https://www.ibm.com,0.0,"Company: IBM | Exp: 7-9 yrs | Salary: Not disclosed | Skills: Security Solution Implementation, Risk Identification, Mitigation Planning, Security Strategy Development, Stakeholder Communication | Introduction A Career In IBM Consulting Is Built On Long-term Client Relationships And Close Collaboration Worldwide. You'll Work With Leading Companies Across Industries, Helping Them Shape Their Hybrid...",TimesJobs
Mainframe Developer,CGI Group,"Bengaluru, Hyderabad/Secunderabad",2026-09-13,https://www.timesjobs.com/job-detail/mainframe-developer-cgi-group-bengaluru-hyderabadsecunderabad-4-8-years-jobid-Nv9f4pQcYvJzpSvf+uAgZw==&source=srp,https://www.cgi.com,0.0,"Company: CGI Group | Exp: 4-8 yrs | Salary: Not disclosed | Skills: Mainframe Programming, Banking Knowledge, Insurance Domain, Software Development, System Integration | Company Profile: Founded In 1976, CGI Is Among The Largest Independent IT And Business Consulting Services Firms In The World. With 94,000 Consultants And Professionals Across The Globe, CGI Delivers An End-to-end Por...",TimesJobs
"Director, Office Leasing Advisory",JLL,Bengaluru,2026-09-11,https://www.timesjobs.com/job-detail/director-office-leasing-advisory-jll-bengaluru-1-4-years-jobid-kVCrct8p2IlzpSvf+uAgZw==&source=srp,https://www.jll.com,0.0,"Company: JLL | Exp: 1-4 yrs | Salary: Not disclosed | Skills: Business Development, Client Interaction, Market Research, Financial Analysis, Presentation Skills | JLL Empowers You To Shape A Brighter Way. Our People At JLL Are Shaping The Future Of Real Estate For A Better World By Combining World Class Services, Advisory And Technology For Our Clients. We Are Committed To Hiri...",TimesJobs
"Senior Software Engineer, Core",Google,"Bengaluru, Hyderabad/Secunderabad",2026-09-11,https://www.timesjobs.com/job-detail/senior-software-engineer-core-google-bengaluru-hyderabadsecunderabad-5-8-years-jobid-eq1a__SLASH__MfoYRlzpSvf+uAgZw==&source=srp,https://www.google.com,0.0,"Company: Google | Exp: 5-8 yrs | Salary: Not disclosed | Skills: Software Development, Software Testing, Technical Leadership, Code Review Best Practices, Problem Solving | Senior Software Engineer, Core Locations: Bengaluru, Karnataka, India; Hyderabad, Telangana, India Experience Level: Mid Apply In Most Instances, This Position Requires In-person Interviews As Part Of The Hiring Proce...",TimesJobs
Java Backend Lead,Wipro,Bengaluru,2026-09-11,https://www.timesjobs.com/job-detail/java-backend-lead-wipro-bengaluru-5-8-years-jobid-YuXGVTzbA3xzpSvf+uAgZw==&source=srp,https://www.wipro.com,0.0,"Company: Wipro | Exp: 5-8 yrs | Salary: Not disclosed | Skills: JAX RS Expertise, Java API Development, Troubleshooting Techniques, Team Management Skills, Technical Support Delivery | Job Title: Java Backend Lead City: Bengaluru State/Province: Karnataka Posting Start Date: 8/4/26 Wipro Limited (NYSE: WIT, BSE: 507685, NSE: WIPRO) Is A Leading Technology Services And Consulting Company Focused On...",TimesJobs
"Title:
        

    Sr Lead - SFDC Data Cloud",Birlasoft,"Bengaluru, Chennai, Hyderabad/Secunderabad, Mumbai, Pune",2026-09-12,https://www.timesjobs.com/job-detail/title-sr-lead-sfdc-data-cloud-birlasoft-bengaluru-chennai-hyderabadsecunderabad-mumbai-pune-8-11-years-jobid-I8YH8ZjR+YdzpSvf+uAgZw==&source=srp,https://www.birlasoft.com,0.0,"Company: Birlasoft | Exp: 8-11 yrs | Salary: Not disclosed | Skills: Data Cloud Expertise, Salesforce Marketing Cloud, Technical Skills, Problem Solving, Communication Skills | Area(s) Of Responsibility SFDC Data Cloud Location: Bangalore, Chennai, Hyderabad, Mumbai, Pune, Noida Immediate Joiners Preferred Education: Bachelor's Degree In Computer Science, Information Technology, Marketing, O...",TimesJobs
Regulatory Writing Capability Lead,Eli Lilly and Company,Bengaluru,2026-09-12,https://www.timesjobs.com/job-detail/regulatory-writing-capability-lead-eli-lilly-and-company-bengaluru-5-10-years-jobid-xDWtXgXX1eVzpSvf+uAgZw==&source=srp,N/A,0.0,"Company: Eli Lilly and Company | Exp: 5-10 yrs | Salary: Not disclosed | Skills: Regulatory Writing Expertise, Clinical Study Design, Leadership Development, Cross Functional Collaboration, Agile Organization Management | At Lilly, The Work Is Demanding Because Patients Are Waiting. We Unite Caring With Discovery To Help Make Life Better For People Around The World, Knowing That Every Decision, Ev...",TimesJobs
"Senior Engineering Manager, YouTube Shopping",Google,Bengaluru,2026-09-11,https://www.timesjobs.com/job-detail/senior-engineering-manager-youtube-shopping-google-bengaluru-8-11-years-jobid-YiFNB96OUihzpSvf+uAgZw==&source=srp,https://www.google.com,0.0,"Company: Google | Exp: 8-11 yrs | Salary: Not disclosed | Skills: Technical Leadership, Software Development, People Management, Complex Problem Solving, E Commerce Solutions | Senior Engineering Manager, YouTube Shopping Share Share Senior Engineering Manager, YouTube Shopping Link Copy Link Email Email A Friend Corporate_fare YouTube Place Bengaluru, Karnataka, India Bar_chart Advanced Adv...",TimesJobs
"Software Development Manager, FBA Defect Prevention",Amazon,Bengaluru,2026-09-11,https://www.timesjobs.com/job-detail/software-development-manager-fba-defect-prevention-amazon-bengaluru-8-11-years-jobid-eRI3HczH8b5zpSvf+uAgZw==&source=srp,https://www.amazon.com,0.0,"Company: Amazon | Exp: 8-11 yrs | Salary: Not disclosed | Skills: Software Development Management, Team Building & Leadership, Web Services Architecture, Agile Project Management, E Commerce Systems Design | Description The FBA Defect Prevention Team Is Expanding In Bangalore! We Drive Down Costs In The Supply Chain For Amazon And Sellers By Identifying And Preventing Defects In Inbound Shipments....",TimesJobs
"Strategic Partner Manager, Pixel For Business, Devices And Services",Google,Bengaluru,2026-09-11,https://www.timesjobs.com/job-detail/strategic-partner-manager-pixel-for-business-devices-and-services-google-bengaluru-7-10-years-jobid-ztrYnERjoz9zpSvf+uAgZw==&source=srp,https://www.google.com,0.0,"Company: Google | Exp: 7-10 yrs | Salary: Not disclosed | Skills: BB Sales Strategies, Business Development, Consultative Sales, Negotiation Skills, Market Analysis | Strategic Partner Manager, Pixel For Business, Devices And Services Location: Bengaluru, Karnataka, India Experience Level: Mid Minimum Qualifications Bachelor's Degree Or Equivalent Practical Experience. 7 Years Of E...",TimesJobs
"Site Reliability Manager, Memorystore",Google,Bengaluru,2026-09-12,https://www.timesjobs.com/job-detail/site-reliability-manager-memorystore-google-bengaluru-8-11-years-jobid-wdt0piPiIkNzpSvf+uAgZw==&source=srp,https://www.google.com,0.0,"Company: Google | Exp: 8-11 yrs | Salary: Not disclosed | Skills: Software Development, Team Leadership, Problem Solving, Distributed Systems, Strong Communication | Site Reliability Manager, Memorystore Share Share Site Reliability Manager, Memorystore Copy Link Email A Friend Location Google : Bengaluru, Karnataka, India Experience Level Advanced Advanced Experience Owning Outco...",TimesJobs
"Sr. Business Development Manager , Amazon Pay Balance",Amazon,Bengaluru,2026-09-12,https://www.timesjobs.com/job-detail/sr-business-development-manager-amazon-pay-balance-amazon-bengaluru-5-8-years-jobid-XovYEE__SLASH__kY__SLASH__5zpSvf+uAgZw==&source=srp,https://www.amazon.com,0.0,"Company: Amazon | Exp: 5-8 yrs | Salary: Not disclosed | Skills: BB Sales Strategy, Client Acquisition Expertise, Relationship Management, Negotiation Skills, Data Driven Decision Making | About Amazon Amazon Strives To Be Earth's Most Customer-centric Company, Where People Can Find And Discover Virtually Anything They Want To Buy Online. By Delivering Low Prices, Vast Selection, And Unmatched Con...",TimesJobs
"Software Engineering PhD Intern, Summer 2027",Google,"Bengaluru, Hyderabad/Secunderabad, Pune",2026-09-12,https://www.timesjobs.com/job-detail/software-engineering-phd-intern-summer-2027-google-bengaluru-hyderabadsecunderabad-pune-0-3-years-jobid-RxlzTgHFfk9zpSvf+uAgZw==&source=srp,https://www.google.com,0.0,"Company: Google | Exp: 0-3 yrs | Salary: Not disclosed | Skills: Software Development, Data Structures, Algorithms Design, Unix/Linux Environments, Programming Languages | Software Engineering PhD Intern, Summer 2027 Share : Share Software Engineering PhD Intern, Summer 2027 Link : Copy Link Email : Email A Friend Location : Bengaluru, Karnataka, India ; Hyderabad, Telangana, India ; +2...",TimesJobs
"Manager, Large Partner Solutions, Sellside Monetization",Google,"Gurugram, Bengaluru",2026-09-12,https://www.timesjobs.com/job-detail/manager-large-partner-solutions-sellside-monetization-google-gurugram-bengaluru-1-4-years-jobid-RbdHNiwvKoNzpSvf+uAgZw==&source=srp,https://www.google.com,0.0,"Company: Google | Exp: 1-4 yrs | Salary: Not disclosed | Skills: Partnership Management, Revenue Growth, C Level Engagement, Team Leadership, Strategic Development | Manager, Large Partner Solutions, Sellside Monetization Share Email A Friend Location: Gurgaon, Haryana, India; Bengaluru, Karnataka, India Experience Level: Advanced Advanced Experience Owning Outcomes And Decision M...",TimesJobs
"Analytics Lead I, Large Customer Sales",Google,"Gurugram, Bengaluru",2026-09-12,https://www.timesjobs.com/job-detail/analytics-lead-i-large-customer-sales-google-gurugram-bengaluru-5-8-years-jobid-7rdgKaJJN3pzpSvf+uAgZw==&source=srp,https://www.google.com,0.0,"Company: Google | Exp: 5-8 yrs | Salary: Not disclosed | Skills: Media Analytics, Marketing Measurement, Data Querying, Statistical Analysis, Client Relationship Management | Analytics Lead I, Large Customer Sales Share: Share Analytics Lead I, Large Customer Sales Link: Copy Link Email: Email A Friend Location: Gurugram, Haryana, India; Bengaluru, Karnataka, India Experience Level: Mid Ex...",TimesJobs
Principal Technical Program Manager,Oracle,Bengaluru,2026-09-11,https://www.timesjobs.com/job-detail/principal-technical-program-manager-oracle-bengaluru-6-10-years-jobid-TXj9+pwnqb5zpSvf+uAgZw==&source=srp,https://www.oracle.com,0.0,"Company: Oracle | Exp: 6-10 yrs | Salary: Not disclosed | Skills: Technical Strategy Development, Risk Management Expertise, Cloud Architecture Knowledge, Cross Functional Leadership, Program Performance Metrics | Principal Technical Program Manager Location: BENGALURU, KARNATAKA, India Job Identification: 344719 Job Category: Product And Research Posting Date: 09/09/2026, 09:21 PM Role: Individua...",TimesJobs
"Software Engineer Manager, Google Cloud Business Platform",Google,Bengaluru,2026-09-11,https://www.timesjobs.com/job-detail/software-engineer-manager-google-cloud-business-platform-google-bengaluru-8-11-years-jobid-n26HR2kGYiNzpSvf+uAgZw==&source=srp,https://www.google.com,0.0,"Company: Google | Exp: 8-11 yrs | Salary: Not disclosed | Skills: Full Stack Development, Technical Leadership, Infrastructure Design, AI Solutions Implementation, People Management | Software Engineer Manager, Google Cloud Business Platform Location: Bengaluru, Karnataka, India Experience Level: Advanced Minimum Qualifications Bachelor's Degree, Or Equivalent Practical Experience. 8 Years Of Expe...",TimesJobs
GN-I&E--Public Services-Data Process And Transformation - Consultant,Accenture,"Gurugram, Bengaluru, Mumbai, Pune",2026-09-11,https://www.timesjobs.com/job-detail/gn-ie-public-services-data-process-and-transformation-consultant-accenture-gurugram-bengaluru-mumbai-pune-3-5-years-jobid-ujTTkQkIlvhzpSvf+uAgZw==&source=srp,https://www.accenture.com,0.0,"Company: Accenture | Exp: 3-5 yrs | Salary: Not disclosed | Skills: Data Governance Tools, Data Quality Management, Policy Development, Documentation Skills, Stakeholder Collaboration | Public Services - Data Governance - Consultant Role Details Skill/Industry Group: Public Services (PS) - Data Governance Support Level: Consultant Location: Gurugram/Bengaluru/Mumbai Travel Requirement: 0-100% (as ...",TimesJobs
Application Developer-Cloud FullStack,IBM,Bengaluru,2026-09-12,https://www.timesjobs.com/job-detail/application-developer-cloud-fullstack-ibm-bengaluru-5-10-years-jobid-CqCd__SLASH__xpD1rtzpSvf+uAgZw==&source=srp,https://www.ibm.com,0.0,"Company: IBM | Exp: 5-10 yrs | Salary: Not disclosed | Skills: Cloud Application Development, Microservices Design Patterns, DevOps Methodologies, Multi Layered Development, Technology Integration | Introduction A Career In IBM Consulting Is Built On Long-term Client Relationships And Close Collaboration Worldwide. You'll Work With Leading Companies Across Industries, Helping Them Shape Their Hybr...",TimesJobs
"Security Consultant-Security Strategy, Risk & Compliance Services",IBM,Bengaluru,2026-09-12,https://www.timesjobs.com/job-detail/security-consultant-security-strategy-risk-compliance-services-ibm-bengaluru-3-5-years-jobid-cGKesLcDdcNzpSvf+uAgZw==&source=srp,https://www.ibm.com,0.0,"Company: IBM | Exp: 3-5 yrs | Salary: Not disclosed | Skills: Security Solutions Implementation, Risk Mitigation Strategies, Security Strategy Development, Industry Trend Analysis, Stakeholder Collaboration | Introduction A Career In IBM Consulting Is Built On Long-term Client Relationships And Close Collaboration Worldwide. You'll Work With Leading Companies Across Industries, Helping Them Shape ...",TimesJobs
DOMAIN CONSULTANT L4,Wipro,Bengaluru,2026-09-12,https://www.timesjobs.com/job-detail/domain-consultant-l4-wipro-bengaluru-1-4-years-jobid-H9XxJGRllhtzpSvf+uAgZw==&source=srp,https://www.wipro.com,0.0,"Company: Wipro | Exp: 1-4 yrs | Salary: Not disclosed | Skills: Business Process Analysis, Data Analysis, Client Engagement, Solution Development, Project Planning | Job Title: DOMAIN CONSULTANT L4 City: Bengaluru State/Province: Karnataka Posting Start Date: 9/12/26 Wipro Limited (NYSE: WIT, BSE: 507685, NSE: WIPRO) Is A Leading Technology Services And Consulting Company Focused ...",TimesJobs
Computer Scientist 1,Adobe,Bengaluru,2026-09-12,https://www.timesjobs.com/job-detail/computer-scientist-1-adobe-bengaluru-7-10-years-jobid-a3eY__SLASH__5P__SLASH__CVBzpSvf+uAgZw==&source=srp,https://www.adobe.com,0.0,"Company: Adobe | Exp: 7-10 yrs | Salary: Not disclosed | Skills: Full Stack Development, Backend Technologies, Cloud Technologies, RESTful APIs, Microservices Architecture | Plans, Designs, Develops And Tests Software Systems Or Applications For Software Enhancements And New Products Including Cloud-based Or Internet-related Tools. We Empower Enterprise Admins To Deploy, Govern, And Manag...",TimesJobs
"Title:
        

    Service Now- Subcontractor- 5A",Birlasoft,Bengaluru,2026-09-13,https://www.timesjobs.com/job-detail/title-service-now-subcontractor-5a-birlasoft-bengaluru-2-3-years-jobid-OQminBA27NJzpSvf+uAgZw==&source=srp,https://www.birlasoft.com,0.0,"Company: Birlasoft | Exp: 2-3 yrs | Salary: Not disclosed | Skills: ServiceNow Implementation, JavaScript Proficiency, API Integration Skills, AI Workflow Development, Stakeholder Collaboration | Area(s) Of Responsibility Role Titles ServiceNow SPM Developer / Senior Developer Responsibilities Core SPM Functions Implement And Configure ServiceNow Strategic Portfolio Management (SPM) Modules. Confi...",TimesJobs
Skill,Equitas Micro Finance India Pvt Ltd,Bengaluru,2026-09-13,https://www.timesjobs.com/job-detail/skill-equitas-micro-finance-india-pvt-ltd-bengaluru-3-5-years-jobid-ZMPGmCbZpjtzpSvf+uAgZw==&source=srp,N/A,0.0,"Company: Equitas Micro Finance India Pvt Ltd | Exp: 3-5 yrs | Salary: Not disclosed | Skills: Customer Onboarding, Portfolio Management, Compliance Monitoring, Sales Growth Analysis, Relationship Management | Premium Acquisition Manager Reference: EQU/PAM/1856695 Company: Equitas Small Finance Bank Location: Branch Banking Rest Of India Karnataka Bangalore Branch Code: 3128 Branch Name: SANJAY NAG...",TimesJobs
TECHNICAL LEAD L1,Wipro,Bengaluru,2026-09-13,https://www.timesjobs.com/job-detail/technical-lead-l1-wipro-bengaluru-5-8-years-jobid-kXf14YpJdYBzpSvf+uAgZw==&source=srp,https://www.wipro.com,0.0,"Company: Wipro | Exp: 5-8 yrs | Salary: Not disclosed | Skills: Python Programming   Application Solutions   Module Code Development   Root Cause Analysis   Stakeholder Collaboration | Apply Now Start Applying With LinkedIn Job Title: TECHNICAL LEAD L1 City: Bengaluru State/Province: Karnataka Posting Start Date: 9/10/26 Wipro Limited (NYSE: WIT, BSE: 507685, NSE: WIPRO) Is A Leading Technology Se...",TimesJobs
"Field Sales Representative, Information Technology, ITES, Google Cloud",Google,"Gurugram, Bengaluru",2026-09-13,https://www.timesjobs.com/job-detail/field-sales-representative-information-technology-ites-google-cloud-google-gurugram-bengaluru-10-13-years-jobid-zQR582cZXd5zpSvf+uAgZw==&source=srp,https://www.google.com,0.0,"Company: Google | Exp: 10-13 yrs | Salary: Not disclosed | Skills: Sales Strategy Development, Client Relationship Management, Technical Sales Expertise, Negotiation Skills, Account Growth Management | Field Sales Representative, Information Technology, ITES, Google Cloud Share : Share Field Sales Representative, Information Technology, ITES, Google Cloud Link : Copy Link Email : Email A Friend Lo...",TimesJobs
Zonal Academic Manager - Pre-School - 10+Years - Bangalore Job In,Crescendo Global,Bengaluru,2026-09-13,https://www.timesjobs.com/job-detail/zonal-academic-manager-pre-school-10years-bangalore-job-in-crescendo-global-bengaluru-10-13-years-jobid-nQknbTNjBbFzpSvf+uAgZw==&source=srp,https://www.crescendoglobal.com,0.0,"Company: Crescendo Global | Exp: 10-13 yrs | Salary: Not disclosed | Skills: Curriculum Implementation, Teacher Development, Academic Quality, Leadership Experience, Parent Engagement | Zonal Academic Manager - Pre-School Location: Bangalore Experience Required: 10+Years Functional Practices: Strategy &amp; Operations Job Type: Permanent Contact Name: Megha Rajput Contact Email: Megha.rajput@cresc...",TimesJobs
Manager - Professional Loans,Bajaj finserv,Bengaluru,2026-09-13,https://www.timesjobs.com/job-detail/manager-professional-loans-bajaj-finserv-bengaluru-5-7-years-jobid-VoiFEQrQXzBzpSvf+uAgZw==&source=srp,https://www.bajajfinserv.in,0.0,"Company: Bajaj finserv | Exp: 5-7 yrs | Salary: Not disclosed | Skills: Sales Management, Communication Skills, Channel Management, Analytical Skills, Leadership Ability | JOB DESCRIPTION Job Purpose ""This Position Is Open With Bajaj Finance Ltd."" Culture Anchor: Work Hard - Consistently Puts In Effort, Plans And Tracks Daily Progress To Achieve Targets. Execute With Rigor - Takes Respo...",TimesJobs
DATA SCIENTIST L3,Wipro,Bengaluru,2026-09-13,https://www.timesjobs.com/job-detail/data-scientist-l3-wipro-bengaluru-3-5-years-jobid-S1jxcnommDRzpSvf+uAgZw==&source=srp,https://www.wipro.com,0.0,"Company: Wipro | Exp: 3-5 yrs | Salary: Not disclosed | Skills: Machine Learning Development, Deep Learning Solutions, Data Analysis Techniques, Team Management Skills, Solution Architecture | Job Title: DATA SCIENTIST L3 City: Bengaluru State/Province: Karnataka Posting Start Date: 9/12/26 Wipro Limited (NYSE: WIT, BSE: 507685, NSE: WIPRO) Is A Leading Technology Services And Consulting Company F...",TimesJobs
"Product Manager II, Partner Program Platform",Google,Bengaluru,2026-09-11,https://www.timesjobs.com/job-detail/product-manager-ii-partner-program-platform-google-bengaluru-5-8-years-jobid-krs7pzwGPaRzpSvf+uAgZw==&source=srp,https://www.google.com,0.0,"Company: Google | Exp: 5-8 yrs | Salary: Not disclosed | Skills: Product Management, API Design, Technical Leadership, Platform Development, Partner Relationship Management | Product Manager II, Partner Program Platform Share Share Product Manager II, Partner Program Platform Link Copy Link Email Email A Friend Location Google, Bengaluru, Karnataka, India Experience Level Mid Description M...",TimesJobs
"Specialist, Application Development- Azure Infrastructure, Backend Python, API Development",AT&T,Bengaluru,2026-09-12,https://www.timesjobs.com/job-detail/specialist-application-development-azure-infrastructure-backend-python-api-development-att-bengaluru-5-8-years-jobid-gVNOwin1cZxzpSvf+uAgZw==&source=srp,https://www.att.com,0.0,"Company: AT&T | Exp: 5-8 yrs | Salary: Not disclosed | Skills: Azure Application Engineering  Python API Development  SQL And Data Modeling  REST API Integration  Docker And CI/CD | Primary Skill: Azure-based Application Engineering With Python And Enterprise Integrations Job Summary This Role Builds And Supports Application Services For The S2C Active Platform, Including Python APIs, Secure Inte....",TimesJobs
Branch Manager- South Plain,BD,Bengaluru,2026-09-12,https://www.timesjobs.com/job-detail/branch-manager-south-plain-bd-bengaluru-5-10-years-jobid-Wr9WCGKg7hJzpSvf+uAgZw==&source=srp,N/A,0.0,"Company: BD | Exp: 5-10 yrs | Salary: Not disclosed | Skills: Sales Management, Team Leadership, Customer Service, Financial Oversight, Strategic Planning | As A Result Of The Combination Of The BD Biosciences And Diagnostic Solutions Business With Waters Corporation (NYSE: WAT), By Applying To This Role, You Will Be Applying For A Position With Waters. Waters Is A Global...",TimesJobs
Go-to-Market Growth Lead,Google,"Bengaluru, Gurugram",2026-09-13,https://www.timesjobs.com/job-detail/go-to-market-growth-lead-google-bengaluru-gurugram-10-13-years-jobid-inQWgxZKDItzpSvf+uAgZw==&source=srp,https://www.google.com,0.0,"Company: Google | Exp: 10-13 yrs | Salary: Not disclosed | Skills: Cloud Product Sales, Technical Project Management, Stakeholder Influence, Cross Organizational Collaboration, Data Analysis Skills | Go-to-Market Growth Lead Share : Go-to-Market Growth Lead Link : Copy Link Email : Email A Friend Location : Bengaluru, Karnataka, India; Gurugram, Haryana, India Experience Level : Advanced Experienc...",TimesJobs
"AI Sales Specialist, Google Cloud",Google,"Singapore, Bengaluru, Gurugram, Mumbai",2026-09-11,https://www.timesjobs.com/job-detail/ai-sales-specialist-google-cloud-google-singapore-bengaluru-gurugram-mumbai-1-4-years-jobid-6qJjpsGDYfRzpSvf+uAgZw==&source=srp,https://www.google.com,0.0,"Company: Google | Exp: 1-4 yrs | Salary: Not disclosed | Skills: Customer Engagement, AI / ML Expertise, Sales Strategy, Market Analysis, Negotiation Skills | AI Sales Specialist, Google Cloud Share Share AI Sales Specialist, Google Cloud Link Copy Link Email Email A Friend Locations : Singapore ; Bengaluru, Karnataka, India ; +3 More ; +2 More Experience Level : Advanced A...",TimesJobs
"Application Engineering Intern, Winter 2027 (English)",Google,Bengaluru,2026-09-11,https://www.timesjobs.com/job-detail/application-engineering-intern-winter-2027-english-google-bengaluru-0-3-years-jobid-tlIxrMzd7wxzpSvf+uAgZw==&source=srp,https://www.google.com,0.0,"Company: Google | Exp: 0-3 yrs | Salary: Not disclosed | Skills: Software Development, Programming Languages, System Integration, Technical Documentation, Problem Solving | Application Engineering Intern, Winter 2027 (English) Location: Bengaluru, Karnataka, India Type: Intern &amp; Apprentice Application Process To Participate In This Internship Program, You Must Reside In India For Its...",TimesJobs
GN-I&E- Life Science - Commercial,Accenture,"Bengaluru, Gurugram, Hyderabad/Secunderabad, Mumbai, Chennai",2026-09-11,https://www.timesjobs.com/job-detail/gn-ie-life-science-commercial-accenture-bengaluru-gurugram-hyderabadsecunderabad-mumbai-chennai-3-6-years-jobid-M4Fa39N7pthzpSvf+uAgZw==&source=srp,https://www.accenture.com,0.0,"Company: Accenture | Exp: 3-6 yrs | Salary: Not disclosed | Skills: Patient Services Solutions, CRM Transformation, Program Management, Business Development, Analytical Problem Solving | Accenture | Industry And Enterprise Life Science Management Level: 09, 11 Location: Bangalore/ Gurgaon/Hyderabad/Mumbai/Chennai/Pune Must Have Skills: Core LS Consulting Good To Have Skills: - Experience: Minimum ...",TimesJobs
Software Dev Engineer 2,Amazon,Bengaluru,2026-09-11,https://www.timesjobs.com/job-detail/software-dev-engineer-2-amazon-bengaluru-3-5-years-jobid-pyWg__SLASH__Lu3555zpSvf+uAgZw==&source=srp,https://www.amazon.com,0.0,"Company: Amazon | Exp: 3-5 yrs | Salary: Not disclosed | Skills: Software Development, System Architecture, Front End Development, Back End Systems, Agile Methodologies | We Are Looking For Passionate And Talented Software Engineers Who Have Experience Building Innovative, Critical, High Volume Applications That Customers Love. This Is A High Visibility Team Where You Will Get A Chance...",TimesJobs
"Software Engineer II, Google Cloud",Google,Bengaluru,2026-09-11,https://www.timesjobs.com/job-detail/software-engineer-ii-google-cloud-google-bengaluru-1-4-years-jobid-+4qMkAhKwqZzpSvf+uAgZw==&source=srp,https://www.google.com,0.0,"Company: Google | Exp: 1-4 yrs | Salary: Not disclosed | Skills: Software Development, Programming Languages, Code Review, Debugging Techniques, System Design | Software Engineer II, Google Cloud Location: Bengaluru, Karnataka, India Experience Level: Early Minimum Qualifications: Bachelor's Degree Or Equivalent Practical Experience. 1 Year Of Experience With Software Develop...",TimesJobs
DEVELOPER L3,Wipro,Bengaluru,2026-09-11,https://www.timesjobs.com/job-detail/developer-l3-wipro-bengaluru-3-5-years-jobid-gmz69Z2ersNzpSvf+uAgZw==&source=srp,https://www.wipro.com,0.0,"Company: Wipro | Exp: 3-5 yrs | Salary: Not disclosed | Skills: Software Development, Requirements Gathering, Testing & Validation, Documentation Preparation, Stakeholder Collaboration | Job Title: DEVELOPER L3 City: Bengaluru State/Province: Karnataka Posting Start Date: 9/2/26 Wipro Limited (NYSE: WIT, BSE: 507685, NSE: WIPRO) Is A Leading Technology Services And Consulting Company Focused On Bu...",TimesJobs
SOLUTION ARCHITECT L1,Wipro,Bengaluru,2026-09-11,https://www.timesjobs.com/job-detail/solution-architect-l1-wipro-bengaluru-8-10-years-jobid-dJd2ApiF6ghzpSvf+uAgZw==&source=srp,https://www.wipro.com,0.0,"Company: Wipro | Exp: 8-10 yrs | Salary: Not disclosed | Skills: Salesforce App Development, Solution Architecture Design, Integration Assessment, Requirement Analysis, Risk Assessment Skills | Job Title: SOLUTION ARCHITECT L1 City: Bengaluru State/Province: Karnataka Posting Start Date: 8/12/26 Wipro Limited (NYSE: WIT, BSE: 507685, NSE: WIPRO) Is A Leading Technology Services And Consulting Comp...",TimesJobs
"Sr Software Dev Manager, Design Technologies",Amazon,Bengaluru,2026-09-12,https://www.timesjobs.com/job-detail/sr-software-dev-manager-design-technologies-amazon-bengaluru-10-13-years-jobid-62jhKPQAJzNzpSvf+uAgZw==&source=srp,https://www.amazon.com,0.0,"Company: Amazon | Exp: 10-13 yrs | Salary: Not disclosed | Skills: Software Development Management, Team Leadership Experience, Strategic Planning Skills, Agile Project Management, High Performance Computing | Amazon Lab126 Is An Inventive Research And Development Company That Designs And Engineers High-profile Consumer Electronics. Lab126 Began In 2004 As A Subsidiary Of Amazon.com, Inc., Origina...",TimesJobs
S&C GN - TS&T Enterprise AI Value Strategy - Manager,Accenture,"Bengaluru, Gurugram, Mumbai, Pune, Chennai",2026-09-12,https://www.timesjobs.com/job-detail/sc-gn-tst-enterprise-ai-value-strategy-manager-accenture-bengaluru-gurugram-mumbai-pune-chennai-10-13-years-jobid-yY70S+sAsqpzpSvf+uAgZw==&source=srp,https://www.accenture.com,0.0,"Company: Accenture | Exp: 10-13 yrs | Salary: Not disclosed | Skills: AI Transformation Solutions, Enterprise Process Reengineering, Stakeholder Management, Data Strategy Development, Change Management Planning | The Work Basic Requirements Lead Discovery Workshops With Business Stakeholders To Identify Pain Points, Opportunities, And AI Transformation Use Cases. Design And Articulate End-to-end A...",TimesJobs
"Title:
        

    Specialist - ASPICE Consultant",Birlasoft,"Pune, Bengaluru, Noida/Greater Noida, Mumbai, Chennai",2026-09-12,https://www.timesjobs.com/job-detail/title-specialist-aspice-consultant-birlasoft-pune-bengaluru-noidagreater-noida-mumbai-chennai-4-6-years-jobid-E+8xmWevHKtzpSvf+uAgZw==&source=srp,https://www.birlasoft.com,0.0,"Company: Birlasoft | Exp: 4-6 yrs | Salary: Not disclosed | Skills: ASPICE Roadmap Development, AUTOSAR BSW Expertise, Quality Assurance Activities, Functional Safety Management, Team Leadership Experience | Area(s) Of Responsibility Empowered By Innovation Birlasoft, A Global Leader At The Forefront Of Cloud, AI, And Digital Technologies, Seamlessly Blends Domain Expertise With Enterprise Solutio...",TimesJobs
"Senior Software Engineer, Full Stack, YouTube Creator Studio",Google,Bengaluru,2026-09-12,https://www.timesjobs.com/job-detail/senior-software-engineer-full-stack-youtube-creator-studio-google-bengaluru-5-8-years-jobid-KEdaah4iWKtzpSvf+uAgZw==&source=srp,https://www.google.com,0.0,"Company: Google | Exp: 5-8 yrs | Salary: Not disclosed | Skills: Full Stack Development, Software Design, Code Review, Technical Leadership, Problem Solving | Senior Software Engineer, Full Stack, YouTube Creator Studio Share Share Senior Software Engineer, Full Stack, YouTube Creator Studio Link Copy Link Email Email A Friend Corporate_fare YouTube Place Bengaluru, Karnata...",TimesJobs
"Senior Silicon Electrical Validation Engineer, Google Cloud",Google,Bengaluru,2026-09-12,https://www.timesjobs.com/job-detail/senior-silicon-electrical-validation-engineer-google-cloud-google-bengaluru-8-11-years-jobid-HDpNUaADc2tzpSvf+uAgZw==&source=srp,https://www.google.com,0.0,"Company: Google | Exp: 8-11 yrs | Salary: Not disclosed | Skills: Silicon Validation Testing, Embedded Software Development, Hardware Emulation Experience, Debugging Methodologies, Scripting Automation (Python) | Senior Silicon Electrical Validation Engineer, Google Cloud Location: Bengaluru, Karnataka, India Experience Level: Mid Share This Job Copy Link Email A Friend Minimum Qualifications: Bac...",TimesJobs
Specialist System Engineering (MSP Labs Lead),AT&T,Bengaluru,2026-09-12,https://www.timesjobs.com/job-detail/specialist-system-engineering-msp-labs-lead-att-bengaluru-3-7-years-jobid-C2EcaFbuM55zpSvf+uAgZw==&source=srp,https://www.att.com,0.0,"Company: AT&T | Exp: 3-7 yrs | Salary: Not disclosed | Skills: Automation Framework Development, Mobile Packet Core, Linux/Unix Administration, Reusable Automation Patterns, Technical Leadership | Job Responsibilities Automation Architecture &amp; Framework Development Own And Enhance The GMOP Automation Framework, ANT-based Test Automation, And Related Tooling. Develop Reusable, Modular, Environm...",TimesJobs
"Strategic Partner Manager, YouTube",Google,"Mumbai, Bengaluru, Gurugram",2026-09-12,https://www.timesjobs.com/job-detail/strategic-partner-manager-youtube-google-mumbai-bengaluru-gurugram-4-5-years-jobid-NafWdA05i0JzpSvf+uAgZw==&source=srp,https://www.google.com,0.0,"Company: Google | Exp: 4-5 yrs | Salary: Not disclosed | Skills: Business Development, Strategic Consultation, Cross Functional Collaboration, Partnership Management, Data Analysis | Strategic Partner Manager, YouTube Location: Mumbai, Maharashtra, India; Bengaluru, Karnataka, India; Gurugram, Haryana, India Experience Level: Mid Job Summary: As A Strategic Partner Manager (SPM) On The Content Par...",TimesJobs
Contractor - Salesforce Job Job Details | Yash Technologies,Yash Technologies,Bengaluru,2026-09-12,https://www.timesjobs.com/job-detail/contractor-salesforce-job-job-details-yash-technologies-yash-technologies-bengaluru-7-10-years-jobid-58OlWhO9kQpzpSvf+uAgZw==&source=srp,https://www.yash.in,0.0,"Company: Yash Technologies | Exp: 7-10 yrs | Salary: Not disclosed | Skills: Salesforce Administration, Salesforce Development, Apex Programming, Data Management, Stakeholder Collaboration | Contractor - Salesforce Job Date: Sep 5, 2026 Job Requisition Id: 65832 Location: Bangalore, KA, IN YASH Technologies Is A Leading Technology Integrator Specializing In Helping Clients Reimagine Operating Mode...",TimesJobs
APPLICATION ARCHITECT L1,Wipro,Bengaluru,2026-09-12,https://www.timesjobs.com/job-detail/application-architect-l1-wipro-bengaluru-8-10-years-jobid-SIzY33wDJmtzpSvf+uAgZw==&source=srp,https://www.wipro.com,0.0,"Company: Wipro | Exp: 8-10 yrs | Salary: Not disclosed | Skills: Salesforce BC Commerce, Application Architecture Design, Database Integration Assessment, Requirement Analysis Coordination, Troubleshooting Support | Job Title: APPLICATION ARCHITECT L1 City: Bengaluru State/Province: Karnataka Posting Start Date: 9/12/26 Wipro Limited (NYSE: WIT, BSE: 507685, NSE: WIPRO) Is A Leading Technology Ser...",TimesJobs
"Senior Staff Software Engineer, YouTube Create",Google,Bengaluru,2026-09-12,https://www.timesjobs.com/job-detail/senior-staff-software-engineer-youtube-create-google-bengaluru-8-11-years-jobid-g+63qUnzylJzpSvf+uAgZw==&source=srp,https://www.google.com,0.0,"Company: Google | Exp: 8-11 yrs | Salary: Not disclosed | Skills: Software Development, Technical Leadership, Full Stack Development, Large Scale Systems, Cross Organizational Collaboration | Senior Staff Software Engineer, YouTube Create Location: Bengaluru, Karnataka, India Experience Level: Advanced Minimum Qualifications Bachelor's Degree Or Equivalent Practical Experience. 8 Years Of Experien...",TimesJobs
Career Opportunities: React JS Developer (50553),Incedo,"Gurugram, Pune, Bengaluru",2026-09-12,https://www.timesjobs.com/job-detail/career-opportunities-react-js-developer-50553-incedo-gurugram-pune-bengaluru-4-6-years-jobid-BaHVB9nge15zpSvf+uAgZw==&source=srp,https://www.incedo.ai,0.0,"Company: Incedo | Exp: 4-6 yrs | Salary: Not disclosed | Skills: Front End Development, ReactJS Proficiency, JavaScript Expertise, RESTful API Design, CI/CD Tools Familiarity | Company Overview Incedo Is A US Based Consulting, Analytics And Technology Services Firm Incorporated In 2011. We Are Headquartered Out Of New Jersey With 2500+ Employees Based Globally Out Of The Offices In New Jerse...",TimesJobs
"Cloud AI Engineer, Technical Onboarding Center",Google,"Bengaluru, Hyderabad/Secunderabad, Gurugram",2026-09-12,https://www.timesjobs.com/job-detail/cloud-ai-engineer-technical-onboarding-center-google-bengaluru-hyderabadsecunderabad-gurugram-6-9-years-jobid-qEaEkcz6KhRzpSvf+uAgZw==&source=srp,https://www.google.com,0.0,"Company: Google | Exp: 6-9 yrs | Salary: Not disclosed | Skills: Cloud Architecture, AI/ML Implementation, Python Development, Microservices Deployment, Technical Consulting | Cloud AI Engineer, Technical Onboarding Center Locations: Bengaluru, Karnataka, India; Hyderabad, Telangana, India; +2 More; +1 More Experience Level: Mid Experience: Driving Progress, Solving Problems, And Mentoring ...",TimesJobs
"Software Engineer II, Android",Google,Bengaluru,2026-09-12,https://www.timesjobs.com/job-detail/software-engineer-ii-android-google-bengaluru-1-4-years-jobid-hEjLo5y__SLASH__dVFzpSvf+uAgZw==&source=srp,https://www.google.com,0.0,"Company: Google | Exp: 1-4 yrs | Salary: Not disclosed | Skills: Software Development, Code Review Practices, Problem Solving, Mobile Technologies, Accessibility Development | Software Engineer II, Android Location: Bengaluru, Karnataka, India Experience Level: Early Job Summary: Google's Software Engineers Develop The Next-generation Technologies That Change How Billions Of Users Connect, ...",TimesJobs
"Sales Development Representative SDR Intern Jobs Opening in InsideJob Sales at HSR, BangaloreLess",,Bangalore,N/A,https://www.freshersworld.com/jobs/sales-development-representative-sdr-intern-jobs-opening-in-insidejob-sales-at-hsr-bangalore-2926215,N/A,,Company:  | Location: Bangalore | Qualification: 20000 - 35000 Monthly | 14 September 2026 Apply for the latest Sales Developmen...,Freshersworld
Customer Support Representative,,Bangalore,N/A,https://www.freshersworld.com/jobs/customer-support-representative-in-bengaluru-for-for-a-client-of-teamlease-digital-2946944,N/A,,Company:  | Location: Bangalore | Qualification: 1000 - 56000 Monthly | 14 September 2026 - Apply for the latest Customer Suppor...,Freshersworld
Customer Support Representative,,Bangalore,N/A,https://www.freshersworld.com/jobs/customer-support-representative-in-bengaluru-for-for-a-client-of-teamlease-digital-2928917,N/A,,Company:  | Location: Bangalore | Qualification: 1000 - 60000 Monthly | 14 September 2026 - Apply for the latest Customer Suppor...,Freshersworld
Customer Service Representative,,Bangalore,N/A,https://www.freshersworld.com/jobs/customer-service-representative-in-bengaluru-for-for-a-client-of-teamlease-digital-2907697,N/A,,Company:  | Location: Bangalore | Qualification: 1000 - 56000 Monthly | For a Client of TeamLease Digital invited new job notifi...,Freshersworld
Customer Support Representative,,Bangalore,N/A,https://www.freshersworld.com/jobs/customer-support-representative-in-bengaluru-for-for-a-client-of-teamlease-digital-2951279,N/A,,Company:  | Location: Bangalore | Qualification: 1000 - 56000 Monthly | 14 September 2026 - Apply for the latest Customer Suppor...,Freshersworld
Capital Markets Services Representative,,Bangalore,N/A,https://www.freshersworld.com/jobs/capital-markets-services-representative-in-bengaluru-for-for-a-client-of-teamlease-digital-2948028,N/A,,Company:  | Location: Bangalore | Qualification: 1000 - 45000 Monthly | 14 September 2026 - Apply for the latest Capital Markets...,Freshersworld
Capital Markets Services Representative,,Bangalore,N/A,https://www.freshersworld.com/jobs/capital-markets-services-representative-in-bengaluru-for-for-a-client-of-teamlease-digital-2951636,N/A,,Company:  | Location: Bangalore | Qualification: 1000 - 45000 Monthly | 14 September 2026 - Apply for the latest Capital Markets...,Freshersworld
Development Engineer,,Bangalore,N/A,https://www.freshersworld.com/jobs/development-engineer-jobs-opening-in-a-client-of-freshersworld-at-bangalore-2930564,N/A,,Company:  | Location: Bangalore | Qualification: 25000 - 50000 Monthly | Apply to Development Engineer Jobs in A Client of Freshe...,Freshersworld
"Business Development Manager Jobs Opening in 3 POINT HUMAN CAPITAL PVT LTD at Banashankari, BangaloreLess",,Bangalore,N/A,https://www.freshersworld.com/jobs/business-development-manager-jobs-opening-in-3-point-human-capital-pvt-ltd-at-banashankari-bangalore-2930553,N/A,,Company:  | Location: Bangalore | Qualification: 21000 - 22000 Monthly | 14 September 2026 Apply for the latest Business Develop...,Freshersworld
Assistant General Manager Business Development-Sales Jobs Opening in SBI Payments Services Pvt Ltd at BengaluruLess,,Bangalore,N/A,https://www.freshersworld.com/jobs/assistant-general-manager-business-development-sales-in-bengaluru-for-sbi-payments-services-pvt-ltd-2915708,N/A,,Company:  | Location: Bangalore | Qualification: 400000 - 500000 Monthly | SBI Payments Services Pvt Ltd invited new job notificati...,Freshersworld
"Business Development Interns Jobs Opening in Codingal Technologies Private Limited at HSR, BangaloreLess",,Bangalore,N/A,https://www.freshersworld.com/jobs/business-development-interns-jobs-opening-in-codingal-technologies-private-limited-at-hsr-bangalore-2939221,N/A,,Company:  | Location: Bangalore | Qualification: 20000 - 22000 Monthly | 14 September 2026 Apply for the latest Business Develop...,Freshersworld
"Business Development Executive Jobs Opening in Aishwarya Groups at JP Nagar, BangaloreLess",,Bangalore,N/A,https://www.freshersworld.com/jobs/business-development-executive-jobs-opening-in-aishwarya-groups-at-jp-nagar-bangalore-2930011,N/A,,Company:  | Location: Bangalore | Qualification: 20000 - 25000 Monthly | 14 September 2026 Apply for the latest Business Develop...,Freshersworld
"Business Development Executive Jobs Opening in Gimbal Technologies at Bommanahalli, Bangalore-Others, BangaloreLess",,Bangalore,N/A,https://www.freshersworld.com/jobs/business-development-executive-jobs-opening-in-gimbal-technologies-at-bommanahalli-bangalore-others-bangalore-2928348,N/A,,Company:  | Location: Bangalore | Qualification: 20000 - 30000 Monthly | 14 September 2026 Apply for the latest Business Develop...,Freshersworld
"Business Development Associate Jobs Opening in Codingal Technologies Private Limited at HSR, BangaloreLess",,Bangalore,N/A,https://www.freshersworld.com/jobs/business-development-associate-jobs-opening-in-codingal-technologies-private-limited-at-hsr-bangalore-2939223,N/A,,Company:  | Location: Bangalore | Qualification: 20000 - 22000 Monthly | 14 September 2026 Apply for the latest Business Develop...,Freshersworld
"Business Development Manager Jobs Opening in BS talent solutions PVT LTD at HBR Layout, BangaloreLess",,Bangalore,N/A,https://www.freshersworld.com/jobs/business-development-manager-jobs-opening-in-bs-talent-solutions-pvt-ltd-at-hbr-layout-bangalore-2939759,N/A,,Company:  | Location: Bangalore | Qualification: 50000 - 75000 Monthly | 14 September 2026 Apply for the latest Business Develop...,Freshersworld
"Business Development Associate Jobs Opening in Indian Edu Hub at Koramangala, BangaloreLess",,Bangalore,N/A,https://www.freshersworld.com/jobs/business-development-associate-jobs-opening-in-indian-edu-hub-at-koramangala-bangalore-2951513,N/A,,Company:  | Location: Bangalore | Qualification: 20000 - 30000 Monthly | 14 September 2026 Apply for the latest Business Develop...,Freshersworld
"Business Development Executive Jobs Opening in 2nds Commerce Pvt Ltd at Bangalore-Others, BangaloreLess",,Bangalore,N/A,https://www.freshersworld.com/jobs/business-development-executive-jobs-opening-in-2nds-commerce-pvt-ltd-at-bangalore-others-bangalore-2946902,N/A,,Company:  | Location: Bangalore | Qualification: 25000 - 30000 Monthly | 14 September 2026 Apply for the latest Business Develop...,Freshersworld
"Business Development Executive Jobs Opening in RoomAdda Urban Solutions Pvt. Ltd. at Koramangala, BangaloreLess",,Bangalore,N/A,https://www.freshersworld.com/jobs/business-development-executive-jobs-opening-in-roomadda-urban-solutions-pvt-ltd-at-koramangala-bangalore-2933265,N/A,,Company:  | Location: Bangalore | Qualification: 15000 - 25000 Monthly | 14 September 2026 Apply for the latest Business Develop...,Freshersworld
"Web Development Intern Jobs Opening in Procyon TechSolutions Private Limited at Electronic City, BangaloreLess",,Bangalore,N/A,https://www.freshersworld.com/jobs/web-development-intern-jobs-opening-in-procyon-techsolutions-private-limited-at-electronic-city-bangalore-2939222,N/A,,Company:  | Location: Bangalore | Qualification: 15000 Monthly | 14 September 2026 Apply for the latest Web Development ...,Freshersworld
Business Development Executive,,Bangalore,N/A,https://www.freshersworld.com/jobs/business-development-executive-jobs-opening-in-client-of-teamlease-at-bangalore-2949207,N/A,,Company:  | Location: Bangalore | Qualification: Salary not disclosed | Apply to Business Development Executive Jobs in Client o...,Freshersworld
Hardware Development Engineer,,Bangalore,N/A,https://www.freshersworld.com/jobs/hardware-development-engineer-jobs-opening-in-a-client-of-freshersworld-at-bangalore-2950389,N/A,,Company:  | Location: Bangalore | Qualification: Salary not disclosed | Apply to Hardware Development Engineer Jobs in A Client ...,Freshersworld
Software Development Engineer,,Bangalore,N/A,https://www.freshersworld.com/jobs/software-development-engineer-jobs-opening-in-a-client-of-freshersworld-at-bangalore-2949509,N/A,,Company:  | Location: Bangalore | Qualification: Salary not disclosed | Apply to Software Development Engineer Jobs in A Client ...,Freshersworld
Software Development Internship,,Bangalore,N/A,https://www.freshersworld.com/jobs/software-development-internship-jobs-opening-in-a-client-of-freshersworld-at-bangalore-2950805,N/A,,Company:  | Location: Bangalore | Qualification: Salary not disclosed | Apply to Software Development Internship Jobs in A Clien...,Freshersworld
Software Development Engineer,,Bangalore,N/A,https://www.freshersworld.com/jobs/software-development-engineer-jobs-opening-in-client-of-teamlease-at-bangalore-2948959,N/A,,Company:  | Location: Bangalore | Qualification: Salary not disclosed | Apply to Software Development Engineer Jobs in Client of...,Freshersworld
"Freelance Business Development Executive Jobs Opening in VillageTalkies at Basavanagudi, BangaloreLess",,Bangalore,N/A,https://www.freshersworld.com/jobs/freelance-business-development-executive-jobs-opening-in-villagetalkies-at-basavanagudi-bangalore-2951290,N/A,,Company:  | Location: Bangalore | Qualification: 50000 - 100000 Monthly | 14 September 2026 Apply for the latest Freelance Busine...,Freshersworld
"Freelance Business Development Executive Jobs Opening in VillageTalkies at Brookefields, BangaloreLess",,Bangalore,N/A,https://www.freshersworld.com/jobs/freelance-business-development-executive-jobs-opening-in-villagetalkies-at-brookefields-bangalore-2933264,N/A,,Company:  | Location: Bangalore | Qualification: 50000 - 100000 Monthly | 14 September 2026 Apply for the latest Freelance Busine...,Freshersworld
Sales ManagerJobs Opening in Cadila Pharmaceuticals Ltd at BangaloreLess,,Bangalore,N/A,https://www.freshersworld.com/jobs/sales-managerjobs-opening-in-cadila-pharmaceuticals-ltd-at-bangalore-2944202,N/A,,Company:  | Location: Bangalore | Qualification: Salary not disclosed | Apply to Sales Manager Jobs in Cadila Pharmaceuticals Lt...,Freshersworld
Sales ManagerJobs Opening in Cadila Pharmaceuticals Ltd at BangaloreLess,,Bangalore,N/A,https://www.freshersworld.com/jobs/sales-managerjobs-opening-in-cadila-pharmaceuticals-ltd-at-bangalore-2926769,N/A,,Company:  | Location: Bangalore | Qualification: Salary not disclosed | Apply to Sales Manager Jobs in Cadila Pharmaceuticals Lt...,Freshersworld
Sales ManagerJobs Opening in Cadila Pharmaceuticals Ltd at BangaloreLess,,Bangalore,N/A,https://www.freshersworld.com/jobs/sales-managerjobs-opening-in-cadila-pharmaceuticals-ltd-at-bangalore-2951587,N/A,,Company:  | Location: Bangalore | Qualification: Salary not disclosed | Apply to Sales Manager Jobs in Cadila Pharmaceuticals Lt...,Freshersworld
Channel Sales,,"Bangalore, Belagavi, Ballari...",N/A,https://www.freshersworld.com/jobs/channel-sales-in-karnataka-for-for-a-client-of-teamlease-services-ltd-2914521,N/A,,"Company:  | Location: Bangalore, Belagavi, Ballari... | Qualification: 21000 - 22000 Monthly | 14 September 2026 - Apply for the latest Channel Sales J...",Freshersworld
Inside Sales Job Opening in POONAWALLA FINCORP LIMITED at BengaluruLess,,Bangalore,N/A,https://www.freshersworld.com/jobs/inside-sales-in-bengaluru-for-poonawalla-fincorp-limited-2933803,N/A,,Company:  | Location: Bangalore | Qualification: 18000 - 25000 Monthly | 14 September 2026 - Apply for the latest Inside Sales Jo...,Freshersworld
Sales Engineer,,Bangalore,N/A,https://www.freshersworld.com/jobs/sales-engineer-jobs-opening-in-client-of-hr-tech-at-bangalore-2930971,N/A,,"Company:  | Location: Bangalore | Qualification: 25000 - 48000 Monthly | Apply to Sales Engineer Jobs in Client Of HR Tech, Banga...",Freshersworld
"Growth Associate / Business Development Executive Jobs Opening in Maxim Realty Advisors at HSR, BangaloreLess",,Bangalore,N/A,https://www.freshersworld.com/jobs/growth-associate-business-development-executive-jobs-opening-in-maxim-realty-advisors-at-hsr-bangalore-2926193,N/A,,Company:  | Location: Bangalore | Qualification: 30000 - 35000 Monthly | 14 September 2026 Apply for the latest Growth Associate...,Freshersworld
"Field Sales Executive Jobs Opening in Brimbus Production Pvt. Ltd at BTM, BangaloreLess",,Bangalore,N/A,https://www.freshersworld.com/jobs/field-sales-executive-jobs-opening-in-brimbus-production-pvt-ltd-at-btm-bangalore-2951428,N/A,,Company:  | Location: Bangalore | Qualification: 20000 - 30000 Monthly | 14 September 2026 Apply for the latest Field Sales Exec...,Freshersworld
Senior Learning and Development Trainer Job Opening in Accenture Solutions Private Limited at KarnatakaLess,,"Bangalore, Belagavi, Ballari...",N/A,https://www.freshersworld.com/jobs/senior-learning-and-development-trainer-in-karnataka-for-accenture-solutions-private-limited-2943046,N/A,,"Company:  | Location: Bangalore, Belagavi, Ballari... | Qualification: 20000 - 200000 Monthly | 14 September 2026 - Apply for the latest Senior Learning...",Freshersworld
Retail Sales Executive Job Opening in Stove Kraft Limited at BengaluruLess,,Bangalore,N/A,https://www.freshersworld.com/jobs/retail-sales-executive-in-bengaluru-for-stove-kraft-limited-2951656,N/A,,Company:  | Location: Bangalore | Qualification: 19000 - 22000 Monthly | 14 September 2026 - Apply for the latest Retail Sales Ex...,Freshersworld
virtual sales executive Job Opening in Tata AIG General Insurance Company Limited at BengaluruLess,,Bangalore,N/A,https://www.freshersworld.com/jobs/virtual-sales-executive-in-bengaluru-for-tata-aig-general-insurance-company-limited-2937029,N/A,,Company:  | Location: Bangalore | Qualification: 22000 - 23000 Monthly | 14 September 2026 - Apply for the latest virtual sales e...,Freshersworld
Sales Associate Jobs Opening in TATA PLAY BROADBAND PRIVATE LIMITED at BengaluruLess,,Bangalore,N/A,https://www.freshersworld.com/jobs/sales-associate-in-bengaluru-for-tata-play-broadband-private-limited-2833249,N/A,,Company:  | Location: Bangalore | Qualification: 16000 - 28000 Monthly | TATA PLAY BROADBAND PRIVATE LIMITED invited new job noti...,Freshersworld
"Advertising Sales Intern Jobs Opening in Cronbay Technologies at Whitefield, BangaloreLess",,Bangalore,N/A,https://www.freshersworld.com/jobs/advertising-sales-intern-jobs-opening-in-cronbay-technologies-at-whitefield-bangalore-2951555,N/A,,Company:  | Location: Bangalore | Qualification: 15000 - 20000 Monthly | 14 September 2026 Apply for the latest Advertising Sale...,Freshersworld
"International Sales Executive Jobs Opening in PURE TRUHERB PRIVATE LIMITED at MG Road, BangaloreLess",,Bangalore,N/A,https://www.freshersworld.com/jobs/international-sales-executive-jobs-opening-in-pure-truherb-private-limited-at-mg-road-bangalore-2932160,N/A,,Company:  | Location: Bangalore | Qualification: 35000 - 45000 Monthly | 14 September 2026 Apply for the latest International Sa...,Freshersworld
"Retail Sales Associate Jobs Opening in Livspace at Marathahalli, Sarjapur Road, BangaloreLess",,Bangalore,N/A,https://www.freshersworld.com/jobs/retail-sales-associate-jobs-opening-in-livspace-at-marathahalli-sarjapur-road-bangalore-2935945,N/A,,Company:  | Location: Bangalore | Qualification: 25000 - 30000 Monthly | 14 September 2026 Apply for the latest Retail Sales Ass...,Freshersworld
Sales Officer Projects Job Opening in Ujjivan Small Finance bank Limited at BengaluruLess,,Bangalore,N/A,https://www.freshersworld.com/jobs/sales-officer-projects-in-bengaluru-for-ujjivan-small-finance-bank-limited-2931085,N/A,,Company:  | Location: Bangalore | Qualification: 16000 - 22000 Monthly | 14 September 2026 - Apply for the latest Sales Officer ...,Freshersworld
"Field Sales Executive Jobs Opening in Filza Group India Pvt Ltd at Whitefield, BangaloreLess",,Bangalore,N/A,https://www.freshersworld.com/jobs/field-sales-executive-jobs-opening-in-filza-group-india-pvt-ltd-at-whitefield-bangalore-2937632,N/A,,Company:  | Location: Bangalore | Qualification: 25000 - 35000 Monthly | 14 September 2026 Apply for the latest Field Sales Exec...,Freshersworld
"Technical Sales Engineer Jobs Opening in Keystone Dispensol Private Limited at Electronic City, Guindy, Bangalore, ChennaiLess",,"Bangalore, Chennai",N/A,https://www.freshersworld.com/jobs/technical-sales-engineer-jobs-opening-in-keystone-dispensol-private-limited-at-electronic-city-guindy-bangalore-chennai-2951524,N/A,,"Company:  | Location: Bangalore, Chennai | Qualification: 28000 - 35000 Monthly | 14 September 2026 Apply for the latest Technical Sales ...",Freshersworld
Retail Sales Associate Jobs Opening in Duroflex Private Limited at BengaluruLess,,Bangalore,N/A,https://www.freshersworld.com/jobs/retail-sales-associate-in-bengaluru-for-duroflex-private-limited-2885954,N/A,,Company:  | Location: Bangalore | Qualification: 27000 - 33000 Monthly | Duroflex Private Limited invited new job notification 05...,Freshersworld
"Field Sales Executive B.D.E Jobs Opening in Threxa at Bangalore-Others, BangaloreLess",,Bangalore,N/A,https://www.freshersworld.com/jobs/field-sales-executive-b-d-e-jobs-opening-in-threxa-at-bangalore-others-bangalore-2939758,N/A,,Company:  | Location: Bangalore | Qualification: 15000 - 22000 Monthly | 14 September 2026 Apply for the latest Field Sales Exec...,Freshersworld
Senior Sales Associate TL Job Opening in TATA PLAY BROADBAND PRIVATE LIMITED at BengaluruLess,,Bangalore,N/A,https://www.freshersworld.com/jobs/senior-sales-associate-tl-in-bengaluru-for-tata-play-broadband-private-limited-2944167,N/A,,Company:  | Location: Bangalore | Qualification: 16000 - 40000 Monthly | 14 September 2026 - Apply for the latest Senior Sales As...,Freshersworld
"Marketing And Sales Intern Jobs Opening in Letzstepin Private Limited at Wakad, Bangalore, Mumbai, PuneLess",,"Bangalore, Mumbai, Pune",N/A,https://www.freshersworld.com/jobs/marketing-and-sales-intern-jobs-opening-in-letzstepin-private-limited-at-wakad-bangalore-mumbai-pune-2951752,N/A,,"Company:  | Location: Bangalore, Mumbai, Pune | Qualification: 3000 - 8000 Monthly | 14 September 2026 Apply for the latest Marketing And Sa...",Freshersworld
"Sales Executive Commercial Industrial Lighting Jobs Opening in Lighting at Whitefield, Yelahanka, Bangalore-Others, BangaloreLess",,Bangalore,N/A,https://www.freshersworld.com/jobs/sales-executive-commercial-industrial-lighting-jobs-opening-in-lighting-at-whitefield-yelahanka-bangalore-others-bangalore-2937605,N/A,,Company:  | Location: Bangalore | Qualification: 17000 - 25000 Monthly | 14 September 2026 Apply for the latest Sales Executive ...,Freshersworld
"Associate Sales And Marketing Role Jobs Opening in Uprio at Bangalore, Chennai, HyderabadLess",,"Hyderabad, Bangalore, Chennai",N/A,https://www.freshersworld.com/jobs/associate-sales-and-marketing-role-jobs-opening-in-uprio-at-bangalore-chennai-hyderabad-2951531,N/A,,"Company:  | Location: Hyderabad, Bangalore, Chennai | Qualification: 40000 - 55000 Monthly | 14 September 2026 Apply for the latest Associate Sales ...",Freshersworld
Executive -Telesales Job Opening in Tata AIG General Insurance Company Limited at BengaluruLess,,Bangalore,N/A,https://www.freshersworld.com/jobs/executive-telesales-in-bengaluru-for-tata-aig-general-insurance-company-limited-2940912,N/A,,Company:  | Location: Bangalore | Qualification: 21000 - 22000 Monthly | 14 September 2026 - Apply for the latest Executive -Tele...,Freshersworld
Sales Development Representative - US,Simplilearn,Bengaluru,2026-09-08,https://www.naukri.com/job-listings-sales-development-representative-us-simplilearn-bengaluru-2-to-5-years-120826028953,https://www.simplilearn.com,,Shift Timing: US - 6:00 PM - 3:00 AM Bachelor s degree in business or related field 2-3...,Naukri
Sales Development Representative ( SDR ) - US Region,Itilite,Bengaluru,2026-09-08,https://www.naukri.com/job-listings-sales-development-representative-sdr-us-region-itilite-technologies-private-limited-bengaluru-0-to-2-years-100926917510,https://www.itilite.com,,Someone with prior experience in the US region (6+ months) Prior experience in Tech Sal...,Naukri
Sales Development Representative (SDR),Zeta Biosystem,Bengaluru,2026-08-22,https://www.naukri.com/job-listings-sales-development-representative-sdr-zeta-biosystem-bengaluru-1-to-3-years-050826503687,https://www.zetabiosystem.com,,Job Details. Job Category: Sales. Job Type: Full Time. Job Location: Manufacturing Unit...,Naukri
Sales Development Representative - Outbound,Cleartax,Bengaluru,2026-09-06,https://www.naukri.com/job-listings-sales-development-representative-outbound-cleartax-bengaluru-2-to-6-years-120526036500,https://www.cleartax.in,,"Experience: 1 5 years of experience in an outbound SDR / BDR role, specifically targeti...",Naukri
Email Sales Development Representative (SDR),Keka Technologies,"Hyderabad, Bengaluru",2026-09-06,https://www.naukri.com/job-listings-email-sales-development-representative-sdr-keka-technologies-hyderabad-bengaluru-0-to-5-years-080926025183,https://www.keka.io,,"About Keka:Keka is India's #1 People Operations Platform, trusted by 8, 500+ businesse...",Naukri
Sales Development Representative (SDR),Xoxoday,Bengaluru,2026-09-05,https://www.naukri.com/job-listings-sales-development-representative-sdr-xoxoday-bengaluru-1-to-3-years-310826501199,https://www.xoxoday.com,,1-3 years of experience in B2B sales or sales development. Experience with outbound pro...,Naukri
Sales Development Representative (SDR)-US,Keka Technologies,"Hyderabad, Bengaluru",2026-08-29,https://www.naukri.com/job-listings-sales-development-representative-sdr-us-keka-technologies-hyderabad-bengaluru-1-to-5-years-310826003910,https://www.keka.io,,"Experience: 1-2 Years (Cold Calling Experience Required, including at least 6 months of...",Naukri
Sales Development Representative,Juddoc,Hybrid - Bengaluru,2026-08-22,https://www.naukri.com/job-listings-sales-development-representative-juddoc-services-bengaluru-0-to-2-years-190826016641,https://www.juddoc.com,,Sending emails and campaign to leads. MUST have Qualifications Experience in the B2B Sa...,Naukri
Sales Development Representative,Simplilearn,Bengaluru,2026-09-05,https://www.naukri.com/job-listings-sales-development-representative-simplilearn-bengaluru-2-to-6-years-010926025606,https://www.simplilearn.com,,Shift Timing: US - 6:00 PM - 3:00 AM Bachelor s degree in business or related field 2-3...,Naukri
Sales Development Representative (SDR),Data Semantics,Bengaluru,2026-09-05,https://www.naukri.com/job-listings-sales-development-representative-sdr-data-semantics-bengaluru-3-to-5-years-310826501613,https://www.datasemantics.co,,"Experience engaging CXO, VP, Director, Manager-level stakeholders in B2B environments. ...",Naukri
Sales Development Representative (SDR),Invisia,Bengaluru,2026-09-08,https://www.naukri.com/job-listings-sales-development-representative-sdr-invisia-bengaluru-5-to-10-years-100926019706,https://www.invisia.com,,Sales Development Representative (SDR) US Mortgage & Title BPOAbout the RoleWe are look...,Naukri
Sales Development Representative,Upstrive Consulting,Remote,2026-09-05,https://www.naukri.com/job-listings-sales-development-representative-upstrive-consulting-bengaluru-2-to-5-years-010926036647,https://www.upstriveconsulting.com,,We only work for Permanent Hiring and Value Based SearchesEngineering / technical backg...,Naukri
Sales Development Representative,Leadgenerator,Bengaluru,2026-09-12,https://www.naukri.com/job-listings-sales-development-representative-leadgenerator-io-bengaluru-2-to-4-years-140926501442,https://www.leadgenerator.io,,Qualifications . Masters degree in Marketing or a related field. . 2-4 years of proven ...,Naukri
Sales Development Representative,Locobuzz,"Mumbai, Gurugram, Bengaluru(Koramangala)",2026-09-09,https://www.naukri.com/job-listings-sales-development-representative-locobuzz-mumbai-gurugram-bengaluru-2-to-7-years-100926036204,https://www.locobuzz.com,,"What Were Looking For: . MBA or a Bachelors degree in Business, Marketing, or a related...",Naukri
Sales Development Representative,Ginger Media Group,Bengaluru,2026-08-22,https://www.naukri.com/job-listings-sales-development-representative-ginger-media-group-bengaluru-0-to-3-years-300625500410,https://www.gingermedia.net,,Role Definition: Sales Development Representative would be primarily responsible for at...,Naukri
Sales Development Representative,Tutorcloud Ai,Bengaluru,2026-09-09,https://www.naukri.com/job-listings-sales-development-representative-tutorcloud-ai-bengaluru-3-to-5-years-110926016297,N/A,,"Sales Development Representative, USAB2B SALES • BENGALURU • NIGHT SHIFT, US HOURSAlso ...",Naukri
Sales Development Representative,Botree Software,"Gurugram, Chennai, Bengaluru",2026-09-09,https://www.naukri.com/job-listings-sales-development-representative-botree-software-gurugram-chennai-bengaluru-1-to-4-years-140826013290,https://www.botreesoftware.com,,"Should be proficient in Microsoft Office especially Word, Excel and PowerpointHands-on ...",Naukri
Sales Development Representative - Cybersecurity,Akamai,Bengaluru,2026-08-29,https://www.naukri.com/job-listings-sales-development-representative-cybersecurity-akamai-technologies-bengaluru-4-to-9-years-260826503676,N/A,,Demonstrate prior experience in Cybersecurity. . Have an interest in analyzing and iden...,Naukri
Sales Development Representative,Sycurio,Bengaluru,2026-09-07,https://www.naukri.com/job-listings-sales-development-representative-sycurio-bengaluru-2-to-7-years-090926501241,https://www.sycurio.com,,Qualifications and Experience . 2+ years of experience in a B2B outbound sales or lead ...,Naukri
Sales Development Representative,Cyberei,Bengaluru,2026-09-07,https://www.naukri.com/job-listings-sales-development-representative-cyberei-bengaluru-2-to-5-years-090926501982,https://www.cyberei.com,,Job Summary Position: Sales Development Representative (SDR) Experience: 2-5 Years Empl...,Naukri
Sales Development Representative I,Cleartax,Bengaluru,2026-08-22,https://www.naukri.com/job-listings-sales-development-representative-i-cleartax-bengaluru-1-to-3-years-060726504845,https://www.cleartax.in,,1-5 years of experience in target-driven SaaS sales domainPrior work experience in SaaS...,Naukri
Sales Development Representative,Observe.AI,Bengaluru,2026-09-05,https://www.naukri.com/job-listings-sales-development-representative-observe-ai-bengaluru-1-to-4-years-020926502670,https://www.observe.ai,,"Comfort operating in a fast-paced, high-energy environment where priorities can shift q...",Naukri
Sales Development Representative,Asteroidx,Bengaluru(Jayanagar),2026-08-29,https://www.naukri.com/job-listings-sales-development-representative-asteroidx-bengaluru-0-to-3-years-280826011460,https://www.asteroidx.com,,"Job Details:Title: Sales Development Representative (SDR)Location: Jayanagar, Bangalor...",Naukri
Sales Development Representative,Bitonic Technology Labs,Bengaluru,2026-09-05,https://www.naukri.com/job-listings-sales-development-representative-bitonic-technology-labs-bengaluru-2-to-4-years-020926008609,N/A,,Hold a strict speed-to-lead SLA first touch within 5 minutes for high-intent leads duri...,Naukri
Sales Development Representative (SDR)- USA shift,Xoxoday,Bengaluru,2026-08-22,https://www.naukri.com/job-listings-sales-development-representative-sdr-usa-shift-xoxoday-bengaluru-3-to-5-years-080626503187,https://www.xoxoday.com,,Develop and execute sales strategies to achieve business objectives Build and maintain...,Naukri
Sales Development Representative (SDR),Aekot,Bengaluru,2026-08-22,https://www.naukri.com/job-listings-sales-development-representative-sdr-aekot-consulting-and-technologies-private-limited-bengaluru-0-to-3-years-270126505453,https://www.aekot.com,,Work from Office rolePreferred (Good to Have)Internship / project exposure to B2B sales...,Naukri
Sales Development Representative (SDR),Prolim,Bengaluru,2026-08-22,https://www.naukri.com/job-listings-sales-development-representative-sdr-prolim-bengaluru-1-to-3-years-230326007407,https://www.prolim.com,,"Location: Bangalore, India (US Shift) + Evening Overlap. Experience using CRM platforms",Naukri
Sales Development Representative- SaaS,Techbag Digital,Bengaluru,2026-09-05,https://www.naukri.com/job-listings-sales-development-representative-saas-techbag-digital-bengaluru-1-to-5-years-070326012162,N/A,,"Acquire minimum 25 new customers / year across BFSI, IT / ITES, Media, Healthcare & Ret...",Naukri
Sales Development Representative,Spacemen Digital,Bengaluru(Whitefield),2026-09-12,https://www.naukri.com/job-listings-sales-development-representative-spacemen-digital-bengaluru-2-to-6-years-140926910120,https://www.spacemendigital.com,,Responsibilities:* Meet monthly sales targets through effective communication with clie...,Naukri
Sales Development Representative,Branofy,Bengaluru,2026-09-06,https://www.naukri.com/job-listings-sales-development-representative-branofy-bengaluru-1-to-2-years-070926025308,https://www.branofy.com,,"Join Branofy as an SDR. Generate and qualify leads, conduct outbound calls and WhatsApp...",Naukri
Sales Development Representative (SDR),Phyllo,Bengaluru,2026-08-22,https://www.naukri.com/job-listings-sales-development-representative-sdr-phyllo-bengaluru-2-to-3-years-181225502522,https://www.phyllo.in,,We are looking for driven and detail-oriented Sales Development Representatives (SDRs...,Naukri
Sales Development Representative (SDR),Tripledart,Bengaluru,2026-08-22,https://www.naukri.com/job-listings-sales-development-representative-sdr-tripledart-bengaluru-1-to-3-years-130726500988,https://www.tripledart.com,,"Excellent communication, negotiation, and interpersonal skills. . Ability to work in a ...",Naukri
"Sales Development Representative, AI SaaS",Sri Mythraa Business Solutions,Bengaluru,2026-09-08,https://www.naukri.com/job-listings-sales-development-representative-ai-saas-sri-mythraa-business-solutions-bengaluru-2-to-7-years-090926034832,N/A,,Generate qualified sales opportunities through targeted outbound prospecting. Research ...,Naukri
Sales Development Representative,Appopen Technologies,Bengaluru(HSR Layout),2026-09-06,https://www.naukri.com/job-listings-sales-development-representative-appopen-technologies-private-limited-bengaluru-1-to-2-years-080926000321,https://www.appopen.io,,Responsibilities:* Generate leads through outbound sales efforts* Close deals with ente...,Naukri
Sales Development Representative,Instant Global Paytech,"Kolkata, Mumbai, New Delhi, Hyderabad, Pune, Chennai, Bengaluru",2026-08-22,https://www.naukri.com/job-listings-sales-development-representative-instant-global-paytech-pvt-ltd-kolkata-mumbai-new-delhi-hyderabad-pune-chennai-bengaluru-0-to-3-years-191224502441,N/A,,"No prior sales experience is necessary, but a strong dedication to reaching people with...",Naukri
Sales Development Representative,Flickverse,Remote,2026-08-22,https://www.naukri.com/job-listings-sales-development-representative-flickverse-bengaluru-2-to-4-years-140826027153,N/A,,About Flick NetworkFlick Network is an OTA and FTA-accredited e-invoicing platform ope...,Naukri
Sales Development Representative,Bare Necessities Zero Waste Solutions,Bengaluru,2026-08-22,https://www.naukri.com/job-listings-sales-development-representative-bare-necessities-bengaluru-3-to-5-years-280126506584,N/A,,Identify and pursue new business leads through various channels. Disclaimer: This job d...,Naukri
Graduate Sales Development Representative,LaunchPD,"Kolkata, Mumbai, New Delhi, Hyderabad, Pune, Chennai, Bengaluru",2026-08-22,https://www.naukri.com/job-listings-graduate-sales-development-representative-launchpd-kolkata-mumbai-new-delhi-hyderabad-pune-chennai-bengaluru-0-to-2-years-270524501458,N/A,,"Handle inbound customer inquiries across email, phone and chat     Execute outbound ...",Naukri
Sales Development Representative,Position2,Bengaluru,2026-08-29,https://www.naukri.com/job-listings-sales-development-representative-position2-marketing-pvt-ltd-bengaluru-5-to-7-years-260826502783,https://www.position2.com,,"The candidate must be a self-starter, disciplined, and conscientious professional who t...",Naukri
Sales Development Representative,Voiceoc Innovations,"Kolkata, Mumbai, New Delhi, Hyderabad, Pune, Chennai, Bengaluru",2026-08-22,https://www.naukri.com/job-listings-sales-development-representative-voiceoc-kolkata-mumbai-new-delhi-hyderabad-pune-chennai-bengaluru-0-to-2-years-191124503622,N/A,,Voiceoc is a leading provider of voice and text automation solutions tailored for medi...,Naukri
Sales Development Representative (SDR) - Bangalore,Firsthive,Bengaluru,2026-08-22,https://www.naukri.com/job-listings-sales-development-representative-sdr-bangalore-firsthive-bengaluru-3-to-6-years-110826506201,https://www.firsthive.com,,"Bachelor s degree in Business Administration, Marketing, or related field preferred. Pr...",Naukri
Lead-Sales Development Representative,Finbox,Bengaluru,2026-08-22,https://www.naukri.com/job-listings-lead-sales-development-representative-finbox-bengaluru-1-to-4-years-210725504075,https://www.finbox.com,,"Education: Bachelors degree or higherProficiency in CRM software, LinkedIn Sales Naviga...",Naukri
Sales Development Representative,Streamlyn,Bengaluru,2026-08-22,https://www.naukri.com/job-listings-sales-development-representative-streamlyn-bengaluru-0-to-2-years-241225501478,https://www.streamlyn.io,,"Willingness to learn, adapt, and grow within ahigh\-paced sales environment. "", """,Naukri
Team Lead- Sales Development Representatives (SDR),Neodove,Bengaluru,2026-08-22,https://www.naukri.com/job-listings-team-lead-sales-development-representatives-sdr-neodove-technologies-pvt-ltd-bengaluru-2-to-3-years-201223501307,https://www.neodove.com,,Experience in utilising and managing CRM tools and MS office applications .  Strong pro...,Naukri
Startup Sales Development Representative (SDR),Newton School,Bengaluru,2026-08-22,https://www.naukri.com/job-listings-startup-sales-development-representative-sdr-newton-school-bengaluru-0-to-2-years-170226504694,https://www.newtonschool.com,,"This is not a templated outreach role - we re looking for someone who can think,...",Naukri
Sales Development Representative (SDR) | B2B SaaS,Nunify,"Hubballi, Mangaluru, Mysuru, Bengaluru, Belagavi",2026-08-22,https://www.naukri.com/job-listings-sales-development-representative-sdr-b2b-saas-nunify-hubballi-mangaluru-mysuru-bengaluru-belagavi-1-to-3-years-200726506852,https://www.nunify.com,,Experience with CRM software and sales analytics tools is an assetProven experience in ...,Naukri
Sales Development Representative- International Sales,Oritur Technologies,Bengaluru,2026-08-22,https://www.naukri.com/job-listings-sales-development-representative-international-sales-wizcommerce-bengaluru-1-to-3-years-130826910680,https://www.oritur.com,,"Preference for candidates who have prior experience in manufacturing, export, or wholes...",Naukri
Sales Development Representative,Kapture CRM,Bengaluru,2026-08-29,https://www.naukri.com/job-listings-sales-development-representative-kapture-crm-bengaluru-1-to-4-years-230626044162,https://www.kapturecrm.com,,Role Name: Sales Development Representative (Domestic & International Markets)At Kaptur...,Naukri
Sales Development Representative (SDR) North America,Leena Ai,Bengaluru,2026-08-22,https://www.naukri.com/job-listings-sales-development-representative-sdr-north-america-leena-ai-bengaluru-2-to-7-years-240626505233,https://www.leenaai.com,,Minimum of 2 years experience as an SDR working in the North America market with a B2B ...,Naukri
Sales Development Representative,Cod3m Consultancy Services,Remote,2026-08-22,https://www.naukri.com/job-listings-sales-development-representative-cod3m-consultancy-services-bengaluru-3-to-8-years-170826011977,N/A,,Ensure a minimum of 25 webinar / meeting attendees per monthRequired Skills & Qualifica...,Naukri
Sales Development Representative,Brilyant,Bengaluru,2026-08-22,https://www.naukri.com/job-listings-sales-development-representative-brilyant-it-solutions-bengaluru-0-to-3-years-230726504470,https://www.brilyant.com,,Develop and execute sales strategies to achieve business objectives. Build and maintai...,Naukri
Sales Development Representative - IT Services,Leading Client,"Mumbai, Delhi / NCR, Bengaluru",2026-08-29,https://www.naukri.com/job-listings-sales-development-representative-it-services-ave-promagne-business-solutions-mumbai-delhi-ncr-bengaluru-2-to-7-years-270826908202,N/A,,Call inbound leads received from advertisements and marketing campaigns.Follow up with ...,Naukri
Sales Development Representative,Hackerearth,Bengaluru,2026-08-22,https://www.naukri.com/job-listings-sales-development-representative-hackerearth-inc-bengaluru-1-to-4-years-131223500443,https://www.hackerearth.com,,"To be successful, you will have: . At least 6 months experience in telephone-based, out...",Naukri
Sales Development Representative I,Neodove,"Jaipur, Bengaluru",2026-08-22,https://www.naukri.com/job-listings-sales-development-representative-i-neodove-technologies-pvt-ltd-jaipur-bengaluru-0-to-2-years-070521501296,https://www.neodove.com,,"Good Knowledge in Inside sales, preferably at SaaS start-upThe ideal candidate should b...",Naukri
Sales Development Representative (Outbound),Comprinno Technologies,Bengaluru,2026-08-22,https://www.naukri.com/job-listings-sales-development-representative-outbound-comprinno-technologies-pvt-ltd-bengaluru-1-to-3-years-170826503195,https://www.comprinno.com,,"Bachelors degree in Business, Engineering, Technology, Marketing, or related discipline...",Naukri
Sales Development Representative,Hakimo,Bengaluru,2026-08-22,https://www.naukri.com/job-listings-sales-development-representative-hakimo-bengaluru-2-to-4-years-200826502239,https://www.hakimo.ai,,"Bachelors degree in any field a background in Business, Marketing, or a related discipl...",Naukri
Sales Development Representative - (Azure Cloud ),Comprinno Technologies,Bengaluru,2026-08-22,https://www.naukri.com/job-listings-sales-development-representative-azure-cloud-comprinno-technologies-pvt-ltd-bengaluru-1-to-3-years-200826502238,https://www.comprinno.com,,"Bachelors degree in Business, Engineering, Technology, Marketing, or related discipline...",Naukri
Sales Development Representative,Devrev,Bengaluru,2026-08-22,https://www.naukri.com/job-listings-sales-development-representative-devrev-bengaluru-2-to-7-years-070726503075,https://www.devrev.com,,An ideal candidate should have: . 2+ years in B2B Sales / Business Development.,Naukri
Sales Development Representative,Diagnal Technologies,"Kolkata, Mumbai, New Delhi, Hyderabad, Pune, Chennai, Bengaluru",2026-08-22,https://www.naukri.com/job-listings-sales-development-representative-diagnal-kolkata-mumbai-new-delhi-hyderabad-pune-chennai-bengaluru-2-to-7-years-041024503729,https://www.diagnal.com,,bachelors degree in a relevant field such as marketing or business management preferred...,Naukri
Sales Development Representative,Ztek Consulting,"Kolkata, Mumbai, New Delhi, Hyderabad, Pune, Chennai, Bengaluru",2026-08-22,https://www.naukri.com/job-listings-sales-development-representative-ztek-consulting-pvt-ltd-kolkata-mumbai-new-delhi-hyderabad-pune-chennai-bengaluru-1-to-6-years-110725501813,N/A,,"Bachelor s degree in Business, Marketing, or a related field (preferred)Preferred Skill...",Naukri
Sales Development Representative,Appknox,Bengaluru,2026-08-22,https://www.naukri.com/job-listings-sales-development-representative-appknox-bengaluru-1-to-3-years-121124505326,https://www.appknox.com,,Appknox is looking for Sales Development Representative to join our dynamic team and em...,Naukri
Sales Development Representative,Lee Hecht Harrison,Bengaluru,2026-08-22,https://www.naukri.com/job-listings-sales-development-representative-lee-hecht-harrison-global-bengaluru-1-to-6-years-090426505276,N/A,,We operate in a hybrid structure with 3 days at work and 2 . days . work from home. Min...,Naukri
Sales Development Representative,Innoviti Payment Solutions,Bengaluru(Domlur),2026-08-22,https://www.naukri.com/job-listings-sales-development-representative-innoviti-solutions-bengaluru-2-to-3-years-190826015639,N/A,,B2B / enterprise experience preferred. Graduate in any discipline. Strong account resea...,Naukri
Sales Development Representative,Velocity,Bengaluru,2026-08-22,https://www.naukri.com/job-listings-sales-development-representative-velocity-bengaluru-3-to-6-years-030626503023,https://www.velocity.com,,"HSR Layout, Bangalore  Day ShiftWho Should ApplyExperience in outbound sales, client ma...",Naukri
Sales Development Representative,Infobip,Bengaluru,2026-08-22,https://www.naukri.com/job-listings-sales-development-representative-infobip-limited-bengaluru-1-to-4-years-180626501788,https://www.infobip.com,,"Manage inbound leads for the region, responding within strict SLAs. Qualify prospects v...",Naukri
Sales Development Representative,Softinway Turbomachinery Solutions,Bengaluru,2026-08-22,https://www.naukri.com/job-listings-sales-development-representative-softinway-turbomachinery-solutions-pvt-ltd-bengaluru-1-to-3-years-150922501889,N/A,,What You Will Do   Use research tools to identify and source key decision-makersEngage...,Naukri
Sales Development Representative (SDR),Proshort,Bengaluru,2026-08-22,https://www.naukri.com/job-listings-sales-development-representative-sdr-proshort-bengaluru-2-to-3-years-040425503735,https://www.proshort.com,,"Experience: 2-3 Years . Employment Type: Full-time  2-3 years of experience in sales, b...",Naukri
Sales Development Representative,Lifesight,Bengaluru,2026-08-22,https://www.naukri.com/job-listings-sales-development-representative-lifesight-bengaluru-3-to-5-years-300426503895,https://www.lifesight.com,,"Bonus points for startup-scaling experience, location-data, ad-tech or mar-tech backgro...",Naukri
Sales Development Representative ),Pepsales,Bengaluru,2026-08-22,https://www.naukri.com/job-listings-sales-development-representative-pepsales-bengaluru-1-to-2-years-260325505059,https://www.pepsales.ai,,Education & Experience: A Bachelors degree (MBA preferred) and a solid 1-2 years ofSale...,Naukri
SALES DEVELOPMENT REPRESENTATIVE,Lyzr Ai,Bengaluru,2026-08-22,https://www.naukri.com/job-listings-sales-development-representative-lyzr-ai-bengaluru-4-to-9-years-171025500447,https://www.lyzrai.com,,. Building Relationships: Develop and maintain strong relationships with potential cust...,Naukri
Sales Development Representative,Lumberfi,Bengaluru,2026-08-22,https://www.naukri.com/job-listings-sales-development-representative-lumberfi-pvt-ltd-bengaluru-1-to-4-years-050126501323,https://www.lumberfi.com,,BTech undergraduate degree preferred (not mandatory) 1-4 years of proven experience in ...,Naukri
Sales Development Representative,Agara Labs,Bengaluru,2026-08-22,https://www.naukri.com/job-listings-sales-development-representative-agara-labs-bengaluru-1-to-5-years-240321501189,https://www.agara.com,,Present AGARA as a company and its Voice AI solutions to potential prospects . Quickly ...,Naukri
Sales Development Representative,Kapture Crm,Bengaluru,2026-08-22,https://www.naukri.com/job-listings-sales-development-representative-kapture-crm-bengaluru-2-to-7-years-301025503985,https://www.kapturecrm.com,,Minimum 2 years of experience in Business development . Candidates with sales developme...,Naukri
Sales Development Representative,Fusioncharts,Bengaluru,2026-08-22,https://www.naukri.com/job-listings-sales-development-representative-fusioncharts-bengaluru-1-to-3-years-120318501416,https://www.fusioncharts.com,,Use CRM (preferably Salesforce.com) to maintain and report on SDR activity and metrics ...,Naukri
Sales Development Representative,Biosme,Bengaluru,2026-08-22,https://www.naukri.com/job-listings-sales-development-representative-biosme-bengaluru-5-to-10-years-071025502361,N/A,,Must be a Team player Must be willing to work on Sunday as per the Middle East Shift (W...,Naukri
Sales Development Representative,Kasplo Internet,Bengaluru,2026-08-22,https://www.naukri.com/job-listings-sales-development-representative-kasplo-internet-pvt-ltd-bengaluru-10-to-15-years-030426505885,N/A,,Minimum 1 year of experience into B2B Saas sales,Naukri
Sales Development Representative,Cyber Curate Tech,Bengaluru,2026-08-22,https://www.naukri.com/job-listings-sales-development-representative-cyber-curate-tech-bengaluru-1-to-6-years-091225503144,https://www.cybercurate.com,,"Bachelors or Masters degree in Business Administration, Marketing, or a related field -...",Naukri
Sales Development Representative,Nepra Environmental Solutions Technologies,Bengaluru,2026-08-22,https://www.naukri.com/job-listings-sales-development-representative-nepra-environmental-solutions-private-limited-bengaluru-2-to-4-years-130826501739,N/A,,"At the core of your role, you should be self driven and motivated 2-4 years of experien...",Naukri
Sales Development Representative,Xflow Payments,Bengaluru,2026-08-22,https://www.naukri.com/job-listings-sales-development-representative-xflow-payments-india-bengaluru-4-to-7-years-240925502703,https://www.xflowpayments.com,,". 4 7 years of experience in product marketing, growth, or lifecycle marketing (prefera...",Naukri
Sales Development Representative (SDR),Algoshack Technologies,Bengaluru,2026-08-22,https://www.naukri.com/job-listings-sales-development-representative-sdr-algoshack-technologies-bengaluru-2-to-7-years-020626501166,https://www.algoshack.com,,Experience working with CRM software and other sales tools is an assetProven experience...,Naukri
Inside Sales Executive,Vedantu Innovations,Bengaluru,2026-09-10,https://www.naukri.com/job-listings-inside-sales-executive-vedantu-innovations-bengaluru-0-to-3-years-110926020410,N/A,,Requirements: . Bachelors degree in any discipline (Education or Sales background prefe...,Naukri
Sales Development Representative,Crowdstrike,Bengaluru,2026-08-22,https://www.naukri.com/job-listings-sales-development-representative-crowdstrike-bengaluru-1-to-3-years-110626500354,https://www.crowdstrike.com,,"Bachelor s degree in Business, Marketing, or a related field . Proficiency with CRM sys...",Naukri
Sales Development Representative I,Cleartax,Bengaluru,2026-08-22,https://www.naukri.com/job-listings-sales-development-representative-i-cleartax-bengaluru-1-to-2-years-230726506267,https://www.cleartax.in,,Requirements (what we look for in candidates): . 1-5 years of experience in target-driv...,Naukri
Sales Development Representative (SDR),Job24by7,Bengaluru,2026-08-22,https://www.naukri.com/job-listings-sales-development-representative-sdr-job24by7-bengaluru-2-to-4-years-200326506991,https://www.job24by7.com,,Follow consent / DND and internal compliance guidelines for customer communication. Use...,Naukri
V | Inside sales executive role,NoBroker,Bengaluru(Electronic City +7),2026-09-09,https://www.naukri.com/job-listings-v-inside-sales-executive-role-nobroker-bengaluru-0-to-1-years-130826032906,https://www.nobroker.com,,Eligibility Criteria . Any graduate (Freshers & experienced candidates can apply) Good ...,Naukri
Walk-in || Sales & Revenue Development Executive,CFO Angle Advisory Services,Bengaluru,2026-08-29,https://www.naukri.com/job-listings-sales-revenue-development-executive-cfo-angle-advisory-services-bengaluru-0-to-5-years-260826028589,N/A,,The Sales & Revenue Development Intern will support the Sales team across the Companys ...,Naukri
N.Inside Sales Executive,NoBroker,Bengaluru,2026-09-10,https://www.naukri.com/job-listings-n-inside-sales-executive-nobroker-bengaluru-0-to-2-years-080626003906,https://www.nobroker.com,,Skills Required: . Good communication and negotiation skills,Naukri
Sales Development Executive,Avani Studios,Bengaluru(Raja Rajeshwari Nagar),2026-09-06,https://www.naukri.com/job-listings-sales-development-executive-avani-studios-bengaluru-0-to-2-years-070926022816,https://www.avanistudios.com,,""" Women candidates are encouraged to apply "" Freshers and candidates with up to 2 years...",Naukri
Founding Sales Development Representative (SDR),Fabric,Bengaluru,2026-08-22,https://www.naukri.com/job-listings-founding-sales-development-representative-sdr-fabric-bengaluru-1-to-4-years-280825502829,https://www.fabric.io,,"We run sane, planned shifts, Interview Process creativity required), Rapid objection ha...",Naukri
Sales Development Representative II,Cleartax,Bengaluru,2026-08-22,https://www.naukri.com/job-listings-sales-development-representative-ii-cleartax-bengaluru-2-to-5-years-230726506269,https://www.cleartax.in,,Requirements (what we look for in candidates): . 1-5 years of experience in target-driv...,Naukri
Sales Executive,Discovery Village,Bengaluru,2026-09-10,https://www.naukri.com/job-listings-sales-executive-discovery-village-bengaluru-0-to-1-years-120626024221,https://www.discoveryvillage.in,,"Bachelors degree in Hotel Management, Business Administration, or related fieldGood und...",Naukri
K  Inside Sales Executive,NoBroker,"Bangalore Rural, Bengaluru(BTM 1st Stage +13)",2026-09-08,https://www.naukri.com/job-listings-k-inside-sales-executive-nobroker-bangalore-rural-bengaluru-0-to-2-years-090926033380,https://www.nobroker.com,,Flexible for a 9-hour shift between 10 AM - 7 PMQualification / Education and Requireme...,Naukri
Sales Executive,Avon Biwheeler Accessories,"Amritsar, Bengaluru, Raipur",2026-09-06,https://www.naukri.com/job-listings-sales-executive-avon-biwheeler-accessories-amritsar-bengaluru-raipur-0-to-4-years-080926911215,N/A,,Proficiency in using CRM software and other sales toolsProven experience in sales or a ...,Naukri
Walk-in || Inside Sales Executive,Simplilearn,Bengaluru,2026-09-07,https://www.naukri.com/job-listings-inside-sales-executive-simplilearn-bengaluru-0-to-5-years-090926015129,https://www.simplilearn.com,,Experience: Freshers - 4 YEARS (in SALES) Exposure to international voice process is a ...,Naukri
Founding Sales Development Representative (SDR),Fabric,Bengaluru,2026-08-22,https://www.naukri.com/job-listings-founding-sales-development-representative-sdr-fabric-bengaluru-1-to-4-years-260825503826,https://www.fabric.io,,"We run sane, planned shifts, Interview Process creativity required), Rapid objection ha...",Naukri
Sales Development Representative Outbound,Hotelogix,Bengaluru,2026-08-22,https://www.naukri.com/job-listings-sales-development-representative-outbound-hotelogix-bengaluru-1-to-3-years-250924504422,https://www.hotelogix.com,,Proficient in sales communication should be an expert at solution selling and objection...,Naukri
Sales Development Representative,HireEazy,Bengaluru,2026-08-22,https://www.naukri.com/job-listings-sales-development-representative-hireeazy-bengaluru-2-to-7-years-010525503563,https://www.hireeazy.com,,EXPERIENCE: . 2+ years of experience in a similar SDR or BDR role . Freshers are welcom...,Naukri
Sales Development Representative,Kenn It Business Solutions,Bengaluru,2026-08-22,https://www.naukri.com/job-listings-sales-development-representative-kenn-it-business-solutions-bengaluru-3-to-8-years-011223500276,N/A,,Must be a Team player Must be willing to work on Sunday as per the Middle East Shift (W...,Naukri
Sales Development Representative (SDR),Whizz Hr,Bengaluru,2026-08-22,https://www.naukri.com/job-listings-sales-development-representative-sdr-whizz-hr-bengaluru-4-to-8-years-030326500046,https://www.whizzhr.com,,"Minimum 4-8 years of experience in interior fitout or construction projects, preferably...",Naukri
Sales Development Representative (SDR) | New Client Acquisition,Corporate Stalwarts,Bengaluru,2026-08-22,https://www.naukri.com/job-listings-sales-development-representative-sdr-new-client-acquisition-corporate-stalwarts-bengaluru-4-to-9-years-270526501301,https://www.corporatestalwarts.in,,"Prior experience handling investment conversations (goal\-based investing, riskprofilin...",Naukri
Sales Development Representative,Jooble Employer,Bangalore,N/A,https://in.jooble.org/away/-4567376563829185666?p=1&pos=1&rgn=3193&pageType=20&ckey=sales+development+representative&sid=-8669921220951768676&jobAge=25&relb=10&brelb=10&scr=19999.82339380484&bscr=19999.82339380484&elckey=7270987743757165891&searchTestGroup=1_2_1&iid=9029359801818127551,N/A,,Sales Development Representative,Jooble
Sales Development Representative,Jooble Employer,Bangalore,N/A,https://in.jooble.org/away/52821840261682877?p=1&pos=2&rgn=3193&pageType=20&ckey=sales+development+representative&sid=-8669921220951768676&jobAge=21&relb=10&brelb=10&scr=19808.214906307065&bscr=19808.214906307065&elckey=7270987743757165891&searchTestGroup=1_2_1&iid=-5391969239467391182,N/A,,Sales Development Representative,Jooble
Sales Development Representative,Jooble Employer,Bangalore,N/A,https://in.jooble.org/away/-5707969463957802140?p=1&pos=3&rgn=3193&pageType=20&ckey=sales+development+representative&sid=-8669921220951768676&jobAge=21&relb=10&brelb=10&scr=19079.448948701945&bscr=19079.448948701945&elckey=7270987743757165891&searchTestGroup=1_2_1&iid=-4168184291674466067,N/A,,Sales Development Representative,Jooble
Sales Development Representative,Jooble Employer,Bangalore,N/A,https://in.jooble.org/away/4856714372063165926?p=1&pos=4&rgn=3193&pageType=20&ckey=sales+development+representative&sid=-8669921220951768676&jobAge=25&relb=10&brelb=10&scr=18792.36004266488&bscr=18792.36004266488&elckey=7270987743757165891&searchTestGroup=1_2_1&iid=-8616753932343834105,N/A,,Sales Development Representative,Jooble
Sales Development Representative,Jooble Employer,Bangalore,N/A,https://in.jooble.org/away/-1547980763848506302?p=1&pos=5&rgn=3193&pageType=20&ckey=sales+development+representative&sid=-8669921220951768676&jobAge=25&relb=10&brelb=10&scr=18792.36004266488&bscr=18792.36004266488&elckey=7270987743757165891&searchTestGroup=1_2_1&iid=3096623281515130395,N/A,,Sales Development Representative,Jooble
Founding Enterprise Sales Development Representative (SDR),Jooble Employer,Bangalore,N/A,https://in.jooble.org/away/-4140536490288706148?p=1&pos=6&rgn=3193&pageType=20&ckey=sales+development+representative&sid=-8669921220951768676&jobAge=49&relb=10&brelb=10&scr=18662.606370146364&bscr=18662.606370146364&elckey=7270987743757165891&searchTestGroup=1_2_1&iid=-7526523828402209211,N/A,,Founding Enterprise Sales Development Representative (SDR),Jooble
Sales Development Representative Intern — Mid-Market,Jooble Employer,Bangalore,N/A,https://in.jooble.org/away/-1542897566556625443?p=1&pos=7&rgn=3193&pageType=20&ckey=sales+development+representative&sid=-8669921220951768676&jobAge=49&relb=10&brelb=10&scr=18637.763354046216&bscr=18637.763354046216&elckey=7270987743757165891&searchTestGroup=1_2_1&iid=3011491241478250834,N/A,,Sales Development Representative Intern — Mid-Market,Jooble
Sales Development Representative - US (Pod),Jooble Employer,Bangalore,N/A,https://in.jooble.org/away/2636587049972576984?p=1&pos=8&rgn=3193&pageType=20&ckey=sales+development+representative&sid=-8669921220951768676&jobAge=73&relb=10&brelb=10&scr=18605.56926499492&bscr=18605.56926499492&elckey=7270987743757165891&searchTestGroup=1_2_1&iid=-1016471176303855303,N/A,,Sales Development Representative - US (Pod),Jooble
Sales Development Representative,Jooble Employer,Bangalore,N/A,https://in.jooble.org/away/-704210462382616816?p=1&pos=9&rgn=3193&pageType=20&ckey=sales+development+representative&sid=-8669921220951768676&jobAge=73&relb=10&brelb=10&scr=18605.56926499492&bscr=18605.56926499492&elckey=7270987743757165891&searchTestGroup=1_2_1&iid=1626328108287100049,N/A,,Sales Development Representative,Jooble
GTM Jr. Sales Development Representative (SDR),Jooble Employer,Bangalore,N/A,https://in.jooble.org/away/6980424708342326081?p=1&pos=10&rgn=3193&pageType=20&ckey=sales+development+representative&sid=-8669921220951768676&jobAge=49&relb=10&brelb=10&scr=18517.66301539556&bscr=18517.66301539556&elckey=7270987743757165891&searchTestGroup=1_2_1&iid=6690995351767135950,N/A,,GTM Jr. Sales Development Representative (SDR),Jooble
Sales Development Representative,Jooble Employer,Bangalore,N/A,https://in.jooble.org/away/4971675486923608356?p=1&pos=11&rgn=3193&pageType=20&ckey=sales+development+representative&sid=-8669921220951768676&jobAge=21&relb=10&brelb=10&scr=18247.80290710391&bscr=18247.80290710391&elckey=7270987743757165891&searchTestGroup=1_2_1&iid=1265955378039055917,N/A,,Sales Development Representative,Jooble
Inside Sales Representative,Jooble Employer,Bangalore,N/A,https://in.jooble.org/away/9067696374809898554?p=1&pos=12&rgn=3193&pageType=20&ckey=sales+development+representative&sid=-8669921220951768676&jobAge=117&relb=10&brelb=10&scr=18112.992000804283&bscr=18112.992000804283&elckey=7270987743757165891&searchTestGroup=1_2_1&iid=8611009111497986099,N/A,,Inside Sales Representative,Jooble
Sales Development Representative,Jooble Employer,Bangalore,N/A,https://in.jooble.org/away/4451562909899971606?p=1&pos=13&rgn=3193&pageType=20&ckey=sales+development+representative&sid=-8669921220951768676&jobAge=45&relb=10&brelb=10&scr=17926.69602298985&bscr=17926.69602298985&elckey=7270987743757165891&searchTestGroup=1_2_1&iid=6508100721170539767,N/A,,Sales Development Representative,Jooble
Sales Development Representative,Jooble Employer,Bangalore,N/A,https://in.jooble.org/away/-4519765744828255529?p=1&pos=14&rgn=3193&pageType=20&ckey=sales+development+representative&sid=-8669921220951768676&jobAge=21&relb=10&brelb=10&scr=17889.55754987692&bscr=17889.55754987692&elckey=7270987743757165891&searchTestGroup=1_2_1&iid=5995302886408554628,N/A,,Sales Development Representative,Jooble
Sales Development Representative,Jooble Employer,Bangalore,N/A,https://in.jooble.org/away/-5635776196825155287?p=1&pos=15&rgn=3193&pageType=20&ckey=sales+development+representative&sid=-8669921220951768676&jobAge=69&relb=10&brelb=10&scr=17881.98667288768&bscr=17881.98667288768&elckey=7270987743757165891&searchTestGroup=1_2_1&iid=-5636022197993793514,N/A,,Sales Development Representative,Jooble
Inside Sales Specialist,Jooble Employer,Bangalore,N/A,https://in.jooble.org/away/3485273707746771786?p=1&pos=16&rgn=3193&pageType=20&ckey=sales+development+representative&sid=-8669921220951768676&jobAge=73&relb=10&brelb=10&scr=17612.23585861547&bscr=17612.23585861547&elckey=7270987743757165891&searchTestGroup=1_2_1&iid=4188021169696966531,N/A,,Inside Sales Specialist,Jooble
Sales Executive,Jooble Employer,Bangalore,N/A,https://in.jooble.org/away/-4039703345590264925?p=1&pos=17&rgn=3193&pageType=20&ckey=sales+development+representative&sid=-8669921220951768676&jobAge=73&relb=10&brelb=10&scr=14804.95418809239&bscr=14804.95418809239&elckey=7270987743757165891&searchTestGroup=1_2_1&iid=1940775380693946056,N/A,,Sales Executive,Jooble
Inside Sales Representative,Jooble Employer,Bangalore,N/A,https://in.jooble.org/away/-6548919664357427476?p=1&pos=18&rgn=3193&pageType=20&ckey=sales+development+representative&sid=-8669921220951768676&jobAge=21&relb=10&brelb=10&scr=14582.892497892393&bscr=14582.892497892393&elckey=7270987743757165891&searchTestGroup=1_2_1&iid=-4683632799276863275,N/A,,Inside Sales Representative,Jooble
Sales Development Representative,Jooble Employer,Bangalore,N/A,https://in.jooble.org/away/-24484616753931465?p=1&pos=19&rgn=3193&pageType=20&ckey=sales+development+representative&sid=-8669921220951768676&jobAge=6&relb=10&brelb=10&scr=14580.343578721253&bscr=14580.343578721253&elckey=7270987743757165891&searchTestGroup=1_2_1&iid=-7866040328737008668,N/A,,Sales Development Representative,Jooble
Sales Development Representative,Jooble Employer,Bangalore,N/A,https://in.jooble.org/away/-8122099045056371174?p=1&pos=20&rgn=3193&pageType=20&ckey=sales+development+representative&sid=-8669921220951768676&jobAge=6&relb=10&brelb=10&scr=14580.343578721253&bscr=14580.343578721253&elckey=7270987743757165891&searchTestGroup=1_2_1&iid=7331044585780485779,N/A,,Sales Development Representative,Jooble
Sales Development Representative,Jooble Employer,Bangalore,N/A,https://in.jooble.org/away/5720004154489638416?p=1&pos=21&rgn=3193&pageType=20&ckey=sales+development+representative&sid=-8669921220951768676&jobAge=6&relb=10&brelb=10&scr=14462.267476722998&bscr=14462.267476722998&elckey=7270987743757165891&searchTestGroup=1_2_1&iid=3894386723303208849,N/A,,Sales Development Representative,Jooble
Sales Development Representative,Jooble Employer,Bangalore,N/A,https://in.jooble.org/away/3864264230816433206?p=1&pos=22&rgn=3193&pageType=20&ckey=sales+development+representative&sid=-8669921220951768676&jobAge=6&relb=10&brelb=10&scr=14462.267476722998&bscr=14462.267476722998&elckey=7270987743757165891&searchTestGroup=1_2_1&iid=-3087500676926638441,N/A,,Sales Development Representative,Jooble
Sales Development Representative,Jooble Employer,Bangalore,N/A,https://in.jooble.org/away/-10243197179193352?p=1&pos=23&rgn=3193&pageType=20&ckey=sales+development+representative&sid=-8669921220951768676&jobAge=6&relb=10&brelb=10&scr=14462.267476722998&bscr=14462.267476722998&elckey=7270987743757165891&searchTestGroup=1_2_1&iid=2881592545541110745,N/A,,Sales Development Representative,Jooble
Sales Development Representative (SDR) - Global EOR SaaS,Jooble Employer,Bangalore,N/A,https://in.jooble.org/away/-7028762593618946591?p=1&pos=24&rgn=3193&pageType=20&ckey=sales+development+representative&sid=-8669921220951768676&jobAge=6&relb=10&brelb=10&scr=14443.963817642938&bscr=14443.963817642938&elckey=7270987743757165891&searchTestGroup=1_2_1&iid=-4783287271119520530,N/A,,Sales Development Representative (SDR) - Global EOR SaaS,Jooble
Sales Development Representative - Core Team,Jooble Employer,Bangalore,N/A,https://in.jooble.org/away/1444542502024532273?p=1&pos=25&rgn=3193&pageType=20&ckey=sales+development+representative&sid=-8669921220951768676&jobAge=21&relb=10&brelb=10&scr=14287.355535811284&bscr=14287.355535811284&elckey=7270987743757165891&searchTestGroup=1_2_1&iid=-9054872930700344706,N/A,,Sales Development Representative - Core Team,Jooble
Sales Development Representative (SDR) | Remote,Jooble Employer,Bangalore,N/A,https://in.jooble.org/away/-2119210803707485297?p=1&pos=26&rgn=3193&pageType=20&ckey=sales+development+representative&sid=-8669921220951768676&jobAge=6&relb=10&brelb=10&scr=14249.241019173469&bscr=14249.241019173469&elckey=7270987743757165891&searchTestGroup=1_2_1&iid=6173498630407366236,N/A,,Sales Development Representative (SDR) | Remote,Jooble
Inside Sales Representative,Jooble Employer,Bangalore,N/A,https://in.jooble.org/away/-7348478541163406633?p=1&pos=27&rgn=3193&pageType=20&ckey=sales+development+representative&sid=-8669921220951768676&jobAge=69&relb=10&brelb=10&scr=14239.489388101449&bscr=14239.489388101449&elckey=7270987743757165891&searchTestGroup=1_2_1&iid=3743887402620817540,N/A,,Inside Sales Representative,Jooble
Inside Sales Representative,Jooble Employer,Bangalore,N/A,https://in.jooble.org/away/-8755346789250315859?p=1&pos=28&rgn=3193&pageType=20&ckey=sales+development+representative&sid=-8669921220951768676&jobAge=69&relb=10&brelb=10&scr=14218.939671433493&bscr=14218.939671433493&elckey=7270987743757165891&searchTestGroup=1_2_1&iid=-2630212868884884126,N/A,,Inside Sales Representative,Jooble
Junior Sales Executive,Jooble Employer,Bangalore,N/A,https://in.jooble.org/away/6108077460323512345?p=1&pos=29&rgn=3193&pageType=20&ckey=sales+development+representative&sid=-8669921220951768676&jobAge=117&relb=10&brelb=10&scr=14010.639210686957&bscr=14010.639210686957&elckey=7270987743757165891&searchTestGroup=1_2_1&iid=-7301763414234710458,N/A,,Junior Sales Executive,Jooble
Sales Executive,Jooble Employer,Bangalore,N/A,https://in.jooble.org/away/-4330053353872565817?p=1&pos=30&rgn=3193&pageType=20&ckey=sales+development+representative&sid=-8669921220951768676&jobAge=3&relb=10&brelb=10&scr=13904.02469250859&bscr=13904.02469250859&elckey=7270987743757165891&searchTestGroup=1_2_1&iid=8236007233695060660,N/A,,Sales Executive,Jooble
Sales Executive,Jooble Employer,Bangalore,N/A,https://in.jooble.org/away/-896434881183163304?p=1&pos=31&rgn=3193&pageType=20&ckey=sales+development+representative&sid=-8669921220951768676&jobAge=49&relb=10&brelb=10&scr=13824.497828055275&bscr=13824.497828055275&elckey=7270987743757165891&searchTestGroup=1_2_1&iid=4634756528208691385,N/A,,Sales Executive,Jooble
Sales Executive,Jooble Employer,Bangalore,N/A,https://in.jooble.org/away/-6645185080510814799?p=1&pos=32&rgn=3193&pageType=20&ckey=sales+development+representative&sid=-8669921220951768676&jobAge=73&relb=10&brelb=10&scr=13823.713847468429&bscr=13823.713847468429&elckey=7270987743757165891&searchTestGroup=1_2_1&iid=-4027690062612871938,N/A,,Sales Executive,Jooble
Enterprise Sales Development Representative - US,Jooble Employer,Bangalore,N/A,https://in.jooble.org/desc/12148389513884691?ckey=sales+development+representative&rgn=3193&pos=33&elckey=7270987743757165891&pageType=20&p=1&sid=-8669921220951768676&jobAge=45&relb=10&brelb=10&bscr=13818.907197419976&scr=13818.907197419976&searchTestGroup=1_2_1&iid=2377837781690504312,N/A,,Enterprise Sales Development Representative - US,Jooble
Sales Development Representative - Fresher,Jooble Employer,Bangalore,N/A,https://in.jooble.org/away/1887872043534807683?p=1&pos=34&rgn=3193&pageType=20&ckey=sales+development+representative&sid=-8669921220951768676&jobAge=21&relb=10&brelb=10&scr=13811.135939686894&bscr=13811.135939686894&elckey=7270987743757165891&searchTestGroup=1_2_1&iid=-8898111138764345304,N/A,,Sales Development Representative - Fresher,Jooble
Inside Sales Specialist,Jooble Employer,Bangalore,N/A,https://in.jooble.org/away/-4041510110435736850?p=1&pos=35&rgn=3193&pageType=20&ckey=sales+development+representative&sid=-8669921220951768676&jobAge=49&relb=10&brelb=10&scr=13740.873865447737&bscr=13740.873865447737&elckey=7270987743757165891&searchTestGroup=1_2_1&iid=-6687293915686669969,N/A,,Inside Sales Specialist,Jooble
Sales Executive Intern,Jooble Employer,Bangalore,N/A,https://in.jooble.org/away/7997753065722173847?p=1&pos=36&rgn=3193&pageType=20&ckey=sales+development+representative&sid=-8669921220951768676&jobAge=55&relb=10&brelb=10&scr=13740.873865447737&bscr=13740.873865447737&elckey=7270987743757165891&searchTestGroup=1_2_1&iid=-5359907633276581180,N/A,,Sales Executive Intern,Jooble
Inside Sales Specialist,Jooble Employer,Bangalore,N/A,https://in.jooble.org/away/2837915068522478078?p=1&pos=37&rgn=3193&pageType=20&ckey=sales+development+representative&sid=-8669921220951768676&jobAge=117&relb=10&brelb=10&scr=13696.829404448747&bscr=13696.829404448747&elckey=7270987743757165891&searchTestGroup=1_2_1&iid=2491550275092436287,N/A,,Inside Sales Specialist,Jooble
Sales Executive (Freshers),Jooble Employer,Bangalore,N/A,https://in.jooble.org/away/-3705129641949899069?p=1&pos=38&rgn=3193&pageType=20&ckey=sales+development+representative&sid=-8669921220951768676&jobAge=73&relb=10&brelb=10&scr=13687.152676206451&bscr=13687.152676206451&elckey=7270987743757165891&searchTestGroup=1_2_1&iid=-4932129470417729304,N/A,,Sales Executive (Freshers),Jooble
Publisher Sales Executive,Jooble Employer,Bangalore,N/A,https://in.jooble.org/away/-7269334455973295798?p=1&pos=39&rgn=3193&pageType=20&ckey=sales+development+representative&sid=-8669921220951768676&jobAge=93&relb=10&brelb=10&scr=13678.09437579072&bscr=13678.09437579072&elckey=7270987743757165891&searchTestGroup=1_2_1&iid=-2203610715903194749,N/A,,Publisher Sales Executive,Jooble
Sales Development Representative,Jooble Employer,Bangalore,N/A,https://in.jooble.org/away/-993279186506895076?p=1&pos=40&rgn=3193&pageType=20&ckey=sales+development+representative&sid=-8669921220951768676&jobAge=6&relb=10&brelb=10&scr=13649.409021864169&bscr=13649.409021864169&elckey=7270987743757165891&searchTestGroup=1_2_1&iid=-5532505070851025979,N/A,,Sales Development Representative,Jooble
Senior Sales Executive - Interior,Jooble Employer,Bangalore,N/A,https://in.jooble.org/away/-2581445926271584891?p=1&pos=41&rgn=3193&pageType=20&ckey=sales+development+representative&sid=-8669921220951768676&jobAge=73&relb=10&brelb=10&scr=13647.572295445796&bscr=13647.572295445796&elckey=7270987743757165891&searchTestGroup=1_2_1&iid=-5341192759891497638,N/A,,Senior Sales Executive - Interior,Jooble
Senior Sales Executive,Jooble Employer,Bangalore,N/A,https://in.jooble.org/away/2472692064974898185?p=1&pos=42&rgn=3193&pageType=20&ckey=sales+development+representative&sid=-8669921220951768676&jobAge=73&relb=10&brelb=10&scr=13647.572295445796&bscr=13647.572295445796&elckey=7270987743757165891&searchTestGroup=1_2_1&iid=-7175010455813098122,N/A,,Senior Sales Executive,Jooble
Inside Sales Specialist,Jooble Employer,Bangalore,N/A,https://in.jooble.org/away/2961929404473863680?p=1&pos=43&rgn=3193&pageType=20&ckey=sales+development+representative&sid=-8669921220951768676&jobAge=93&relb=10&brelb=10&scr=13580.17269549331&bscr=13580.17269549331&elckey=7270987743757165891&searchTestGroup=1_2_1&iid=2111048227088102081,N/A,,Inside Sales Specialist,Jooble
Healthcare Sales & Patient Counselling Executive,Jooble Employer,Bangalore,N/A,https://in.jooble.org/away/-1250443792782741191?p=1&pos=44&rgn=3193&pageType=20&ckey=sales+development+representative&sid=-8669921220951768676&jobAge=49&relb=10&brelb=10&scr=13563.826033078118&bscr=13563.826033078118&elckey=7270987743757165891&searchTestGroup=1_2_1&iid=-6225238034359495450,N/A,,Healthcare Sales & Patient Counselling Executive,Jooble
Pre-Sales Executive - Properties & Interior,Jooble Employer,Bangalore,N/A,https://in.jooble.org/away/3244522476353909369?p=1&pos=45&rgn=3193&pageType=20&ckey=sales+development+representative&sid=-8669921220951768676&jobAge=25&relb=10&brelb=10&scr=13478.496708893988&bscr=13478.496708893988&elckey=7270987743757165891&searchTestGroup=1_2_1&iid=4175143972696627878,N/A,,Pre-Sales Executive - Properties & Interior,Jooble
Enterprise Sales Specialist,Jooble Employer,Bangalore,N/A,https://in.jooble.org/away/3791634460470500976?p=1&pos=46&rgn=3193&pageType=20&ckey=sales+development+representative&sid=-8669921220951768676&jobAge=117&relb=10&brelb=10&scr=13236.116746526097&bscr=13236.116746526097&elckey=7270987743757165891&searchTestGroup=1_2_1&iid=-6096794969616286223,N/A,,Enterprise Sales Specialist,Jooble
Enterprise Sales Specialist,Jooble Employer,Bangalore,N/A,https://in.jooble.org/away/8618558365569443219?p=1&pos=47&rgn=3193&pageType=20&ckey=sales+development+representative&sid=-8669921220951768676&jobAge=45&relb=10&brelb=10&scr=13236.116746526097&bscr=13236.116746526097&elckey=7270987743757165891&searchTestGroup=1_2_1&iid=2018516543600818168,N/A,,Enterprise Sales Specialist,Jooble
Sales Development Representative - North America,Jooble Employer,Bangalore,N/A,https://in.jooble.org/desc/-2067291916796577682?ckey=sales+development+representative&rgn=3193&pos=48&elckey=7270987743757165891&pageType=20&p=1&sid=-8669921220951768676&jobAge=357&relb=100&brelb=100&bscr=13101.043989700725&scr=13101.043989700725&searchTestGroup=1_2_1&iid=-9135390769099113233,N/A,,Sales Development Representative - North America,Jooble
Sales Consultant,Jooble Employer,Bangalore,N/A,https://in.jooble.org/away/-6140192954144834776?p=1&pos=49&rgn=3193&pageType=20&ckey=sales+development+representative&sid=-8669921220951768676&jobAge=3&relb=10&brelb=10&scr=13084.924550122143&bscr=13084.924550122143&elckey=7270987743757165891&searchTestGroup=1_2_1&iid=8763968402103254985,N/A,,Sales Consultant,Jooble
Sales Specialist,Jooble Employer,Bangalore,N/A,https://in.jooble.org/away/5522874106403254179?p=1&pos=50&rgn=3193&pageType=20&ckey=sales+development+representative&sid=-8669921220951768676&jobAge=69&relb=10&brelb=10&scr=13079.892086529731&bscr=13079.892086529731&elckey=7270987743757165891&searchTestGroup=1_2_1&iid=8623516246785501896,N/A,,Sales Specialist,Jooble
Senior Sales Executive,Jooble Employer,Bangalore,N/A,https://in.jooble.org/away/4870667571455516503?p=1&pos=51&rgn=3193&pageType=20&ckey=sales+development+representative&sid=-8669921220951768676&jobAge=21&relb=10&brelb=10&scr=13013.978437888982&bscr=13013.978437888982&elckey=7270987743757165891&searchTestGroup=1_2_1&iid=520702589474374404,N/A,,Senior Sales Executive,Jooble
Pre-Sales Executive-Bengaluru/Gurgaon,Jooble Employer,Bangalore,N/A,https://in.jooble.org/away/3396575137998380846?p=1&pos=52&rgn=3193&pageType=20&ckey=sales+development+representative&sid=-8669921220951768676&jobAge=49&relb=10&brelb=10&scr=13005.397685668828&bscr=13005.397685668828&elckey=7270987743757165891&searchTestGroup=1_2_1&iid=1799279442405306159,N/A,,Pre-Sales Executive-Bengaluru/Gurgaon,Jooble
Sales Development Representative,Jooble Employer,Bangalore,N/A,https://in.jooble.org/desc/-7526568396033516131?ckey=sales+development+representative&rgn=3193&pos=53&elckey=7270987743757165891&pageType=20&p=1&sid=-8669921220951768676&jobAge=669&relb=10&brelb=10&bscr=12954.306645867995&scr=12954.306645867995&searchTestGroup=1_2_1&iid=6750734553848253586,N/A,,Sales Development Representative,Jooble
Sales Development Representative - India,Jooble Employer,Bangalore,N/A,https://in.jooble.org/desc/-5917436541244235564?ckey=sales+development+representative&rgn=3193&pos=54&elckey=7270987743757165891&pageType=20&p=1&sid=-8669921220951768676&jobAge=165&relb=10&brelb=10&bscr=12954.306645867995&scr=12954.306645867995&searchTestGroup=1_2_1&iid=-5596085508404537443,N/A,,Sales Development Representative - India,Jooble
Sales Development Representative,Jooble Employer,Bangalore,N/A,https://in.jooble.org/desc/2170103247065384750?ckey=sales+development+representative&rgn=3193&pos=55&elckey=7270987743757165891&pageType=20&p=1&sid=-8669921220951768676&jobAge=1149&relb=10&brelb=10&bscr=12954.306645867995&scr=12954.306645867995&searchTestGroup=1_2_1&iid=7863154614096623407,N/A,,Sales Development Representative,Jooble
Sales Development Representative,Jooble Employer,Bangalore,N/A,https://in.jooble.org/desc/-2256368837948231686?ckey=sales+development+representative&rgn=3193&pos=56&elckey=7270987743757165891&pageType=20&p=1&sid=-8669921220951768676&jobAge=669&relb=10&brelb=10&bscr=12954.306645867995&scr=12954.306645867995&searchTestGroup=1_2_1&iid=6356985576401514611,N/A,,Sales Development Representative,Jooble
Sales Development Representative,Jooble Employer,Bangalore,N/A,https://in.jooble.org/desc/-7459027308112254387?ckey=sales+development+representative&rgn=3193&pos=57&elckey=7270987743757165891&pageType=20&p=1&sid=-8669921220951768676&jobAge=453&relb=10&brelb=10&bscr=12954.306645867995&scr=12954.306645867995&searchTestGroup=1_2_1&iid=410287708696513282,N/A,,Sales Development Representative,Jooble
Sales Development Representative,Jooble Employer,Bangalore,N/A,https://in.jooble.org/desc/2179239018087341569?ckey=sales+development+representative&rgn=3193&pos=58&elckey=7270987743757165891&pageType=20&p=1&sid=-8669921220951768676&jobAge=820&relb=100&brelb=100&bscr=12954.306645867995&scr=12954.306645867995&searchTestGroup=1_2_1&iid=-5053285187950419698,N/A,,Sales Development Representative,Jooble
Sales Development Representative,Jooble Employer,Bangalore,N/A,https://in.jooble.org/desc/6429437747780037587?ckey=sales+development+representative&rgn=3193&pos=59&elckey=7270987743757165891&pageType=20&p=1&sid=-8669921220951768676&jobAge=165&relb=10&brelb=10&bscr=12954.306645867995&scr=12954.306645867995&searchTestGroup=1_2_1&iid=-8052622714822711624,N/A,,Sales Development Representative,Jooble
Sales Development Representative (Inbound),Jooble Employer,Bangalore,N/A,https://in.jooble.org/desc/7663119207773304722?ckey=sales+development+representative&rgn=3193&pos=60&elckey=7270987743757165891&pageType=20&p=1&sid=-8669921220951768676&jobAge=669&relb=10&brelb=10&bscr=12954.306645867995&scr=12954.306645867995&searchTestGroup=1_2_1&iid=-864591462712758357,N/A,,Sales Development Representative (Inbound),Jooble
Sales Development Representative,Jooble Employer,Bangalore,N/A,https://in.jooble.org/desc/4799242776948840912?ckey=sales+development+representative&rgn=3193&pos=61&elckey=7270987743757165891&pageType=20&p=1&sid=-8669921220951768676&jobAge=1077&relb=10&brelb=10&bscr=12954.306645867995&scr=12954.306645867995&searchTestGroup=1_2_1&iid=8835994360763692497,N/A,,Sales Development Representative,Jooble
Inside Sales Specialist (US Shift),Jooble Employer,Bangalore,N/A,https://in.jooble.org/away/7948781148203351405?p=1&pos=62&rgn=3193&pageType=20&ckey=sales+development+representative&sid=-8669921220951768676&jobAge=49&relb=10&brelb=10&scr=12921.773723061287&bscr=12921.773723061287&elckey=7270987743757165891&searchTestGroup=1_2_1&iid=-4177890560218409054,N/A,,Inside Sales Specialist (US Shift),Jooble
Enterprise Sales Specialist,Jooble Employer,Bangalore,N/A,https://in.jooble.org/away/-6479825535939090124?p=1&pos=63&rgn=3193&pageType=20&ckey=sales+development+representative&sid=-8669921220951768676&jobAge=45&relb=10&brelb=10&scr=12919.082958716768&bscr=12919.082958716768&elckey=7270987743757165891&searchTestGroup=1_2_1&iid=-8145373495803886851,N/A,,Enterprise Sales Specialist,Jooble
Sales Consultant,Jooble Employer,Bangalore,N/A,https://in.jooble.org/away/4812794222099872500?p=1&pos=64&rgn=3193&pageType=20&ckey=sales+development+representative&sid=-8669921220951768676&jobAge=93&relb=10&brelb=10&scr=12873.116328880098&bscr=12873.116328880098&elckey=7270987743757165891&searchTestGroup=1_2_1&iid=4180460109676707645,N/A,,Sales Consultant,Jooble
Sales Enablement Specialist,Jooble Employer,Bangalore,N/A,https://in.jooble.org/away/1287116545703603418?p=1&pos=65&rgn=3193&pageType=20&ckey=sales+development+representative&sid=-8669921220951768676&jobAge=117&relb=10&brelb=10&scr=12872.433721815158&bscr=12872.433721815158&elckey=7270987743757165891&searchTestGroup=1_2_1&iid=8496756202089477075,N/A,,Sales Enablement Specialist,Jooble
Techno commercial Sales Specialist,Jooble Employer,Bangalore,N/A,https://in.jooble.org/away/-2046142848352995666?p=1&pos=66&rgn=3193&pageType=20&ckey=sales+development+representative&sid=-8669921220951768676&jobAge=93&relb=10&brelb=10&scr=12714.464796113485&bscr=12714.464796113485&elckey=7270987743757165891&searchTestGroup=1_2_1&iid=9002803247825453231,N/A,,Techno commercial Sales Specialist,Jooble
Information Technology Sales Specialist,Jooble Employer,Bangalore,N/A,https://in.jooble.org/away/8490006980270059538?p=1&pos=67&rgn=3193&pageType=20&ckey=sales+development+representative&sid=-8669921220951768676&jobAge=49&relb=10&brelb=10&scr=12714.464796113485&bscr=12714.464796113485&elckey=7270987743757165891&searchTestGroup=1_2_1&iid=-3050198284532479445,N/A,,Information Technology Sales Specialist,Jooble
Sales Executive - Bengaluru (Peenya),Jooble Employer,Bangalore,N/A,https://in.jooble.org/away/-4208218018037491860?p=1&pos=68&rgn=3193&pageType=20&ckey=sales+development+representative&sid=-8669921220951768676&jobAge=21&relb=10&brelb=10&scr=12599.460417075765&bscr=12599.460417075765&elckey=7270987743757165891&searchTestGroup=1_2_1&iid=1344899717386614613,N/A,,Sales Executive - Bengaluru (Peenya),Jooble
Sales and Business Development Executive,Jooble Employer,Bangalore,N/A,https://in.jooble.org/away/4397889817818222259?p=1&pos=69&rgn=3193&pageType=20&ckey=sales+development+representative&sid=-8669921220951768676&jobAge=6&relb=10&brelb=10&scr=12593.909169401153&bscr=12593.909169401153&elckey=7270987743757165891&searchTestGroup=1_2_1&iid=-8473382957896932712,N/A,,Sales and Business Development Executive,Jooble
Sales Development Representative - India,Jooble Employer,Bangalore,N/A,https://in.jooble.org/desc/3540135766126459313?ckey=sales+development+representative&rgn=3193&pos=70&elckey=7270987743757165891&pageType=20&p=1&sid=-8669921220951768676&jobAge=45&relb=10&brelb=10&bscr=12535.92158142364&scr=12535.92158142364&searchTestGroup=1_2_1&iid=-4852323961295523586,N/A,,Sales Development Representative - India,Jooble
Sales Development Representative MEA Region,Jooble Employer,Bangalore,N/A,https://in.jooble.org/desc/-6096128044923701490?ckey=sales+development+representative&rgn=3193&pos=71&elckey=7270987743757165891&pageType=20&p=1&sid=-8669921220951768676&jobAge=45&relb=10&brelb=10&bscr=12534.577206546825&scr=12534.577206546825&searchTestGroup=1_2_1&iid=7815843021803347343,N/A,,Sales Development Representative MEA Region,Jooble
Sales Executive Residential Properties,Jooble Employer,Bangalore,N/A,https://in.jooble.org/away/-4464297026384112956?p=1&pos=72&rgn=3193&pageType=20&ckey=sales+development+representative&sid=-8669921220951768676&jobAge=117&relb=10&brelb=10&scr=12395.173563434622&bscr=12395.173563434622&elckey=7270987743757165891&searchTestGroup=1_2_1&iid=3289619795523848397,N/A,,Sales Executive Residential Properties,Jooble
Sales Executive - IOL | Bengaluru & Hyderabad,Jooble Employer,Bangalore,N/A,https://in.jooble.org/away/-8221840341270585128?p=1&pos=73&rgn=3193&pageType=20&ckey=sales+development+representative&sid=-8669921220951768676&jobAge=117&relb=10&brelb=10&scr=12339.20093713725&bscr=12339.20093713725&elckey=7270987743757165891&searchTestGroup=1_2_1&iid=-6442789294007155911,N/A,,Sales Executive - IOL | Bengaluru & Hyderabad,Jooble
Sales Development Representative,Jooble Employer,Bangalore,N/A,https://in.jooble.org/desc/-325481896849654646?ckey=sales+development+representative&rgn=3193&pos=74&elckey=7270987743757165891&pageType=20&p=1&sid=-8669921220951768676&jobAge=141&relb=10&brelb=10&bscr=12314.584997342881&scr=12314.584997342881&searchTestGroup=1_2_1&iid=-140558919248924093,N/A,,Sales Development Representative,Jooble
Sales Development Representative,Jooble Employer,Bangalore,N/A,https://in.jooble.org/desc/1044430759548199834?ckey=sales+development+representative&rgn=3193&pos=75&elckey=7270987743757165891&pageType=20&p=1&sid=-8669921220951768676&jobAge=285&relb=10&brelb=10&bscr=12308.81037972534&scr=12308.81037972534&searchTestGroup=1_2_1&iid=-1173131242539629037,N/A,,Sales Development Representative,Jooble
Sales Development Representative,Jooble Employer,Bangalore,N/A,https://in.jooble.org/desc/4202439626644268927?ckey=sales+development+representative&rgn=3193&pos=76&elckey=7270987743757165891&pageType=20&p=1&sid=-8669921220951768676&jobAge=213&relb=10&brelb=10&bscr=12295.513791302603&scr=12295.513791302603&searchTestGroup=1_2_1&iid=-1645928413613676788,N/A,,Sales Development Representative,Jooble
Sales Development Representative,Jooble Employer,Bangalore,N/A,https://in.jooble.org/desc/-330667529827416258?ckey=sales+development+representative&rgn=3193&pos=77&elckey=7270987743757165891&pageType=20&p=1&sid=-8669921220951768676&jobAge=154&relb=100&brelb=100&bscr=12295.513791302603&scr=12295.513791302603&searchTestGroup=1_2_1&iid=5782909276832750591,N/A,,Sales Development Representative,Jooble
Sales Development Representative- EU/US Region,Jooble Employer,Bangalore,N/A,https://in.jooble.org/desc/7811800249790135990?ckey=sales+development+representative&rgn=3193&pos=78&elckey=7270987743757165891&pageType=20&p=1&sid=-8669921220951768676&jobAge=165&relb=10&brelb=10&bscr=12278.444242735122&scr=12278.444242735122&searchTestGroup=1_2_1&iid=-7937670081758749929,N/A,,Sales Development Representative- EU/US Region,Jooble
Sales Development Representative,Jooble Employer,Bangalore,N/A,https://in.jooble.org/desc/-3326587796788704680?ckey=sales+development+representative&rgn=3193&pos=79&elckey=7270987743757165891&pageType=20&p=1&sid=-8669921220951768676&jobAge=333&relb=10&brelb=10&bscr=12171.060421824372&scr=12171.060421824372&searchTestGroup=1_2_1&iid=6033119408012151481,N/A,,Sales Development Representative,Jooble
Sales Development Executive - Asia Pacific Region,Jooble Employer,Bangalore,N/A,https://in.jooble.org/away/-8027700903526868080?p=1&pos=80&rgn=3193&pageType=20&ckey=sales+development+representative&sid=-8669921220951768676&jobAge=6&relb=10&brelb=10&scr=11935.158616899274&bscr=11935.158616899274&elckey=7270987743757165891&searchTestGroup=1_2_1&iid=5092228949077061393,N/A,,Sales Development Executive - Asia Pacific Region,Jooble
Sales Development Representative-Americas,Jooble Employer,Bangalore,N/A,https://in.jooble.org/desc/7777406444573456910?ckey=sales+development+representative&rgn=3193&pos=81&elckey=7270987743757165891&pageType=20&p=1&sid=-8669921220951768676&jobAge=381&relb=10&brelb=10&bscr=11861.31049344771&scr=11861.31049344771&searchTestGroup=1_2_1&iid=1482240214589140111,N/A,,Sales Development Representative-Americas,Jooble
Sales Development Representative (SDR),Jooble Employer,Bangalore,N/A,https://in.jooble.org/desc/342479869791060331?ckey=sales+development+representative&rgn=3193&pos=82&elckey=7270987743757165891&pageType=20&p=1&sid=-8669921220951768676&jobAge=381&relb=10&brelb=10&bscr=11861.31049344771&scr=11861.31049344771&searchTestGroup=1_2_1&iid=-8358736482382124688,N/A,,Sales Development Representative (SDR),Jooble
Sales Development Representative (Outbound),Jooble Employer,Bangalore,N/A,https://in.jooble.org/desc/-7428274926283992414?ckey=sales+development+representative&rgn=3193&pos=83&elckey=7270987743757165891&pageType=20&p=1&sid=-8669921220951768676&jobAge=7&relb=100&brelb=100&bscr=11811.930739329477&scr=11811.930739329477&searchTestGroup=1_2_1&iid=2992219784535219067,N/A,,Sales Development Representative (Outbound),Jooble
Sales Development Representative,Jooble Employer,Bangalore,N/A,https://in.jooble.org/desc/-6367324389493349531?ckey=sales+development+representative&rgn=3193&pos=84&elckey=7270987743757165891&pageType=20&p=1&sid=-8669921220951768676&jobAge=381&relb=10&brelb=10&bscr=11811.930739329477&scr=11811.930739329477&searchTestGroup=1_2_1&iid=-7091544252542302406,N/A,,Sales Development Representative,Jooble
Sales Development Representative,Jooble Employer,Bangalore,N/A,https://in.jooble.org/desc/-713854353583148520?ckey=sales+development+representative&rgn=3193&pos=85&elckey=7270987743757165891&pageType=20&p=1&sid=-8669921220951768676&jobAge=597&relb=10&brelb=10&bscr=11811.930739329477&scr=11811.930739329477&searchTestGroup=1_2_1&iid=-8226604398940199431,N/A,,Sales Development Representative,Jooble
Sales Development Representative,Jooble Employer,Bangalore,N/A,https://in.jooble.org/desc/-5082059895950766076?ckey=sales+development+representative&rgn=3193&pos=86&elckey=7270987743757165891&pageType=20&p=1&sid=-8669921220951768676&jobAge=381&relb=10&brelb=10&bscr=11811.930739329477&scr=11811.930739329477&searchTestGroup=1_2_1&iid=5519498210405846925,N/A,,Sales Development Representative,Jooble
Sales Development Representative,Jooble Employer,Bangalore,N/A,https://in.jooble.org/desc/-3149818794976250682?ckey=sales+development+representative&rgn=3193&pos=87&elckey=7270987743757165891&pageType=20&p=1&sid=-8669921220951768676&jobAge=405&relb=10&brelb=10&bscr=11724.66610731769&scr=11724.66610731769&searchTestGroup=1_2_1&iid=-6193418004901131417,N/A,,Sales Development Representative,Jooble
Sales Development Representative,Jooble Employer,Bangalore,N/A,https://in.jooble.org/desc/1126044418826199386?ckey=sales+development+representative&rgn=3193&pos=88&elckey=7270987743757165891&pageType=20&p=1&sid=-8669921220951768676&jobAge=741&relb=10&brelb=10&bscr=11724.66610731769&scr=11724.66610731769&searchTestGroup=1_2_1&iid=-4904156367965231533,N/A,,Sales Development Representative,Jooble
Sales Development Representative,Jooble Employer,Bangalore,N/A,https://in.jooble.org/desc/5931390448622044509?ckey=sales+development+representative&rgn=3193&pos=89&elckey=7270987743757165891&pageType=20&p=1&sid=-8669921220951768676&jobAge=813&relb=10&brelb=10&bscr=11723.306641857478&scr=11723.306641857478&searchTestGroup=1_2_1&iid=5643765531951962834,N/A,,Sales Development Representative,Jooble
Sales Development Representative,Jooble Employer,Bangalore,N/A,https://in.jooble.org/desc/5486802834581834772?ckey=sales+development+representative&rgn=3193&pos=90&elckey=7270987743757165891&pageType=20&p=1&sid=-8669921220951768676&jobAge=165&relb=10&brelb=10&bscr=11709.449008917447&scr=11709.449008917447&searchTestGroup=1_2_1&iid=1794261542405904477,N/A,,Sales Development Representative,Jooble
Sales Development Representative- SAAS,Jooble Employer,Bangalore,N/A,https://in.jooble.org/desc/-4944802312711871611?ckey=sales+development+representative&rgn=3193&pos=91&elckey=7270987743757165891&pageType=20&p=1&sid=-8669921220951768676&jobAge=477&relb=10&brelb=10&bscr=11709.449008917447&scr=11709.449008917447&searchTestGroup=1_2_1&iid=441212464466605914,N/A,,Sales Development Representative- SAAS,Jooble
Sales Development Representative,Jooble Employer,Bangalore,N/A,https://in.jooble.org/desc/-8924244594322632137?ckey=sales+development+representative&rgn=3193&pos=92&elckey=7270987743757165891&pageType=20&p=1&sid=-8669921220951768676&jobAge=837&relb=10&brelb=10&bscr=11709.449008917447&scr=11709.449008917447&searchTestGroup=1_2_1&iid=-7501496157784662300,N/A,,Sales Development Representative,Jooble
Sales Development Representative,Jooble Employer,Bangalore,N/A,https://in.jooble.org/desc/-4058640362157661337?ckey=sales+development+representative&rgn=3193&pos=93&elckey=7270987743757165891&pageType=20&p=1&sid=-8669921220951768676&jobAge=453&relb=10&brelb=10&bscr=11709.449008917447&scr=11709.449008917447&searchTestGroup=1_2_1&iid=-2143032019596114988,N/A,,Sales Development Representative,Jooble
Sales Development Representative,Jooble Employer,Bangalore,N/A,https://in.jooble.org/desc/5020497840506610442?ckey=sales+development+representative&rgn=3193&pos=94&elckey=7270987743757165891&pageType=20&p=1&sid=-8669921220951768676&jobAge=837&relb=10&brelb=10&bscr=11709.449008917447&scr=11709.449008917447&searchTestGroup=1_2_1&iid=4842325550956133059,N/A,,Sales Development Representative,Jooble
Sales Development Representative,Jooble Employer,Bangalore,N/A,https://in.jooble.org/desc/-8826804150268465573?ckey=sales+development+representative&rgn=3193&pos=95&elckey=7270987743757165891&pageType=20&p=1&sid=-8669921220951768676&jobAge=7293&relb=100&brelb=100&bscr=11709.449008917447&scr=11709.449008917447&searchTestGroup=1_2_1&iid=1841324582549139872,N/A,,Sales Development Representative,Jooble
Sales Development Representative,Jooble Employer,Bangalore,N/A,https://in.jooble.org/desc/639357197792742743?ckey=sales+development+representative&rgn=3193&pos=96&elckey=7270987743757165891&pageType=20&p=1&sid=-8669921220951768676&jobAge=669&relb=10&brelb=10&bscr=11709.449008917447&scr=11709.449008917447&searchTestGroup=1_2_1&iid=-4560547435450856188,N/A,,Sales Development Representative,Jooble
Sales Development Representative (SDR),Jooble Employer,Bangalore,N/A,https://in.jooble.org/desc/9056796595559237661?ckey=sales+development+representative&rgn=3193&pos=97&elckey=7270987743757165891&pageType=20&p=1&sid=-8669921220951768676&jobAge=165&relb=10&brelb=10&bscr=11709.449008917447&scr=11709.449008917447&searchTestGroup=1_2_1&iid=31813738426039570,N/A,,Sales Development Representative (SDR),Jooble
Sales Development Representative,Jooble Employer,Bangalore,N/A,https://in.jooble.org/desc/-7655032777440109991?ckey=sales+development+representative&rgn=3193&pos=98&elckey=7270987743757165891&pageType=20&p=1&sid=-8669921220951768676&jobAge=165&relb=10&brelb=10&bscr=11709.449008917447&scr=11709.449008917447&searchTestGroup=1_2_1&iid=4080774169907222790,N/A,,Sales Development Representative,Jooble
Sales Development Representative,Jooble Employer,Bangalore,N/A,https://in.jooble.org/desc/-5226326301798393903?ckey=sales+development+representative&rgn=3193&pos=99&elckey=7270987743757165891&pageType=20&p=1&sid=-8669921220951768676&jobAge=357&relb=10&brelb=10&bscr=11709.449008917447&scr=11709.449008917447&searchTestGroup=1_2_1&iid=-8687357615512551906,N/A,,Sales Development Representative,Jooble
Sales Development Representative,Jooble Employer,Bangalore,N/A,https://in.jooble.org/desc/6800560716628648942?ckey=sales+development+representative&rgn=3193&pos=100&elckey=7270987743757165891&pageType=20&p=1&sid=-8669921220951768676&jobAge=7&relb=100&brelb=100&bscr=11709.449008917447&scr=11709.449008917447&searchTestGroup=1_2_1&iid=-4682409919966421393,N/A,,Sales Development Representative,Jooble
Sales Development Representative,YuJa Inc.,London,2026-09-03,https://www.reed.co.uk/jobs/sales-development-representative/57308162?source=searchResults&q=sales%20development%20representative&filter=%2Fjobs%2Fsales-development-representative-jobs-in-bangalore-street-sw15%3Fq%3Dsales%2Bdevelopment%2Brepresentative%26locationId%3D4572795,https://www.yuja.com,,"Salary: £55,000 - £60,000 per annum, OTE | Type: Permanent, full-time, On-site | Badges: Promoted",Reed.co.uk
Sales Development Representative,Handle Recruitment,"South West London, London",N/A,https://www.reed.co.uk/jobs/sales-development-representative/57342235?source=searchResults&q=sales%20development%20representative&filter=%2Fjobs%2Fsales-development-representative-jobs-in-bangalore-street-sw15%3Fq%3Dsales%2Bdevelopment%2Brepresentative%26locationId%3D4572795,N/A,,"Salary: £28,000 - £29,000 per annum | Type: Permanent, full-time | Badges: Featured, New, Easy Apply",Reed.co.uk
Sales Development Representative,H2 International Ltd T/A GTM People,London,2026-09-07,https://www.reed.co.uk/jobs/sales-development-representative/57327656?source=searchResults&q=sales%20development%20representative&filter=%2Fjobs%2Fsales-development-representative-jobs-in-bangalore-street-sw15%3Fq%3Dsales%2Bdevelopment%2Brepresentative%26locationId%3D4572795,N/A,,"Salary: £40,000 - £50,000 per annum | Type: Permanent, full-time, On-site | Badges: Easy Apply",Reed.co.uk
Sales Development Representative,Nextech,London,2026-09-02,https://www.reed.co.uk/jobs/sales-development-representative/57300867?source=searchResults&q=sales%20development%20representative&filter=%2Fjobs%2Fsales-development-representative-jobs-in-bangalore-street-sw15%3Fq%3Dsales%2Bdevelopment%2Brepresentative%26locationId%3D4572795,https://www.nextech.com,,"Salary: £40,000 - £50,000 per annum | Type: Permanent, full-time, On-site | Badges: Featured, Easy Apply",Reed.co.uk
Sales Development Representative,ITA,London,2026-09-01,https://www.reed.co.uk/jobs/sales-development-representative/57298995?source=searchResults&q=sales%20development%20representative&filter=%2Fjobs%2Fsales-development-representative-jobs-in-bangalore-street-sw15%3Fq%3Dsales%2Bdevelopment%2Brepresentative%26locationId%3D4572795,https://www.ita.com,,"Salary: £39,000 - £40,000 per annum | Type: Permanent, full-time, On-site | Badges: Easy Apply",Reed.co.uk
Sales Development Representative,CN Sales Recruitment,London,N/A,https://www.reed.co.uk/jobs/sales-development-representative/57315649?source=searchResults&q=sales%20development%20representative&filter=%2Fjobs%2Fsales-development-representative-jobs-in-bangalore-street-sw15%3Fq%3Dsales%2Bdevelopment%2Brepresentative%26locationId%3D4572795,https://www.cnsalesrecruitment.com,,"Salary: £40,000 - £42,000 per annum | Type: Permanent, full-time, Hybrid | Badges: Easy Apply",Reed.co.uk
Sales Development Representative (SDR),Sphere Digital Recruitment,London,2026-08-19,https://www.reed.co.uk/jobs/sales-development-representative-sdr/57102474?source=searchResults&q=sales%20development%20representative&filter=%2Fjobs%2Fsales-development-representative-jobs-in-bangalore-street-sw15%3Fq%3Dsales%2Bdevelopment%2Brepresentative%26locationId%3D4572795,https://www.spheredigitalrecruitment.com,,"Salary: £35,000 - £40,000 per annum | Type: Permanent, full-time, Hybrid | Badges: Easy Apply",Reed.co.uk
Sales Development Representative - Fintech,Celsius Graduate Recruitment Limited,"East London, London",2026-08-17,https://www.reed.co.uk/jobs/sales-development-representative-fintech/57245386?source=searchResults&q=sales%20development%20representative&filter=%2Fjobs%2Fsales-development-representative-jobs-in-bangalore-street-sw15%3Fq%3Dsales%2Bdevelopment%2Brepresentative%26locationId%3D4572795,N/A,,"Salary: £28,000 - £50,000 per annum, OTE | Type: Permanent, full-time, On-site | Badges: Easy Apply",Reed.co.uk
Graduate Sales Development Representative,Celsius Graduate Recruitment Limited,London,2026-08-17,https://www.reed.co.uk/jobs/graduate-sales-development-representative/57245394?source=searchResults&q=sales%20development%20representative&filter=%2Fjobs%2Fsales-development-representative-jobs-in-bangalore-street-sw15%3Fq%3Dsales%2Bdevelopment%2Brepresentative%26locationId%3D4572795,N/A,,"Salary: £35,000 - £40,000 per annum | Type: Permanent, full-time, On-site",Reed.co.uk
Sales Development Representative,Office Angels,"Sutton, Surrey",2026-08-27,https://www.reed.co.uk/jobs/sales-development-representative/57282880?source=searchResults&q=sales%20development%20representative&filter=%2Fjobs%2Fsales-development-representative-jobs-in-bangalore-street-sw15%3Fq%3Dsales%2Bdevelopment%2Brepresentative%26locationId%3D4572795,https://www.officeangels.com,,"Salary: Salary negotiable | Type: Permanent, full-time, On-site | Badges: Easy Apply",Reed.co.uk
Sales Development Representative - Construction,Aaron Wallis Sales Recruitment,London,2026-09-01,https://www.reed.co.uk/jobs/sales-development-representative-construction/57296043?source=searchResults&q=sales%20development%20representative&filter=%2Fjobs%2Fsales-development-representative-jobs-in-bangalore-street-sw15%3Fq%3Dsales%2Bdevelopment%2Brepresentative%26locationId%3D4572795,N/A,,"Salary: £30,000 - £35,000 per annum, inc benefits | Type: Permanent, full-time, On-site | Badges: Featured, Easy Apply",Reed.co.uk
Sales Development Representative - Construction,Aaron Wallis Sales Recruitment,London,2026-09-08,https://www.reed.co.uk/jobs/sales-development-representative-construction/57322977?source=searchResults&q=sales%20development%20representative&filter=%2Fjobs%2Fsales-development-representative-jobs-in-bangalore-street-sw15%3Fq%3Dsales%2Bdevelopment%2Brepresentative%26locationId%3D4572795,N/A,,"Salary: £30,000 - £35,000 per annum, inc benefits | Type: Permanent, full-time, On-site | Badges: Featured, Easy Apply",Reed.co.uk
Sales Development Representative (SDR) - Spanish Speaking,Euro London,London,2026-08-14,https://www.reed.co.uk/jobs/sales-development-representative-sdr-spanish-speaking/57234248?source=searchResults&q=sales%20development%20representative&filter=%2Fjobs%2Fsales-development-representative-jobs-in-bangalore-street-sw15%3Fq%3Dsales%2Bdevelopment%2Brepresentative%26locationId%3D4572795,https://www.eurolondon.com,,"Salary: £45,000 - £50,000 per annum | Type: Permanent, full-time, Remote | Badges: Featured, Easy Apply",Reed.co.uk
Sales Development Representative - German Speaker,Pareto,London,2026-08-04,https://www.reed.co.uk/jobs/sales-development-representative-german-speaker/57196692?source=searchResults&q=sales%20development%20representative&filter=%2Fjobs%2Fsales-development-representative-jobs-in-bangalore-street-sw15%3Fq%3Dsales%2Bdevelopment%2Brepresentative%26locationId%3D4572795,https://www.pareto.in,,"Salary: £35,000 per annum | Type: Permanent, full-time, Hybrid | Badges: Ending soon, Easy Apply",Reed.co.uk
SDR - Sales Development Representative - Ai - Fintech -HYBRID - Banking / Cannon Street,Hawke Search,London,2026-08-08,https://www.reed.co.uk/jobs/sdr-sales-development-representative-ai-fintech-hybrid-banking-cannon-street/57213141?source=searchResults&q=sales%20development%20representative&filter=%2Fjobs%2Fsales-development-representative-jobs-in-bangalore-street-sw15%3Fq%3Dsales%2Bdevelopment%2Brepresentative%26locationId%3D4572795,https://www.hawkesearch.com,,"Salary: £40,000 - £45,000 per annum | Type: Permanent, full-time, On-site | Badges: Featured, Easy Apply",Reed.co.uk
Field Sales Representative (Red Bull QSR) - East London,Acosta Europe,London,2026-09-04,https://www.reed.co.uk/jobs/field-sales-representative-red-bull-qsr-east-london/57309658?source=searchResults&q=sales%20development%20representative&filter=%2Fjobs%2Fsales-development-representative-jobs-in-bangalore-street-sw15%3Fq%3Dsales%2Bdevelopment%2Brepresentative%26locationId%3D4572795,https://www.acostaeurope.com,,"Salary: £28,796 per annum | Type: Permanent, full-time, On-site | Badges: Featured, EarlyBirdEarly bird",Reed.co.uk
Territory Representative,Howdens Joinery,"Battersea, London",2026-09-07,https://www.reed.co.uk/jobs/territory-representative/57327766?source=searchResults&q=sales%20development%20representative&filter=%2Fjobs%2Fsales-development-representative-jobs-in-bangalore-street-sw15%3Fq%3Dsales%2Bdevelopment%2Brepresentative%26locationId%3D4572795,N/A,,"Salary: Competitive salary | Type: Permanent, full-time, On-site | Badges: Featured, EarlyBirdEarly bird",Reed.co.uk
Territory Representative,Howdens Joinery,London,2026-09-08,https://www.reed.co.uk/jobs/territory-representative/57278128?source=searchResults&q=sales%20development%20representative&filter=%2Fjobs%2Fsales-development-representative-jobs-in-bangalore-street-sw15%3Fq%3Dsales%2Bdevelopment%2Brepresentative%26locationId%3D4572795,N/A,,"Salary: Competitive salary | Type: Permanent, full-time, On-site | Badges: Featured, EarlyBirdEarly bird",Reed.co.uk
Buainess Development Representative,ABR Associates Ltd,London,2026-08-18,https://www.reed.co.uk/jobs/buainess-development-representative/56616535?source=searchResults&q=sales%20development%20representative&filter=%2Fjobs%2Fsales-development-representative-jobs-in-bangalore-street-sw15%3Fq%3Dsales%2Bdevelopment%2Brepresentative%26locationId%3D4572795,N/A,,"Salary: £35,000 - £45,000 per annum | Type: Permanent, full-time, Hybrid | Badges: Featured",Reed.co.uk
Sales Development Rep,Pareto,London,2026-09-02,https://www.reed.co.uk/jobs/sales-development-rep/57303616?source=searchResults&q=sales%20development%20representative&filter=%2Fjobs%2Fsales-development-representative-jobs-in-bangalore-street-sw15%3Fq%3Dsales%2Bdevelopment%2Brepresentative%26locationId%3D4572795,https://www.pareto.in,,"Salary: £21,000 - £30,000 per annum | Type: Permanent, full-time, Hybrid | Badges: Easy Apply",Reed.co.uk
Sales Development Rep,Pareto,London,2026-09-09,https://www.reed.co.uk/jobs/sales-development-rep/57333837?source=searchResults&q=sales%20development%20representative&filter=%2Fjobs%2Fsales-development-representative-jobs-in-bangalore-street-sw15%3Fq%3Dsales%2Bdevelopment%2Brepresentative%26locationId%3D4572795,https://www.pareto.in,,"Salary: £32,092 per annum | Type: Permanent, full-time, Hybrid | Badges: Easy Apply",Reed.co.uk
Sales Development Rep,Pareto,London,2026-09-03,https://www.reed.co.uk/jobs/sales-development-rep/57306860?source=searchResults&q=sales%20development%20representative&filter=%2Fjobs%2Fsales-development-representative-jobs-in-bangalore-street-sw15%3Fq%3Dsales%2Bdevelopment%2Brepresentative%26locationId%3D4572795,https://www.pareto.in,,"Salary: £30,000 per annum | Type: Permanent, full-time, Hybrid | Badges: Easy Apply",Reed.co.uk
Sales Development Rep,Pareto,London,2026-09-05,https://www.reed.co.uk/jobs/sales-development-rep/57316908?source=searchResults&q=sales%20development%20representative&filter=%2Fjobs%2Fsales-development-representative-jobs-in-bangalore-street-sw15%3Fq%3Dsales%2Bdevelopment%2Brepresentative%26locationId%3D4572795,https://www.pareto.in,,"Salary: £30,000 per annum | Type: Permanent, full-time, Hybrid | Badges: Easy Apply",Reed.co.uk
Field Sales Representative — South West London & Surrey,FLATPAY APS,"Kingston Upon Thames, Surrey",2026-08-21,https://www.reed.co.uk/jobs/field-sales-representative--south-west-london-surrey/57263239?source=searchResults&q=sales%20development%20representative&filter=%2Fjobs%2Fsales-development-representative-jobs-in-bangalore-street-sw15%3Fq%3Dsales%2Bdevelopment%2Brepresentative%26locationId%3D4572795,N/A,,"Salary: Competitive salary | Type: Permanent, full-time, Remote | Badges: Featured",Reed.co.uk
Sales Executive,Williams International Real Estate,United Kingdom,2026-08-27,https://www.reed.co.uk/jobs/sales-executive/57282144?source=searchResults&q=sales%20development%20representative&filter=%2Fjobs%2Fsales-development-representative-jobs-in-bangalore-street-sw15%3Fq%3Dsales%2Bdevelopment%2Brepresentative%26locationId%3D4572795,N/A,,"Salary: £50,000 - £250,000 per annum, OTE | Type: Permanent, full-time, Hybrid | Badges: Featured",Reed.co.uk
Sales Development Representative,YuJa Inc.,London,2026-09-03,https://www.reed.co.uk/jobs/sales-development-representative/57308162?source=searchResults&q=sales%20development%20representative&filter=%2Fjobs%2Fsales-development-representative-jobs-in-bangalore-street-sw15%3Fq%3Dsales%2Bdevelopment%2Brepresentative%26pageno%3D2%26locationId%3D4572795,https://www.yuja.com,,"Salary: £55,000 - £60,000 per annum, OTE | Type: Permanent, full-time, On-site | Badges: Promoted",Reed.co.uk
Sales Executive,Dacha Real Estate,United Kingdom,2026-08-10,https://www.reed.co.uk/jobs/sales-executive/57215155?source=searchResults&q=sales%20development%20representative&filter=%2Fjobs%2Fsales-development-representative-jobs-in-bangalore-street-sw15%3Fq%3Dsales%2Bdevelopment%2Brepresentative%26pageno%3D2%26locationId%3D4572795,N/A,,"Salary: Commission only | Type: Permanent, full-time, On-site | Badges: Featured",Reed.co.uk
Commission-Based Sales Agent / Independent Sales Representative,MSS Watch Company,London,2026-09-01,https://www.reed.co.uk/jobs/commission-based-sales-agent-independent-sales-representative/57298608?source=searchResults&q=sales%20development%20representative&filter=%2Fjobs%2Fsales-development-representative-jobs-in-bangalore-street-sw15%3Fq%3Dsales%2Bdevelopment%2Brepresentative%26pageno%3D2%26locationId%3D4572795,N/A,,"Salary: Commission only | Type: Contract, full-time or part-time, Remote | Badges: Featured, Easy Apply",Reed.co.uk
Sales Development Associate,Marble Partners,London,2026-09-07,https://www.reed.co.uk/jobs/sales-development-associate/57327897?source=searchResults&q=sales%20development%20representative&filter=%2Fjobs%2Fsales-development-representative-jobs-in-bangalore-street-sw15%3Fq%3Dsales%2Bdevelopment%2Brepresentative%26pageno%3D2%26locationId%3D4572795,https://www.marblepartners.com,,"Salary: £31,000 - £45,000 per annum | Type: Permanent, full-time, On-site",Reed.co.uk
Field Sales Executives (D2D),Ad Warrior,London,2026-08-17,https://www.reed.co.uk/jobs/field-sales-executives-d2d/57244502?source=searchResults&q=sales%20development%20representative&filter=%2Fjobs%2Fsales-development-representative-jobs-in-bangalore-street-sw15%3Fq%3Dsales%2Bdevelopment%2Brepresentative%26pageno%3D2%26locationId%3D4572795,N/A,,"Salary: Competitive salary | Type: Permanent, full-time, On-site",Reed.co.uk
Business Development Executive,Reed,London,2026-09-08,https://www.reed.co.uk/jobs/business-development-executive/57320601?source=searchResults&q=sales%20development%20representative&filter=%2Fjobs%2Fsales-development-representative-jobs-in-bangalore-street-sw15%3Fq%3Dsales%2Bdevelopment%2Brepresentative%26pageno%3D2%26locationId%3D4572795,https://www.reed.com,,"Salary: £45,000 per annum | Type: Permanent, full-time, On-site | Badges: Featured",Reed.co.uk
Business Development Executive,Jobheron,"Shoreditch, London, London",2026-08-11,https://www.reed.co.uk/jobs/business-development-executive/57223220?source=searchResults&q=sales%20development%20representative&filter=%2Fjobs%2Fsales-development-representative-jobs-in-bangalore-street-sw15%3Fq%3Dsales%2Bdevelopment%2Brepresentative%26pageno%3D2%26locationId%3D4572795,https://www.jobheron.com,,"Salary: £35,000 - £45,000 per annum | Type: Permanent, full-time, Hybrid | Badges: Easy Apply",Reed.co.uk
Business Development Executive,Intretech,London,2026-08-06,https://www.reed.co.uk/jobs/business-development-executive/57205559?source=searchResults&q=sales%20development%20representative&filter=%2Fjobs%2Fsales-development-representative-jobs-in-bangalore-street-sw15%3Fq%3Dsales%2Bdevelopment%2Brepresentative%26pageno%3D2%26locationId%3D4572795,https://www.intretech.com,,"Salary: £46,000 - £61,800 per annum, OTE | Type: Permanent, full-time, Hybrid | Badges: Easy Apply",Reed.co.uk
Development Executive,Brown & Brown (Europe),London,2026-08-25,https://www.reed.co.uk/jobs/development-executive/56970766?source=searchResults&q=sales%20development%20representative&filter=%2Fjobs%2Fsales-development-representative-jobs-in-bangalore-street-sw15%3Fq%3Dsales%2Bdevelopment%2Brepresentative%26pageno%3D2%26locationId%3D4572795,N/A,,"Salary: Salary negotiable | Type: Permanent, full-time, Hybrid",Reed.co.uk
Sales Executive,VITICULT LTD,London,2026-09-08,https://www.reed.co.uk/jobs/sales-executive/57330975?source=searchResults&q=sales%20development%20representative&filter=%2Fjobs%2Fsales-development-representative-jobs-in-bangalore-street-sw15%3Fq%3Dsales%2Bdevelopment%2Brepresentative%26pageno%3D2%26locationId%3D4572795,N/A,,"Salary: £18,000 - £24,000 per annum | Type: Permanent, full-time, On-site | Badges: Featured, Easy Apply",Reed.co.uk
Sales Executive,NOS Global,"East London, London",2026-09-09,https://www.reed.co.uk/jobs/sales-executive/57335735?source=searchResults&q=sales%20development%20representative&filter=%2Fjobs%2Fsales-development-representative-jobs-in-bangalore-street-sw15%3Fq%3Dsales%2Bdevelopment%2Brepresentative%26pageno%3D2%26locationId%3D4572795,https://www.nosglobal.com,,"Salary: £30,000 - £35,000 per annum | Type: Permanent, full-time, On-site | Badges: Featured",Reed.co.uk
Sales Support Executive,Exponential-e,London,2026-09-02,https://www.reed.co.uk/jobs/sales-support-executive/57302861?source=searchResults&q=sales%20development%20representative&filter=%2Fjobs%2Fsales-development-representative-jobs-in-bangalore-street-sw15%3Fq%3Dsales%2Bdevelopment%2Brepresentative%26pageno%3D2%26locationId%3D4572795,N/A,,"Salary: Salary negotiable | Type: Permanent, full-time or part-time, On-site | Badges: Featured",Reed.co.uk
Business Development Representative,Sphere Digital Recruitment,London,2026-08-19,https://www.reed.co.uk/jobs/business-development-representative/57102493?source=searchResults&q=sales%20development%20representative&filter=%2Fjobs%2Fsales-development-representative-jobs-in-bangalore-street-sw15%3Fq%3Dsales%2Bdevelopment%2Brepresentative%26pageno%3D2%26locationId%3D4572795,https://www.spheredigitalrecruitment.com,,"Salary: £35,000 - £45,000 per annum | Type: Permanent, full-time, Hybrid | Badges: Easy Apply",Reed.co.uk
Field Sales Representative,Adecco,London,2026-09-08,https://www.reed.co.uk/jobs/field-sales-representative/57329223?source=searchResults&q=sales%20development%20representative&filter=%2Fjobs%2Fsales-development-representative-jobs-in-bangalore-street-sw15%3Fq%3Dsales%2Bdevelopment%2Brepresentative%26pageno%3D2%26locationId%3D4572795,https://www.adecco.com,,"Salary: £14.42 per hour | Type: Contract, full-time, On-site | Badges: Easy Apply",Reed.co.uk
Business Development Representative (BDR),Coburg Banks Limited,"City of London, London",2026-09-02,https://www.reed.co.uk/jobs/business-development-representative-bdr/57303246?source=searchResults&q=sales%20development%20representative&filter=%2Fjobs%2Fsales-development-representative-jobs-in-bangalore-street-sw15%3Fq%3Dsales%2Bdevelopment%2Brepresentative%26pageno%3D2%26locationId%3D4572795,N/A,,"Salary: £45,000 - £50,000 per annum | Type: Permanent, full-time, Remote | Badges: Easy Apply",Reed.co.uk
Sales Executive,Office Angels,"Sutton, Surrey",2026-09-04,https://www.reed.co.uk/jobs/sales-executive/57312728?source=searchResults&q=sales%20development%20representative&filter=%2Fjobs%2Fsales-development-representative-jobs-in-bangalore-street-sw15%3Fq%3Dsales%2Bdevelopment%2Brepresentative%26pageno%3D2%26locationId%3D4572795,https://www.officeangels.com,,"Salary: £26,000 - £28,000 per annum | Type: Permanent, full-time, On-site | Badges: Easy Apply",Reed.co.uk
Graduate Business Development Executive,Celsius Graduate Recruitment Limited,London,2026-08-17,https://www.reed.co.uk/jobs/graduate-business-development-executive/57245375?source=searchResults&q=sales%20development%20representative&filter=%2Fjobs%2Fsales-development-representative-jobs-in-bangalore-street-sw15%3Fq%3Dsales%2Bdevelopment%2Brepresentative%26pageno%3D2%26locationId%3D4572795,N/A,,"Salary: £28,330 - £55,000 per annum, OTE | Type: Permanent, full-time, On-site",Reed.co.uk
"GTM Engineer, B2B SaaS Sales, London,Commission, COR7626",Corriculo Ltd,London,2026-09-08,https://www.reed.co.uk/jobs/gtm-engineer-b2b-saas-sales-londoncommission-cor7626/57330863?source=searchResults&q=sales%20development%20representative&filter=%2Fjobs%2Fsales-development-representative-jobs-in-bangalore-street-sw15%3Fq%3Dsales%2Bdevelopment%2Brepresentative%26pageno%3D2%26locationId%3D4572795,N/A,,"Salary: £35,000 - £50,000 per annum | Type: Permanent, full-time, On-site | Badges: Easy Apply",Reed.co.uk
Sales Development Rep,Pareto,London,2026-09-05,https://www.reed.co.uk/jobs/sales-development-rep/57317302?source=searchResults&q=sales%20development%20representative&filter=%2Fjobs%2Fsales-development-representative-jobs-in-bangalore-street-sw15%3Fq%3Dsales%2Bdevelopment%2Brepresentative%26pageno%3D2%26locationId%3D4572795,https://www.pareto.in,,"Salary: £21,000 - £30,000 per annum | Type: Permanent, full-time, Hybrid | Badges: Easy Apply",Reed.co.uk
Sales Development Rep,Pareto,London,2026-08-26,https://www.reed.co.uk/jobs/sales-development-rep/57280674?source=searchResults&q=sales%20development%20representative&filter=%2Fjobs%2Fsales-development-representative-jobs-in-bangalore-street-sw15%3Fq%3Dsales%2Bdevelopment%2Brepresentative%26pageno%3D2%26locationId%3D4572795,https://www.pareto.in,,"Salary: £30,000 per annum | Type: Permanent, full-time, Hybrid | Badges: Easy Apply",Reed.co.uk
Business Development Executive,ITA,London,2026-09-01,https://www.reed.co.uk/jobs/business-development-executive/57299001?source=searchResults&q=sales%20development%20representative&filter=%2Fjobs%2Fsales-development-representative-jobs-in-bangalore-street-sw15%3Fq%3Dsales%2Bdevelopment%2Brepresentative%26pageno%3D2%26locationId%3D4572795,https://www.ita.com,,"Salary: £39,000 - £40,000 per annum | Type: Permanent, full-time, On-site | Badges: Easy Apply",Reed.co.uk
Sales Development Rep,Pareto,London,2026-08-26,https://www.reed.co.uk/jobs/sales-development-rep/57280827?source=searchResults&q=sales%20development%20representative&filter=%2Fjobs%2Fsales-development-representative-jobs-in-bangalore-street-sw15%3Fq%3Dsales%2Bdevelopment%2Brepresentative%26pageno%3D2%26locationId%3D4572795,https://www.pareto.in,,"Salary: £21,000 - £30,000 per annum | Type: Permanent, full-time, Hybrid | Badges: Easy Apply",Reed.co.uk
Business Development Manager,AWD online,London,2026-08-18,https://www.reed.co.uk/jobs/business-development-manager/57190641?source=searchResults&q=sales%20development%20representative&filter=%2Fjobs%2Fsales-development-representative-jobs-in-bangalore-street-sw15%3Fq%3Dsales%2Bdevelopment%2Brepresentative%26pageno%3D2%26locationId%3D4572795,https://www.awdonline.net,,"Salary: £50,000 per annum, OTE | Type: Permanent, full-time, Hybrid | Badges: Ending soon, Easy Apply",Reed.co.uk
Business Development Representative (BDR),Hays Specialist Recruitment Limited,London,2026-08-12,https://www.reed.co.uk/jobs/business-development-representative-bdr/57231141?source=searchResults&q=sales%20development%20representative&filter=%2Fjobs%2Fsales-development-representative-jobs-in-bangalore-street-sw15%3Fq%3Dsales%2Bdevelopment%2Brepresentative%26pageno%3D2%26locationId%3D4572795,https://www.haysspecialistrecruitment.com,,"Salary: £30,000 - £40,000 per annum | Type: Permanent, full-time, On-site | Badges: Easy Apply",Reed.co.uk
Sales Development Representative,YuJa Inc.,London,2026-09-03,https://www.reed.co.uk/jobs/sales-development-representative/57308162?source=searchResults&q=sales%20development%20representative&filter=%2Fjobs%2Fsales-development-representative-jobs-in-bangalore-street-sw15%3Fq%3Dsales%2Bdevelopment%2Brepresentative%26pageno%3D3%26locationId%3D4572795,https://www.yuja.com,,"Salary: £55,000 - £60,000 per annum, OTE | Type: Permanent, full-time, On-site | Badges: Promoted",Reed.co.uk
Business Development Representative (BDR),Hays Specialist Recruitment Limited,London,2026-08-12,https://www.reed.co.uk/jobs/business-development-representative-bdr/57231141?source=searchResults&q=sales%20development%20representative&filter=%2Fjobs%2Fsales-development-representative-jobs-in-bangalore-street-sw15%3Fq%3Dsales%2Bdevelopment%2Brepresentative%26pageno%3D3%26locationId%3D4572795,https://www.haysspecialistrecruitment.com,,"Salary: £30,000 - £40,000 per annum | Type: Permanent, full-time, On-site | Badges: Easy Apply",Reed.co.uk
Salesforce Developer,The Hyde Group,London,2026-08-17,https://www.reed.co.uk/jobs/salesforce-developer/57246062?source=searchResults&q=sales%20development%20representative&filter=%2Fjobs%2Fsales-development-representative-jobs-in-bangalore-street-sw15%3Fq%3Dsales%2Bdevelopment%2Brepresentative%26pageno%3D3%26locationId%3D4572795,N/A,,"Salary: £54,800 - £66,000 per annum | Type: Permanent, full-time, Hybrid | Badges: Featured",Reed.co.uk
Telesales / Business Developer,Howdens Joinery,London,2026-09-08,https://www.reed.co.uk/jobs/telesales-business-developer/57246267?source=searchResults&q=sales%20development%20representative&filter=%2Fjobs%2Fsales-development-representative-jobs-in-bangalore-street-sw15%3Fq%3Dsales%2Bdevelopment%2Brepresentative%26pageno%3D3%26locationId%3D4572795,N/A,,"Salary: Competitive salary | Type: Permanent, full-time, On-site | Badges: Featured",Reed.co.uk
Telesales / Business Developer,Howdens Joinery,"Bermondsey, London",2026-09-06,https://www.reed.co.uk/jobs/telesales-business-developer/57303809?source=searchResults&q=sales%20development%20representative&filter=%2Fjobs%2Fsales-development-representative-jobs-in-bangalore-street-sw15%3Fq%3Dsales%2Bdevelopment%2Brepresentative%26pageno%3D3%26locationId%3D4572795,N/A,,"Salary: Competitive salary | Type: Permanent, full-time, On-site | Badges: Featured",Reed.co.uk
Medical Sales Representative,Brite Recruitment Ltd,London,2026-08-07,https://www.reed.co.uk/jobs/medical-sales-representative/57210318?source=searchResults&q=sales%20development%20representative&filter=%2Fjobs%2Fsales-development-representative-jobs-in-bangalore-street-sw15%3Fq%3Dsales%2Bdevelopment%2Brepresentative%26pageno%3D3%26locationId%3D4572795,N/A,,"Salary: £51,000 - £55,000 per annum | Type: Permanent, full-time, On-site",Reed.co.uk
Delegate Sales Executive,Lipton Media,London,2026-09-01,https://www.reed.co.uk/jobs/delegate-sales-executive/57296659?source=searchResults&q=sales%20development%20representative&filter=%2Fjobs%2Fsales-development-representative-jobs-in-bangalore-street-sw15%3Fq%3Dsales%2Bdevelopment%2Brepresentative%26pageno%3D3%26locationId%3D4572795,https://www.liptonmedia.com,,"Salary: £30,000 - £37,000 per annum | Type: Permanent, full-time, On-site | Badges: Easy Apply",Reed.co.uk
Delegate Sales Executive,Handle Recruitment,London,2026-09-08,https://www.reed.co.uk/jobs/delegate-sales-executive/57322786?source=searchResults&q=sales%20development%20representative&filter=%2Fjobs%2Fsales-development-representative-jobs-in-bangalore-street-sw15%3Fq%3Dsales%2Bdevelopment%2Brepresentative%26pageno%3D3%26locationId%3D4572795,N/A,,"Salary: £33,000 - £35,000 per annum | Type: Permanent, full-time, Hybrid | Badges: Featured, Easy Apply",Reed.co.uk
Delegate Sales Executive,Reed Talent Solutions,London,2026-08-18,https://www.reed.co.uk/jobs/delegate-sales-executive/57250504?source=searchResults&q=sales%20development%20representative&filter=%2Fjobs%2Fsales-development-representative-jobs-in-bangalore-street-sw15%3Fq%3Dsales%2Bdevelopment%2Brepresentative%26pageno%3D3%26locationId%3D4572795,N/A,,"Salary: £30,000 - £36,000 per annum | Type: Permanent, full-time, On-site | Badges: Featured",Reed.co.uk
Delegate Sales Executive,Reed Talent Solutions,London,2026-08-12,https://www.reed.co.uk/jobs/delegate-sales-executive/57227645?source=searchResults&q=sales%20development%20representative&filter=%2Fjobs%2Fsales-development-representative-jobs-in-bangalore-street-sw15%3Fq%3Dsales%2Bdevelopment%2Brepresentative%26pageno%3D3%26locationId%3D4572795,N/A,,"Salary: £27,000 - £30,000 per annum | Type: Permanent, full-time, Hybrid | Badges: Featured",Reed.co.uk
Delegate Sales Executive,Lipton Media,London,2026-08-11,https://www.reed.co.uk/jobs/delegate-sales-executive/57222575?source=searchResults&q=sales%20development%20representative&filter=%2Fjobs%2Fsales-development-representative-jobs-in-bangalore-street-sw15%3Fq%3Dsales%2Bdevelopment%2Brepresentative%26pageno%3D3%26locationId%3D4572795,https://www.liptonmedia.com,,"Salary: £30,000 - £37,000 per annum | Type: Permanent, full-time, On-site | Badges: Easy Apply",Reed.co.uk
Medical Device Sales Representative — UK,Myn,London,2026-09-08,https://www.reed.co.uk/jobs/medical-device-sales-representative--uk/57320963?source=searchResults&q=sales%20development%20representative&filter=%2Fjobs%2Fsales-development-representative-jobs-in-bangalore-street-sw15%3Fq%3Dsales%2Bdevelopment%2Brepresentative%26pageno%3D3%26locationId%3D4572795,https://www.myn.in,,"Salary: £35,000 - £60,000 per annum | Type: Contract, full-time, On-site | Badges: Ending soon, Easy Apply",Reed.co.uk
Customer Sales Representative - Entry Level,Blackwater Recruitment,London,2026-09-10,https://www.reed.co.uk/jobs/customer-sales-representative-entry-level/57339195?source=searchResults&q=sales%20development%20representative&filter=%2Fjobs%2Fsales-development-representative-jobs-in-bangalore-street-sw15%3Fq%3Dsales%2Bdevelopment%2Brepresentative%26pageno%3D3%26locationId%3D4572795,https://www.blackwaterrecruitment.com,,"Salary: £25,000 - £30,000 per annum, OTE | Type: Permanent, full-time, On-site",Reed.co.uk
Sales Executive - Membership recruitment,Coburg Banks Limited,"City of London, London",2026-09-08,https://www.reed.co.uk/jobs/sales-executive-membership-recruitment/57321474?source=searchResults&q=sales%20development%20representative&filter=%2Fjobs%2Fsales-development-representative-jobs-in-bangalore-street-sw15%3Fq%3Dsales%2Bdevelopment%2Brepresentative%26pageno%3D3%26locationId%3D4572795,N/A,,"Salary: £33,000 - £35,000 per annum | Type: Permanent, full-time, Hybrid | Badges: Easy Apply",Reed.co.uk
Business Development Executive,C&M Travel Recruitment,London,2026-09-10,https://www.reed.co.uk/jobs/business-development-executive/57338434?source=searchResults&q=sales%20development%20representative&filter=%2Fjobs%2Fsales-development-representative-jobs-in-bangalore-street-sw15%3Fq%3Dsales%2Bdevelopment%2Brepresentative%26pageno%3D3%26locationId%3D4572795,N/A,,"Salary: £25,000 - £35,000 per annum | Type: Permanent, full-time, Hybrid",Reed.co.uk
Business Development Executive,Larbey Evans,"City of London, London",2026-09-05,https://www.reed.co.uk/jobs/business-development-executive/57310443?source=searchResults&q=sales%20development%20representative&filter=%2Fjobs%2Fsales-development-representative-jobs-in-bangalore-street-sw15%3Fq%3Dsales%2Bdevelopment%2Brepresentative%26pageno%3D3%26locationId%3D4572795,https://www.larbeyevans.com,,"Salary: Competitive salary | Type: Permanent, full-time, Hybrid | Badges: Easy Apply",Reed.co.uk
Business Development Executive,Tony Alan Recruitment,London,2026-09-08,https://www.reed.co.uk/jobs/business-development-executive/57191317?source=searchResults&q=sales%20development%20representative&filter=%2Fjobs%2Fsales-development-representative-jobs-in-bangalore-street-sw15%3Fq%3Dsales%2Bdevelopment%2Brepresentative%26pageno%3D3%26locationId%3D4572795,https://www.tonyalanrecruitment.com,,"Salary: £30,000 - £35,000 per annum | Type: Permanent, full-time, On-site",Reed.co.uk
Business Development Executive,Reed,"Wembley, London, London",2026-08-26,https://www.reed.co.uk/jobs/business-development-executive/57279652?source=searchResults&q=sales%20development%20representative&filter=%2Fjobs%2Fsales-development-representative-jobs-in-bangalore-street-sw15%3Fq%3Dsales%2Bdevelopment%2Brepresentative%26pageno%3D3%26locationId%3D4572795,https://www.reed.com,,"Salary: £30,000 - £40,000 per annum | Type: Permanent, full-time, On-site | Badges: Featured, Easy Apply",Reed.co.uk
Business Development Executive,Abbatt Property Recruitment,London,2026-08-19,https://www.reed.co.uk/jobs/business-development-executive/57254902?source=searchResults&q=sales%20development%20representative&filter=%2Fjobs%2Fsales-development-representative-jobs-in-bangalore-street-sw15%3Fq%3Dsales%2Bdevelopment%2Brepresentative%26pageno%3D3%26locationId%3D4572795,N/A,,"Salary: £27,000 - £35,000 per annum | Type: Permanent, full-time, On-site | Badges: Featured, Easy Apply",Reed.co.uk
Business Development Executive,Pure Resourcing Limited,London,2026-08-18,https://www.reed.co.uk/jobs/business-development-executive/57249225?source=searchResults&q=sales%20development%20representative&filter=%2Fjobs%2Fsales-development-representative-jobs-in-bangalore-street-sw15%3Fq%3Dsales%2Bdevelopment%2Brepresentative%26pageno%3D3%26locationId%3D4572795,https://www.pureresourcing.com,,"Salary: £30,000 - £45,000 per annum | Type: Permanent, full-time, Hybrid | Badges: Easy Apply",Reed.co.uk
Business Development Executive,Upgrade Recruitment Ltd,"Putney, London",2026-08-17,https://www.reed.co.uk/jobs/business-development-executive/57246110?source=searchResults&q=sales%20development%20representative&filter=%2Fjobs%2Fsales-development-representative-jobs-in-bangalore-street-sw15%3Fq%3Dsales%2Bdevelopment%2Brepresentative%26pageno%3D3%26locationId%3D4572795,N/A,,"Salary: £26,000 - £40,000 per annum, OTE | Type: Permanent, full-time, Hybrid | Badges: Featured",Reed.co.uk
Business Development Executive,Larbey Evans,London,2026-08-13,https://www.reed.co.uk/jobs/business-development-executive/57233202?source=searchResults&q=sales%20development%20representative&filter=%2Fjobs%2Fsales-development-representative-jobs-in-bangalore-street-sw15%3Fq%3Dsales%2Bdevelopment%2Brepresentative%26pageno%3D3%26locationId%3D4572795,https://www.larbeyevans.com,,"Salary: £65,000 per annum | Type: Permanent, full-time, Hybrid | Badges: Easy Apply",Reed.co.uk
Business Development Executive,Employal,"Epsom, Surrey",2026-08-05,https://www.reed.co.uk/jobs/business-development-executive/57201566?source=searchResults&q=sales%20development%20representative&filter=%2Fjobs%2Fsales-development-representative-jobs-in-bangalore-street-sw15%3Fq%3Dsales%2Bdevelopment%2Brepresentative%26pageno%3D3%26locationId%3D4572795,https://www.employal.com,,"Salary: £30,000 - £40,000 per annum | Type: Permanent, full-time, Hybrid | Badges: Easy Apply",Reed.co.uk
Business Development Executive,ACS Recruitment Solutions Ltd,London,2026-08-04,https://www.reed.co.uk/jobs/business-development-executive/57194194?source=searchResults&q=sales%20development%20representative&filter=%2Fjobs%2Fsales-development-representative-jobs-in-bangalore-street-sw15%3Fq%3Dsales%2Bdevelopment%2Brepresentative%26pageno%3D3%26locationId%3D4572795,N/A,,"Salary: £30,000 - £35,000 per annum | Type: Permanent, full-time, On-site | Badges: Featured, Ending soon, Easy Apply",Reed.co.uk
Business Development Executive,Kevin Theobald Recruitment Agency,"Heathrow, Middlesex",2026-08-05,https://www.reed.co.uk/jobs/business-development-executive/56902833?source=searchResults&q=sales%20development%20representative&filter=%2Fjobs%2Fsales-development-representative-jobs-in-bangalore-street-sw15%3Fq%3Dsales%2Bdevelopment%2Brepresentative%26pageno%3D3%26locationId%3D4572795,N/A,,"Salary: £50,000 - £60,000 per annum | Type: Permanent, full-time, On-site | Badges: Easy Apply",Reed.co.uk
Business Development Executive - Remote,Office Angels,London,N/A,https://www.reed.co.uk/jobs/business-development-executive-remote/57341650?source=searchResults&q=sales%20development%20representative&filter=%2Fjobs%2Fsales-development-representative-jobs-in-bangalore-street-sw15%3Fq%3Dsales%2Bdevelopment%2Brepresentative%26pageno%3D3%26locationId%3D4572795,https://www.officeangels.com,,"Salary: £28,000 - £35,000 per annum | Type: Permanent, full-time | Badges: New, Easy Apply",Reed.co.uk
Sales Development Representative,YuJa Inc.,London,2026-09-03,https://www.reed.co.uk/jobs/sales-development-representative/57308162?source=searchResults&q=sales%20development%20representative&filter=%2Fjobs%2Fsales-development-representative-jobs-in-bangalore-street-sw15%3Fq%3Dsales%2Bdevelopment%2Brepresentative%26pageno%3D4%26locationId%3D4572795,https://www.yuja.com,,"Salary: £55,000 - £60,000 per annum, OTE | Type: Permanent, full-time, On-site | Badges: Promoted",Reed.co.uk
Business Development Executive - Remote,Office Angels,London,N/A,https://www.reed.co.uk/jobs/business-development-executive-remote/57341650?source=searchResults&q=sales%20development%20representative&filter=%2Fjobs%2Fsales-development-representative-jobs-in-bangalore-street-sw15%3Fq%3Dsales%2Bdevelopment%2Brepresentative%26pageno%3D4%26locationId%3D4572795,https://www.officeangels.com,,"Salary: £28,000 - £35,000 per annum | Type: Permanent, full-time | Badges: New, Easy Apply",Reed.co.uk
Sales Executive,Pareto,London,2026-09-02,https://www.reed.co.uk/jobs/sales-executive/57303640?source=searchResults&q=sales%20development%20representative&filter=%2Fjobs%2Fsales-development-representative-jobs-in-bangalore-street-sw15%3Fq%3Dsales%2Bdevelopment%2Brepresentative%26pageno%3D4%26locationId%3D4572795,https://www.pareto.in,,"Salary: £21,000 - £30,000 per annum | Type: Permanent, full-time, On-site | Badges: Easy Apply",Reed.co.uk
Sales Executive,Pareto,London,2026-09-02,https://www.reed.co.uk/jobs/sales-executive/57303602?source=searchResults&q=sales%20development%20representative&filter=%2Fjobs%2Fsales-development-representative-jobs-in-bangalore-street-sw15%3Fq%3Dsales%2Bdevelopment%2Brepresentative%26pageno%3D4%26locationId%3D4572795,https://www.pareto.in,,"Salary: £28,350 per annum | Type: Permanent, full-time, On-site | Badges: Easy Apply",Reed.co.uk
Sales Executive,ACS Recruitment Solutions Ltd,London,2026-09-02,https://www.reed.co.uk/jobs/sales-executive/57301480?source=searchResults&q=sales%20development%20representative&filter=%2Fjobs%2Fsales-development-representative-jobs-in-bangalore-street-sw15%3Fq%3Dsales%2Bdevelopment%2Brepresentative%26pageno%3D4%26locationId%3D4572795,N/A,,"Salary: £25,000 per annum | Type: Permanent, full-time, On-site | Badges: Featured, Easy Apply",Reed.co.uk
Sales Executive,Australasian Recruitment Company,London,N/A,https://www.reed.co.uk/jobs/sales-executive/57340972?source=searchResults&q=sales%20development%20representative&filter=%2Fjobs%2Fsales-development-representative-jobs-in-bangalore-street-sw15%3Fq%3Dsales%2Bdevelopment%2Brepresentative%26pageno%3D4%26locationId%3D4572795,N/A,,"Salary: £30,000 - £50,000 per annum | Type: Permanent, full-time | Badges: Featured, New, Easy Apply",Reed.co.uk
Sales Executive,Pareto,London,2026-09-03,https://www.reed.co.uk/jobs/sales-executive/57307066?source=searchResults&q=sales%20development%20representative&filter=%2Fjobs%2Fsales-development-representative-jobs-in-bangalore-street-sw15%3Fq%3Dsales%2Bdevelopment%2Brepresentative%26pageno%3D4%26locationId%3D4572795,https://www.pareto.in,,"Salary: £30,000 per annum | Type: Permanent, full-time, On-site | Badges: Easy Apply",Reed.co.uk
Sales Executive,Zachary Daniels,London,2026-09-05,https://www.reed.co.uk/jobs/sales-executive/57315633?source=searchResults&q=sales%20development%20representative&filter=%2Fjobs%2Fsales-development-representative-jobs-in-bangalore-street-sw15%3Fq%3Dsales%2Bdevelopment%2Brepresentative%26pageno%3D4%26locationId%3D4572795,https://www.zacharydaniels.co,,"Salary: £38,000 - £48,000 per annum | Type: Permanent, full-time, On-site | Badges: Featured, Easy Apply",Reed.co.uk
Sales Executive,Pareto,London,2026-08-27,https://www.reed.co.uk/jobs/sales-executive/57282748?source=searchResults&q=sales%20development%20representative&filter=%2Fjobs%2Fsales-development-representative-jobs-in-bangalore-street-sw15%3Fq%3Dsales%2Bdevelopment%2Brepresentative%26pageno%3D4%26locationId%3D4572795,https://www.pareto.in,,"Salary: £25,000 - £32,000 per annum | Type: Permanent, full-time, On-site | Badges: Easy Apply",Reed.co.uk
Sales Executive,Pareto,London,2026-08-24,https://www.reed.co.uk/jobs/sales-executive/57270376?source=searchResults&q=sales%20development%20representative&filter=%2Fjobs%2Fsales-development-representative-jobs-in-bangalore-street-sw15%3Fq%3Dsales%2Bdevelopment%2Brepresentative%26pageno%3D4%26locationId%3D4572795,https://www.pareto.in,,"Salary: £41,500 per annum | Type: Permanent, full-time, On-site | Badges: Easy Apply",Reed.co.uk
Sales Executive,Red Rhino Solutions,"East London, London",2026-08-23,https://www.reed.co.uk/jobs/sales-executive/57267086?source=searchResults&q=sales%20development%20representative&filter=%2Fjobs%2Fsales-development-representative-jobs-in-bangalore-street-sw15%3Fq%3Dsales%2Bdevelopment%2Brepresentative%26pageno%3D4%26locationId%3D4572795,https://www.redrhino.com,,"Salary: £28,000 - £36,000 per annum | Type: Permanent, full-time, On-site | Badges: Easy Apply",Reed.co.uk
Sales Executive,Insight Select Ltd,London,2026-08-21,https://www.reed.co.uk/jobs/sales-executive/57261564?source=searchResults&q=sales%20development%20representative&filter=%2Fjobs%2Fsales-development-representative-jobs-in-bangalore-street-sw15%3Fq%3Dsales%2Bdevelopment%2Brepresentative%26pageno%3D4%26locationId%3D4572795,N/A,,"Salary: £30,000 - £32,000 per annum | Type: Permanent, full-time, On-site | Badges: Easy Apply",Reed.co.uk
Sales Executive,ABR Associates Ltd,London,2026-08-18,https://www.reed.co.uk/jobs/sales-executive/57252502?source=searchResults&q=sales%20development%20representative&filter=%2Fjobs%2Fsales-development-representative-jobs-in-bangalore-street-sw15%3Fq%3Dsales%2Bdevelopment%2Brepresentative%26pageno%3D4%26locationId%3D4572795,N/A,,"Salary: £35,000 - £75,000 per annum, inc benefits, negotiable | Type: Permanent, full-time, On-site | Badges: Featured, Easy Apply",Reed.co.uk
Business development executives,C&M Travel Recruitment,London,2026-08-17,https://www.reed.co.uk/jobs/business-development-executives/57246776?source=searchResults&q=sales%20development%20representative&filter=%2Fjobs%2Fsales-development-representative-jobs-in-bangalore-street-sw15%3Fq%3Dsales%2Bdevelopment%2Brepresentative%26pageno%3D4%26locationId%3D4572795,N/A,,"Salary: £25,000 - £35,000 per annum | Type: Permanent, full-time, Hybrid",Reed.co.uk
Business Development Specialist,Ambition Europe Limited,London,2026-08-24,https://www.reed.co.uk/jobs/business-development-specialist/57270696?source=searchResults&q=sales%20development%20representative&filter=%2Fjobs%2Fsales-development-representative-jobs-in-bangalore-street-sw15%3Fq%3Dsales%2Bdevelopment%2Brepresentative%26pageno%3D4%26locationId%3D4572795,N/A,,"Salary: Salary negotiable | Type: Permanent, full-time, On-site | Badges: Easy Apply",Reed.co.uk
B2B Sales Executive,Zachary Daniels,London,2026-08-13,https://www.reed.co.uk/jobs/b2b-sales-executive/57232008?source=searchResults&q=sales%20development%20representative&filter=%2Fjobs%2Fsales-development-representative-jobs-in-bangalore-street-sw15%3Fq%3Dsales%2Bdevelopment%2Brepresentative%26pageno%3D4%26locationId%3D4572795,https://www.zacharydaniels.co,,"Salary: £30,000 - £35,000 per annum | Type: Permanent, full-time, On-site | Badges: Featured, Easy Apply",Reed.co.uk
Telephone Business Development Consultant,O'Loughlin Recruitment Ltd,London,2026-09-02,https://www.reed.co.uk/jobs/telephone-business-development-consultant/57025166?source=searchResults&q=sales%20development%20representative&filter=%2Fjobs%2Fsales-development-representative-jobs-in-bangalore-street-sw15%3Fq%3Dsales%2Bdevelopment%2Brepresentative%26pageno%3D4%26locationId%3D4572795,N/A,,"Salary: £30,000 - £40,000 per annum | Type: Permanent, full-time, On-site | Badges: Easy Apply",Reed.co.uk
Software Sales / SaaS Sales,Browning Sykes Associates,South East England,2026-08-29,https://www.reed.co.uk/jobs/software-sales-saas-sales/57288332?source=searchResults&q=sales%20development%20representative&filter=%2Fjobs%2Fsales-development-representative-jobs-in-bangalore-street-sw15%3Fq%3Dsales%2Bdevelopment%2Brepresentative%26pageno%3D4%26locationId%3D4572795,N/A,,"Salary: £50,000 - £120,000 per annum, OTE, negotiable | Type: Permanent, full-time, Remote",Reed.co.uk
Sales Executive / Sales Representative,AWD online,"Brentford, Middlesex",2026-08-07,https://www.reed.co.uk/jobs/sales-executive-sales-representative/57210503?source=searchResults&q=sales%20development%20representative&filter=%2Fjobs%2Fsales-development-representative-jobs-in-bangalore-street-sw15%3Fq%3Dsales%2Bdevelopment%2Brepresentative%26pageno%3D4%26locationId%3D4572795,https://www.awdonline.net,,"Salary: £45,000 per annum | Type: Permanent, full-time, On-site",Reed.co.uk
Area Sales Manager - Building & Plumbing Tools,Mitchell Maguire,London,2026-09-05,https://www.reed.co.uk/jobs/area-sales-manager-building-plumbing-tools/57119437?source=searchResults&q=sales%20development%20representative&filter=%2Fjobs%2Fsales-development-representative-jobs-in-bangalore-street-sw15%3Fq%3Dsales%2Bdevelopment%2Brepresentative%26pageno%3D4%26locationId%3D4572795,https://www.mitchellmaguire.com,,"Salary: £45,000 per annum, OTE | Type: Permanent, full-time, On-site | Badges: Easy Apply",Reed.co.uk
Field Sales Representative,Surecall Recruitment,London,2026-09-08,https://www.reed.co.uk/jobs/field-sales-representative/57331121?source=searchResults&q=sales%20development%20representative&filter=%2Fjobs%2Fsales-development-representative-jobs-in-bangalore-street-sw15%3Fq%3Dsales%2Bdevelopment%2Brepresentative%26pageno%3D4%26locationId%3D4572795,https://www.surecallrecruitment.com,,"Salary: £36,000 per annum, inc benefits | Type: Temporary, full-time, Remote | Badges: Easy Apply",Reed.co.uk
Area Sales Manager - Decorative Lighting,Mitchell Maguire,London,2026-09-02,https://www.reed.co.uk/jobs/area-sales-manager-decorative-lighting/57303659?source=searchResults&q=sales%20development%20representative&filter=%2Fjobs%2Fsales-development-representative-jobs-in-bangalore-street-sw15%3Fq%3Dsales%2Bdevelopment%2Brepresentative%26pageno%3D4%26locationId%3D4572795,https://www.mitchellmaguire.com,,"Salary: £50,000 - £65,000 per annum, OTE | Type: Permanent, full-time, On-site | Badges: Easy Apply",Reed.co.uk
Business Development Representative,Pertemps SSDC - DDT,London,2026-09-08,https://www.reed.co.uk/jobs/business-development-representative/57320511?source=searchResults&q=sales%20development%20representative&filter=%2Fjobs%2Fsales-development-representative-jobs-in-bangalore-street-sw15%3Fq%3Dsales%2Bdevelopment%2Brepresentative%26pageno%3D4%26locationId%3D4572795,N/A,,"Salary: £25.64 per hour | Type: Temporary, full-time, On-site | Badges: Featured, Easy Apply",Reed.co.uk
Business Development Representative - German Speaker,Pareto,London,2026-08-04,https://www.reed.co.uk/jobs/business-development-representative-german-speaker/57196809?source=searchResults&q=sales%20development%20representative&filter=%2Fjobs%2Fsales-development-representative-jobs-in-bangalore-street-sw15%3Fq%3Dsales%2Bdevelopment%2Brepresentative%26pageno%3D4%26locationId%3D4572795,https://www.pareto.in,,"Salary: £35,000 - £40,000 per annum | Type: Permanent, full-time, Hybrid | Badges: Ending soon, Easy Apply",Reed.co.uk
Commercial Brand Representative - Architectural Hardware,Elix Sourcing Solutions Limited,London,2026-09-05,https://www.reed.co.uk/jobs/commercial-brand-representative-architectural-hardware/57316366?source=searchResults&q=sales%20development%20representative&filter=%2Fjobs%2Fsales-development-representative-jobs-in-bangalore-street-sw15%3Fq%3Dsales%2Bdevelopment%2Brepresentative%26pageno%3D4%26locationId%3D4572795,https://www.elixsourcing.com,,"Salary: £50,000 - £60,000 per annum, OTE, negotiable | Type: Permanent, full-time, Remote | Badges: Featured, Easy Apply",Reed.co.uk
Telesales Team Leader,VIA MATCH LIMITED,London,N/A,https://www.reed.co.uk/jobs/telesales-team-leader/57343028?source=searchResults&q=sales%20development%20representative&filter=%2Fjobs%2Fsales-development-representative-jobs-in-bangalore-street-sw15%3Fq%3Dsales%2Bdevelopment%2Brepresentative%26pageno%3D4%26locationId%3D4572795,https://www.viamatch.ai,,"Salary: £35,000 - £45,000 per annum | Type: Permanent, full-time, On-site | Badges: Featured, New, Easy Apply",Reed.co.uk
Sales Development Representative,YuJa Inc.,London,2026-09-03,https://www.reed.co.uk/jobs/sales-development-representative/57308162?source=searchResults&q=sales%20development%20representative&filter=%2Fjobs%2Fsales-development-representative-jobs-in-bangalore-street-sw15%3Fq%3Dsales%2Bdevelopment%2Brepresentative%26pageno%3D5%26locationId%3D4572795,https://www.yuja.com,,"Salary: £55,000 - £60,000 per annum, OTE | Type: Permanent, full-time, On-site | Badges: Promoted",Reed.co.uk
Japanese Speaking Sales Representative - Consumer Electronics,People First,London,2026-09-08,https://www.reed.co.uk/jobs/japanese-speaking-sales-representative-consumer-electronics/57321612?source=searchResults&q=sales%20development%20representative&filter=%2Fjobs%2Fsales-development-representative-jobs-in-bangalore-street-sw15%3Fq%3Dsales%2Bdevelopment%2Brepresentative%26pageno%3D5%26locationId%3D4572795,https://www.peoplefirst.com,,"Salary: £35,000 per annum | Type: Permanent, full-time, Hybrid | Badges: Easy Apply",Reed.co.uk
Business Development Executive - Insurance,Robert Walters,London,2026-09-08,https://www.reed.co.uk/jobs/business-development-executive-insurance/57321044?source=searchResults&q=sales%20development%20representative&filter=%2Fjobs%2Fsales-development-representative-jobs-in-bangalore-street-sw15%3Fq%3Dsales%2Bdevelopment%2Brepresentative%26pageno%3D5%26locationId%3D4572795,N/A,,"Salary: £50,000 per annum | Type: Permanent, full-time, On-site | Badges: Easy Apply",Reed.co.uk
Business Development Manager,AWD online,London,2026-08-07,https://www.reed.co.uk/jobs/business-development-manager/57207099?source=searchResults&q=sales%20development%20representative&filter=%2Fjobs%2Fsales-development-representative-jobs-in-bangalore-street-sw15%3Fq%3Dsales%2Bdevelopment%2Brepresentative%26pageno%3D5%26locationId%3D4572795,https://www.awdonline.net,,"Salary: £40,000 - £45,000 per annum | Type: Permanent, full-time, On-site | Badges: Easy Apply",Reed.co.uk
Field Sales Representative,FLATPAY APS,London,2026-08-17,https://www.reed.co.uk/jobs/field-sales-representative/57246157?source=searchResults&q=sales%20development%20representative&filter=%2Fjobs%2Fsales-development-representative-jobs-in-bangalore-street-sw15%3Fq%3Dsales%2Bdevelopment%2Brepresentative%26pageno%3D5%26locationId%3D4572795,N/A,,"Salary: Competitive salary | Type: Permanent, full-time, Remote | Badges: Featured",Reed.co.uk
"Junior Sales Executive, Pricing & Analytics",eFinancialCareers,London,2026-09-11,https://www.reed.co.uk/jobs/junior-sales-executive-pricing-analytics/57339868?source=searchResults&q=sales%20development%20representative&filter=%2Fjobs%2Fsales-development-representative-jobs-in-bangalore-street-sw15%3Fq%3Dsales%2Bdevelopment%2Brepresentative%26pageno%3D5%26locationId%3D4572795,https://www.efinancialcareers.ai,,"Salary: Competitive salary | Type: Permanent, full-time, On-site | Badges: New",Reed.co.uk
"Product Development, Private Assets - Associate Director - Barings",eFinancialCareers,London,2026-09-08,https://www.reed.co.uk/jobs/product-development-private-assets-associate-director-barings/57321939?source=searchResults&q=sales%20development%20representative&filter=%2Fjobs%2Fsales-development-representative-jobs-in-bangalore-street-sw15%3Fq%3Dsales%2Bdevelopment%2Brepresentative%26pageno%3D5%26locationId%3D4572795,https://www.efinancialcareers.ai,,"Salary: Competitive salary | Type: Permanent, full-time, On-site",Reed.co.uk
Clinical Sales Manager,Intuitive,Chandigarh,N/A,"https://www.glassdoor.co.in/job-listing/clinical-sales-manager-intuitive-intuitive-surgical-JV_IC2879615_KO0,22_KE23,51.htm?jl=1010250718561",https://www.intuitive.com,,"For any Intuitive role subject to export controls, final offers are contingent upon obtaining an approved export license and/or an executed TCP prior to the…&hellip;

Skills: TCP, Sales, English, Local language, Communication skills",Glassdoor
Clinical Sales Manager,Intuitive,India,N/A,"https://www.glassdoor.co.in/job-listing/clinical-sales-manager-intuitive-intuitive-surgical-JV_KO0,22_KE23,51.htm?jl=1010249143673",https://www.intuitive.com,,"For any Intuitive role subject to export controls, final offers are contingent upon obtaining an approved export license and/or an executed TCP prior to the…&hellip;

Skills: TCP, Sales, English, Local language, Communication skills",Glassdoor
Inside Sales Representative,Tech Data,Chennai,N/A,"https://www.glassdoor.co.in/job-listing/inside-sales-representative-tech-data-JV_IC2833209_KO0,27_KE28,37.htm?jl=1010248510399",https://www.data.com,,"Degree holder with minimum 1 year of inside sales or relevant experience in IT industry. Has ability to address end customers, channel partners & vendors.&hellip;

Skills: Go, Sales, Communication skills",Glassdoor
Market Representative,Stemspharma,Pune,N/A,"https://www.glassdoor.co.in/job-listing/market-representative-stemspharma-JV_IC2856202_KO0,21_KE22,33.htm?jl=1010262465772",https://www.stemspharma.com,,"Achieve assigned sales and market-development targets. Identify commonly prescribed and recommended products in different categories.&hellip;

Skills: Sales, Customer service, Field sales, Medical sales, Organisational skills",Glassdoor
Field Sales Representative,Your Space Doctor LLP,India,N/A,"https://www.glassdoor.co.in/job-listing/field-sales-representative-your-space-doctor-llp-JV_KO0,26_KE27,48.htm?jl=1010248893833",N/A,,"Willingness to travel for client meetings and business development activities. Proven sales and business development abilities. Work Location: On the road.&hellip;

Skills: Sales, Logistics, Field sales, Business development, Driving",Glassdoor
Manager - Business Development,Global Tax Masters,Delhi,N/A,"https://www.glassdoor.co.in/job-listing/manager-business-development-global-tax-masters-JV_KO0,28_KE29,47.htm?jl=1010262409008",https://www.globaltaxmasters.com,,"Travel to Ludhiana as needed (2-3 times per month) and occasional Pune visits. Work Location: On the road. Self-driven business development experience.&hellip;

Skills: FTP, Microsoft Excel, English, Business development, Production planning",Glassdoor
Field Sales Representative,AVNFLEX Packing Private Limited,Bengaluru,N/A,"https://www.glassdoor.co.in/job-listing/field-sales-representative-avnflex-packing-private-limited-JV_IC2940587_KO0,26_KE27,58.htm?jl=1010250142557",N/A,,"Ability to travel extensively for client meetings and business development. Experience in the *Flexible Packaging or Printing Industry* will be an added…&hellip;

Skills: Sales, Field sales, English, Tamil, B2B sales",Glassdoor
Field Sales Representative,Shell India Markets Pvt. Ltd,Cochin,N/A,"https://www.glassdoor.co.in/job-listing/field-sales-representative-shell-india-markets-pvt-ltd-JV_IC2887994_KO0,26_KE27,54.htm?jl=1010260218601",N/A,,"Attitude towards work is the differentiating criteria. Work Location: On the road. Past Automotive Experience is an added advantage.&hellip;

Skills: Sales, Field sales, English, Business development, B2B sales",Glassdoor
Field Sales Representative,AMASIA MULTIGRAIN PVT LTD,India,N/A,"https://www.glassdoor.co.in/job-listing/field-sales-representative-amasia-multigrain-pvt-ltd-JV_KO0,26_KE27,52.htm?jl=1010238194186",N/A,,"Represent SAIFCO at trade fairs, exhibitions, and industry events to build brand visibility and generate leads.&hellip;

Skills: CRM software, Microsoft Excel, Sales, English, Local language",Glassdoor
Sales Development Representative,Veloris Global,Calicut,N/A,"https://www.glassdoor.co.in/job-listing/sales-development-representative-veloris-global-JV_IC2868442_KO0,32_KE33,47.htm?jl=1010260997755",https://www.velorisglobal.com,,"Veloris Global is a growing BPO and digital services company supporting GCC and global clients with end-to-end solutions including IT services, digital…&hellip;

Skills: CRM software, Cold calling, Sales, Lead generation, Business development",Glassdoor
Indoor Sales Executive,GARDEN OF EDEN PROPERTY DEVELOPERS PRIVATE LIMITED,India,N/A,"https://www.glassdoor.co.in/job-listing/indoor-sales-executive-garden-of-eden-property-developers-private-limited-JV_KO0,22_KE23,73.htm?jl=1010234733204",N/A,,"Understanding Customer Needs and requirements. Job Types: Full-time, Permanent. Lead generation: 1 year (Required). Total work: 1 year (Preferred).&hellip;

Skills: Sales, Customer service, Lead generation, English, Business development",Glassdoor
Sales Development Representative,ZestNexus Technologies Pvt Ltd,India,N/A,"https://www.glassdoor.co.in/job-listing/sales-development-representative-zestnexus-technologies-pvt-ltd-JV_KO0,32_KE33,63.htm?jl=1010255024549",https://www.zestnexus.com,,"Qualify inbound and outbound leads based on predefined criteria. 1–3 years of experience in a similar SDR/BDR role, preferably in SaaS or HRTech.&hellip;

Skills: CRM software, Sales, Salesforce, English, Research",Glassdoor
Sales executive,GYSZ Technologies,Kerala,N/A,"https://www.glassdoor.co.in/job-listing/sales-executive-gysz-technologies-JV_KO0,15_KE16,33.htm?jl=1010257574142",https://www.gysz.com,,"Business, managing client relationships, and helping us achieve our revenue.  Establish, develop, and maintain positive business and customer.&hellip;

Skills: Sales, Microsoft Office, Communication skills, Negotiation, Time management",Glassdoor
Business Development Executive (Inside Sales),Oda Class - Pigeon Education India Pvt ltd,Bengaluru,N/A,"https://www.glassdoor.co.in/job-listing/business-development-executive-inside-sales-oda-class-pigeon-education-india-pvt-ltd-JV_IC2940587_KO0,43_KE44,84.htm?jl=1010227202408",N/A,,"⬛ *Educate & Consult: *Highlight the importance of structured education and missed opportunities. ◆ *Mindset: *Target-driven, proactive, and customer-focused.&hellip;

Skills: CRM software, Pricing, Microsoft Excel, English, Business development",Glassdoor
Field Sales Representative,WHITE MANSION MARBLE,India,N/A,"https://www.glassdoor.co.in/job-listing/field-sales-representative-white-mansion-marble-JV_KO0,26_KE27,47.htm?jl=1010261093121",https://www.whitemansionmarble.com,,"I’m building a city-level business development network for White Mansion Marble, where the role involves identifying premium residential projects, connecting…&hellip;

Skills: CRM software, Sales, Salesforce, English, Hindi",Glassdoor
Sales Executive Indoor( Rajkot),Multipro Machines Private Limited,India,N/A,"https://www.glassdoor.co.in/job-listing/sales-executive-indoor-rajkot-multipro-machines-private-limited-JV_KO0,29_KE30,63.htm?jl=1010258599938",https://www.multipromachines.com,,"We are looking to employ an enthusiastic and customer-oriented inside sales executive position at Rajkot, Gujarat.to generate quality leads as well as follow up…&hellip;

Skills: Sales, Customer service, Upselling, Lead generation, Field sales",Glassdoor
"Sales Officer –Biofertilizers, Biostimulants, Organic & Agricultural Inputs",Shriram Industries Taswade MIDC,India,N/A,"https://www.glassdoor.co.in/job-listing/sales-officer-biofertilizers-biostimulants-organic-agricultural-inputs-shriram-industries-taswade-midc-JV_KO0,70_KE71,102.htm?jl=1010241507089",N/A,,"To develop Supervital Agro's business at dealer and farmer level by regularly visiting agri-input retailers, generating orders, supporting dealer activation,…&hellip;

Skills: Marathi, Sales, Field sales, English, Product demos",Glassdoor
Business Development Executive,INVISION PHARMA LIMITED,Bengaluru,N/A,"https://www.glassdoor.co.in/job-listing/business-development-executive-invision-pharma-limited-JV_IC2940587_KO0,30_KE31,54.htm?jl=1010189047970",https://www.invisionpharma.com,,"We need an enthusiastic individual who can listen to customer service issues and then offer a unique and innovative solution to each problem.&hellip;

Skills: Sales support, English, Digital marketing, Kannada, Hindi",Glassdoor
Medical Representative (MR),Quality Innovations and Pharmaceuticals( India) Pvt Ltd,Pathanāmthitta,N/A,"https://www.glassdoor.co.in/job-listing/medical-representative-mr-quality-innovations-and-pharmaceuticals-india-pvt-ltd-JV_IC2888174_KO0,25_KE26,79.htm?jl=1010234758048",N/A,,"Develop and implement territory business plans to achieve or exceed sales targets. Keep up-to-date with the latest clinical data and new product developments to…&hellip;

Skills: Sales, Customer service, Field sales, Medical sales, Organisational skills",Glassdoor
Business Development Executive (Sales Representative),pratham venture solutions,India,N/A,"https://www.glassdoor.co.in/job-listing/business-development-executive-sales-representative-pratham-venture-solutions-JV_KO0,51_KE52,77.htm?jl=1010168533075",N/A,,"Total Bond Period: 9 months (includes 3-month training). You will generate leads, build client relationships, and grow business through online outreach, cold…&hellip;

Skills: Sales, English, Computer skills, Hindi, Communication skills",Glassdoor
Business Development Officer,Agilus Diagnostics,Kollam,N/A,"https://www.glassdoor.co.in/job-listing/business-development-officer-agilus-diagnostics-JV_IC2868855_KO0,28_KE29,47.htm?jl=1009896087032",https://www.agilusdiagnostics.com,,"E) Attend professional complaints of the patients, doctors, Hospitals and Laboratories and take remedial measures for the improvement of the situation and your…&hellip;

Skills: Sales, Customer service, Field sales, English, Business development",Glassdoor
Sales Account Executive,Compindia Infotech,Chennai,N/A,"https://www.glassdoor.co.in/job-listing/sales-account-executive-compindia-infotech-JV_IC2833209_KO0,23_KE24,42.htm?jl=1010251929236",N/A,,"3+ years in sales or business development role in the IT industry (services or SaaS). Follow up on inbound leads within defined SLA and qualify them against ICP…&hellip;

Skills: Sales, English, Business development, B2B sales, Marketing",Glassdoor
Business Development Officer (BDO) / Business Development Executive,Agilus Diagnostics,Kollam,N/A,"https://www.glassdoor.co.in/job-listing/business-development-officer-bdo-business-development-executive-agilus-diagnostics-JV_IC2868855_KO0,63_KE64,82.htm?jl=1010070038179",https://www.agilusdiagnostics.com,,"E) Attend professional complaints of the patients, doctors, Hospitals and Laboratories and take remedial measures for the improvement of the situation and your…&hellip;",Glassdoor
Sales Development Representative | India | Remote,Grafana Labs,Remote,N/A,"https://www.glassdoor.co.in/job-listing/sales-development-representative-india-remote-grafana-labs-JV_KO0,45_KE46,58.htm?jl=1010252036637",https://www.grafana.com,,"Build and maintain knowledge of our technology, competitors, open source ecosystem, and industry trends. One, you will help our users and prospects navigate…&hellip;

Skills: Salesforce, English, Bloomberg, Hindi, AI",Glassdoor
Business Development Representative,Idea Elan,Remote,N/A,"https://www.glassdoor.co.in/job-listing/business-development-representative-idea-elan-JV_KO0,35_KE36,45.htm?jl=1010243015978",https://www.ideaelan.com,,"Maintain accurate records of customer interactions, sales activities, and opportunities using CRM tools, while staying up to date on product enhancements,…&hellip;

Skills: Sales, English, Research, Business development, Customer relationship management",Glassdoor
Sales Development Representative,VixelBiz,Remote,N/A,"https://www.glassdoor.co.in/job-listing/sales-development-representative-vixelbiz-JV_KO0,32_KE33,41.htm?jl=1010251707738",N/A,,"Identify and qualify potential customers based on predefined criteria. Briefly describe the software or technology product/service you sold.&hellip;

Skills: CRM software, Sales, Lead generation, English, Inside sales",Glassdoor
Sales Development Representative,scalereal,Remote,N/A,"https://www.glassdoor.co.in/job-listing/sales-development-representative-scalereal-JV_KO0,32_KE33,42.htm?jl=1010094151958",https://www.scalereal.com,,"Freedom to implement and follow industry best practices. The ability to understand the business and technical drivers behind the IT service’s acquisition and…&hellip;

Skills: Microsoft Excel, Communication skills",Glassdoor
Sales Development Representative : UK/US,Qressy,India,N/A,"https://www.glassdoor.co.in/job-listing/sales-development-representative-uk-us-qressy-JV_KO0,38_KE39,45.htm?jl=1010234576275",https://www.qressy.com,,"As an SDR, you will be responsible for identifying potential customers, generating new business opportunities, and managing leads through the sales pipeline.&hellip;

Skills: Cold calling, Sales, Lead generation, B2B sales, Communication skills",Glassdoor
Sales Development Representative,Modist Global,India,N/A,"https://www.glassdoor.co.in/job-listing/sales-development-representative-modist-global-JV_KO0,32_KE33,46.htm?jl=1010257292674",https://www.modistglobal.com,,"We provide end-to-end operational infrastructure including international logistics, regulatory compliance, payment reconciliation, marketplace management, and…&hellip;

Skills: CRM software, Sales, Salesforce, Lead generation, B2B sales",Glassdoor
Senior Sales Development Representative,Foundever,India,N/A,"https://www.glassdoor.co.in/job-listing/senior-sales-development-representative-foundever-JV_KO0,39_KE40,49.htm?jl=1010260042526",https://www.foundever.com,,"Inbound-only/customer service/consumer sales does not count. (US/Canada version) Support industry events and follow-up; travel as needed.&hellip;

Skills: Salesforce, English, Communication skills",Glassdoor
Sales Development Representative,Nvizion Solutions Inc.,Remote,N/A,"https://www.glassdoor.co.in/job-listing/sales-development-representative-nvizion-solutions-inc-JV_KO0,32_KE33,54.htm?jl=1010255200198",https://www.nvizion.ai,,"Good to very good industry connects (esp. in Informatica, Stibo, Syndigo sales teams, customers, partners etc.). Acquire at least 4-6 top logos in a year.&hellip;

Skills: Data management, Manufacturing, Informatica, Master data management",Glassdoor
Sales Development Representative – India,Civo,Remote,N/A,"https://www.glassdoor.co.in/job-listing/sales-development-representative-india-civo-JV_KO0,38_KE39,43.htm?jl=1010107705025",https://www.civo.com,,"Be an active part of the team sharing best practices and participating in projects to improve our team. Consistently meet lead generation targets within the…&hellip;

Skills: CRM software, Cloud infrastructure, Kubernetes, Salesforce, Lead generation",Glassdoor
Business Development Representative,Quantazone,Pune,N/A,"https://www.glassdoor.co.in/job-listing/business-development-representative-quantazone-JV_IC2856202_KO0,35_KE36,46.htm?jl=1010099104254",https://www.quantazone.com,,"You'll work on lead generation, client acquisition, marketing campaigns, and team management, driving real results while learning the ropes of business…&hellip;

Skills: Sales, Leadership, Communication skills, Marketing",Glassdoor
Sales Development Representative,DronaHQ,India,N/A,"https://www.glassdoor.co.in/job-listing/sales-development-representative-dronahq-JV_KO0,32_KE33,40.htm?jl=1007854085492",https://www.dronahq.com,,"As a Sales Development Representative, you will be seeking new business by contacting and developing relationships with our prospective customers.&hellip;

Skills: Analysis skills, B2B, ISO 27001, Communication skills",Glassdoor
Sales Development Representative,DocHipo,Remote,N/A,"https://www.glassdoor.co.in/job-listing/sales-development-representative-dochipo-JV_KO0,32_KE33,40.htm?jl=1009486047013",https://www.dochipo.com,,"In this role, you will drive customer acquisition and revenue growth by targeting mid-sized to large businesses.&hellip;

Skills: Graphic design, Product development, Product demos, Enterprise sales, SaaS",Glassdoor
Sales Development Representative – Remote,GrowthBridge Solutions,India,N/A,"https://www.glassdoor.co.in/job-listing/sales-development-representative-remote-growthbridge-solutions-JV_KO0,39_KE40,62.htm?jl=1010259615527",https://www.growthbridge.io,,"Previous experience in sales, telecalling, lead generation, or business development is an advantage, but not mandatory. Generate and qualify new business leads.&hellip;

Skills: CRM software, Sales, Salesforce, Lead generation, Business development",Glassdoor
Sales Development Representative,SHURU TECHNOLOGIES PRIVATE LIMITED,Remote,N/A,"https://www.glassdoor.co.in/job-listing/sales-development-representative-shuru-technologies-private-limited-JV_KO0,32_KE33,67.htm?jl=1010251803384",https://www.shuru.io,,"3–5 years of SDR experience in the B2B IT services industry, preferably targeting international markets. Pay: ₹9,106.23 - ₹80,000.00 per month.&hellip;

Skills: Salesforce, Research, SQL, B2B, Communication skills",Glassdoor
Sales Development Representative,PinnacleU HR,Bengaluru,N/A,"https://www.glassdoor.co.in/job-listing/sales-development-representative-pinnacleu-hr-JV_IC2940587_KO0,32_KE33,45.htm?jl=1010122012660",N/A,,"Stay informed about industry trends: Keep up-to-date with industry trends, competitor activities, and emerging technologies in the sales and marketing space.&hellip;

Skills: Product demos, Communication skills, Time management",Glassdoor
Sales Development Representative (SDR) - India/ US Market,Salescode,India,N/A,"https://www.glassdoor.co.in/job-listing/sales-development-representative-sdr-india-us-market-salescode-JV_KO0,52_KE53,62.htm?jl=1009608088930",https://www.salescode.in,,"Experience in delivering client-focused solutions based on customer needs. Proven experience building excellent client relationships, offering value-added,…&hellip;

Skills: Sales, Lead generation, Business development, Customer relationship management, Marketing automation",Glassdoor
Sales Development Representative,Void Studios,Remote,N/A,"https://www.glassdoor.co.in/job-listing/sales-development-representative-void-studios-JV_KO0,32_KE33,45.htm?jl=1010195426947",https://www.voidstudios.io,,"Your primary responsibility will be executing outbound cold calls, introducing our solutions, qualifying prospects, and generating high-quality leads and…&hellip;

Skills: Sales, English, Hindi, Telemarketing",Glassdoor
Sales Development Representative,UK Jobs Insider,India,N/A,"https://www.glassdoor.co.in/job-listing/sales-development-representative-uk-jobs-insider-JV_KO0,32_KE33,48.htm?jl=1010262309889",https://www.ukjobsinsider.com,,"Prior sales experience, or a relevant qualification in sales/marketing/business. Identify and reach out to prospects on LinkedIn using Sales Navigator, qualify…&hellip;

Skills: CRM software, Sales, Salesforce, English",Glassdoor
Sales Development Representative,Agara,Bengaluru,N/A,"https://www.glassdoor.co.in/job-listing/sales-development-representative-agara-JV_IC2940587_KO0,32_KE33,38.htm?jl=1006962446587",https://www.agara.com,,"Benefits, case studies and KPIs as required. Proactively research industry and company trends, seek and look out new business opportunities in global.&hellip;

Skills: Sales, Enterprise Software, B2B, B2B sales, Communication skills",Glassdoor
Sales Development Representative (SDR) - US Market,FloData Analytics,Remote,N/A,"https://www.glassdoor.co.in/job-listing/sales-development-representative-sdr-us-market-flodata-analytics-JV_KO0,46_KE47,64.htm?jl=1010251601328",https://www.flodataanalytics.com,,"Qualify leads and schedule meetings for further discussions. FloData Analytics is looking for a confident and proactive Sales Development Representative (SDR)…&hellip;

Skills: Sales, Lead generation, English, B2B sales, Software development",Glassdoor
Sales Development Representative,Net Solutions,Chandigarh,N/A,"https://www.glassdoor.co.in/job-listing/sales-development-representative-net-solutions-JV_KO0,32_KE33,46.htm?jl=1010259113430",https://www.net.net,,"In both cases, your job is the same — move a contact from awareness to a genuine, call-ready Sales Qualified Lead (SQL): someone with an immediate or near-term…&hellip;

Skills: Sales, English, SQL, Business development, AI",Glassdoor
Lead Sales Development Representative,scalereal,Remote,N/A,"https://www.glassdoor.co.in/job-listing/lead-sales-development-representative-scalereal-JV_KO0,37_KE38,47.htm?jl=1010094151963",https://www.scalereal.com,,"Freedom to implement and follow industry best practices. Understanding of software development lifecycle (SDLC) and ability to translate technical solutions…&hellip;

Skills: Outbound sales, Sales, Salesforce, Lead generation, B2B sales",Glassdoor
Sales Development Representative - India,Klizer,Remote,N/A,"https://www.glassdoor.co.in/job-listing/sales-development-representative-india-klizer-JV_KO0,38_KE39,45.htm?jl=1010255588436",https://www.klizer.com,,"Self-motivated, target-driven, and comfortable working in a remote setup. You will play a key role in expanding our sales pipeline through strategic prospecting…&hellip;

Skills: CRM software, Outbound sales, Sales, Lead generation, B2B sales",Glassdoor
"Sales Development Representative (Lead Generation), BIM & AEC Services (US/Europe)",SuperDNA Technolab Pvt.Ltd,India,N/A,"https://www.glassdoor.co.in/job-listing/sales-development-representative-lead-generation-bim-aec-services-us-europe-superdna-technolab-pvt-ltd-JV_KO0,75_KE76,102.htm?jl=1010236071417",https://www.superdnatechnolab.com,,"Build targeted prospect lists using LinkedIn Sales Navigator, Apollo/ZoomInfo-type tools, industry directories, and job-posting signals (a firm hiring Revit…&hellip;

Skills: CRM software, AutoCAD, Outbound sales, Salesforce, Lead generation",Glassdoor
Outbound Sales Development Representative,MNJ Software,India,N/A,"https://www.glassdoor.co.in/job-listing/outbound-sales-development-representative-mnj-software-JV_KO0,41_KE42,54.htm?jl=1007738788597",https://www.mnjsoftware.com,,"Employees are required to have flexibility to work any of our 9-hour shift schedules during our normal business hours of (6am - 10pm IST) or (6pm to 6am IST).&hellip;

Skills: Outbound sales, Sales, English, Administrative experience, Analysis skills",Glassdoor
Sales Development Representative (SDR) – Fresher,Webomates,Remote,N/A,"https://www.glassdoor.co.in/job-listing/sales-development-representative-sdr-fresher-webomates-JV_KO0,44_KE45,54.htm?jl=1009898725246",https://www.webomates.com,,"Qualify leads based on defined criteria and schedule meetings for the Sales team. This role is ideal for individuals with excellent communication skills, strong…&hellip;

Skills: English, Software testing, Customer support, AI, Communication skills",Glassdoor
Sales Development Representative,NITSAN Technologies,Bhāvnagar,N/A,"https://www.glassdoor.co.in/job-listing/sales-development-representative-nitsan-technologies-JV_IC2859818_KO0,32_KE33,52.htm?jl=1010249552331",https://www.nitsan.in,,"Generate qualified leads, connect with prospective clients, schedule meetings, and support the sales pipeline.&hellip;",Glassdoor
Sales Development Representative - SaaS Sales,i4 Consulting,Bengaluru,N/A,"https://www.glassdoor.co.in/job-listing/sales-development-representative-saas-sales-i4-consulting-JV_IC2940587_KO0,43_KE44,57.htm?jl=1010257962815",https://www.i4consulting.com,,"Work cross-functionally with marketing, product teams, and inside sales in order to drive revenue. Initiating first level contact with existing leads in CRM…&hellip;",Glassdoor
Business Development Representative,Shinkly Private Limited,Remote,N/A,"https://www.glassdoor.co.in/job-listing/business-development-representative-shinkly-private-limited-JV_KO0,35_KE36,59.htm?jl=1010257267021",https://www.shinkly.com,,"If you generate *$400+ in MRR*, you demonstrate that you can generate meaningful revenue for the company and become eligible for a *full-time Business…&hellip;

Skills: CRM software, Outbound sales, Sales, English, Product demos",Glassdoor
Sales Development Representative- US Market,ViTWO,Calcutta,N/A,"https://www.glassdoor.co.in/job-listing/sales-development-representative-us-market-vitwo-JV_IC2901633_KO0,42_KE43,48.htm?jl=1010261037724",https://www.vitwo.ai,,"Are you comfortable working a night shift (9:00 PM – 6:00 AM IST)? Comply with *CAN-SPAM* in email outreach - accurate headers and subject lines, physical…&hellip;

Skills: Outbound sales, Sales, Salesforce, NetSuite, QuickBooks",Glassdoor
Associate Sales Development Representative,VT Netzwelt Pvt. Ltd.,Hyderābād,N/A,"https://www.glassdoor.co.in/job-listing/associate-sales-development-representative-vt-netzwelt-pvt-ltd-JV_IC2865319_KO0,42_KE43,62.htm?jl=1010187926272",https://www.vtnetzwelt.com,,"We are looking for an Associate SDR (Sales Development Representative) to support outbound prospecting, lead generation, and enterprise outreach initiatives for…&hellip;

Skills: Outbound sales, Sales, Lean, Research, Market research",Glassdoor
Sales Engineer – Aerospace & defense,Rohde & Schwarz,Delhi,N/A,"https://www.glassdoor.co.in/job-listing/sales-engineer-aerospace-defense-rohde-schwarz-JV_KO0,32_KE33,46.htm?jl=1009955480537",https://www.rohdeschwarz.in,,"Bachelor / Master in Electronics Engineering & Communications / RF & Microwave or equivalent course of studies. Allowance for home office equipment.&hellip;

Skills: Sales, Procurement, Project management, Cybersecurity, Communication skills",Glassdoor
Sales Representative Position,AdverGrow Solutions,Remote,N/A,"https://www.glassdoor.co.in/job-listing/sales-representative-position-advergrow-solutions-JV_KO0,29_KE30,49.htm?jl=1010251862547",N/A,,"0–2 years of experience in sales, business development, inside sales, or a related role. Basic understanding of SaaS, software products, digital marketing, or…&hellip;

Skills: CRM software, Sales, English, Business development, Digital marketing",Glassdoor
Sales Development Representative: : 1-3 Years,CloudVandana,India,N/A,"https://www.glassdoor.co.in/job-listing/sales-development-representative-13-years-cloudvandana-JV_KO0,41_KE42,54.htm?jl=1010228305923",https://www.cloudvandana.com,,"Daily responsibilities also include meeting activity and pipeline targets, nurturing early-stage leads, and continuously improving product and industry…&hellip;

Skills: CRM software, Sales, Salesforce, Lead generation, Research",Glassdoor
Sales Development Representative,Crimson Education,India,N/A,"https://www.glassdoor.co.in/job-listing/sales-development-representative-crimson-education-JV_KO0,32_KE33,50.htm?jl=1010257469108",https://www.crimsoneducation.ai,,"1–3 years of experience in customer service, sales, or client-facing roles. Continuously improving sales techniques, processes and enhancing industry knowledge.&hellip;

Skills: CRM software, Customer service, Salesforce, English, Communication skills",Glassdoor
Sales Development Representative,SocialFind,Bengaluru,2026-08-29,https://www.jobleads.com/in/job/sales-development-representative--bengaluru--e0ba5689a4b657b2ce0339c86db3b9da2,https://www.socialfind.com,,"Work Setting: On-site | Salary: INR 300,000 - 400,000",JobLeads
Sales Development Representative,Simplilearn,Bengaluru,2026-08-31,https://www.jobleads.com/in/job/sales-development-representative--bengaluru--e3c220f7fdbfd614d39d235028b7f5668,https://www.simplilearn.com,,"Work Setting: On-site | Salary: INR 500,000 - 700,000",JobLeads
Sales Development Representative (SDR),Xoxoday,Bengaluru,2026-08-29,https://www.jobleads.com/in/job/sales-development-representative-sdr--bengaluru--ec5e07554203f9f0de893d47dcc790150,https://www.xoxoday.com,,"Work Setting: On-site | Salary: INR 500,000 - 700,000",JobLeads
Sales Development Representative,Botree Software,"Gurugram District, Chennai District, Bengaluru",2026-08-29,https://www.jobleads.com/in/job/sales-development-representative--gurugram-district--chennai-district--bengaluru--e679f162a4565c15d9abd1320a469d6b5,https://www.botreesoftware.com,,"Work Setting: On-site | Salary: INR 600,000 - 900,000",JobLeads
Sales Development Rep Analyst,Accenture,Bengaluru,2026-08-29,https://www.jobleads.com/in/job/sales-development-rep-analyst--bengaluru--e09f3fdb21b351cc6db17ba2eb6c694e7,https://www.accenture.com,,"Work Setting: On-site | Salary: INR 600,000 - 900,000",JobLeads
Sales Development Representative,GreedyGame,Bengaluru,2026-08-29,https://www.jobleads.com/in/job/sales-development-representative--bengaluru--e28cc45fcb37242f546b271b37660cf6e,https://www.greedygame.com,,"Work Setting: Hybrid | Salary: INR 600,000 - 900,000",JobLeads
Sales Development Rep Senior Analyst,Accenture,Bengaluru,2026-08-29,https://www.jobleads.com/in/job/sales-development-rep-senior-analyst--bengaluru--ecb76076fb2e8640abec75aba2475ac7b,https://www.accenture.com,,"Work Setting: On-site | Salary: INR 700,000 - 1,000,000",JobLeads
Sales Development Representative,Juddoc,Bengaluru,2026-08-29,https://www.jobleads.com/in/job/sales-development-representative--bengaluru--e79168bb8f555d706cd31b4971b89e0b0,https://www.juddoc.com,,"Work Setting: Hybrid | Salary: INR 400,000 - 800,000",JobLeads
Sales Development Representative,Skolarli Edulabs,Bengaluru,2026-09-03,https://www.jobleads.com/in/job/sales-development-representative--bengaluru--e6ef3436e3a78b9ee76041ed714dde15e,N/A,,"Work Setting: On-site | Salary: INR 300,000 - 600,000",JobLeads
Sales Development Representative,Appopen Technologies,Bengaluru,2026-09-06,https://www.jobleads.com/in/job/sales-development-representative--bengaluru--e230ff616d84db2809904a06fe4affbdc,https://www.appopen.io,,"Work Setting: Hybrid | Salary: INR 400,000 - 640,000",JobLeads
Sales Development Representative,ClearTax for Business,Bengaluru,2026-09-10,https://www.jobleads.com/in/job/sales-development-representative--bengaluru--ee025f6fe1740d034102ff3aa056e8d37,https://www.cleartax.in,,"Work Setting: On-site | Salary: INR 600,000 - 1,100,000",JobLeads
Sales Development Representative,DevRev,Bengaluru,2026-08-29,https://www.jobleads.com/in/job/sales-development-representative--bengaluru--edd50acd867b6cf847b61bd0f30f05678,https://www.devrev.com,,"Work Setting: On-site | Salary: INR 450,000 - 650,000",JobLeads
Sales Development Representative SDR,Invisia,Bengaluru,2026-09-02,https://www.jobleads.com/in/job/sales-development-representative-sdr--bengaluru--eb1ca458d84dc46d86820e756e8a79e8c,https://www.invisia.com,,"Work Setting: On-site | Salary: INR 350,000 - 700,000",JobLeads
Sales Development Representative,Ginger Media Group,Bengaluru,2026-08-29,https://www.jobleads.com/in/job/sales-development-representative--bengaluru--eb7778f339671393a35efc9f053f70cd7,https://www.gingermedia.net,,"Work Setting: On-site | Salary: INR 500,000 - 800,000",JobLeads
Sales Development Representative - IT Services,AVE Promagne,"Mumbai, New Delhi, Bengaluru",2026-08-29,https://www.jobleads.com/in/job/sales-development-representative-it-services--mumbai--new-delhi--bengaluru--e05001e09327c1554992847dd02e1b094,N/A,,"Work Setting: On-site | Salary: INR 250,000 - 380,000",JobLeads
Sales Development Representative,Shopalyst,Bengaluru,2026-08-29,https://www.jobleads.com/in/job/sales-development-representative--bengaluru--e5bd17723e1b78fd7e83c39a17bdecfa4,https://www.shopalyst.com,,"Work Setting: On-site | Salary: INR 600,000 - 900,000",JobLeads
Business Development Representative,Yourdost,Bengaluru,2026-08-29,https://www.jobleads.com/in/job/business-development-representative--bengaluru--ea407f7632b88ee9063ec6f5f844669b5,https://www.yourdost.com,,"Work Setting: On-site | Salary: INR 350,000 - 520,000",JobLeads
Inside Sales Representative-Sales Development Representative,CSC,Electronic City,2026-08-29,https://www.jobleads.com/in/job/inside-sales-representative-sales-development-representative--electronic-city--e9df5a5557c5f9af1d6a09276e7791123,https://www.csc.com,,"Work Setting: Hybrid | Salary: INR 600,000 - 900,000",JobLeads
Business Development Representative,Manatal,Bengaluru,2026-08-29,https://www.jobleads.com/in/job/business-development-representative--bengaluru--e94ab0717ea4a453d8db9c5ccdd9bee01,https://www.manatal.com,,"Work Setting: On-site | Salary: INR 600,000 - 800,000",JobLeads
Sales Development Representative,Engati,Bengaluru,2026-08-29,https://www.jobleads.com/in/job/sales-development-representative--bengaluru--ebbc1d1643a0b15f0c7e5edf721148c12,https://www.engati.in,,"Work Setting: On-site | Salary: INR 600,000 - 800,000",JobLeads
Sales Development Representative (SDR),Aekot,Bengaluru,2026-08-29,https://www.jobleads.com/in/job/sales-development-representative-sdr--bengaluru--e6a92fb93c25cdd804a4df342137bc5ce,https://www.aekot.com,,"Work Setting: On-site | Salary: INR 300,000 - 600,000",JobLeads
Sales Development Representative (SDR),TripleDart,Extended B2B SaaS Growth Team,2026-08-29,https://www.jobleads.com/in/job/sales-development-representative-sdr--bengaluru--ef0f32c91ba9149d0e11e2b17b105bf30,https://www.tripledart.com,,"Work Setting: On-site | Salary: INR 600,000 - 1,200,000",JobLeads
Sales Development Representative (SDR)- USA shift,Giift Inc.,Bengaluru,2026-08-29,https://www.jobleads.com/in/job/sales-development-representative-sdr-usa-shift--bengaluru--e9bbfc58c141e98badf2a55cb3448ab71,https://www.giift.org,,"Work Setting: Hybrid | Salary: INR 600,000 - 800,000",JobLeads
Sales Development Representative,Branofy,Bengaluru,2026-09-05,https://www.jobleads.com/in/job/sales-development-representative--bengaluru--e879ba6517921f1d6dd3ebd17fd23614c,https://www.branofy.com,,"Work Setting: On-site | Salary: INR 600,000 - 900,000",JobLeads
Sales Development Rep Analyst,Accenture in India,Bengaluru,2026-08-29,https://www.jobleads.com/in/job/sales-development-rep-analyst--bengaluru--e98ea0e9e166a60e9cc7c2c6a0b82255f,https://www.accenture.com,,"Work Setting: On-site | Salary: INR 600,000 - 1,200,000",JobLeads
Sales Development Representative,Volody,Bengaluru,2026-09-12,https://www.jobleads.com/in/job/sales-development-representative--bengaluru--ec0e14b6b1b9bce5398cc00fe20e8b309,https://www.volody.com,,"Work Setting: On-site | Salary: INR 350,000 - 540,000",JobLeads
Sales Representative,Swastiks,Bengaluru,2026-08-30,https://www.jobleads.com/in/job/sales-representative--bengaluru--ed38ee6e78eb864606c6be432f0a547bb,https://www.swastiks.com,,"Work Setting: On-site | Salary: INR 300,000 - 600,000",JobLeads
Sales Development Representative - Outbound,Peoplebox.ai,Bengaluru,2026-08-29,https://www.jobleads.com/in/job/sales-development-representative-outbound--bengaluru--e8f3b8d8679f9913595573aee250d96ac,https://www.peopleboxai.com,,"Work Setting: On-site | Salary: INR 2,759,000 - 4,600,000",JobLeads
Business Development Representative BY F,NoBroker,Bengaluru,2026-08-29,https://www.jobleads.com/in/job/business-development-representative-by-f--bengaluru--e1e55bf78139fae3ea8940c6c5e63a7cb,https://www.nobroker.com,,"Work Setting: On-site | Salary: INR 500,000 - 800,000",JobLeads
"Sales Development Representative, AI SaaS",Sri Mythraa Business Solutions,Bengaluru,2026-09-07,https://www.jobleads.com/in/job/sales-development-representative-ai-saas--bengaluru--e8c84b0b1d296e2d77581d3c46d245b49,N/A,,"Work Setting: On-site | Salary: INR 550,000 - 750,000",JobLeads
Sales Development Representative (SMB Account Growth Focus),Zain Group,Bengaluru,2026-08-29,https://www.jobleads.com/in/job/sales-development-representative-smb-account-growth-focus--bengaluru--e76882b6d937ae5ab06df7cd02a589bbc,https://www.zain.com,,"Work Setting: Hybrid | Salary: INR 600,000 - 900,000",JobLeads
Sales Development Representative (Inbound),CleverTap,Bengaluru,2026-08-29,https://www.jobleads.com/in/job/sales-development-representative-inbound--bengaluru--e9ba3451d19b7ab122516547d370ead68,https://www.clevertap.com,,"Work Setting: On-site | Salary: INR 600,000 - 1,000,000",JobLeads
Sales Development Representative- SAAS,TechBag,Bengaluru,2026-08-29,https://www.jobleads.com/in/job/sales-development-representative-saas--bengaluru--e1969332eb321e558ae764d9cbc4d7591,N/A,,"Work Setting: On-site | Salary: INR 350,000 - 750,000",JobLeads
Business Development Executive,Hireginie,Bengaluru,2026-08-29,https://www.jobleads.com/in/job/business-development-executive--bengaluru--eb9767d255c3fda9cd7de6621ded7b479,https://www.hireginie.com,,"Work Setting: On-site | Salary: INR 600,000 - 800,000",JobLeads
Sales Development Representative - SDR (Bengaluru),Important Business,Bengaluru,2026-08-29,https://www.jobleads.com/in/job/sales-development-representative-sdr-bengaluru--bengaluru--e6cf46b6f4e4df9114556e5f53f8739f8,https://www.importantbusiness.org,,"Work Setting: On-site | Salary: INR 600,000 - 900,000",JobLeads
Sales Development Representative,Cyber Curate Tech,Bengaluru,2026-08-29,https://www.jobleads.com/in/job/sales-development-representative--bengaluru--eb84c6e78e1238c0fe9e118ea9b145dba,https://www.cybercurate.com,,"Work Setting: On-site | Salary: INR 500,000 - 800,000",JobLeads
Sales Representative- Academic,Cranes Software International,Bengaluru,2026-08-29,https://www.jobleads.com/in/job/sales-representative-academic--bengaluru--e508d57093169c143589919f8ef477990,N/A,,"Work Setting: On-site | Salary: INR 500,000 - 800,000",JobLeads
Sales Executive,Avon Biwheeler Accessories,"Bengaluru, Raipur, Amritsar",2026-08-29,https://www.jobleads.com/in/job/sales-executive--bengaluru--raipur--amritsar--e28b955e2c98df60eb2bdbb501ec99db5,N/A,,"Work Setting: On-site | Salary: INR 300,000 - 500,000",JobLeads
Sales Executive,Straightdrivesport,Bengaluru,2026-09-03,https://www.jobleads.com/in/job/sales-executive--bengaluru--e11d34478850d25a37d30b32bb67aa5b0,https://www.straightdrivesport.com,,"Work Setting: On-site | Salary: INR 450,000 - 850,000",JobLeads
Business Development Representative,"Salesforce.com, inc.",Bengaluru,2026-09-08,https://www.jobleads.com/in/job/business-development-representative--bengaluru--e96bb42499f3ba95ac72fbbcbcd268515,https://www.salesforce.com,,"Work Setting: On-site | Salary: INR 600,000 - 900,000",JobLeads
Sales Development Representative (US Market),ReqOpen,Bengaluru,2026-08-29,https://www.jobleads.com/in/job/sales-development-representative-us-market--bengaluru--e612684e72f030a23177a452d65dfce8b,https://www.reqopen.com,,"Work Setting: Hybrid | Salary: INR 600,000 - 1,000,000",JobLeads
Sales Development Representative,Keka Technologies Private Limited,Bengaluru,2026-08-29,https://www.jobleads.com/in/job/sales-development-representative--bengaluru--e510816f860eb23f8037aac0f6d5e27ec,https://www.keka.io,,"Work Setting: On-site | Salary: INR 550,000 - 750,000",JobLeads
Sales Executive,Transe Vision Care,Bengaluru,2026-08-30,https://www.jobleads.com/in/job/sales-executive--bengaluru--e9711b6280d865baf9ffb422bca1fbb46,https://www.transevisioncare.com,,"Work Setting: On-site | Salary: INR 300,000 - 600,000",JobLeads
Sales Development Representative-North America,HackerEarth,Bengaluru,2026-09-12,https://www.jobleads.com/in/job/sales-development-representative-north-america--bengaluru--e667add09c4451733a6b94388aea000f8,https://www.hackerearth.com,,"Work Setting: On-site | Salary: INR 600,000 - 1,200,000",JobLeads
Sales Development Representative - Outbound Sales,Snowflake Computing India Llp,Bengaluru,2026-08-29,https://www.jobleads.com/in/job/sales-development-representative-outbound-sales--bengaluru--e951730c95924a9bf89293c7986a9db92,https://www.snowflake.com,,"Work Setting: On-site | Salary: INR 5,698,000 - 8,547,000",JobLeads
Sales Development Representative,Cube,Bengaluru,2026-08-29,https://www.jobleads.com/in/job/sales-development-representative--bengaluru--e264b9ddc51def8deb2159c7136055183,https://www.cube.io,,"Work Setting: On-site | Salary: INR 600,000 - 1,200,000",JobLeads
Sales Development Representative,Bitonic Technology Labs,Bengaluru,2026-08-31,https://www.jobleads.com/in/job/sales-development-representative--bengaluru--ef0376974963d7de207b5a9ebac60ba9f,N/A,,"Work Setting: On-site | Salary: INR 600,000 - 900,000",JobLeads
Manager - Business Development - SaaS Vertical,Franchise Brigade Global,Bengaluru,2026-09-07,https://www.jobleads.com/in/job/manager-business-development-saas-vertical--bengaluru--e0aedfe3a1aef43ab34b27fa427b8fe58,N/A,,"Work Setting: On-site | Salary: INR 420,000 - 600,000",JobLeads
Sales Development Representative,Spacemen Digital,Bengaluru,2026-08-29,https://www.jobleads.com/in/job/sales-representative-agency-experience--bengaluru--ef1b39506ee8cc91355e691c29af04f31,https://www.spacemendigital.com,,"Work Setting: On-site | Salary: INR 600,000 - 900,000",JobLeads
Sales Development Representative,"BIOS Middle East, A ZainTECH Company",Bengaluru,2026-08-29,https://www.jobleads.com/in/job/sales-development-representative--bengaluru--e400699370689fef192d5c81e91aec5d5,N/A,,"Work Setting: On-site | Salary: INR 600,000 - 900,000",JobLeads
Sales Executive,Orotex Chemicals India,Bengaluru,2026-08-29,https://www.jobleads.com/in/job/sales-executive--bengaluru--ed719357b89c26a9f4718606b0f9bae4b,N/A,,"Work Setting: On-site | Salary: INR 300,000 - 500,000",JobLeads
Sales Representative,"Alverikx revst pvt, ltd.",Bengaluru,2026-09-07,https://www.jobleads.com/in/job/sales-representative--bengaluru--e3b27c86443a306cadd5279f198b1b5e6,N/A,,"Work Setting: On-site | Salary: INR 300,000 - 550,000",JobLeads
Sales Development Representative,AI CERTs®,Bengaluru,2026-08-29,https://www.jobleads.com/in/job/sales-development-representative--bengaluru--e8e33dca83f463e22708ae0dc5cc01875,https://www.aicerts.co,,"Work Setting: Remote | Salary: INR 51,000 - 60,000",JobLeads
Sales Development Representative,Mu Sigma Inc.,Bengaluru,2026-09-12,https://www.jobleads.com/in/job/sales-development-representative--bengaluru--e630bb29458efad1ba769f54ff8a69151,https://www.musigma.com,,"Work Setting: On-site | Salary: INR 600,000 - 1,000,000",JobLeads
Sales Development Representative,Kipplo,Bengaluru,2026-08-29,https://www.jobleads.com/in/job/sales-development-representative--bengaluru--e49b37aa97fc3caf3d9e60e9524f73bab,https://www.kipplo.com,,"Work Setting: On-site | Salary: INR 300,000 - 500,000",JobLeads
Business Development Representative (BDR) - International Sales,Squapl Digital Media Technologies (opc),Bengaluru,2026-09-07,https://www.jobleads.com/in/job/business-development-representative-bdr-international-sales--bengaluru--ea62c41a46600118d2ca4cc9265ec97d0,N/A,,"Work Setting: On-site | Salary: INR 600,000 - 1,200,000",JobLeads
Senior Business Development Representative,Neara,Bengaluru,2026-08-29,https://www.jobleads.com/in/job/senior-business-development-representative--bengaluru--ea054642e6f97434af9e1be1204e5c400,https://www.neara.com,,"Work Setting: On-site | Salary: INR 800,000 - 1,200,000",JobLeads
Sales Development Representative - North America,HackerEarth,Bengaluru,2026-08-29,https://www.jobleads.com/in/job/sales-development-representative-north-america--bengaluru--eb959e6ad587944d1ec5a39dc727a440a,https://www.hackerearth.com,,"Work Setting: On-site | Salary: INR 2,626,970 - 5,253,940",JobLeads
Sales Development Representative,RK Group,Bengaluru Urban,2026-09-01,https://www.jobleads.com/in/job/sales-development-representative--bengaluru-urban--e251b200abf5c00ed8ab238ad4b99b883,N/A,,"Work Setting: On-site | Salary: INR 400,000 - 600,000",JobLeads
Sales Development Representative - Intern,Nuclei,Bengaluru,2026-08-29,https://www.jobleads.com/in/job/sales-development-representative-intern--bengaluru--edcbde7c7f4981f67777dec8cc002762f,https://www.nuclei.in,,"Work Setting: On-site | Salary: INR 600,000 - 1,200,000",JobLeads
Sales Representative,Home By Kosene Living,Bengaluru,2026-08-29,https://www.jobleads.com/in/job/sales-representative--bengaluru--e41f9f44357e2d28ef1c2fb45bc84c4fb,N/A,,"Work Setting: On-site | Salary: INR 250,000 - 300,000",JobLeads
Sales Development Representative,"Position2, Inc.",Bengaluru,2026-08-30,https://www.jobleads.com/in/job/sales-development-representative--bengaluru--e6b5058c9f5ce2db43c8ea9de2fc0c69a,https://www.position2.com,,"Work Setting: Hybrid | Salary: INR 800,000 - 1,200,000",JobLeads
Sales Development Representative,RK Group,Bengaluru,2026-09-01,https://www.jobleads.com/in/job/sales-development-representative--bengaluru--e32bbee55c2684fa013a4598d4b223dd4,N/A,,"Work Setting: On-site | Salary: INR 500,000 - 750,000",JobLeads
Senior Sales Development Representative,ProductNOVA,Bengaluru,2026-08-29,https://www.jobleads.com/in/job/senior-sales-development-representative--bengaluru--e1cc984cdd2a63f67534326f2dd2c64eb,https://www.productnova.in,,"Work Setting: On-site | Salary: INR 1,000,000 - 1,500,000",JobLeads
Business Development Representative,Xurrent,Bengaluru,2026-08-29,https://www.jobleads.com/in/job/business-development-representative--bengaluru--e21258c1b86f78d662e93344fd78554ac,https://www.xurrent.io,,"Work Setting: On-site | Salary: INR 600,000 - 900,000",JobLeads
Sales Specialist,Brick & Bolt,Bengaluru,2026-08-29,https://www.jobleads.com/in/job/sales-specialist--bengaluru--ed183911a6d8d5758d7ec96b0d214b701,N/A,,"Work Setting: On-site | Salary: INR 600,000 - 900,000",JobLeads
Sales Development Representative,Locobuzz,"Mumbai, Gurugram District, Bengaluru",2026-09-08,https://www.jobleads.com/in/job/sales-development-representative--mumbai--gurugram-district--bengaluru--e343eb6c6b50e043a0f347265c0c8e0ec,https://www.locobuzz.com,,"Work Setting: On-site | Salary: INR 600,000 - 900,000",JobLeads
Sales Development Representative Intern,Zryth Solutions Pvt. Ltd.,Bengaluru Urban,2026-09-01,https://www.jobleads.com/in/job/sales-development-representative-intern--bengaluru-urban--ea250b33d479235928e91ca92dca59359,https://www.zryth.com,,"Work Setting: On-site | Salary: INR 500,000 - 650,000",JobLeads
Sales Development Representative Intern,Zryth Solutions Pvt. Ltd.,Krishnagiri District,2026-09-01,https://www.jobleads.com/in/job/sales-development-representative-intern--krishnagiri-district--e64385f426383bef2fa874fc29826a293,https://www.zryth.com,,"Work Setting: On-site | Salary: INR 420,000 - 620,000",JobLeads
Sales Executive,Learning Routes,Bengaluru,2026-08-29,https://www.jobleads.com/in/job/sales-executive--bengaluru--edafe3d290d555406357dd1d520620e15,https://www.learningroutes.com,,"Work Setting: On-site | Salary: INR 300,000 - 500,000",JobLeads
Sales Manager,Shrofile Technologies,"Hyderabad, Bengaluru, New Delhi",2026-08-29,https://www.jobleads.com/in/job/sales-manager--hyderabad--bengaluru--new-delhi--e3532a97edea0c5637a68c405a28c2b83,https://www.shrofile.com,,"Work Setting: On-site | Salary: INR 600,000 - 800,000",JobLeads
Sales Development Representative - Fresher,theBackspace.co,Bengaluru,2026-09-10,https://www.jobleads.com/in/job/sales-development-representative-fresher--bengaluru--ea1f046e83e0d53a32c9c1b9652352263,https://www.thebackspace.in,,"Work Setting: On-site | Salary: INR 300,000 - 500,000",JobLeads
Sales Development Representative (SDR)-US,Keka Technologies,"Hyderabad, Bengaluru",2026-08-29,https://www.jobleads.com/in/job/sales-development-representative-sdr-us--hyderabad--bengaluru--eb282fc0d739229f265c6457d28b424be,https://www.keka.io,,"Work Setting: On-site | Salary: INR 450,000 - 600,000",JobLeads
Filed Sales Executive,ECT Cloud Solutions India,Bengaluru,2026-09-01,https://www.jobleads.com/in/job/filed-sales-executive--bengaluru--ee688104c3d5af4209a3945c7513d6547,https://www.ectcloud.net,,"Work Setting: On-site | Salary: INR 420,000 - 560,000",JobLeads
Sales Officer- Modern Trade,Saaki Argus And Averil Consulting,Bengaluru,2026-09-02,https://www.jobleads.com/in/job/sales-officer-modern-trade--bengaluru--ea51eaed26df8a417911022c642e54f9c,N/A,,"Work Setting: On-site | Salary: INR 600,000 - 1,000,000",JobLeads
Sales Development Representative Intern,Zryth Solutions Pvt. Ltd.,Bengaluru,2026-09-01,https://www.jobleads.com/in/job/sales-development-representative-intern--bengaluru--e009084e1f1606aff90bd9feb5c0ea7eb,https://www.zryth.com,,"Work Setting: On-site | Salary: INR 450,000 - 650,000",JobLeads
Sales Development Manager (US Hours),ITILITE,Bengaluru,2026-08-30,https://www.jobleads.com/in/job/sales-development-manager-us-hours--bengaluru--e526ceb61ee2aea6139d6eb2dd5d85a0b,https://www.itilite.com,,"Work Setting: On-site | Salary: INR 3,500,000 - 6,000,000",JobLeads
Sales Development Representative,Quintype Technologies Inc.,Bengaluru,2026-08-30,https://www.jobleads.com/in/job/sales-development-representative--bengaluru--e51017662311f917c25fb3023feb1429e,https://www.quintype.com,,"Work Setting: On-site | Salary: INR 400,000 - 800,000",JobLeads
Sales Executive,Wellnessfast,Bengaluru,2026-08-29,https://www.jobleads.com/in/job/sales-executive--bengaluru--e2d44450addd4299e3a1fd5dc330d5c53,https://www.wellnessfast.ai,,"Work Setting: On-site | Salary: INR 300,000 - 540,000",JobLeads
Sales Development Representative,Mareana,Bengaluru,2026-08-29,https://www.jobleads.com/in/job/sales-development-representative--bengaluru--e2d8318153c5e598758fa6c8f526d122d,https://www.mareana.com,,"Work Setting: On-site | Salary: INR 2,297,000 - 4,019,000",JobLeads
Sales Executive,Mahendra Kumar,Bengaluru,2026-08-29,https://www.jobleads.com/in/job/sales-executive--bengaluru--e7b1b18e32b87f5e384cc390af8f78f53,https://www.mahendrakumar.in,,"Work Setting: Hybrid | Salary: INR 600,000 - 900,000",JobLeads
Sales Development Representative Outbound,Snowflake,Bengaluru,2026-08-29,https://www.jobleads.com/in/job/sales-development-representative-outbound--bengaluru--e796bd4f0721b384bcb72decdb1d1fec0,https://www.snowflake.com,,"Work Setting: On-site | Salary: INR 420,000 - 650,000",JobLeads
Sales Executive,"Niyukti Systems, Inc",Bengaluru,2026-09-12,https://www.jobleads.com/in/job/sales-executive--bengaluru--ed48e98aceefe1d6738c6ddc69ae57f3b,N/A,,"Work Setting: On-site | Salary: INR 300,000 - 600,000",JobLeads
Field Sales Executive,Avnflex Packing,Bengaluru,2026-08-29,https://www.jobleads.com/in/job/field-sales-executive--bengaluru--e121c0d03991cd59a904c7cbb569efab7,N/A,,"Work Setting: Hybrid | Salary: INR 600,000 - 900,000",JobLeads
Sales Executive,Glory Infinity,Bengaluru,2026-08-29,https://www.jobleads.com/in/job/sales-executive--bengaluru--e64703bdeb5c77c9de9a8c9e284c9e310,https://www.gloryinfinity.com,,"Work Setting: On-site | Salary: INR 900,000 - 1,500,000",JobLeads
Sales Manager,Ecoline Infra,"Hyderabad, Coimbatore District, Bengaluru",2026-08-29,https://www.jobleads.com/in/job/sales-manager--hyderabad--coimbatore-district--bengaluru--e33d6f4fde060d95099fb67bb8fb85a22,N/A,,"Work Setting: On-site | Salary: INR 500,000 - 800,000",JobLeads
Sales Development Representative (SDR),Zeta Biosystem,Nelamangala,2026-08-29,https://www.jobleads.com/in/job/sales-development-representative-sdr--nelamangala--eca9b250d69c3bf808a18f70f0e034b19,https://www.zetabiosystem.com,,"Work Setting: On-site | Salary: INR 400,000 - 650,000",JobLeads
Sales Development Representative (Outbound),Snowflake,Bengaluru,2026-09-10,https://www.jobleads.com/in/job/sales-development-representative-outbound--bengaluru--ef1ea9340cd4a3b77abe2254be0a60d39,https://www.snowflake.com,,"Work Setting: On-site | Salary: INR 600,000 - 1,000,000",JobLeads
Sales Executive - Intern,Aspire Software Consultancy,Bengaluru,2026-09-12,https://www.jobleads.com/in/job/sales-executive-intern--bengaluru--eceb0f716a7f9ba0e3171abbbd440b376,N/A,,"Work Setting: On-site | Salary: INR 180,000 - 300,000",JobLeads
Sales Manager,v square projects,Krishnagiri District,2026-08-30,https://www.jobleads.com/in/job/sales-manager--krishnagiri-district--e5a738f2712f62bf3c83fd970f0196e79,N/A,,"Work Setting: On-site | Salary: INR 600,000 - 900,000",JobLeads
Sales Development Representative,Zain Group,Bengaluru,2026-08-29,https://www.jobleads.com/in/job/sales-development-representative--bengaluru--e11ff6de2c25606325941a5e2dda8e805,https://www.zain.com,,"Work Setting: On-site | Salary: INR 600,000 - 1,000,000",JobLeads
Business Development Representative,r3 Consultant,Bengaluru,2026-08-29,https://www.jobleads.com/in/job/business-development-representative--bengaluru--e78f954e22520edb0b66cbef47c5c4836,https://www.r3consultant.com,,"Work Setting: On-site | Salary: INR 800,000 - 1,000,000",JobLeads
Inside Sales Representative,Econz IT Services Pvt. Ltd.,Bengaluru,2026-08-29,https://www.jobleads.com/in/job/inside-sales-representative--bengaluru--e5995eb56988582870f21f0f20acf80ab,N/A,,"Work Setting: On-site | Salary: INR 900,000 - 1,500,000",JobLeads
Sales Development Manager,Loop,Bengaluru South,2026-08-29,https://www.jobleads.com/in/job/sales-development-manager--bengaluru-south--e7bc5c2af5c55aa591209538bb5b7001a,https://www.loop.com,,"Work Setting: On-site | Salary: INR 1,200,000 - 1,600,000",JobLeads
Business Development Associate (Remote),The Mentor Live,Bengaluru,2026-08-29,https://www.jobleads.com/in/job/business-development-associate-remote--bengaluru--ecafb13c476daf5af22224b6cc1788150,N/A,,Work Setting: Remote,JobLeads
Sales Consultant,Regalix,Bangalore Rural,2026-08-29,https://www.jobleads.com/in/job/sales-consultant--bangalore-rural--e33f15ccbfd8bfa66ea1a16b3e76c7fe0,https://www.regalix.in,,"Work Setting: On-site | Salary: INR 450,000 - 750,000",JobLeads
Sales Development Representative - US,Simplilearn,Bengaluru,2026-08-29,https://www.jobleads.com/in/job/sales-development-representative-us--bengaluru--ef60df03e92dd18ae7d34fa37bf5ee284,https://www.simplilearn.com,,"Work Setting: On-site | Salary: INR 520,000 - 760,000",JobLeads
Sales Director,Tata Consultancy Services,Bengaluru,2026-08-29,https://www.jobleads.com/in/job/sales-director--bengaluru--e7d4e8293ad5dc30d94fcfbffc2a4abea,https://www.tcs.com,,"Work Setting: On-site | Salary: INR 900,000 - 1,800,000",JobLeads
Sales Development Representative,Reo.Dev,Bengaluru,2026-08-29,https://www.jobleads.com/in/job/sales-development-representative--bengaluru--e9ca883f54fb9e0f01c9ef0a6d364ed88,https://www.reodev.com,,"Work Setting: On-site | Salary: INR 700,000 - 1,100,000",JobLeads
Solution Sales,Vays Infotech,Bengaluru,2026-08-30,https://www.jobleads.com/in/job/solution-sales--bengaluru--e69fd5cd0ca422e0d5bbccf22b54a6135,https://www.vaysinfotech.com,,"Work Setting: On-site | Salary: INR 600,000 - 1,000,000",JobLeads
Business Development Representative (BDR),Rempact,Bengaluru,2026-09-12,https://www.jobleads.com/in/job/business-development-representative-bdr--bengaluru--ea84a07733cc4270f40042805dc12cb78,https://www.rempact.com,,"Work Setting: On-site | Salary: INR 400,000 - 600,000",JobLeads
Inside Sales Representative (ISR),Strategic Hiring Services Nagpur,Bengaluru,2026-08-29,https://www.jobleads.com/in/job/inside-sales-representative-isr--bengaluru--e1f2278abe6f57107794c560af7fc830d,N/A,,"Work Setting: On-site | Salary: INR 400,000 - 500,000",JobLeads
Sales Development Representative,SourcingXPress,Bengaluru,2026-08-30,https://www.jobleads.com/in/job/sales-development-representative--bengaluru--e47fa90b03698d28e22fd33a9e95efda8,https://www.sourcingxpress.com,,"Work Setting: On-site | Salary: INR 600,000 - 900,000",JobLeads
Sales Executive - Field Sales,Bigbasket,Bengaluru,2026-08-29,https://www.jobleads.com/in/job/sales-executive-field-sales--bengaluru--e49a8a14590eb00f50305c97ff1aca3e3,https://www.bigbasket.com,,"Work Setting: On-site | Salary: INR 1,800,000 - 2,800,000",JobLeads
Senior Business Development Executive,Juegostudio,Bengaluru,2026-08-29,https://www.jobleads.com/in/job/senior-business-development-executive--bengaluru--eb7c9ca81b4ad9280bda61885d7d5ec54,https://www.juegostudio.com,,"Work Setting: On-site | Salary: INR 800,000 - 1,200,000",JobLeads
Business Development Representative,EasyStepIn,Bengaluru,2026-09-08,https://www.jobleads.com/in/job/business-development-representative--bengaluru--e7ca13498bc71c2e8f1c5c3d7e4a40dfa,https://www.easystepin.in,,"Work Setting: On-site | Salary: INR 600,000 - 1,200,000",JobLeads
Sales Executive Marketing,BrainGroom,Bengaluru,2026-08-29,https://www.jobleads.com/in/job/sales-executive-marketing--bengaluru--e3da35ed1e6a0f774fcefa6f9ca685136,https://www.braingroom.com,,"Work Setting: On-site | Salary: INR 400,000 - 800,000",JobLeads
Sales Executive / Marketing Executive / BDE,Medispec,"New Delhi, Bengaluru",2026-08-29,https://www.jobleads.com/in/job/sales-executive-marketing-executive-bde--new-delhi--bengaluru--e19d812c24927cacc6e50d02f3fbf7b44,https://www.medispec.in,,"Work Setting: On-site | Salary: INR 400,000 - 700,000",JobLeads
Enterprise Sales Manager,Angel-and-Genie,"Gurugram District, Pune District, Bengaluru, Mumbai",2026-08-29,https://www.jobleads.com/in/job/enterprise-sales-manager--gurugram-district--pune-district--bengaluru--mumbai--eb3c96f51d643574814be0ae875650040,https://www.angelandgenie.com,,"Work Setting: On-site | Salary: INR 1,200,000 - 1,500,000",JobLeads
Senior Cloud Sales Development Representative,Nimesa Technology,Bengaluru,2026-08-29,https://www.jobleads.com/in/job/senior-cloud-sales-development-representative--bengaluru--efe427575c43fa6ab355e21ddae0cc8d7,N/A,,"Work Setting: On-site | Salary: INR 900,000 - 1,300,000",JobLeads
Sales Development Representative - Enterprise,Superleap AI CRM,Bengaluru,2026-08-29,https://www.jobleads.com/in/job/sales-development-representative-enterprise--bengaluru--e16aa5c8d8151949b557939290fc1b01a,N/A,,"Work Setting: On-site | Salary: INR 600,000 - 1,200,000",JobLeads
Sales Engineer,Avin Systems,"Pune District, Bengaluru",2026-09-01,https://www.jobleads.com/in/job/sales-engineer--pune-district--bengaluru--ee38d96a699840e76ec39d85bdf645cd7,N/A,,"Work Setting: On-site | Salary: INR 500,000 - 900,000",JobLeads
Sales Executive,Capax,Bengaluru,2026-08-29,https://www.jobleads.com/in/job/sales-executive--bengaluru--e7c30f88233d8cd5ba5d4f6f5d678667c,https://www.capax.org,,"Work Setting: On-site | Salary: INR 300,000 - 500,000",JobLeads
Senior Sales Development Representative(SDR)- North America,Leena AI,Bengaluru,2026-08-29,https://www.jobleads.com/in/job/senior-sales-development-representative-sdr-north-america--bengaluru--e72c0189dbe931fead171c0cc0198e858,https://www.leenaai.com,,"Work Setting: On-site | Salary: INR 600,000 - 1,200,000",JobLeads
Sales Development Manager,Skydrop,Bengaluru,2026-08-29,https://www.jobleads.com/in/job/sales-development-manager--bengaluru--ec5ac0ae5c86a4c0f91c067b575d50c68,https://www.skydrop.in,,"Work Setting: On-site | Salary: INR 1,000,000 - 1,500,000",JobLeads
Business Development Representative,Naukri Ninja,Bengaluru,2026-08-29,https://www.jobleads.com/in/job/business-development-representative--bengaluru--e6f040d29467004f480ed977ac27c98ba,https://www.naukrininja.com,,"Work Setting: On-site | Salary: INR 600,000 - 900,000",JobLeads
Field Sales Executive,Neumeric Technologies,Bengaluru,2026-09-01,https://www.jobleads.com/in/job/field-sales-executive--bengaluru--edc56cb922ce60bf342678521ab9d0ef7,https://www.neumeric.com,,"Work Setting: On-site | Salary: INR 400,000 - 800,000",JobLeads
Sales Development Representative,Eagle Eye Networks,Bengaluru,2026-09-02,https://www.jobleads.com/in/job/sales-development-representative--bengaluru--ec4054467209b570ccc7c2b992af2dd95,https://www.eagleeyenetworks.com,,"Work Setting: On-site | Salary: INR 450,000 - 750,000",JobLeads
Sales Executive,Wisebee Consultants,Bengaluru,2026-09-03,https://www.jobleads.com/in/job/sales-executive--bengaluru--e00ebb19a4c5ce2c1203dcc615cd2b938,N/A,,"Work Setting: On-site | Salary: INR 279,000 - 502,000",JobLeads
Sales Development Representative,Tars,Bengaluru,2026-09-12,https://www.jobleads.com/in/job/sales-development-representative--bengaluru--e0a7519279f61d6ac47a4c9f6704ef5eb,https://www.tars.com,,"Work Setting: On-site | Salary: INR 600,000 - 1,000,000",JobLeads
Sales Development Representative (SDR) - AI Product (B2B),Newton School of Technology,Bengaluru,2026-09-12,https://www.jobleads.com/in/job/sales-development-representative-sdr-ai-product-b2b--bengaluru--e16c38ada8d19f968fd812fba829a855c,https://www.newtonschooloftechnology.com,,"Work Setting: On-site | Salary: INR 450,000 - 650,000",JobLeads
Sales Development Representative,Pratra Travel Technologies,Bengaluru,2026-08-29,https://www.jobleads.com/in/job/sales-development-representative--bengaluru--efaf434cbbca17dc6c5c4f36a34511c71,N/A,,"Work Setting: Hybrid | Salary: INR 600,000 - 900,000",JobLeads
Account Representative – Sales,HypTechie,Bengaluru,2026-08-29,https://www.jobleads.com/in/job/account-representative-sales--bengaluru--e604febdf42dd9425c590070c69d189f3,https://www.hyptechie.com,,"Work Setting: On-site | Salary: INR 600,000 - 1,200,000",JobLeads
Sales Executive,JITO,Bengaluru,2026-08-30,https://www.jobleads.com/in/job/sales-executive--bengaluru--ece085e17f349356ceb91f3e3cc2d969a,https://www.jito.net,,"Work Setting: On-site | Salary: INR 450,000 - 750,000",JobLeads
Sales Engineer,ScopeHR Consultancy Services,Bengaluru,2026-08-29,https://www.jobleads.com/in/job/sales-engineer--bengaluru--e0830ca0c3a21b8303b148bf7397d4671,https://www.scopehrconsultancy.com,,"Work Setting: On-site | Salary: INR 600,000 - 1,000,000",JobLeads
Sales Development Representative (SDR),iTCart,Bengaluru,2026-08-29,https://www.jobleads.com/in/job/sales-development-representative-sdr--bengaluru--e9c96479aa62754ebc6459b9f9d60498f,https://www.itcart.in,,"Work Setting: On-site | Salary: INR 450,000 - 650,000",JobLeads
Business Development Executive,AlgoShack,Bengaluru,2026-08-29,https://www.jobleads.com/in/job/business-development-executive--bengaluru--ef89c495f7b27def6039aa5e51eb86284,https://www.algoshack.com,,"Work Setting: On-site | Salary: INR 300,000 - 500,000",JobLeads
Sales Development Specialist (Remote),Gloroots,Bengaluru,2026-08-29,https://www.jobleads.com/in/job/sales-development-specialist-remote--bengaluru--e4f5133cc5de7c65691ea903dc06871c3,https://www.gloroots.com,,"Work Setting: Remote | Salary: INR 600,000 - 800,000",JobLeads
Enterprise Sales Specialist,Edureka,Bengaluru,2026-09-12,https://www.jobleads.com/in/job/enterprise-sales-specialist--bengaluru--e2ea87327095e47a38da51c0d6e63c167,https://www.edureka.com,,"Work Setting: On-site | Salary: INR 1,000,000 - 2,000,000",JobLeads
Regional sales Manager,POST A RESUME HR Consultancy,"Kolkata District, Bengaluru, Chennai District, Ahmedabad District",2026-08-29,https://www.jobleads.com/in/job/regional-sales-manager--kolkata-district--bengaluru--chennai-district--ahmedabad-district--e4e84795851df62e497d2089e0d6b43be,N/A,,"Work Setting: On-site | Salary: INR 1,200,000 - 1,800,000",JobLeads
Sales Development Representative,Weekday AI,Bengaluru,2026-08-29,https://www.jobleads.com/in/job/sales-development-representative--bengaluru--e7d6ac2a0a3f7b108c69d5557a9bf67a3,N/A,,"Work Setting: On-site | Salary: INR 100,000 - 450,000",JobLeads
Sales Executive — Client Acquisition,Delnie,Bengaluru,2026-08-29,https://www.jobleads.com/in/job/sales-executive-client-acquisition--bengaluru--e661a5b1869198dd1c94715b184ecf970,https://www.delnie.com,,"Work Setting: On-site | Salary: INR 600,000 - 900,000",JobLeads
Sales Manager | Business Development Manager,Jero Technologies,"Chennai District, Bengaluru, Delhi",2026-09-08,https://www.jobleads.com/in/job/sales-manager-business-development-manager--chennai-district--bengaluru--delhi--e4d5d013da281a86a5cc5a60754d7939d,https://www.jero.com,,"Work Setting: On-site | Salary: INR 800,000 - 1,200,000",JobLeads
Inside Sales Specialist,NoBroker.com,Bengaluru,2026-09-10,https://www.jobleads.com/in/job/inside-sales-specialist--bengaluru--ecedfed3950e5c1ddf49f97a65ade9c76,N/A,,"Work Setting: On-site | Salary: INR 600,000 - 900,000",JobLeads
Sales Team Member,Secure,Bengaluru,2026-09-12,https://www.jobleads.com/in/job/sales-team-member--bengaluru--ed36f2762aae9f67d500e65ff7b004c51,https://www.secure.com,,"Work Setting: On-site | Salary: INR 600,000 - 1,000,000",JobLeads
Sales Executive,Anyworks In,Bengaluru,2026-09-01,https://www.jobleads.com/in/job/sales-executive--bengaluru--ef97592ce2cc17654eb71512dbb656264,N/A,,"Work Setting: On-site | Salary: INR 450,000 - 650,000",JobLeads
Sales Development Manager - Employee Benefits & general Insurance,BharatHire.Com Private Limited,"Hyderabad, Bengaluru",2026-08-29,https://www.jobleads.com/in/job/sales-development-manager-employee-benefits-general-insurance--hyderabad--bengaluru--e9732ac71fe7f538d94571310df4ffd2a,N/A,,"Work Setting: On-site | Salary: INR 2,500,000 - 4,000,000",JobLeads
Inside Sales Executive,Aira Trex Solutions,Bengaluru,2026-09-07,https://www.jobleads.com/in/job/inside-sales-executive--bengaluru--e44beb136b869a04a9027d8319121fe65,https://www.airatrex.com,,"Work Setting: On-site | Salary: INR 600,000 - 900,000",JobLeads
Sales Officer/ Executive(Female Only),Angel and Genie,Bengaluru,2026-08-29,https://www.jobleads.com/in/job/sales-officer-executive-female-only--bengaluru--e0e2691acd8a04c9758200c5c909ddef6,https://www.angelandgenie.com,,"Work Setting: On-site | Salary: INR 600,000 - 850,000",JobLeads
Senior Sales Manager,Wissda Consulting,Bengaluru,2026-08-29,https://www.jobleads.com/in/job/senior-sales-manager--bengaluru--e4ebb018ebacaaa3354310df0c1bf1705,N/A,,"Work Setting: On-site | Salary: INR 3,000,000 - 6,000,000",JobLeads
Sales Executive,NR Filing,Bengaluru,2026-09-02,https://www.jobleads.com/in/job/sales-executive--bengaluru--ed10d3e4a81ea1ab05823f81342c9a914,https://www.nrfiling.com,,"Work Setting: On-site | Salary: INR 350,000 - 600,000",JobLeads
Senior Sales Development Representative,Tripgain Travel and Expense Management Solutions,Bengaluru,2026-08-29,https://www.jobleads.com/in/job/senior-sales-development-representative--bengaluru--edd22694e954df64c43193a150d5dc5d3,N/A,,"Work Setting: On-site | Salary: INR 1,200,000 - 2,400,000",JobLeads
Business Development Executive – B2C,Masai,Bengaluru,2026-08-29,https://www.jobleads.com/in/job/business-development-executive-b2c--bengaluru--e719c606343726f566f026c92d5456981,https://www.masai.com,,"Work Setting: On-site | Salary: INR 600,000 - 1,000,000",JobLeads
Sales Director,Career Creed Hr Services,"Sector 10, Bengaluru",2026-08-29,https://www.jobleads.com/in/job/sales-director--sector-10--bengaluru--e4f68ad7552c0c85100e4fc109a260fb3,N/A,,"Work Setting: Hybrid | Salary: INR 600,000 - 1,200,000",JobLeads
Sales Executive,Luminite Services,Bengaluru,2026-08-29,https://www.jobleads.com/in/job/sales-executive--bengaluru--efd695afb2be938755e859e08ee62f323,https://www.luminite.com,,"Work Setting: On-site | Salary: INR 300,000 - 500,000",JobLeads
Sales Executive,SIONIQ,Bengaluru,2026-08-29,https://www.jobleads.com/in/job/sales-executive--bengaluru--ee6980f45fd69abbc956f2ec78bd40534,https://www.sioniq.com,,"Work Setting: On-site | Salary: INR 400,000 - 800,000",JobLeads
Sales Executive,Regalix,Bengaluru,2026-08-29,https://www.jobleads.com/in/job/sales-executive--bengaluru--e3280c72635c59d6f3268779207d300bf,https://www.regalix.in,,"Work Setting: On-site | Salary: INR 600,000 - 900,000",JobLeads
Sales Executive And Relationship Manager,Policybazaar,"Ernakulam, Chennai District, Bengaluru",2026-08-29,https://www.jobleads.com/in/job/sales-executive-and-relationship-manager--ernakulam--chennai-district--bengaluru--e1fc1900a875e9a4aef83d38fd072f0ea,https://www.policybazaar.ai,,"Work Setting: On-site | Salary: INR 250,000 - 400,000",JobLeads
Senior Field Sales Representative,HappyFox,Bengaluru,2026-08-29,https://www.jobleads.com/in/job/senior-field-sales-representative--bengaluru--eeef0646a785d0d509f8ea85c14cc6642,https://www.happyfox.com,,"Work Setting: Hybrid | Salary: INR 2,500,000 - 4,500,000",JobLeads
"Senior Business Development Representative (3+ years, B2B SaaS Sales)",Docsumo,Bengaluru,2026-08-29,https://www.jobleads.com/in/job/senior-business-development-representative-3-years-b2b-saas-sales--bengaluru--ef000f00006c13b2373ece5494b9672b3,https://www.docsumo.com,,"Work Setting: On-site | Salary: INR 500,000 - 1,000,000",JobLeads
Sales Executive,Featherlite,"Chennai District, Bengaluru",2026-08-29,https://www.jobleads.com/in/job/sales-executive--chennai-district--bengaluru--e8d9bb3b61e658c3fc9cbb9a10d7a0a41,https://www.featherlite.com,,"Work Setting: On-site | Salary: INR 900,000 - 1,300,000",JobLeads
Retail Sales Executive,the Sleep Company,Bengaluru,2026-08-29,https://www.jobleads.com/in/job/retail-sales-executive--bengaluru--eb3c116be89d7ae4bf9c9d7744e00c712,https://www.thesleepcompany.com,,"Work Setting: On-site | Salary: INR 167,000 - 301,000",JobLeads
Founding Sales Development Representative,N Human Resources & Management Systems,Bengaluru Urban,2026-08-29,https://www.jobleads.com/in/job/founding-sales-development-representative--bengaluru-urban--e4c443c0afa7499eaa97b8e83eabd0e8d,N/A,,"Work Setting: On-site | Salary: INR 900,000 - 1,500,000",JobLeads
Sales Manager,Vsnap Technology Solutions Pvt Ltd,Bengaluru,2026-09-03,https://www.jobleads.com/in/job/sales-manager--bengaluru--ea202884385f8dcda2ad00373d2b33dcc,N/A,,"Work Setting: On-site | Salary: INR 600,000 - 900,000",JobLeads
Sales Executive/Advisor,AP Management Consultants,"Dadri, Chennai District, Bengaluru",2026-08-29,https://www.jobleads.com/in/job/sales-executive-advisor--dadri--chennai-district--bengaluru--e8b77fd474b2e55e79bb3dd6d753a7c89,https://www.apmanagementconsultants.com,,"Work Setting: On-site | Salary: INR 800,000 - 1,500,000",JobLeads
Sales Development Representative - Outbound,Cleartax,Bengaluru,2026-09-06,https://www.jobleads.com/in/job/sales-development-representative-outbound--bengaluru--e1d7ad1e31c968c984d295d3d35b27ffc,https://www.cleartax.in,,"Work Setting: On-site | Salary: INR 800,000 - 1,200,000",JobLeads
Sales Consultant,Sisainfosec,Bengaluru,2026-08-29,https://www.jobleads.com/in/job/sales-consultant--bengaluru--ed1069d3832e546739b5bfd930d4d7b51,https://www.sisainfosec.in,,"Work Setting: On-site | Salary: INR 600,000 - 1,000,000",JobLeads
S Sales Development Representative Stripe via Greenhouse Bangalore 1134 apac sales development reps View role,Nubeero Limited,Bengaluru,2026-09-09,https://www.jobleads.com/in/job/s-sales-development-representative-stripe-via-greenhouse-bangalore-1134-apac-sales-development-reps-view-role--bengaluru--e51e769e6f1963efe4f3f796e1eb5ecef,https://www.nubeero.com,,"Work Setting: Hybrid | Salary: INR 600,000 - 900,000",JobLeads
Inside Sales Representative,Vensan Systems & Solutions India,Bengaluru,2026-09-05,https://www.jobleads.com/in/job/inside-sales-representative--bengaluru--ea2b17970df45b20c3cc02a97c4382b7f,N/A,,"Work Setting: On-site | Salary: INR 400,000 - 600,000",JobLeads
Sales Manager,NoBroker,Bengaluru,2026-08-29,https://www.jobleads.com/in/job/sales-manager--bengaluru--ece238710ec88c2db09d5bde325026cdf,https://www.nobroker.com,,"Work Setting: On-site | Salary: INR 600,000 - 800,000",JobLeads
Sales Development Representative,Xflow Payments Inc,Bengaluru,2026-08-29,https://www.jobleads.com/in/job/sales-development-representative--bengaluru--ec867dabbf47be700b00671e9b8cb84d1,https://www.xflowpayments.com,,"Work Setting: On-site | Salary: INR 600,000 - 1,000,000",JobLeads
Sales Manager or Business Development Manager,Nectar Fresh,"Mysuru, Bengaluru, Chennai District",2026-09-06,https://www.jobleads.com/in/job/sales-manager-or-business-development-manager--mysuru--bengaluru--chennai-district--e305041194e712a2506f31f68daefb655,N/A,,"Work Setting: On-site | Salary: INR 500,000 - 750,000",JobLeads
Field Sales Executive,Chem Fawes,"Pune District, Delhi, Narasapura",2026-08-29,https://www.jobleads.com/in/job/field-sales-executive--pune-district--delhi--narasapura--e9612002dea7c4434131045dc37bb5c86,N/A,,"Work Setting: On-site | Salary: INR 350,000 - 550,000",JobLeads
Sales Development Representative (SDR),Zoca,Bengaluru,2026-08-29,https://www.jobleads.com/in/job/sales-development-representative-sdr--bengaluru--ec84bbee60f2ff4125a86babf8e7839cb,https://www.zoca.com,,"Work Setting: On-site | Salary: INR 400,000 - 600,000",JobLeads
Sales Development Representative,Tumodo,Bengaluru Urban,2026-08-29,https://www.jobleads.com/in/job/sales-development-representative--bengaluru-urban--e9e57b9a6860cb1a55194e0198d1b9fba,https://www.tumodo.io,,"Work Setting: On-site | Salary: INR 800,000 - 1,200,000",JobLeads
Sr. Executive - Field Sales,ARK Infosolutions Pvt. Ltd.,Bengaluru,2026-08-30,https://www.jobleads.com/in/job/sr-executive-field-sales--bengaluru--e576db8b2a0a865244fc4dee322284559,https://www.arkinfosolutions.com,,"Work Setting: On-site | Salary: INR 300,000 - 540,000",JobLeads
Sales Engineer - Medical Device,Ababil Healthcare,"Hassan, Chikkamagaluru, Bengaluru",2026-08-29,https://www.jobleads.com/in/job/sales-engineer-medical-device--hassan--chikkamagaluru--bengaluru--e292120fc3e64eb37c54be633f3cb493d,https://www.ababilhealthcare.com,,"Work Setting: On-site | Salary: INR 420,000 - 660,000",JobLeads
Medical Sales Representative,Mploy8 Hr Consulting,Bengaluru,2026-08-29,https://www.jobleads.com/in/job/medical-sales-representative--bengaluru--ef19f61de7258be0b80eda5e188cefa73,N/A,,"Work Setting: On-site | Salary: INR 300,000 - 600,000",JobLeads
Tele Sales Executive,Turno,Bengaluru,2026-08-29,https://www.jobleads.com/in/job/tele-sales-executive--bengaluru--e9a865e306b3be344efbb236c4e94c1f0,https://www.turno.io,,"Work Setting: On-site | Salary: INR 350,000 - 600,000",JobLeads
Sales Development Representative,RevSure AI,Bengaluru,2026-08-29,https://www.jobleads.com/in/job/sales-development-representative--bengaluru--e163fdcb43beb0ad8d3fa89b6613b14e1,N/A,,"Work Setting: On-site | Salary: INR 800,000 - 1,200,000",JobLeads
Sales Director - Enterprise Sales,Xfactor Hiring,"Mumbai, Bengaluru, New Delhi",2026-08-29,https://www.jobleads.com/in/job/sales-director-enterprise-sales--mumbai--bengaluru--new-delhi--eb5e18310c034a9113a2f05ad7ee6bda8,N/A,,"Work Setting: On-site | Salary: INR 4,000,000 - 7,000,000",JobLeads
Sales Development Manager,Leena AI,Bengaluru,2026-08-29,https://www.jobleads.com/in/job/sales-development-manager--bengaluru--e110e661e2ba890b5f885b347ccb02d5c,https://www.leenaai.com,,"Work Setting: On-site | Salary: INR 1,500,000 - 2,500,000",JobLeads
Sales Manager,Brick & Bolt,Bengaluru,2026-08-29,https://www.jobleads.com/in/job/sales-manager--bengaluru--eab849b1d3df42f7d8f8b6360f082d5dc,N/A,,"Work Setting: On-site | Salary: INR 500,000 - 800,000",JobLeads
SAAS Sales Professional,AVE Promagne,Bengaluru,2026-09-08,https://www.jobleads.com/in/job/saas-sales-professional--bengaluru--ec343c6a67bd32d2255821c08bcef7c40,N/A,,"Work Setting: On-site | Salary: INR 500,000 - 800,000",JobLeads
International Sales Executive (USA),Pure Tru Herb,Bengaluru,2026-09-02,https://www.jobleads.com/in/job/international-sales-executive-usa--bengaluru--e37286e9a6285c6327728f78b7fd39a43,N/A,,"Work Setting: On-site | Salary: INR 450,000 - 750,000",JobLeads
Account Executive – Field Sales,Devrev,Bengaluru,2026-09-09,https://www.jobleads.com/in/job/account-executive-field-sales--bengaluru--e97f5528aa31b570c1cd0273535e9f5b4,https://www.devrev.com,,"Work Setting: On-site | Salary: INR 1,500,000 - 2,500,000",JobLeads
Business Development Representative (BDR),Hireginie Talent Cloud,"Bengaluru, Mumbai",2026-08-29,https://www.jobleads.com/in/job/business-development-representative-bdr--bengaluru--mumbai--e3814df140c838554c10e65cd5665d98f,N/A,,"Work Setting: On-site | Salary: INR 900,000 - 1,300,000",JobLeads
Sales Executive,Keka Technologies Private Limited,Bengaluru,2026-08-29,https://www.jobleads.com/in/job/sales-executive--bengaluru--e52658293b1018cb29f90e2cee60bc814,https://www.keka.io,,"Work Setting: On-site | Salary: INR 450,000 - 750,000",JobLeads
Sales Development Representative - US,Observe.AI,Bengaluru,2026-09-12,https://www.jobleads.com/in/job/sales-development-representative-us--bengaluru--ee1947b66faf7a2c04df94e2813029eeb,https://www.observe.ai,,"Work Setting: On-site | Salary: INR 500,000 - 1,200,000",JobLeads
Inside Sales Representative,Velocis,Bengaluru,2026-08-29,https://www.jobleads.com/in/job/inside-sales-representative--bengaluru--e49d6b9e69097c65391e2ce61883f9c25,https://www.velocis.com,,"Work Setting: On-site | Salary: INR 400,000 - 800,000",JobLeads
Business Development Representative (BDR),BiteSpeed,Bengaluru,2026-08-29,https://www.jobleads.com/in/job/business-development-representative-bdr--bengaluru--ef52165d25f4bf6c66a39f7643d1ec7cc,https://www.bitespeed.in,,"Work Setting: On-site | Salary: INR 600,000 - 900,000",JobLeads
Sales Team Manager(SaaS Sales),4Point2 Technologies,Bengaluru,2026-08-29,https://www.jobleads.com/in/job/sales-team-manager-saas-sales--bengaluru--e876fd2a5d16317495783ea631b470c94,https://www.4point2.ai,,"Work Setting: On-site | Salary: INR 1,500,000 - 2,500,000",JobLeads
Area Sales Manager,Square Yards,Bengaluru,2026-08-29,https://www.jobleads.com/in/job/area-sales-manager--bengaluru--e9f99cd6ead2e49b284118c8e64547d6c,https://www.squareyards.com,,"Work Setting: On-site | Salary: INR 800,000 - 1,100,000",JobLeads
Sales Executive,SOTC Travel,"Chandigarh, Chennai District, Bengaluru",2026-08-29,https://www.jobleads.com/in/job/sales-executive--chandigarh--chennai-district--bengaluru--e785ee77d5a831598268e78b752e1d242,N/A,,"Work Setting: On-site | Salary: INR 350,000 - 500,000",JobLeads
Sales Professional,Plati India Pvt. Ltd.,"New Delhi, Ahmedabad District, Bengaluru",2026-08-29,https://www.jobleads.com/in/job/sales-professional--new-delhi--ahmedabad-district--bengaluru--ead3bdc20da104884c6066743723910ac,https://www.plati.com,,"Work Setting: Hybrid | Salary: INR 500,000 - 650,000",JobLeads
Business Development Representative,"Riskonnect, Inc.",Bagaluru,2026-08-29,https://www.jobleads.com/in/job/business-development-representative--bagaluru--eafa5cbadb1b3fb1883a256bedaa0ec0d,https://www.riskonnect.com,,"Work Setting: On-site | Salary: INR 450,000 - 750,000",JobLeads
Sales Executive,Widepool Creatives,Bengaluru,2026-08-29,https://www.jobleads.com/in/job/sales-executive--bengaluru--e08a51e484739dc524193557ef628281a,N/A,,"Work Setting: On-site | Salary: INR 500,000 - 750,000",JobLeads
Sales Operations Executive,GND Solutions India Pvt. Ltd.,Bengaluru,2026-08-29,https://www.jobleads.com/in/job/sales-operations-executive--bengaluru--ef8c948c57cdf6cbbf631cbe3bd5f6623,https://www.gnd.com,,"Work Setting: On-site | Salary: INR 360,000 - 600,000",JobLeads
SAAS Sales Manager,AVE Promagne,Bengaluru,2026-09-07,https://www.jobleads.com/in/job/saas-sales-manager--bengaluru--e293ff75ad737ef6a91c61e2b301b3781,N/A,,"Work Setting: On-site | Salary: INR 1,800,000 - 2,400,000",JobLeads
Sales Development ( pre Sales),Edify Insurance Brokers,Bengaluru,2026-08-29,https://www.jobleads.com/in/job/sales-development-pre-sales--bengaluru--eeb7fe822c2ffe8624de3e1c26dd539d0,N/A,,"Work Setting: On-site | Salary: INR 700,000 - 1,000,000",JobLeads
"Sales Officer - Dharmapuri, Krishnagiri",Venus Home Appliances,"Kagganur, Dharmapuri",2026-08-29,https://www.jobleads.com/in/job/sales-officer-dharmapuri-krishnagiri--kagganur--dharmapuri--e3f6a00cc666d0e15bc2757b4d58e6694,https://www.venushomeappliances.com,,"Work Setting: On-site | Salary: INR 400,000 - 650,000",JobLeads
Sales Development Representative - North America,HackerEarth,Bengaluru South,2026-08-29,https://www.jobleads.com/in/job/sales-development-representative-north-america--bengaluru-south--e4e9f8869cd067e59e68eb280436e793a,https://www.hackerearth.com,,"Work Setting: Hybrid | Salary: INR 500,000 - 800,000",JobLeads
Sales Development Representative,Clickpost,Bengaluru,2026-08-29,https://www.jobleads.com/in/job/sales-development-representative--bengaluru--eda45c2c908c8a24ee89c948695deb689,https://www.clickpost.com,,"Work Setting: On-site | Salary: INR 600,000 - 900,000",JobLeads
BDR Lead (Business Development Representative Lead),ReqOpen,Bengaluru,2026-08-29,https://www.jobleads.com/in/job/bdr-lead-business-development-representative-lead--bengaluru--e1d79fed9232200f8b81bcf14c2d0a2fd,https://www.reqopen.com,,"Work Setting: On-site | Salary: INR 1,200,000 - 2,400,000",JobLeads
Regional Sales Manager (B2B SAAS),Talent Hired-the Job Store,Bengaluru,2026-09-06,https://www.jobleads.com/in/job/regional-sales-manager-b2b-saas--bengaluru--e92479db531d52f97b96d8c0fb56427dd,N/A,,"Work Setting: On-site | Salary: INR 1,800,000 - 3,000,000",JobLeads
Business Development Associate,InSnap Technologies Pvt Ltd,Bengaluru,2026-09-12,https://www.jobleads.com/in/job/business-development-associate--bengaluru--e138c976a38511e0580f806e41fba4850,https://www.insnap.io,,"Work Setting: On-site | Salary: INR 450,000 - 650,000",JobLeads
Presales Executive,Property First Realty,Bengaluru,2026-08-29,https://www.jobleads.com/in/job/presales-executive--bengaluru--e411b4af63b9f5578ec451a06b9b387aa,N/A,,"Work Setting: On-site | Salary: INR 300,000 - 540,000",JobLeads
Business Development Executive,Product Space,Bengaluru,2026-08-29,https://www.jobleads.com/in/job/business-development-executive--bengaluru--e4cb0e3a93cb1e6214986f004c35cef76,https://www.productspace.io,,"Work Setting: On-site | Salary: INR 500,000 - 800,000",JobLeads
Inside Sales Representative,Castaliaz Technologies,Bengaluru,2026-09-06,https://www.jobleads.com/in/job/inside-sales-representative--bengaluru--ec475bec660ad2bb23df68f32be99bff9,N/A,,"Work Setting: Hybrid | Salary: INR 350,000 - 650,000",JobLeads
Apply for Sales Development Representative (SDR) Post in India (Remote),careerlive.in,"Mangaluru, Bengaluru, Dadri",2026-08-29,https://www.jobleads.com/in/job/apply-for-sales-development-representative-sdr-post-in-india-remote--mangaluru--bengaluru--dadri--ea84ca532a2120fae46f6573470e80bcd,N/A,,"Work Setting: Hybrid | Salary: INR 600,000 - 1,200,000",JobLeads
Sales Engineer,Klausindia,Bengaluru,2026-08-29,https://www.jobleads.com/in/job/sales-engineer--bengaluru--ee4692117adff5d070eb8d8636824e5be,https://www.klausindia.com,,"Work Setting: On-site | Salary: INR 300,000 - 600,000",JobLeads
Business Development Associate,Rekrut India,"Mumbai, Bengaluru",2026-08-29,https://www.jobleads.com/in/job/business-development-associate--mumbai--bengaluru--e89387337a85368f5c034fec7b00cafe3,https://www.rekrut.in,,"Work Setting: On-site | Salary: INR 300,000 - 420,000",JobLeads
Inside Sales Representative,HashFame,Bengaluru,2026-08-29,https://www.jobleads.com/in/job/inside-sales-representative--bengaluru--ec775fe85329eb6668795be43d7173083,https://www.hashfame.com,,"Work Setting: On-site | Salary: INR 600,000",JobLeads
Business Development Executive,Essentra (india),Bengaluru,2026-08-30,https://www.jobleads.com/in/job/business-development-executive--bengaluru--edc085b923126cb3858f323546e3d34a6,https://www.essentra.ai,,"Work Setting: On-site | Salary: INR 650,000 - 900,000",JobLeads
Sales Executive,Century Plyboards (I) Limited,Bengaluru,2026-08-29,https://www.jobleads.com/in/job/sales-executive--bengaluru--e92eddfb599ecfae03dbf2ef69afe854a,N/A,,"Work Setting: On-site | Salary: INR 450,000 - 700,000",JobLeads
Sales Development Executive,Avani Studios,Bengaluru,2026-09-05,https://www.jobleads.com/in/job/sales-development-executive--bengaluru--e4c7251d5436ed6deb3557edbcfc8bc17,https://www.avanistudios.com,,"Work Setting: On-site | Salary: INR 200,000 - 300,000",JobLeads
Sales Associate,Xomiro Technologies,Bengaluru,2026-08-30,https://www.jobleads.com/in/job/sales-associate--bengaluru--e6c0bb088fc283378184a6def8095e9bf,https://www.xomiro.com,,"Work Setting: On-site | Salary: INR 300,000 - 540,000",JobLeads
Sales Executive,Ammamma's,Bengaluru,2026-09-05,https://www.jobleads.com/in/job/sales-executive--bengaluru--ec8397a72ee9f5a58edfac65261b08c4d,https://www.ammammas.in,,"Work Setting: On-site | Salary: INR 250,000 - 350,000",JobLeads
Business Development Representative (BDR),Siemens Digital Industries Software,Bengaluru,2026-08-29,https://www.jobleads.com/in/job/business-development-representative-bdr--bengaluru--ec8f5f1d6a673793e797cd9fe93ef2154,https://www.siemens.com,,"Work Setting: Hybrid | Salary: INR 600,000 - 900,000",JobLeads
Sr Sales Manager,ITW Consulting,Bengaluru,2026-09-07,https://www.jobleads.com/in/job/sr-sales-manager--bengaluru--ef5670a6a0a24cf20d2d00eb075e9b716,https://www.itwconsulting.com,,"Work Setting: On-site | Salary: INR 900,000 - 1,500,000",JobLeads
Inside Sales Executive,Federal Soft Systems,"Hyderabad, Chennai District, Bengaluru",2026-09-02,https://www.jobleads.com/in/job/inside-sales-executive--hyderabad--chennai-district--bengaluru--e4df6d45ac9adfe4a7f6d4c7243486749,https://www.federalsoftsystems.com,,"Work Setting: On-site | Salary: INR 380,000 - 580,000",JobLeads
Sales Development Representative,Orants AI,Bengaluru,2026-08-29,https://www.jobleads.com/in/job/sales-development-representative--bengaluru--e77e75acbb11438cf1eb19dd29ba7a86a,N/A,,"Work Setting: Remote | Salary: INR 600,000 - 1,200,000",JobLeads
Sales Executive,Condivio Technology,"New Delhi, Bengaluru",2026-08-29,https://www.jobleads.com/in/job/sales-executive--new-delhi--bengaluru--ef2fe3d44aea9cbd2ba5f0857cc04b4b1,N/A,,"Work Setting: On-site | Salary: INR 250,000 - 400,000",JobLeads
Enterprise Sales - Mumbai / Bangalore,Delhivery,"Bengaluru, Mumbai",2026-09-06,https://www.jobleads.com/in/job/enterprise-sales-mumbai-bangalore--bengaluru--mumbai--e1b40bacb6530348dd0b20343c23f1cf9,https://www.delhivery.com,,"Work Setting: On-site | Salary: INR 600,000 - 900,000",JobLeads
Sales Development Representative (SDR),Weekday (YC W21),Bengaluru,2026-08-29,https://www.jobleads.com/in/job/sales-development-representative-sdr--bengaluru--e9bc4edfee383104c7d092fdb49415b5a,N/A,,"Work Setting: Remote | Salary: INR 400,000 - 600,000",JobLeads
Central Sales Associate,NoBroker,Bengaluru,2026-09-09,https://www.jobleads.com/in/job/central-sales-associate--bengaluru--e6c5ab069f305e7419057d6206c91f9df,https://www.nobroker.com,,"Work Setting: On-site | Salary: INR 400,000 - 600,000",JobLeads
Area Business Development Manager,Astral Adhesives,Bengaluru,2026-08-29,https://www.jobleads.com/in/job/area-business-development-manager--bengaluru--e792c945d32483551e30499ea2541ba20,https://www.astraladhesives.com,,"Work Setting: On-site | Salary: INR 600,000 - 900,000",JobLeads
Business Development Representative,Regalix,Bengaluru,2026-08-29,https://www.jobleads.com/in/job/business-development-representative--bengaluru--e337a8eff72861cd21175a5888230a47e,https://www.regalix.in,,"Work Setting: On-site | Salary: INR 1,200,000 - 2,400,000",JobLeads
Sales Executive,Aqua Excel,"Mangaluru, Bengaluru",2026-08-29,https://www.jobleads.com/in/job/sales-executive--mangaluru--bengaluru--e5b2f91c28ac24efb596c8492869e9db6,https://www.aquaexcel.in,,"Work Setting: Hybrid | Salary: INR 250,000 - 400,000",JobLeads
Area Sales Manager,Motovolt Mobility,Bengaluru,2026-08-29,https://www.jobleads.com/in/job/area-sales-manager--bengaluru--e598d60ee7f486aeb42248a42571bc7e2,N/A,,"Work Setting: On-site | Salary: INR 800,000 - 1,200,000",JobLeads
Sales Development Representative (SDR) Intern – HR Solutions,N Human Resources & Management Systems,Bengaluru Urban,2026-08-29,https://www.jobleads.com/in/job/sales-development-representative-sdr-intern-hr-solutions--bengaluru-urban--eb49666650531ecc798712ec3d80fe396,N/A,,Work Setting: On-site,JobLeads
Tele Sales Executive,People at Turno,Bengaluru,2026-08-30,https://www.jobleads.com/in/job/tele-sales-executive--bengaluru--efe6e3f75b25a1ccbc8e71f666272344d,N/A,,"Work Setting: On-site | Salary: INR 300,000 - 540,000",JobLeads
BUSINESS DEVELOPMENT REPRESENTATIVE (BDR),N Human Resources & Management Systems,Bengaluru Urban,2026-08-29,https://www.jobleads.com/in/job/business-development-representative-bdr--bengaluru-urban--e2ab13dd893f590fb3a822b4318fdb7ba,N/A,,"Work Setting: On-site | Salary: INR 300,000 - 540,000",JobLeads
Business Development Associate,Wowpe.in,Bengaluru,2026-08-29,https://www.jobleads.com/in/job/business-development-associate--bengaluru--e20ae771b565fe29c22d9f3fa50221888,N/A,,"Work Setting: On-site | Salary: INR 500,000 - 800,000",JobLeads
Sales Manager,Keka Technologies Private Limited,Bengaluru,2026-08-29,https://www.jobleads.com/in/job/sales-manager--bengaluru--e757a1f9552a29e14f45a8a2981469b48,https://www.keka.io,,"Work Setting: On-site | Salary: INR 1,200,000 - 1,800,000",JobLeads
Sales Manager,Sekhar Group,Bengaluru,2026-08-29,https://www.jobleads.com/in/job/sales-manager--bengaluru--eaf9f1987a6813d078740021a4a8988d7,https://www.sekhar.com,,"Work Setting: On-site | Salary: INR 400,000 - 600,000",JobLeads
Sales Development Representative New Bengaluru,Observe,Bengaluru,2026-09-01,https://www.jobleads.com/in/job/sales-development-representative-new-bengaluru--bengaluru--ed35449426b01065e3ee0fb9235f5e62d,https://www.observe.com,,"Work Setting: On-site | Salary: INR 600,000 - 900,000",JobLeads
Sales Manager / Sr. Sales Manager (DevOps) - Enterprise Accounts,Cerebras,Bengaluru,2026-08-29,https://www.jobleads.com/in/job/sales-manager-sr-sales-manager-devops-enterprise-accounts--bengaluru--e66d6af078833c9f9a2ac695ef201330b,https://www.cerebras.com,,"Work Setting: On-site | Salary: INR 11,461,000 - 18,148,000",JobLeads
Inside Sales Executive - Intern,DriveU,Bengaluru,2026-08-29,https://www.jobleads.com/in/job/inside-sales-executive-intern--bengaluru--ec2f31f5f906698530d2d99d1edc4f357,https://www.driveu.com,,"Work Setting: On-site | Salary: INR 600,000 - 1,000,000",JobLeads
Business Development Executive,Abco,Bengaluru,2026-09-05,https://www.jobleads.com/in/job/business-development-executive--bengaluru--e5830548420ec4a553e510dfc3d5b188b,https://www.abco.ai,,"Work Setting: On-site | Salary: INR 900,000 - 1,800,000",JobLeads
Sales Support Consultant- Lead Generation,Keylabsintelli,Bengaluru,2026-08-29,https://www.jobleads.com/in/job/sales-support-consultant-lead-generation--bengaluru--e63e6b44af57e4587e4b89ec99f395994,N/A,,Work Setting: On-site,JobLeads
Sales Executive,Armor Steel Industries Private Ltd,Bengaluru,2026-09-12,https://www.jobleads.com/in/job/sales-executive--bengaluru--ee21202f9ef0a74f0643e468f8af94a03,N/A,,"Work Setting: On-site | Salary: INR 600,000 - 1,200,000",JobLeads
Sales Development Representative - Intern,Keka Technologies Private Limited,Bengaluru,2026-08-29,https://www.jobleads.com/in/job/sales-development-representative-intern--bengaluru--e50dc42f23d51c2f77e49db0b3206c306,https://www.keka.io,,"Work Setting: On-site | Salary: INR 480,000 - 720,000",JobLeads
Senior Business Development Associate,Impactica Solutions,"Gurugram District, Bengaluru",2026-08-29,https://www.jobleads.com/in/job/senior-business-development-associate--gurugram-district--bengaluru--e2994ee15f5136b0dfaaaf8841fa6ae54,https://www.impactica.in,,"Work Setting: On-site | Salary: INR 320,000 - 520,000",JobLeads
Sales Manager,Techvaria Solutions Pvt Ltd.,Bengaluru,2026-08-29,https://www.jobleads.com/in/job/sales-manager--bengaluru--e3dc66fcd4a2e2fdcbdeba8e8d7ac740a,https://www.techvaria.com,,"Work Setting: On-site | Salary: INR 1,100,000 - 1,800,000",JobLeads
Sales Executive - Intern,Codemonk,Bengaluru,2026-08-29,https://www.jobleads.com/in/job/sales-executive-intern--bengaluru--e11dfa8f0f4e218cb5ee77411a8c081cb,https://www.codemonk.com,,Work Setting: On-site,JobLeads
Sales Development Manager - Commercial Insurance,BharatHire.Com Private Limited,"Hyderabad, Bengaluru",2026-08-29,https://www.jobleads.com/in/job/sales-development-manager-commercial-insurance--hyderabad--bengaluru--ea42a1cd203215d673fd4e3c96df9d83c,N/A,,"Work Setting: On-site | Salary: INR 500,000 - 900,000",JobLeads
Senior Field Sales Representative,HappyFox Inc.,Bengaluru,2026-08-29,https://www.jobleads.com/in/job/senior-field-sales-representative--bengaluru--e270d6bd5c9c5035cb0aa9b0454c0e910,https://www.happyfox.com,,"Work Setting: Hybrid | Salary: INR 1,000,000 - 2,000,000",JobLeads
Sales Development Representative (SDR),Uplers,Bengaluru,2026-08-29,https://www.jobleads.com/in/job/sales-development-representative-sdr--bengaluru--e2cd83e065ddf44df15741e12d6cf230f,https://www.uplers.com,,"Work Setting: Hybrid | Salary: INR 1,870,000 - 3,275,000",JobLeads
Sales Executive,Aaptteknous,Bengaluru,2026-09-08,https://www.jobleads.com/in/job/sales-executive--bengaluru--ea7ac82e429c9131e50a7dc6c6925ba51,https://www.aaptteknous.com,,"Work Setting: On-site | Salary: INR 700,000 - 1,200,000",JobLeads
Business Development Representative,Recruiterflow,Bengaluru,2026-08-29,https://www.jobleads.com/in/job/business-development-representative--bengaluru--ec0a4fba2ab3b237e685c209aed4bc0f2,https://www.recruiterflow.com,,"Work Setting: On-site | Salary: INR 450,000 - 750,000",JobLeads
Sales Head,Finkraft,Bengaluru,2026-08-29,https://www.jobleads.com/in/job/sales-head--bengaluru--ed4e3e5add93984d7a7e8adf77701c9a9,https://www.finkraft.in,,"Work Setting: On-site | Salary: INR 2,000,000 - 3,000,000",JobLeads
Business Development Representative,Lyzr AI,Bengaluru,2026-08-29,https://www.jobleads.com/in/job/business-development-representative--bengaluru--e1527fdceff24ad49ca637786abe6b4e1,https://www.lyzrai.com,,"Work Setting: Hybrid | Salary: INR 600,000 - 900,000",JobLeads
Sales Officer (SO) Bengaluru,Agvantex,Bengaluru Urban,2026-08-29,https://www.jobleads.com/in/job/sales-officer-so-bengaluru--bengaluru-urban--e7cae1b8019c25b07f4f46b71263cc873,https://www.agvantex.com,,"Work Setting: On-site | Salary: INR 800,000 - 1,500,000",JobLeads
Sales Director - SaaS,Antal International,Bengaluru,2026-09-12,https://www.jobleads.com/in/job/sales-director-saas--bengaluru--eb1a0a0d54eef7a89ccffa4e36f192a57,N/A,,"Work Setting: On-site | Salary: INR 4,000,000 - 8,000,000",JobLeads
Sales Manager,Vconnect2,Bengaluru,2026-08-29,https://www.jobleads.com/in/job/sales-manager--bengaluru--e0f65dce3dde48966a47e20dd17786213,https://www.vconnect2.com,,"Work Setting: On-site | Salary: INR 800,000 - 1,200,000",JobLeads
Sales Development Representative Prospector,Business Wire,Global / Remote,2026-07-25,https://jobs.lever.co/businesswire/1f743cf8-cb9f-4809-afb1-fb6911de75c8,https://www.businesswire.io,,Workplace: Remote | Type: Full_time | Seniority: Mid_level | Salary: 6400000 - 6700000 USD (yearly),Remote.com
"Sales Development Representative Iberia Region, Madrid",Cresta,Remote,2026-07-01,https://job-boards.greenhouse.io/cresta/jobs/5287599008,https://www.cresta.com,,Workplace: Hybrid | Type: Full_time | Seniority: Entry_level | Salary: N/A,Remote.com
Sales Development Representative (SDR) Healthcare VBC,Nightingale,Global / Remote,2025-08-20,https://jobs.lever.co/florence/775953b8-63cc-4997-8ad7-13b8dc11d9a7,https://www.nightingale.com,,Workplace: Remote | Type: Full_time | Seniority: Entry_level | Salary: N/A,Remote.com
Sales Development Representative,Pactle,Bangalore,N/A,/goto?url=CAESewHrOzAVHazth_zaBC_B1qDkdJG0dsTB54WrsQNAjLbacTAQ2mannnJyQnK98z14FfKR_hP3lvOYsqMiz5cwi5U2_0jGSEIM8vlrDfrq9wqQwjmhMAM4vydYPrBL0P6mKy4EbH8lSJtSmpKLY9fL9Ckdh5Ulm5CUOuTk1g,https://www.pactle.com,,Sales Development Representative at Pactle,Wellfound
Sales Development Representative (SDR),SalesUP,Bangalore,N/A,/goto?url=CAESfwHrOzAVUyoAaWX4wx2_YNHfmkJ-Pz5aHSnz9TuDrxkP1jm7kiXEpYtbKS6G04bqXC81O3w_Kwfy0vhZJ_GIG2LkpQXwyGsz8ioGSvhPL3aR68MYWiEHlRspRGWLZzyGMZ53gptfYU2nHNb17KVYW6phGaI9_s1Xfe5CfnT_OfI,https://www.salesup.com,,Sales Development Representative (SDR) at SalesUP,Wellfound
Inside Sales Development Representative,Inside Sales Development Representative,Bangalore,N/A,/goto?url=CAESkwEB6zswFfec4BnrLQla1-DKG8VATaiwuQxJGCR0MK6ct8y3QvySWi5aTG0XW5lP7IcXf01TBxxum8do-zB33thkzfUbxsJ_tqHN7x99i-FWhe5Uhpgh1BOpB9NnmHsiLe8ickzZBsHhGHraxvqPRQM0AXW1Yyt-4uz8MK5vjbC8YavX9tmrliwHv_2WQGVpsrpIewQ,N/A,,Inside Sales Development Representative - GlitrAI,Wellfound
Sales Development Representative (SDR),CredShields,Bangalore,N/A,/goto?url=CAESfwHrOzAV-hto4zY6q6-JDd1ClUZYyeSC38JxNI4K0WulXHkqgWNt7swLFJdNSxUoaCPwMboD2zHqQFus3j5k96jT6UJXaeIp7dIrhxgDxli2mmWiW967KRd3bsD40wHppTos_kcijQsDBqDrCd5AjkGYf96OeVplwGHbY4vPt1I,https://www.credshields.com,,Sales Development Representative (SDR) at CredShields,Wellfound
Sales Development Representative,TransportSimple,Bangalore,N/A,/goto?url=CAESewHrOzAVTErpdEg1DxzKuFTB6qnqQUilpHEl8zFpWZ5Wgoib7rJUtjvOXi483Nyw-lANDZI97ngoJV91sbJo2d9rpRk25QyXLmHpyzf6GDEyNIyZFgTJiJbDVQ0zCjm4te3qskQU1a6E4CKevFTm24gTLf2xQVo4rCNkNw,https://www.transportsimple.com,,Sales Development Representative at TransportSimple,Wellfound
Sales Development Representative (SDR),...,Bangalore,N/A,/goto?url=CAESigEB6zswFbjzxywmVuyulcHLtIWIAJWFkOTZFg3c2aK2cdXkkUpkT_eKrwZVmwgN738eE2J3J1aX6Tn1UN6RK6svn251eYVlI2zmLjB0V38BB1VfAs2IZ4VoWYPBDuJoV7S-b2MAm9woka9AvFTGle7fZaei1kud8ZDyGJCdYVTUDrdEKqSC8dTNivU,N/A,,Sales Development Representative (SDR) | B2B SaaS at ...,Wellfound
Sales Development Representative (Thailand Region),Various Employer,Bangalore,N/A,/goto?url=CAESgQEB6zswFYOXHpeIHzTTArjYX08d2LgiUuMKLO1PwXN86Uis9OnyhOEqhdaWicDFr4P6pn2docbIaBgFang71z5g7QWNngOSDvL32QRocJaZJB3zfhXDTx3rT8IZl7XMloot2g3TQ-safMKMuKXYhh74ZssbEGu8pQQ6Ftdflu3Oqrg,N/A,,Sales Development Representative (Thailand Region),Wellfound
SDR- Sales Development Rep,Spenza • Bengaluru,Bangalore,N/A,/goto?url=CAEScwHrOzAVgbSszVEOgUHjKRBhRkk0fc10_E2ERUX9wqgzKkQ6Q9Y5_Jt_IJyP6TOUOXXS4bqnX7SV_SrHxRJBFm6W4b3XUjaOOYoKZzajtoiEjtgz_EDKgHvHswR3a7t_4q0YjirKNmP_-uamD1eZLgMItw4,N/A,,SDR- Sales Development Rep at Spenza • Bengaluru,Wellfound
Outbound BDR,Outbound BDR,Bangalore,N/A,/goto?url=CAESiwEB6zswFWoX7z5C8DqhX3P15iELj6c_CdrtY0QkUtq0NAafahq_1Gh4QXvKJug022EzSb_SmoYIU7U2fqEqXZWuwATgzH6XILeq4qbBu7FfAD54I3tokcBVqni_hBF0ha5KDVZFebbBkJfbvPfC-Noj113qkT2LbrubYR2vvJU7CPtRyr3dOo9xeLQW,https://www.outboundbdr.com,,Outbound BDR - Business Development Representative,Wellfound
Sales Development Representative,Cube • HSR Layout,Bangalore,N/A,/goto?url=CAESewHrOzAV-rWVEzWECALSENJNhHYd0UVKiCxhUdgabOfHWFwKpHAfNoHPGIw7L5v_pPSxL2jZOi7ODVm6aGGdJIQZKwE4Xbdg1Ps5v15FOcJgbIXdgKkbRATR5tLRZSIMxzLifig0k7YTrELuVVX-hENY9Syau3w6iETmyg,N/A,,Sales Development Representative at Cube • HSR Layout,Wellfound
Enterprise Sales Development Representative - US,Leena AI,"Bengaluru, Karnataka, India",2026-09-11,https://jobs.workable.com/view/vXAmWVw5ZriXb1dPZTzmEU/enterprise-sales-development-representative---us-in-bengaluru-at-leena-ai,https://www.leenaai.com,,"Workplace: On_site | Type: Full-time | About Leena AI: Leena AI is a leading HR automation platform that helps enterprises streamline HR processes, enhance employee engagement, and drive productivity. We are rapidly expanding and are looking for a motivated Enterprise Sales Development Representative (SDR) to join our global team and foc",Workable
Enterprise Sales Development Representative- Europe,Leena AI,"Bengaluru, Karnataka, India",2026-09-11,https://jobs.workable.com/view/8MGKUfhBicTKujP2zLZ1DT/enterprise-sales-development-representative--europe-in-bengaluru-at-leena-ai,https://www.leenaai.com,,"Workplace: On_site | Type: Full-time | About Leena AI: Leena AI is a leading HR automation platform that helps enterprises streamline HR processes, enhance employee engagement, and drive productivity. We are rapidly expanding and are looking for a motivated Enterprise Sales Development Representative(SDR) to join our global team and focu",Workable
Inside Sales Executive - Bangalore (Bommanhalli),Rentokil Initial,"Bengaluru, Karnataka, India",2026-06-10,https://jobs.workable.com/view/9pBZc8sq6Rah6TMk6wKopc/inside-sales-executive---bangalore-(bommanhalli)-in-bengaluru-at-rentokil-initial,https://www.rentokilinitial.com,,"Workplace: On_site | Type: Full-time | Role - Inside Sales Executive Location - Bangalore - 47/2B, Kudlu Main Road, Kudlu Village,Behind TVS Godown, Bommanahalli Post,Bangalore Qualification - Any Graduate Experience - 1 - 3 Years of Experience 5 Days Working About Rentokil Initial Hygiene Rentokil Initial Hygiene India, operating in mor",Workable
Inside Sales Executive - Bangalore,Rentokil Initial,"Bengaluru, Karnataka, India",2026-06-03,https://jobs.workable.com/view/gLvqJpi7u9dknCAKBtrzdC/inside-sales-executive---bangalore-in-bengaluru-at-rentokil-initial,https://www.rentokilinitial.com,,"Workplace: On_site | Type: Full-time | Role - Inside Sales Executive Location - Bangalore - 47/2B, Kudlu Main Road, Kudlu Village,Behind TVS Godown, Bommanahalli Post,Bangalore Qualification - Any Graduate Experience - 1 - 3 Years of Experience 5 Days Working About Rentokil Initial Hygiene Rentokil Initial Hygiene India, operating in mor",Workable
Lead -Sales Development Representative - Bangalore,Apna,"Bengaluru, Karnataka, India",2026-08-04,https://jobs.workable.com/view/aTWFsm553J2AsQ7xCxiutN/lead--sales-development-representative---bangalore-in-bengaluru-at-apna,https://www.apna.ai,,"Workplace: On_site | Type: Full-time | About Apna Since 2019, apna has connected over 60 million jobseekers with more than 250,000 enterprises and small businesses across India. Founded by Nirmit Parikh, a Stanford graduate and serial entrepreneur who recognized the challenges in entry-level hiring, apna has rapidly grown to become India",Workable
Sales Development Representative,ZainTECH,"Bengaluru, Karnataka, India",2026-06-19,https://jobs.workable.com/view/wVAjwFhnh7qHi4U1yWcpUx/sales-development-representative-in-bengaluru-at-zaintech,https://www.zaintech.com,,"Workplace: On_site | Type: Full-time | The Sales Development Representative (SDR) is responsible for driving pipeline growth by identifying, engaging, and qualifying new business opportunities across target enterprise, corporate, and government segments. This role focuses on outbound prospecting, early-stage relationship building, and ge",Workable
Sales Development Representative,InVision,Remote,2018-01-02,,https://www.invision.com,,"InVision is the world’s leading design collaboration platform. We enable companies of all sizes to discover the power of design-driven product development. That’s why over three million designers, product managers, marketers and other stakeholders at so many of the world’s most loved startups, agenc...",Jobspresso
Sales Development Representative - India,WebEngage,"Bengaluru, Karnataka, India",2026-09-07,https://www.linkedin.com/jobs/view/4465808381,https://www.webengage.com,,,LinkedIn
Sales Development Representative,Coram AI,"Bengaluru, Karnataka, India",2026-09-09,https://www.linkedin.com/jobs/view/4447045843,https://www.coramai.org,,,LinkedIn
Sales Development Representative - US,Observe.AI,"Bengaluru, Karnataka, India",2026-09-11,https://www.linkedin.com/jobs/view/4462432890,https://www.observe.ai,,,LinkedIn
Sales Development Representative,Lifie AI,"Bengaluru, Karnataka, India",2026-09-06,https://www.linkedin.com/jobs/view/4463007031,N/A,,,LinkedIn
Sales Development Representative,SimpleGrid,"Bengaluru, Karnataka, India",2026-09-12,https://www.linkedin.com/jobs/view/4466195321,https://www.simplegrid.com,,,LinkedIn
Sales Development Representative,Brivo,"Bengaluru, Karnataka, India",2026-09-11,https://www.linkedin.com/jobs/view/4464771637,https://www.brivo.com,,,LinkedIn
Sales Development Representative,AsteroidX,"Bengaluru, Karnataka, India",2026-09-08,https://www.linkedin.com/jobs/view/4463982596,https://www.asteroidx.com,,,LinkedIn
Enterprise Sales Development Representative - US,Leena AI,"Bengaluru, Karnataka, India",2026-09-08,https://www.linkedin.com/jobs/view/4466070014,https://www.leenaai.com,,,LinkedIn
Business Development Representative,Gumlet,"Bengaluru, Karnataka, India",2026-09-06,https://www.linkedin.com/jobs/view/4464995175,https://www.gumlet.com,,,LinkedIn
"Business Development Representative II, U4B (Sales Plan)",Uber,"Bengaluru, Karnataka, India",2026-09-11,https://www.linkedin.com/jobs/view/4467075708,N/A,,,LinkedIn
Sales Development Representative - Fresher,theBackspace.co,"Bengaluru, Karnataka, India",2026-09-06,https://www.linkedin.com/jobs/view/4463859393,https://www.thebackspace.in,,,LinkedIn
Business Development Representative (BDR),Siemens Digital Industries Software,"Bengaluru, Karnataka, India",2026-09-07,https://www.linkedin.com/jobs/view/4455434294,https://www.siemens.com,,,LinkedIn
Sales Development Representative,The Takeoff AI,"Bengaluru, Karnataka, India",2026-09-08,https://www.linkedin.com/jobs/view/4464859901,N/A,,,LinkedIn
Sales Development Representative,Skill Veda,Greater Bengaluru Area,2026-09-08,https://www.linkedin.com/jobs/view/4464878675,https://www.skillveda.in,,,LinkedIn
Business Development Representative*,Meltwater,"Bengaluru, Karnataka, India",2026-09-07,https://www.linkedin.com/jobs/view/4454979818,https://www.meltwater.com,,,LinkedIn
Sales Specialist - B2B SaaS(International),BiteSpeed,"Bengaluru, Karnataka, India",2026-09-11,https://www.linkedin.com/jobs/view/4464788943,https://www.bitespeed.in,,,LinkedIn
Sales Development Representative (MEA),Appknox,"Bengaluru, Karnataka, India",2026-09-08,https://www.linkedin.com/jobs/view/4464203258,https://www.appknox.com,,,LinkedIn
Sales Development Representative MEA Region,Appknox,"Bengaluru, Karnataka, India",2026-09-08,https://www.linkedin.com/jobs/view/4463971632,https://www.appknox.com,,,LinkedIn
Sales Development Representative,Mareana,"Bengaluru, Karnataka, India",2026-09-12,https://www.linkedin.com/jobs/view/4452801317,https://www.mareana.com,,,LinkedIn
Founding Enterprise Sales Development Representative (SDR),Opsolute,"Bengaluru, Karnataka, India",2026-09-08,https://www.linkedin.com/jobs/view/4464847801,https://www.opsolute.io,,,LinkedIn
Business Development Representative-Japan,GoComet,"Bengaluru, Karnataka, India",2026-09-07,https://www.linkedin.com/jobs/view/4464509325,https://www.gocomet.com,,,LinkedIn
Inside Sales Executive,XfilesPro,"Bengaluru, Karnataka, India",2026-09-12,https://www.linkedin.com/jobs/view/4466180404,https://www.xfilespro.com,,,LinkedIn
Business Development Representative,Provenir,"Bengaluru, Karnataka, India",2026-09-12,https://www.linkedin.com/jobs/view/4465560787,https://www.provenir.in,,,LinkedIn
Inside Sales Specialist,NoBroker.com,"Bengaluru, Karnataka, India",2026-09-06,https://www.linkedin.com/jobs/view/4463726071,N/A,,,LinkedIn
Business Development Specialist,Allegis Global Solutions,"Bengaluru, Karnataka, India",2026-09-09,https://www.linkedin.com/jobs/view/4431920081,N/A,,,LinkedIn
Business Development Consultant,MarketStar India (Regalix),"Bengaluru, Karnataka, India",2026-09-08,https://www.linkedin.com/jobs/view/4464861374,N/A,,,LinkedIn
Sales Specialist,Cube,"Bengaluru, Karnataka, India",2026-09-06,https://www.linkedin.com/jobs/view/4464103083,https://www.cube.io,,,LinkedIn
Business Development Executive ANZ,Fractal,"Bengaluru, Karnataka, India",2026-09-11,https://www.linkedin.com/jobs/view/4456873150,https://www.fractal.in,,,LinkedIn
Business Development Executive,DiveIn Media,"Bengaluru, Karnataka, India",2026-09-08,https://www.linkedin.com/jobs/view/4463425625,https://www.diveinmedia.com,,,LinkedIn
Sales Consultant,DemandNXT,"Bengaluru, Karnataka, India",2026-09-12,https://www.linkedin.com/jobs/view/4466511627,https://www.demandnxt.com,,,LinkedIn
"Business Development Representative (Remote, Full-Time)",Smart Working,"Bengaluru, Karnataka, India",2026-09-07,https://www.linkedin.com/jobs/view/4463422233,https://www.smartworking.io,,,LinkedIn
Business Development Executive (US/ Canada /APAC Markets),INTIGLY,"Bengaluru, Karnataka, India",2026-09-12,https://www.linkedin.com/jobs/view/4466501531,https://www.intigly.com,,,LinkedIn
Sales And Marketing Representative,Genemax IT Solution Pvt Ltd,"Yelahanka Old Town, Karnataka, India",2026-09-08,https://www.linkedin.com/jobs/view/4456094734,N/A,,,LinkedIn
Senior Business Development Executive,MINS(Lead Generation Partner),"Bengaluru, Karnataka, India",2026-09-12,https://www.linkedin.com/jobs/view/4465267252,N/A,,,LinkedIn
Business Development Associate,Digivance Solutions,"Bengaluru, Karnataka, India",2026-09-12,https://www.linkedin.com/jobs/view/4467730055,https://www.digivance.in,,,LinkedIn
Business Development Associate,Crio.Do,"Bengaluru, Karnataka, India",2026-09-12,https://www.linkedin.com/jobs/view/4466511767,N/A,,,LinkedIn
Sr business development associate,Win in Life Academy,"Bengaluru, Karnataka, India",2026-09-08,https://www.linkedin.com/jobs/view/4464869641,https://www.wininlifeacademy.com,,,LinkedIn
B2B Sales Fintech,Autocash.ai,"Bengaluru, Karnataka, India",2026-09-11,https://www.linkedin.com/jobs/view/4465775308,N/A,,,LinkedIn
Telesales Executive - Healthcare/Insurance,Care.fi,"Bengaluru, Karnataka, India",2026-09-12,https://www.linkedin.com/jobs/view/4465782474,https://www.carefi.in,,,LinkedIn
Business Development Manager - NA,Freshworks,"Bengaluru, Karnataka, India",2026-09-12,https://www.linkedin.com/jobs/view/4464331337,https://www.freshworks.com,,,LinkedIn
Sales Specialist,Catalysts,"Bengaluru, Karnataka, India",2026-09-07,https://www.linkedin.com/jobs/view/4464523072,https://www.catalysts.com,,,LinkedIn
INSIDE SALES ASSOCIATE – REAL ESTATE,Mindlane Consulting,"Bengaluru, Karnataka, India",2026-09-09,https://www.linkedin.com/jobs/view/4464280579,N/A,,,LinkedIn
Sales And Marketing Representative,F5 Events and Services,"Bengaluru, Karnataka, India",2026-09-08,https://www.linkedin.com/jobs/view/4464558363,N/A,,,LinkedIn
Business Development Executive,Nucleotide Healthcare,"Bengaluru, Karnataka, India",2026-09-12,https://www.linkedin.com/jobs/view/4466193294,N/A,,,LinkedIn
Business Development Associate - B2C Sales,Crio.Do,"Bengaluru South, Karnataka, India",2026-09-12,https://www.linkedin.com/jobs/view/4465549575,N/A,,,LinkedIn
Business Development Associate,Square Yards,"Bengaluru, Karnataka, India",2026-09-06,https://www.linkedin.com/jobs/view/4465054678,https://www.squareyards.com,,,LinkedIn
Business Development Representative,MINS(Lead Generation Partner),"Bengaluru, Karnataka, India",2026-09-12,https://www.linkedin.com/jobs/view/4460006310,N/A,,,LinkedIn
Business Development Executive - Bangalore,WHITELION,"Bengaluru, Karnataka, India",2026-09-12,https://www.linkedin.com/jobs/view/4466503514,https://www.whitelion.com,,,LinkedIn
Junior Business Development Specialist (freshers) ( ₹20k only ),Teknowgrade Pvt Ltd,"Bengaluru North, Karnataka, India",2026-09-12,https://www.linkedin.com/jobs/view/4466511092,https://www.teknowgrade.in,,,LinkedIn
"EverPro - Sales Development Representative (Remote, US)",EverCommerce,Remote,2026-08-13,https://www.indeed.com/viewjob?jk=99b60fba4de1ce8e,https://www.evercommerce.com,,"Proactively initiate outbound conversations with small businesses to create new sales opportunities.
Continuously improve your sales skills through repetition,…",Indeed
Sales Development Representative,LogRocket,"Boston, MA 02110",2026-09-12,https://www.indeed.com/viewjob?jk=3e85476c55da90f3,https://www.logrocket.com,,"Generate qualified opportunities for the commercial sales team to convert and close.
We're solving a huge challenge for product managers and developers -…",Indeed
Sales Development Representative,ACBJ,"Philadelphia, PA 19106",2026-09-06,https://www.indeed.com/viewjob?jk=6914bd9f79dd786c,N/A,,"Book qualified product demos for our regional sales team.
Genuine interest in sales, fintech, and financial services.",Indeed
Sales Development Representative (Inbound),Simpplr,"Redwood City, CA",2026-09-08,https://www.indeed.com/viewjob?jk=fbe06a97d0ed444f,https://www.simpplr.com,,"Have an interest in sales, a sales background, or 0-6 months of SDR experience.
Achieve monthly quotas of sales accepted opportunities and sales qualified…",Indeed
Enterprise Sales Development Representative (xDR),Cerby,Remote,2026-08-13,https://www.indeed.com/viewjob?jk=d73adea8086f60f2,https://www.cerby.com,,"Participate in regular coaching, role plays, and skill development sessions.
You contribute meaningful pipeline via outbound prospecting to support the sales…",Indeed
Sales Development Representative,Eightfold.AI,"New York, NY",2026-08-25,https://www.indeed.com/viewjob?jk=d75bc1661e0d9176,N/A,,"6+ months of sales or related experience, but we’ll consider candidates looking to start their first sales role.
Bachelor's degree or relevant experience.",Indeed
Sales Development Representative,LiveRamp,"New York, NY",2026-08-13,https://www.indeed.com/viewjob?jk=63874275fd434517,https://www.liveramp.com,,"Manage top of funnel sales process.
The Sales Development team is the glue between marketing and sales, responsible for carrying the baton from marketing lead…",Indeed
Sales Development Representative,Avoca,"New York, NY 10003",2026-08-13,https://www.indeed.com/viewjob?jk=d5fd64f4b494f975,https://www.avoca.com,,"1-3 years in an SDR, BDR, or outbound sales role, ideally at a high-growth startup.
Avoca is transforming how home service companies engage with their customers…",Indeed
Customer Service / Appointment Setting Representative,Goldman & Co.,"Lewisville, TX 75029",2026-09-11,https://www.indeed.com/viewjob?jk=47b637d0c08ded16,https://www.goldman.com,,No merchant services or finance experience required — we have a structured two-day training program and ongoing coaching that will get you up to speed.,Indeed
Call Center Representative,RDI Corporation,"Blue Ash, OH 45242",2026-09-08,https://www.indeed.com/viewjob?jk=8a4e59eb1446bb55,https://www.rdi.in,,"Previous experience in outbound sales, inside sales, appointment setting, or a high-volume call center preferred.",Indeed
Full Time - Call Center Representative,AHT Wisconsin Windows,"Clintonville, WI 54929",2026-08-25,https://www.indeed.com/viewjob?jk=125d2b6e160d025e,https://www.ahtwisconsinwindows.com,,"Ongoing coaching and professional development.
No experience is required—we provide complete paid training and ongoing coaching so you can excel from day one.",Indeed
Inside Sales Outbound Dialer,Hillhurst Tax Group,"Los Angeles, CA",2026-08-13,https://www.indeed.com/viewjob?jk=4c08250516578ebf,https://www.hillhursttax.com,,ISA Agent: 1 year (Preferred).,Indeed
Call Center Representative - Career Growth,EchoStar,"Roseland, NJ 07068",2026-08-25,https://www.indeed.com/viewjob?jk=b674a4e91ab997de,https://www.echostar.com,,"Unshakable Grit & Money Motivation: Tenacious drive to negotiate, re-evaluate customer needs, and close retention sales to maximize your commission checks.",Indeed
Telemarketing Representative,Rehmann Transportation Corporation,"Mount Laurel, NJ 08054",2026-08-13,https://www.indeed.com/viewjob?jk=a8cfdc6c4a32409a,N/A,,"Part Time Telemarketing Representative Monday through Friday , multiple Shifts available.
More personal communication: Compared with email marketing,…",Indeed
Sales Development Representative,Ericsson,"Plano, TX",2026-09-09,https://www.indeed.com/viewjob?jk=e21c7c04473b2982,https://www.ericsson.com,,"Your work will directly fuel our sales engine and open doors for customers to experience the power of LTE and 5G.
Relocation is not offered for this position.",Indeed
Business Development Representative,Syndic8 DMS,"Boston, MA 02111",2026-08-13,https://www.indeed.com/viewjob?jk=23f882e3613a9475,https://www.syndic8dms.com,,"Are familiar with the sales process for enterprise SaaS.
Have experience with sales tools such as HubSpot or SalesForce.",Indeed
Account Manager - Entry Level B2B Sales,"Greywick, Inc.","Hendersonville, TN 37075",2026-08-26,https://www.indeed.com/viewjob?jk=af9668228700820b,https://www.greywick.com,,"This position involves face-to-face sales to new businesses.
Bachelor's degree or relevant experience in sales, business, or related field is a plus.",Indeed
Sales Account Manager,Roessel Joy,"Boston, MA 02109",2026-09-12,https://www.indeed.com/viewjob?jk=032875a13380de1d,https://www.roesseljoy.com,,"Previous sales, staffing, recruiting, business development, or customer facing experience is a plus, but not required.",Indeed
Inside Sales Representative / Strategic Account Manager (Electronics Experience Preferred),Velocity Electronics,"Austin, TX 78758",2026-08-13,https://www.indeed.com/viewjob?jk=eb7f3ab962a7417d,https://www.velocityelectronics.com,,2+ years of experience in sales or business development (Preferably within the electronic components industry but not required).,Indeed
Sales Account Manager,Confidential,"Tulsa, OK 74108",2026-09-12,https://www.indeed.com/viewjob?jk=ed2b41fed4342c47,N/A,,"Achieve or exceed individual sales quotas by executing strategic account management and outside/inside sales techniques.
B2B sales: 5 years (Required).",Indeed
Sales Development Representative,Roger Healthcare,"San Francisco, CA",2026-08-13,https://www.indeed.com/viewjob?jk=2c99c66a9297a178,https://www.rogerhealthcare.com,,"Outbound Prospecting: Drive high-impact campaigns through phone, email, and LinkedIn to connect with home healthcare decision-makers.",Indeed
Sales Development Representative,Harvey,"San Francisco, CA 94102",2026-08-13,https://www.indeed.com/viewjob?jk=b633c7e1946a8f20,https://www.harvey.ai,,"1-2+ years of experience in a fast-growing startup, preferably in sales development or project management.
Source new sales opportunities through inbound and…",Indeed
Canvasser / Appointment Setter (No Sales Required),Install America,"Mohnton, PA 19540",2026-09-08,https://www.indeed.com/viewjob?jk=9c899b4dacaa63fe,https://www.installamerica.com,,"Learn communication, leadership, and sales skills.
Our remodeling consultants handle the in-home consultation and sale.
You are NOT responsible for selling.",Indeed
Sales Development Representative,Overdryve Inc,"Sunnyvale, CA 94085",2026-09-12,https://www.indeed.com/viewjob?jk=8cafd1972fcdb266,N/A,,"Experience in sales development, lead generation, SaaS, and marketing is required.
Moving into an AE or sales leadership position creates a significantly larger…",Indeed
Sales Development Representative,Rundoo,United States,2026-08-13,https://www.indeed.com/viewjob?jk=dc3fed7889154abf,https://www.rundoo.ai,,"Maintain professionalism and provide excellent customer service throughout the entire sales journey.
I studied Supply Chain Management at Michigan State…",Indeed
Sales Development Representative,ZeroFOX,"Baltimore, MD 21230",2026-09-07,https://www.indeed.com/viewjob?jk=8a36e2a0a8c7869b,https://www.zerofox.com,,"1–2 years of B2B sales, SDR, or business development experience.
Exposure to Outreach, SalesLoft, ZoomInfo, or similar sales engagement tools.",Indeed
"Business Development Representative, Resy",American Express,"Chicago, IL 60607",2026-08-31,https://www.indeed.com/viewjob?jk=fc12a0d8fb72d0bf,https://www.americanexpress.com,,"0-3 years of sales or related business experience.
Here, you will master how to generate and manage the top of the sales funnel while learning the basics of…",Indeed
Sales Development Representative (SDR),Jump | Apply ...,Bangalore,2026-09-12,https://www.careerbuilder.com/job-details/sales-development-representative-sdr--57a7e43c-c495-4c03-aee8-57ab4635e377,N/A,,"Sales Development Representative About the Role Open new opportunities with qualified prospective customers for Jump Account Executives. As one of the first SDRs, build Jump’s outbound sales motion to deliver and source reliable, qualified pipeline every month. Be ready to chip in anywhere to help the team win. Carry a meetings quota Build a pipeli",CareerBuilder
Sales Development Representative,CareerBuilder Employer,Bangalore,2026-09-12,https://www.careerbuilder.com/job-details/sales-development-representative-scottsdale-az--4a6523d3-d08d-42ba-980e-6c8af18e4438,N/A,,"Now hiring. Sales Development Representative opening in Scottsdale, Pennsylvania posted 2 days ago by The Vanguard Group. Apply today on CareerBuilder.",CareerBuilder
Sales Development Representative,CareerBuilder Employer,Bangalore,2026-09-12,https://www.careerbuilder.com/job-details/sales-development-representative-san-francisco-ca--52df04a4-109a-4785-a1bb-a7736b2e6c68,N/A,,"Now hiring. Sales Development Representative opening in San Francisco, California posted 1 day ago by Conversion. Apply today on CareerBuilder.",CareerBuilder
Sales Development Representative,CareerBuilder Employer,Bangalore,2026-09-12,https://www.careerbuilder.com/job-details/sales-development-representative-charlotte-nc--5de7e913-d004-4ba7-9b54-1fb321291068,N/A,,"Now hiring. Sales Development Representative opening in Charlotte, North Carolina posted 30+ days ago by SV Academy. Apply today on CareerBuilder.",CareerBuilder
"Sales Development Representative, Limo Anywhere Digital ...",CareerBuilder Employer,Bangalore,2026-09-12,https://www.careerbuilder.com/job-details/sales-development-representative-limo-anywhere-digital-marketing-ga--bef0433c-36eb-4c14-91c4-49ba25918a74,N/A,,"The Sales Development Representative (SDR) is responsible for driving new business pipeline for Limo Anywhere digital marketing by identifying, engaging, and qualifying prospective customers within the ground transportation industry.",CareerBuilder
Sales Development Representative Job [REMOTE] in,Veem Inc ...,Bangalore,2026-09-12,https://www.careerbuilder.com/job-details/sales-development-representative-san-francisco-ca--172e3ea5-356c-4554-b44b-45a88f61e517,https://www.veem.com,,Now hiring. Remote Sales Development Representative opening in CA posted 4 days ago by Veem Inc. Apply today on CareerBuilder.,CareerBuilder
Sales Development Representative,Tampa Job in Tampa ...,Bangalore,2026-09-12,https://www.careerbuilder.com/job-details/sales-development-representative-tampa-tampa-fl--01da41a1-79fc-4f34-926f-25ef17c93977,N/A,,"Now hiring. Sales Development Representative - Tampa opening in Tampa, Florida posted 7 days ago by Tom James Company. Apply today on CareerBuilder.",CareerBuilder
Sales Development Representative,"Dallas Job in Dallas, TX ...",Bangalore,2026-09-12,https://www.careerbuilder.com/job-details/sales-development-representative-dallas-dallas-tx--144e53ab-7209-4864-900e-134fb4db9768,N/A,,"Now hiring. Sales Development Representative - Dallas opening in Dallas, TX posted 3 days ago by Echo Global Logistics Inc. Apply today on CareerBuilder.",CareerBuilder
Sales Development Representative,Insurance Agency Job in ...,Bangalore,2026-09-12,https://www.careerbuilder.com/job-details/sales-development-representative-insurance-agency-oak-park-il--b144f73f-71c0-45b9-8c72-2b2d6e74b06a,N/A,,"As a Sales Development Representative, you will help generate new business by contacting prospective customers, following up on leads, identifying insurance needs, and creating opportunities for our licensed sales team. We want someone who is willing to learn, accepts coaching, follows through on commitments, enjoys competing against goals, and tak",CareerBuilder
Sales Development Representative,Mailchimp Job in Salt Lake ...,Bangalore,2026-09-12,https://www.careerbuilder.com/job-details/sales-development-representative-mailchimp-salt-lake-city-ut--1c1418fa-acc0-4c2f-9fe6-6d6dac02b62e,N/A,,"Now hiring. Sales Development Representative - Mailchimp opening in Salt Lake City, UT posted 3 days ago by MarketStar QOZ Business LLC. Apply today on CareerBuilder.",CareerBuilder
Sales Development Representative,CareerBuilder Employer,Bangalore,2026-09-12,https://www.careerbuilder.com/job-details/sales-development-representative-kansas-city-mo--a4890dc8-7416-4e63-b7a4-d05cad55d03b,N/A,,"Now hiring. Sales Development Representative opening in Kansas City, Missouri posted 1 day ago by Genuine Parts Company. Apply today on CareerBuilder.",CareerBuilder
Sales Development Representative,Genuine ...,Bangalore,2026-09-12,https://www.careerbuilder.com/job-details/sales-development-representative-red-lion-pa--9c33c058-a5da-4e71-8e50-729ba49ac527,https://www.genuine.com,,"Now hiring. Sales Development Representative opening in PA, PA posted 3 days ago by Genuine Parts Company. Apply today on CareerBuilder.",CareerBuilder
