Job Role,Company Name,Location,Date Posted,Apply Link,Company Link,No. of Applicants,Company / Job Details,Source
Technical Sales Development Representative,Kinetic Innovative Staffing Pty Ltd,Remote,2026-09-10,https://www.foundit.in/job/technical-sales-development-representative-kinetic-innovative-staffing-pty-ltd-remote-66400774,N/A,17.0,"Experience: 3-7 Years | Salary: 7,20,000-9,60,000 PHP | Key Skills: technical sales presentations,Technical Sales, Cybersecurity | Industry: Cyber Security | Function: Others",Foundit
Sr. Sales Development Representative,MoEngage,Bengaluru,2025-07-11,https://www.foundit.in/job/sr-sales-development-representative-moengage-bengaluru-bangalore-35474163,https://www.moengage.com,38.0,"Experience: 10-15 Years | Salary: 15,50,000-20,00,000 INR | Key Skills: CRM Tools, Communication Skills, Saas Sales, B2B Services, Adaptability, relationship enhancement | Industry: Information Technology | Function: Sales/Business Development",Foundit
Sales Development Representative,CrowdStrike,Bengaluru,2025-05-22,https://www.foundit.in/job/sales-development-representative-crowdstrike-bengaluru-bangalore-34950617,https://www.crowdstrike.com,173.0,"Experience: 3-8 Years | Salary: 3,00,000-8,00,000 INR | Key Skills: Git, Javascript, Apis, Node.js, Sql, AWS | Industry: Cyber Security | Function: Others",Foundit
Sales Development Representative,NielsenIQ,Gurgaon/Gurugram,2026-09-12,https://apna.co/job/gurgaon/sales-development-representative-1249905115,https://www.nielseniq.com,,"Company: NielsenIQ | Location: Gurgaon/Gurugram | Salary: Not disclosed | Tags: Work from Office, Full Time, Min. 1 year",Apna
Sales Development Representative,Atlassian India Llp,Bengaluru/Bangalore,2026-09-12,https://apna.co/job/bengaluru/sales-development-representative-1023478651,https://www.atlassian.com,,"Company: Atlassian India Llp | Location: Bengaluru/Bangalore | Salary: Not disclosed | Tags: Work from Office, Full Time, Min. 2 years",Apna
Sales Development Representative,EBIZON NETINFO PRIVATE LIMITED,Noida,2026-09-12,https://apna.co/job/noida/fresher-sales-development-representative-1975033026,https://www.ebizontek.com,,"Company: EBIZON NETINFO PRIVATE LIMITED | Location: Noida | Salary: Not disclosed | Tags: Work from Office, Full Time, Any experience",Apna
Sales Development Representative,EBIZON NETINFO PRIVATE LIMITED,Noida,2026-09-12,https://apna.co/job/noida/ebizon-sales-development-representative-noida-1827850866,https://www.ebizontek.com,,"Company: EBIZON NETINFO PRIVATE LIMITED | Location: Noida | Salary: Not disclosed | Tags: Work from Office, Full Time, Min. 1 year",Apna
Sales Development Representative - Outbound Sales,Snowflake Computing India Llp,Bengaluru/Bangalore,2026-09-12,https://apna.co/job/bengaluru/sales-development-representative-outbound-1579078990,https://www.snowflake.com,,"Company: Snowflake Computing India Llp | Location: Bengaluru/Bangalore | Salary: Not disclosed | Tags: Work from Office, Full Time, Min. 2 years",Apna
Sales Development Representative,NielsenIQ,Bengaluru/Bangalore,2026-09-12,https://apna.co/job/bengaluru/sales-development-representative-1287551493,https://www.nielseniq.com,,"Company: NielsenIQ | Location: Bengaluru/Bangalore | Salary: Not disclosed | Tags: Work from Office, Full Time, Min. 1 year",Apna
Sales Development Representative,Linkedin Technology Information Pvt Ltd,Gurgaon/Gurugram,2026-09-12,https://apna.co/job/gurgaon/sales-development-representative-1304742204,https://www.linkedin.com,,"Company: Linkedin Technology Information Pvt Ltd | Location: Gurgaon/Gurugram | Salary: Not disclosed | Tags: Work from Office, Full Time, Min. 1 year",Apna
Sales Development Representative,Linkedin Technology Information Pvt Ltd,Mumbai/Bombay,2026-09-12,https://apna.co/job/mumbai/sales-development-representative-1782771491,https://www.linkedin.com,,"Company: Linkedin Technology Information Pvt Ltd | Location: Mumbai/Bombay | Salary: Not disclosed | Tags: Work from Office, Full Time, Min. 1 year",Apna
Sales Development Representative,Salesforce.com India Pvt Ltd,Bengaluru/Bangalore,2026-09-12,https://apna.co/job/bengaluru/sales-development-representative-1480643819,https://www.salesforce.com,,"Company: Salesforce.com India Pvt Ltd | Location: Bengaluru/Bangalore | Salary: Not disclosed | Tags: Work from Office, Full Time, Any experience",Apna
Sales Development Representative,ByteDance,Gurgaon/Gurugram,2026-09-12,https://apna.co/job/gurgaon/sales-development-representative-byteplus-1571055530,https://www.bytedance.com,,"Company: ByteDance | Location: Gurgaon/Gurugram | Salary: Not disclosed | Tags: Work from Office, Full Time, Min. 2 years",Apna
Sales Development Representative,EBIZON NETINFO PRIVATE LIMITED,Noida,2026-09-12,https://apna.co/job/noida/ebizon-ii-sales-associate-1005816483,https://www.ebizontek.com,,"Company: EBIZON NETINFO PRIVATE LIMITED | Location: Noida | Salary: Not disclosed | Tags: Work from Office, Full Time, Any experience",Apna
Sales Development Representative,Linkedin Technology Information Pvt Ltd,Mumbai/Bombay,2026-09-12,https://apna.co/job/mumbai/sales-development-representative-mumbai-1654090522,https://www.linkedin.com,,"Company: Linkedin Technology Information Pvt Ltd | Location: Mumbai/Bombay | Salary: Not disclosed | Tags: Work from Office, Full Time, Min. 1 year",Apna
Business Development Representative,Testzeus,"HSR Layout, Bengaluru/Bangalore Region",2026-09-12,https://apna.co/job/bengaluru-bangalore-region/business-development-representative-488559474,https://www.testzeus.com,,"Company: Testzeus | Location: HSR Layout, Bengaluru/Bangalore Region | Salary: ₹60,000 - ₹67,000 | Tags: Work from Office, Full Time, Min. 2 years, Good (Intermediate / Advanced) English",Apna
Business Development Representative,EBIZON NETINFO PRIVATE LIMITED,Noida,2026-09-12,https://apna.co/job/noida/ebizon-business-development-representative-noida-1198486161,https://www.ebizontek.com,,"Company: EBIZON NETINFO PRIVATE LIMITED | Location: Noida | Salary: Not disclosed | Tags: Work from Office, Full Time, Min. 1 year",Apna
Business Development Representative,Mastercard India Services Pvt Ltd,Gurgaon/Gurugram,2026-09-12,https://apna.co/job/gurgaon/lead-generation-specialist-apac-eemea-1187467528,N/A,,"Company: Mastercard India Services Pvt Ltd | Location: Gurgaon/Gurugram | Salary: Not disclosed | Tags: Work from Office, Full Time, Min. 2 years",Apna
Business Development Representative,Kadwin Technologies,All areas in Jaipur,2026-09-12,https://apna.co/job/jaipur/business-development-representative-298735969,https://www.kadwin.com,,"Company: Kadwin Technologies | Location: All areas in Jaipur | Salary: ₹15,000 - ₹30,000 | Tags: Field Job, Full Time, Any experience, Basic English",Apna
Business Development Representative,New Relic One India Pvt. Ltd.,Hyderabad,2026-09-12,https://apna.co/job/hyderabad/business-development-representative-1999904428,https://www.newrelic.com,,"Company: New Relic One India Pvt. Ltd. | Location: Hyderabad | Salary: Not disclosed | Tags: Work from Office, Full Time, Min. 2 years",Apna
Senior Sales Development Representative - Life Sciences,Thermo Fisher Scientific India Pvt Ltd,New Delhi,2026-09-12,https://apna.co/job/new-delhi/head-enterprise-services-1691422906,https://www.thermofisher.com,,"Company: Thermo Fisher Scientific India Pvt Ltd | Location: New Delhi | Salary: Not disclosed | Tags: Work from Office, Full Time, Min. 8 years",Apna
Business Development Representative,Arbor Academy,"Baner, Pune Region",2026-09-12,https://apna.co/job/pune-region/business-development-representative-976736129,https://www.arboracademy.com,,"Company: Arbor Academy | Location: Baner, Pune Region | Salary: ₹15,000 - ₹30,000 | Tags: Work from Office, Full Time, Any experience, Basic English",Apna
International Sales Development Representative,EBIZON NETINFO PRIVATE LIMITED,Noida,2026-09-12,https://apna.co/job/noida/sales-development-representative-international-sal-1620153422,https://www.ebizontek.com,,"Company: EBIZON NETINFO PRIVATE LIMITED | Location: Noida | Salary: Not disclosed | Tags: Work from Office, Full Time, Min. 1 year",Apna
Senior Business Development Representative,MindTickle Interactive Media Pvt Ltd,Bengaluru/Bangalore,2026-09-12,https://apna.co/job/bengaluru/senior-business-development-representative-1952876941,https://www.mindtickle.com,,"Company: MindTickle Interactive Media Pvt Ltd | Location: Bengaluru/Bangalore | Salary: Not disclosed | Tags: Work from Office, Full Time, Min. 5 years",Apna
Sales Development Representative Analyst,Accenture India Private Limited,Bengaluru/Bangalore,2026-09-12,https://apna.co/job/bengaluru/sales-development-rep-analyst-1047225195,https://www.accenture.com,,"Company: Accenture India Private Limited | Location: Bengaluru/Bangalore | Salary: Not disclosed | Tags: Work from Office, Full Time, Min. 3 years",Apna
Sales Capture Practitioner - Global Capability Center (GCC),Accenture India Private Limited,Bengaluru/Bangalore,2026-09-12,https://apna.co/job/bengaluru/india-gcc-sales-capture-practitioner-1602657156,https://www.accenture.com,,"Company: Accenture India Private Limited | Location: Bengaluru/Bangalore | Salary: Not disclosed | Tags: Work from Office, Full Time, Min. 6 years",Apna
Sales Development Representative - IT Sales,EBIZON NETINFO PRIVATE LIMITED,Noida,2026-09-12,https://apna.co/job/noida/sales-development-representative-it-sales-1418459255,https://www.ebizontek.com,,"Company: EBIZON NETINFO PRIVATE LIMITED | Location: Noida | Salary: Not disclosed | Tags: Work from Office, Full Time, Min. 1 year",Apna
Enterprise Sales Development Representative,Snowflake Computing India Llp,Bengaluru/Bangalore,2026-09-12,https://apna.co/job/bengaluru/sales-development-representative-1185472816,https://www.snowflake.com,,"Company: Snowflake Computing India Llp | Location: Bengaluru/Bangalore | Salary: Not disclosed | Tags: Work from Office, Full Time, Min. 3 years",Apna
Sales Development Specialist - Bioprocessing Industry,Thermo Fisher Scientific India Pvt Ltd,Pune,2026-09-12,https://apna.co/job/pune/sales-development-specialist-1246398771,https://www.thermofisher.com,,"Company: Thermo Fisher Scientific India Pvt Ltd | Location: Pune | Salary: Not disclosed | Tags: Work from Office, Full Time, Min. 3 years",Apna
Business Development Associate,Urban Company,"Vikhroli East, Mumbai/Bombay",2026-09-12,https://apna.co/job/mumbai-bombay/business-development-associate-782348294,https://www.urbancompany.com,,"Company: Urban Company | Location: Vikhroli East, Mumbai/Bombay | Salary: ₹25,000 - ₹28,000 | Tags: Work from Office, Full Time, Any experience, Basic English",Apna
Business Development Associate,Info Spark,Work from Home,2026-09-12,https://apna.co/job/pune-region/business-development-associate-963380729,https://www.infospark.in,,"Company: Info Spark | Location: Work from Home | Salary: ₹5,000 - ₹8,000 | Tags: Part Time, Any experience, Good (Intermediate / Advanced) English",Apna
Business Development Associate,Phonepe,Mohali,2026-09-12,https://apna.co/job/mohali/business-development-associate-905237347,https://www.phonepe.com,,"Company: Phonepe | Location: Mohali | Salary: ₹18,000 - ₹21,000 | Tags: Field Job, Full Time, Any experience, Basic English",Apna
Business Development Associate,Axis Bank Pvt Ltd,"Hadapsar, Pune",2026-09-12,https://apna.co/job/pune/business-development-associate-606657865,https://www.axisbank.com,,"Company: Axis Bank Pvt Ltd | Location: Hadapsar, Pune | Salary: ₹16,000 - ₹19,000 | Tags: Field Job, Full Time, Freshers only, Basic English",Apna
Sales Representative,India Medtronic Pvt. Ltd,Ahmedabad,2026-09-12,https://apna.co/job/ahmedabad/territory-manager-endo-mechanical-intelligent-devi-1907312408,https://www.medtronic.com,,"Company: India Medtronic Pvt. Ltd | Location: Ahmedabad | Salary: Not disclosed | Tags: Work from Office, Full Time, Min. 2 years",Apna
Business Development Representative,Salesforce.com India Pvt Ltd,Bengaluru/Bangalore,2026-09-12,https://apna.co/job/bengaluru/business-development-representative-1161251514,https://www.salesforce.com,,"Company: Salesforce.com India Pvt Ltd | Location: Bengaluru/Bangalore | Salary: Not disclosed | Tags: Work from Office, Full Time, Min. 3 years",Apna
Business Development Associate,Leverage Edu,Noida,2026-09-12,https://apna.co/job/noida/business-development-associate-132061432,https://www.leverageedu.com,,"Company: Leverage Edu | Location: Noida | Salary: ₹20,000 - ₹40,000 | Tags: Work from Office, Full Time, Any experience, Good (Intermediate / Advanced) English",Apna
Medical Device Sales Representative,India Medtronic Pvt. Ltd,Gurgaon/Gurugram,2026-09-12,https://apna.co/job/gurgaon/sales-representative-ii-soft-tissue-implant-1606233052,https://www.medtronic.com,,"Company: India Medtronic Pvt. Ltd | Location: Gurgaon/Gurugram | Salary: Not disclosed | Tags: Work from Office, Full Time, Min. 2 years",Apna
Business Development Associate,Axis Bank Pvt Ltd,Bengaluru/Bangalore,2026-09-12,https://apna.co/job/bengaluru-bangalore/business-development-associate-543081011,https://www.axisbank.com,,"Company: Axis Bank Pvt Ltd | Location: Bengaluru/Bangalore | Salary: ₹15,500 - ₹19,000 | Tags: Work from Office, Full Time, Freshers only, No English Required",Apna
Remote Sales Representative,India Medtronic Pvt. Ltd,Mumbai/Bombay,2026-09-12,https://apna.co/job/mumbai/remote-sales-representative-i-1817626614,https://www.medtronic.com,,"Company: India Medtronic Pvt. Ltd | Location: Mumbai/Bombay | Salary: Not disclosed | Tags: Work from Office, Full Time, Min. 2 years",Apna
Business Development Associate,Leverage Edu,Noida,2026-09-12,https://apna.co/job/noida/business-development-associate-449868399,https://www.leverageedu.com,,"Company: Leverage Edu | Location: Noida | Salary: ₹29,000 - ₹33,000 | Tags: Work from Office, Full Time, Any experience, Good (Intermediate / Advanced) English",Apna
Sales Representative,India Medtronic Pvt. Ltd,Gurgaon/Gurugram,2026-09-12,https://apna.co/job/gurgaon/sales-representative-i-1707632128,https://www.medtronic.com,,"Company: India Medtronic Pvt. Ltd | Location: Gurgaon/Gurugram | Salary: Not disclosed | Tags: Work from Office, Full Time, Min. 2 years",Apna
Senior Business Development Representative,Hevo Technologies India Private Limited,Bengaluru/Bangalore,2026-09-12,https://apna.co/job/bengaluru/senior-bdr-north-america-market-1668005553,https://www.hevo.com,,"Company: Hevo Technologies India Private Limited | Location: Bengaluru/Bangalore | Salary: Not disclosed | Tags: Work from Office, Full Time, Min. 3 years",Apna
Business Development Associate,Leverage Edu,"Sector 126, Noida",2026-09-12,https://apna.co/job/noida/business-development-associate-836390352,https://www.leverageedu.com,,"Company: Leverage Edu | Location: Sector 126, Noida | Salary: ₹25,000 - ₹40,000 | Tags: Work from Office, Full Time, Any experience, Good (Intermediate / Advanced) English",Apna
Pharmaceutical Sales Representative - Specialty Dermatology,Novartis India,Chandigarh,2026-09-12,https://apna.co/job/chandigarh/sales-rep-territory-business-executive-1987546328,https://www.novartis.com,,"Company: Novartis India | Location: Chandigarh | Salary: Not disclosed | Tags: Work from Office, Full Time, Min. 2 years",Apna
Business Development Associate,Quirksmith Lifestyle,"Kaikondrahalli, Bengaluru/Bangalore",2026-09-12,https://apna.co/job/bengaluru-bangalore/business-development-associate-760818462,N/A,,"Company: Quirksmith Lifestyle | Location: Kaikondrahalli, Bengaluru/Bangalore | Salary: ₹18,000 - ₹20,000 | Tags: Work from Office, Full Time, Any experience, Basic English",Apna
Industrial Sales Representative - Lubricants,ExxonMobil,Bengaluru/Bangalore,2026-09-12,https://apna.co/job/bengaluru/sales-representative-chennai-1409314706,https://www.exxonmobil.com,,"Company: ExxonMobil | Location: Bengaluru/Bangalore | Salary: Not disclosed | Tags: Work from Office, Full Time, Min. 7 years",Apna
Business Development Associate,Uprooting Talent Private Limited,Bengaluru/Bangalore,2026-09-12,https://apna.co/job/bengaluru-bangalore/business-development-associate-948403804,N/A,,"Company: Uprooting Talent Private Limited | Location: Bengaluru/Bangalore | Salary: ₹33,333 - ₹41,667 | Tags: Work from Office, Full Time, Any experience, Good (Intermediate / Advanced) English",Apna
Sales Representative - Medical Devices (Soft Tissue Implant),India Medtronic Pvt. Ltd,Mumbai/Bombay,2026-09-12,https://apna.co/job/mumbai/territory-manager-soft-tissue-implants-sti-1295780755,https://www.medtronic.com,,"Company: India Medtronic Pvt. Ltd | Location: Mumbai/Bombay | Salary: Not disclosed | Tags: Work from Office, Full Time, Min. 2 years",Apna
Business Development Associate,Leverage Ed-Tech Private Limited,Noida,2026-09-12,https://apna.co/job/noida/business-development-associate-918982928,https://www.leverageed.com,,"Company: Leverage Ed-Tech Private Limited | Location: Noida | Salary: ₹29,000 - ₹33,000 | Tags: Work from Office, Full Time, Any experience, Good (Intermediate / Advanced) English",Apna
Medical Device Sales Representative,India Medtronic Pvt. Ltd,Bengaluru/Bangalore,2026-09-12,https://apna.co/job/bengaluru/sales-representative-ii-1567386404,https://www.medtronic.com,,"Company: India Medtronic Pvt. Ltd | Location: Bengaluru/Bangalore | Salary: Not disclosed | Tags: Work from Office, Full Time, Min. 2 years",Apna
Sales Representative,India Medtronic Pvt. Ltd,Mumbai/Bombay,2026-09-12,https://apna.co/job/mumbai/sales-representative-ii-1670460901,https://www.medtronic.com,,"Company: India Medtronic Pvt. Ltd | Location: Mumbai/Bombay | Salary: Not disclosed | Tags: Work from Office, Full Time, Min. 2 years",Apna
Sales Representative,Wolters Kluwer,Pune,2026-09-12,https://apna.co/job/pune/sales-representative-1765881214,N/A,,"Company: Wolters Kluwer | Location: Pune | Salary: Not disclosed | Tags: Work from Office, Full Time, Freshers only",Apna
Business Development Executive,Softronex (Opc) Private Limited,"Sector 4, Noida",2026-09-12,https://apna.co/job/noida/business-development-executive-407006563,N/A,,"Company: Softronex (Opc) Private Limited | Location: Sector 4, Noida | Salary: ₹15,000 - ₹25,000 | Tags: Work from Office, Full Time, Min. 1 year, Basic English",Apna
Medical Device Sales Representative,India Medtronic Pvt. Ltd,Gurgaon/Gurugram,2026-09-12,https://apna.co/job/gurgaon/sales-representative-ii-energy-based-devices-1501503989,https://www.medtronic.com,,"Company: India Medtronic Pvt. Ltd | Location: Gurgaon/Gurugram | Salary: Not disclosed | Tags: Work from Office, Full Time, Min. 2 years",Apna
Business Development Executive,Axis Bank Pvt Ltd,Mohali,2026-09-12,https://apna.co/job/mohali/business-development-executive-559922808,https://www.axisbank.com,,"Company: Axis Bank Pvt Ltd | Location: Mohali | Salary: ₹15,000 - ₹18,000 | Tags: Work from Office, Full Time, Any experience, Basic English",Apna
Sales Representative,3M India Limited,Chennai,2026-09-12,https://apna.co/job/chennai/sales-rep-1688598896,N/A,,"Company: 3M India Limited | Location: Chennai | Salary: Not disclosed | Tags: Work from Office, Full Time, Freshers only",Apna
Sales Representative - Energy Based Medical Devices,India Medtronic Pvt. Ltd,Kolkata/Calcutta,2026-09-12,https://apna.co/job/kolkata/sales-exective-energy-based-device-1710226007,https://www.medtronic.com,,"Company: India Medtronic Pvt. Ltd | Location: Kolkata/Calcutta | Salary: Not disclosed | Tags: Work from Office, Full Time, Min. 2 years",Apna
Business Development Executive,Quess Corp Limited,Hyderabad,2026-09-12,https://apna.co/job/hyderabad/business-development-executive-1661017558,https://www.quess.io,,"Company: Quess Corp Limited | Location: Hyderabad | Salary: Not disclosed | Tags: Work from Office, Full Time, Any experience",Apna
Sales Representative,India Medtronic Pvt. Ltd,Gurgaon/Gurugram,2026-09-12,https://apna.co/job/gurgaon/sales-representative-ii-1462874932,https://www.medtronic.com,,"Company: India Medtronic Pvt. Ltd | Location: Gurgaon/Gurugram | Salary: Not disclosed | Tags: Work from Office, Full Time, Min. 2 years",Apna
Business Development Executive,Equitas Small Finance Bank,Jalna,2026-09-12,https://apna.co/job/jalna/business-development-executive-ucv-1141737411,https://www.equitassmallfinancebank.com,,"Company: Equitas Small Finance Bank | Location: Jalna | Salary: Not disclosed | Tags: Work from Office, Full Time, Min. 1 year",Apna
Sales Representative - Medical Devices,India Medtronic Pvt. Ltd,Gurgaon/Gurugram,2026-09-12,https://apna.co/job/gurgaon/sales-representative-ii-endo-mechanical-intelligen-1968419258,https://www.medtronic.com,,"Company: India Medtronic Pvt. Ltd | Location: Gurgaon/Gurugram | Salary: Not disclosed | Tags: Work from Office, Full Time, Min. 2 years",Apna
Business Development Executive,Quess Corp Limited,Bengaluru/Bangalore,2026-09-12,https://apna.co/job/bengaluru/business-development-executive-1443476367,https://www.quess.io,,"Company: Quess Corp Limited | Location: Bengaluru/Bangalore | Salary: Not disclosed | Tags: Work from Office, Full Time, Any experience",Apna
Business Development Executive,Nazakat,"Patparganj, New Delhi",2026-09-12,https://apna.co/job/new-delhi/business-development-executive-695741996,https://www.nazakat.com,,"Company: Nazakat | Location: Patparganj, New Delhi | Salary: ₹12,000 - ₹20,000 | Tags: Work from Office, Part Time, Full Time, Any experience, Basic English",Apna
Business Development Executive,D N Associates,"Noida Extension, Noida",2026-09-12,https://apna.co/job/noida/business-development-executive-749956807,https://www.dnassociates.com,,"Company: D N Associates | Location: Noida Extension, Noida | Salary: ₹25,000 - ₹35,000 | Tags: Work from Office, Full Time, Any experience, Basic English",Apna
Business Development Representative,Groen Research Solutions Pvt. Ltd.,"Koramangala, Bengaluru/Bangalore Region",2026-09-12,https://apna.co/job/bengaluru-bangalore-region/business-development-representative-291160278,N/A,,"Company: Groen Research Solutions Pvt. Ltd. | Location: Koramangala, Bengaluru/Bangalore Region | Salary: ₹20,000 - ₹30,000 | Tags: Work from Office, Full Time, Any experience, No English Required",Apna
Business Development Executive,Axis Bank Pvt Ltd,"Model Town, Ludhiana",2026-09-12,https://apna.co/job/ludhiana/business-development-executive-155064169,https://www.axisbank.com,,"Company: Axis Bank Pvt Ltd | Location: Model Town, Ludhiana | Salary: ₹15,000 - ₹18,000 | Tags: Work from Office, Full Time, Any experience, Basic English",Apna
Business Development Executive,Mohini Enterprises,"New Tippasandra, Bengaluru/Bangalore",2026-09-12,https://apna.co/job/bengaluru-bangalore/business-development-executive-157451593,https://www.mohini.com,,"Company: Mohini Enterprises | Location: New Tippasandra, Bengaluru/Bangalore | Salary: ₹25,000 - ₹35,000 | Tags: Work from Office, Full Time, Any experience, Basic English",Apna
Business Development Executive,Mohini Enterprises,Noida,2026-09-12,https://apna.co/job/noida/business-development-executive-76872559,https://www.mohini.com,,"Company: Mohini Enterprises | Location: Noida | Salary: ₹25,000 - ₹35,000 | Tags: Field Job, Full Time, Night Shift, Min. 2 years, Basic English",Apna
Business Development Executive,CRISIL Ltd,Mumbai/Bombay,2026-09-12,https://apna.co/job/mumbai/executive-business-development-1669534965,N/A,,"Company: CRISIL Ltd | Location: Mumbai/Bombay | Salary: Not disclosed | Tags: Work from Office, Full Time, Min. 1 year",Apna
Business Proposal Representative,Oracle India Private Limited,Bengaluru/Bangalore,2026-09-12,https://apna.co/job/bengaluru/business-proposal-rep-3-1145290210,https://www.oracle.com,,"Company: Oracle India Private Limited | Location: Bengaluru/Bangalore | Salary: Not disclosed | Tags: Work from Office, Full Time, Min. 2 years",Apna
Business Development Executive,Muthoot Fincorp Limited,Kalavad,2026-09-12,https://apna.co/job/kalavad/business-development-executive-1709750072,https://www.muthootfincorp.com,,"Company: Muthoot Fincorp Limited | Location: Kalavad | Salary: Not disclosed | Tags: Work from Office, Full Time, Min. 1 year",Apna
Business Development Executive,Finlight Research India,"BTM Layout, Bengaluru/Bangalore",2026-09-12,https://apna.co/job/bengaluru-bangalore/business-development-executive-844204104,https://www.finlightresearch.com,,"Company: Finlight Research India | Location: BTM Layout, Bengaluru/Bangalore | Salary: ₹20,000 - ₹30,000 | Tags: Work from Office, Full Time, Any experience, Basic English",Apna
Business Proposal Representative,Oracle India Private Limited,Pune,2026-09-12,https://apna.co/job/pune/business-proposal-rep-4-1077306604,https://www.oracle.com,,"Company: Oracle India Private Limited | Location: Pune | Salary: Not disclosed | Tags: Work from Office, Full Time, Min. 2 years",Apna
Business Development Executive,Ornsoar Consultancy Services Private Limited,"Teynampet, Chennai",2026-09-12,https://apna.co/job/chennai/business-development-executive-236528650,N/A,,"Company: Ornsoar Consultancy Services Private Limited | Location: Teynampet, Chennai | Salary: ₹15,000 - ₹20,000 | Tags: Work from Office, Full Time, Any experience, Good (Intermediate / Advanced) English",Apna
Business Development Representative,Adobe Systems India Pvt Ltd,Bengaluru/Bangalore,2026-09-12,https://apna.co/job/bengaluru/business-development-representative-1997849219,https://www.adobe.com,,"Company: Adobe Systems India Pvt Ltd | Location: Bengaluru/Bangalore | Salary: Not disclosed | Tags: Work from Office, Full Time, Min. 2 years",Apna
Business Development Executive,Axis Bank Pvt Ltd,"Kabirpur Village, Sonipat",2026-09-12,https://apna.co/job/sonipat/business-development-executive-615279500,https://www.axisbank.com,,"Company: Axis Bank Pvt Ltd | Location: Kabirpur Village, Sonipat | Salary: ₹16,000 - ₹18,000 | Tags: Work from Office, Full Time, Any experience, Basic English",Apna
Business Development Executive,Mohini Enterprises,Pimpri-Chinchwad,2026-09-12,https://apna.co/job/pimpri-chinchwad/business-development-executive-121527066,https://www.mohini.com,,"Company: Mohini Enterprises | Location: Pimpri-Chinchwad | Salary: ₹24,000 - ₹27,000 | Tags: Field Job, Full Time, Min. 1 year, Basic English",Apna
Business Development Executive,Madhavbaug Ayurvedic Cardiac Hospital,"Lok Dhara, Kalyan",2026-09-12,https://apna.co/job/kalyan/business-development-executive-694385650,N/A,,"Company: Madhavbaug Ayurvedic Cardiac Hospital | Location: Lok Dhara, Kalyan | Salary: ₹8,000 - ₹10,000 | Tags: Work from Office, Part Time, Any experience, Basic English",Apna
Business Development Executive,Nirmala Solar Power Generation Private Limited,Gorakhpur,2026-09-12,https://apna.co/job/gorakhpur/business-development-executive-822568861,N/A,,"Company: Nirmala Solar Power Generation Private Limited | Location: Gorakhpur | Salary: ₹10,000 - ₹20,000 | Tags: Field Job, Full Time, Any experience, Basic English",Apna
Business Development Executive,Corerapeutic Services Private Limited,"Sector 62, Noida",2026-09-12,https://apna.co/job/noida/business-development-executive-587089198,N/A,,"Company: Corerapeutic Services Private Limited | Location: Sector 62, Noida | Salary: ₹12,000 - ₹18,000 | Tags: Work from Office, Full Time, Freshers only, Basic English",Apna
Account Development Representative - Technology Sales,Mongodb Software India Private Limited,Gurgaon/Gurugram,2026-09-12,https://apna.co/job/gurgaon/account-development-representative-1886713254,https://www.mongodb.com,,"Company: Mongodb Software India Private Limited | Location: Gurgaon/Gurugram | Salary: Not disclosed | Tags: Work from Office, Full Time, Any experience",Apna
Sales Representative,PM Electronics,"Jodhpur Village, Ahmedabad",2026-09-12,https://apna.co/job/ahmedabad/sales-representative-633915061,https://www.pmelectronics.com,,"Company: PM Electronics | Location: Jodhpur Village, Ahmedabad | Salary: ₹15,000 - ₹25,000 | Tags: Work from Office, Full Time, Any experience, Basic English",Apna
Business Development Executive,North  Star Academy,"Adugodi, Bengaluru/Bangalore",2026-09-12,https://apna.co/job/bengaluru-bangalore/business-development-executive-567971760,https://www.northstaracademy.in,,"Company: North  Star Academy | Location: Adugodi, Bengaluru/Bangalore | Salary: ₹15,000 - ₹30,000 | Tags: Work from Office, Full Time, Min. 6 months, Good (Intermediate / Advanced) English",Apna
Sales Representative,Inhama Spices And Agro Products Private Limited,Palakkad,2026-09-12,https://apna.co/job/palakkad/sales-representative-368877174,N/A,,"Company: Inhama Spices And Agro Products Private Limited | Location: Palakkad | Salary: ₹15,000 - ₹18,000 | Tags: Field Job, Full Time, Min. 2 years, Basic English",Apna
Business Development Executive,Earlyjobs,"Koramangala, Bengaluru/Bangalore",2026-09-12,https://apna.co/job/bengaluru-bangalore/business-development-executive-667632769,https://www.earlyjobs.in,,"Company: Earlyjobs | Location: Koramangala, Bengaluru/Bangalore | Salary: ₹17,000 - ₹33,000 | Tags: Work from Office, Full Time, Any experience, Good (Intermediate / Advanced) English",Apna
Sales Representative,BVM Infotech,"Ghatkopar West, Mumbai/Bombay",2026-09-12,https://apna.co/job/mumbai-bombay/sales-representative-466972147,N/A,,"Company: BVM Infotech | Location: Ghatkopar West, Mumbai/Bombay | Salary: ₹15,000 - ₹30,000 | Tags: Field Job, Full Time, Any experience, Basic English",Apna
Business Development Executive,Sarvam Setu,"Rajaji Nagar, Bengaluru/Bangalore",2026-09-12,https://apna.co/job/bengaluru-bangalore/business-development-executive-51514067,https://www.sarvamsetu.com,,"Company: Sarvam Setu | Location: Rajaji Nagar, Bengaluru/Bangalore | Salary: ₹20,000 - ₹30,000 | Tags: Work from Office, Full Time, Any experience, Basic English",Apna
Sales Representative,smollan,Jhansi,2026-09-12,https://apna.co/job/jhansi/sales-representative-848292519,https://www.smollan.com,,"Company: smollan | Location: Jhansi | Salary: ₹18,000 - ₹20,000 | Tags: Field Job, Full Time, Min. 6 months, Basic English",Apna
Business Development Executive,SAS Sales Group,"Ashok Nagar, Bengaluru/Bangalore",2026-09-12,https://apna.co/job/bengaluru-bangalore/business-development-executive-521912664,https://www.sassales.net,,"Company: SAS Sales Group | Location: Ashok Nagar, Bengaluru/Bangalore | Salary: ₹35,000 - ₹50,000 | Tags: Work from Office, Full Time, Any experience, Basic English",Apna
Sales Representative,KTR Industries,Madurai,2026-09-12,https://apna.co/job/madurai/sales-representative-462981339,N/A,,"Company: KTR Industries | Location: Madurai | Salary: ₹10,000 - ₹10,000 | Tags: Field Job, Full Time, Any experience, Basic English",Apna
Business Development Executive,Rao Edusolutions Private Limited,"Powai, Mumbai/Bombay",2026-09-12,https://apna.co/job/mumbai-bombay/business-development-executive-898576603,N/A,,"Company: Rao Edusolutions Private Limited | Location: Powai, Mumbai/Bombay | Salary: ₹30,000 - ₹60,000 | Tags: Work from Office, Full Time, Min. 1 year, Good (Intermediate / Advanced) English",Apna
Sales Representative,Olive Green,Bengaluru/Bangalore,2026-09-12,https://apna.co/job/bengaluru-bangalore/sales-representative-232358764,https://www.olivegreen.com,,"Company: Olive Green | Location: Bengaluru/Bangalore | Salary: ₹25,000 - ₹30,000 | Tags: Field Job, Full Time, Min. 1 year, Good (Intermediate / Advanced) English",Apna
Business Development Executive,Think Hygiene Solutions,"Thaltej, Ahmedabad",2026-09-12,https://apna.co/job/ahmedabad/business-development-executive-980865025,https://www.thinkhygiene.com,,"Company: Think Hygiene Solutions | Location: Thaltej, Ahmedabad | Salary: ₹22,000 - ₹30,000 | Tags: Field Job, Full Time, Any experience, Basic English",Apna
Sales Representative,Vilva Jewels,"R S Puram, Coimbatore",2026-09-12,https://apna.co/job/coimbatore/sales-representative-505706613,https://www.vilvajewels.com,,"Company: Vilva Jewels | Location: R S Puram, Coimbatore | Salary: ₹15,000 - ₹20,000 | Tags: Work from Office, Full Time, Any experience, Basic English",Apna
Business Development Executive,The Memoria Weddings,Thanesar,2026-09-12,https://apna.co/job/thanesar/business-development-executive-562121928,N/A,,"Company: The Memoria Weddings | Location: Thanesar | Salary: ₹10,000 - ₹25,000 | Tags: Work from Office, Full Time, Any experience, Good (Intermediate / Advanced) English",Apna
Sales Representative,Star Energy System,"Gandhinagar, Ahmedabad Region",2026-09-12,https://apna.co/job/ahmedabad-region/sales-representative-997394377,N/A,,"Company: Star Energy System | Location: Gandhinagar, Ahmedabad Region | Salary: ₹20,000 - ₹25,000 | Tags: Field Job, Full Time, Min. 6 months, Good (Intermediate / Advanced) English",Apna
Business Development Executive,Hdfc Life Insurance Company Limited,"Bhawanipur, Kolkata/Calcutta",2026-09-12,https://apna.co/job/kolkata-calcutta/business-development-executive-450075573,N/A,,"Company: Hdfc Life Insurance Company Limited | Location: Bhawanipur, Kolkata/Calcutta | Salary: ₹22,000 - ₹40,000 | Tags: Work from Office, Part Time, Full Time, Any experience, Basic English",Apna
Sales Representative,GC Foods Pvt. Ltd.,"Delhi Cantonment, Delhi-NCR",2026-09-12,https://apna.co/job/delhi-ncr/sales-representative-986950928,https://www.gcfoods.com,,"Company: GC Foods Pvt. Ltd. | Location: Delhi Cantonment, Delhi-NCR | Salary: ₹15,000 - ₹20,000 | Tags: Field Job, Full Time, Min. 3 years, Basic English",Apna
Business Development Executive,Ambicaa Sales Corpn,Chennai,2026-09-12,https://apna.co/job/chennai/business-development-executive-580829830,N/A,,"Company: Ambicaa Sales Corpn | Location: Chennai | Salary: ₹23,000 - ₹30,000 | Tags: Field Job, Full Time, Min. 6 months, Basic English",Apna
Sales Representative,V5 Global,"Bapunagar, Ahmedabad",2026-09-12,https://apna.co/job/ahmedabad/sales-representative-625970219,https://www.v5global.com,,"Company: V5 Global | Location: Bapunagar, Ahmedabad | Salary: ₹22,000 - ₹28,000 | Tags: Field Job, Full Time, Min. 6 months, Basic English",Apna
Business Development Executive,Amrapali Consultants Llp,"Navrangpura, Ahmedabad",2026-09-12,https://apna.co/job/ahmedabad/business-development-executive-722673417,N/A,,"Company: Amrapali Consultants Llp | Location: Navrangpura, Ahmedabad | Salary: ₹25,000 - ₹35,000 | Tags: Work from Office, Full Time, Min. 1 year, Good (Intermediate / Advanced) English",Apna
Business Development Executive,Buzzmint Media Private Limited,"Kirti Nagar, New Delhi",2026-09-12,https://apna.co/job/new-delhi/business-development-executive-434952743,https://www.buzzmintmedia.com,,"Company: Buzzmint Media Private Limited | Location: Kirti Nagar, New Delhi | Salary: ₹15,000 - ₹18,000 | Tags: Work from Office, Full Time, Min. 6 months, Good (Intermediate / Advanced) English",Apna
Sales Representative,Moneytree Realty Services Limited,"Sector 126, Noida",2026-09-12,https://apna.co/job/noida/sales-representative-729697057,https://www.moneytreerealty.com,,"Company: Moneytree Realty Services Limited | Location: Sector 126, Noida | Salary: ₹25,000 - ₹99,000 | Tags: Work from Office, Full Time, Any experience, Basic English",Apna
Business Development Executive,Future Bath Products,"Shahdara, New Delhi",2026-09-12,https://apna.co/job/new-delhi/business-development-executive-944662884,N/A,,"Company: Future Bath Products | Location: Shahdara, New Delhi | Salary: ₹15,000 - ₹25,000 | Tags: Work from Office, Full Time, Any experience, Basic English",Apna
Sales Representative,Pandian Agro Foods Private Limited,Nagercoil,2026-09-12,https://apna.co/job/nagercoil/sales-representative-355001446,N/A,,"Company: Pandian Agro Foods Private Limited | Location: Nagercoil | Salary: ₹20,000 - ₹25,000 | Tags: Field Job, Full Time, Any experience, No English Required",Apna
Business Development Executive,SND Digital Private Limited,"Nehru Nagar, Delhi-NCR",2026-09-12,https://apna.co/job/delhi-ncr/business-development-executive-267864225,https://www.snddigital.com,,"Company: SND Digital Private Limited | Location: Nehru Nagar, Delhi-NCR | Salary: ₹15,000 - ₹40,000 | Tags: Work from Office, Full Time, Min. 1 year, Good (Intermediate / Advanced) English",Apna
Sales Representative,fairdeal market,"Sector 67, Gurgaon/Gurugram",2026-09-12,https://apna.co/job/gurgaon-gurugram/sales-representative-446528515,https://www.fairdealmarket.com,,"Company: fairdeal market | Location: Sector 67, Gurgaon/Gurugram | Salary: ₹21,000 - ₹26,000 | Tags: Field Job, Full Time, Any experience, No English Required",Apna
Business Development Executive,Propertylay LLP,"Sector 126, Noida",2026-09-12,https://apna.co/job/noida/business-development-executive-475890273,N/A,,"Company: Propertylay LLP | Location: Sector 126, Noida | Salary: ₹20,000 - ₹25,000 | Tags: Work from Office, Full Time, Any experience, Basic English",Apna
Sales Representative,Manna Health Mix,Chennai,2026-09-12,https://apna.co/job/chennai/sales-representative-573113050,https://www.mannahealthmix.com,,"Company: Manna Health Mix | Location: Chennai | Salary: ₹18,000 - ₹25,000 | Tags: Field Job, Full Time, Any experience, Basic English",Apna
Business Development Executive,Smartgoal Research,"Vijay Nagar, Indore",2026-09-12,https://apna.co/job/indore/business-development-executive-972992668,https://www.smartgoalresearch.com,,"Company: Smartgoal Research | Location: Vijay Nagar, Indore | Salary: ₹13,000 - ₹30,000 | Tags: Work from Office, Full Time, Any experience, Basic English",Apna
Sales Representative,West Star Automotive,"Makarba, Ahmedabad",2026-09-12,https://apna.co/job/ahmedabad/sales-representative-673543223,https://www.weststarautomotive.in,,"Company: West Star Automotive | Location: Makarba, Ahmedabad | Salary: ₹15,000 - ₹20,000 | Tags: Work from Office, Full Time, Any experience, Basic English",Apna
Business Development Executive,Tegh Cables (India) Private Limited,Ahmedabad,2026-09-12,https://apna.co/job/ahmedabad/business-development-executive-52886619,https://www.teghcables.com,,"Company: Tegh Cables (India) Private Limited | Location: Ahmedabad | Salary: ₹20,000 - ₹50,000 | Tags: Field Job, Full Time, Min. 1 year, Good (Intermediate / Advanced) English",Apna
Sales Representative,Swarnaz Jewellery Private Limited,"Bakarganj, Patna Region",2026-09-12,https://apna.co/job/patna-region/sales-representative-107716955,N/A,,"Company: Swarnaz Jewellery Private Limited | Location: Bakarganj, Patna Region | Salary: ₹15,000 - ₹20,000 | Tags: Work from Office, Full Time, Min. 1 year, Basic English",Apna
Business Development Executive,Blue Chip Computer Consultants Pvt Ltd,"Bommenahalli, Bengaluru/Bangalore Region",2026-09-12,https://apna.co/job/bengaluru-bangalore-region/business-development-executive-304739072,N/A,,"Company: Blue Chip Computer Consultants Pvt Ltd | Location: Bommenahalli, Bengaluru/Bangalore Region | Salary: ₹25,000 - ₹25,000 | Tags: Work from Office, Full Time, Freshers only, Good (Intermediate / Advanced) English",Apna
Sales Representative,Pandian Agro Foods Private Limited,Theni Allinagaram,2026-09-12,https://apna.co/job/theni-allinagaram/sales-representative-562010733,N/A,,"Company: Pandian Agro Foods Private Limited | Location: Theni Allinagaram | Salary: ₹17,000 - ₹30,000 | Tags: Field Job, Full Time, Any experience, No English Required",Apna
Sales Representative,Kalory Sweets and Namkeen Private Limited,Lucknow,2026-09-12,https://apna.co/job/lucknow/sales-representative-336692173,N/A,,"Company: Kalory Sweets and Namkeen Private Limited | Location: Lucknow | Salary: ₹14,000 - ₹15,000 | Tags: Field Job, Full Time, Min. 1 year, Basic English",Apna
Business Development Executive (BDE),SRBS Bhartiya Airways Services Private Limited,"Sector 63, Noida",2026-09-12,https://apna.co/job/noida/business-development-executive-bde-976667069,N/A,,"Company: SRBS Bhartiya Airways Services Private Limited | Location: Sector 63, Noida | Salary: ₹20,000 - ₹30,000 | Tags: Work from Office, Full Time, Any experience, Basic English",Apna
Business Development Associate,Digi - Loans,Barasat,2026-09-12,https://apna.co/job/barasat/business-development-associate-563511189,https://www.digiloans.com,,"Company: Digi - Loans | Location: Barasat | Salary: ₹15,000 - ₹18,000 | Tags: Field Job, Full Time, Any experience, Basic English",Apna
Product Sales Manager - Transaction Banking,Kotak Mahindra Bank Limited,Chennai,2026-09-12,https://apna.co/job/chennai/product-sales-manager-transaction-banking-gts-cash-1711487154,N/A,,"Company: Kotak Mahindra Bank Limited | Location: Chennai | Salary: Not disclosed | Tags: Work from Office, Full Time, Min. 5 years",Apna
Business Development Executive (BDE),DigitalVia Technologies OPC Private Limited,"Tukoganj, Indore",2026-09-12,https://apna.co/job/indore/business-development-executive-bde-988945431,N/A,,"Company: DigitalVia Technologies OPC Private Limited | Location: Tukoganj, Indore | Salary: ₹18,000 - ₹28,000 | Tags: Work from Office, Full Time, Any experience, Basic English",Apna
Product Sales Manager - Transaction Banking Cash Management,Kotak Mahindra Bank Limited,Mumbai/Bombay,2026-09-12,https://apna.co/job/mumbai/product-sales-manager-transaction-banking-gts-cash-1904526300,N/A,,"Company: Kotak Mahindra Bank Limited | Location: Mumbai/Bombay | Salary: Not disclosed | Tags: Work from Office, Full Time, Min. 2 years",Apna
Business Development Associate-Nellore,Rejoice Realm,Bengaluru/Bangalore,2026-09-12,https://apna.co/job/bengaluru-bangalore/business-development-associate-nellore-410653768,N/A,,"Company: Rejoice Realm | Location: Bengaluru/Bangalore | Salary: ₹15,000 - ₹35,000 | Tags: Work from Office, Full Time, Any experience, Basic English",Apna
Product Sales Manager - NRI Client Acquisition,Kotak Mahindra Bank Limited,Surat,2026-09-12,https://apna.co/job/surat/product-sales-manager-nr-retail-nr-nri-acquisition-1852209002,N/A,,"Company: Kotak Mahindra Bank Limited | Location: Surat | Salary: Not disclosed | Tags: Work from Office, Full Time, Min. 5 years",Apna
Business Development Associate,Leverage Edu,Noida,2026-09-12,https://apna.co/job/noida/business-development-associate-846963624,https://www.leverageedu.com,,"Company: Leverage Edu | Location: Noida | Salary: ₹25,000 - ₹40,000 | Tags: Work from Office, Full Time, Any experience, Good (Intermediate / Advanced) English",Apna
Field Sales Representative - Technology & Cloud Solutions,Google India Pvt Ltd,Mumbai/Bombay,2026-09-12,https://apna.co/job/mumbai/field-sales-representative-manufacturing-and-congl-1417424283,https://www.google.com,,"Company: Google India Pvt Ltd | Location: Mumbai/Bombay | Salary: Not disclosed | Tags: Work from Office, Full Time, Min. 10 years",Apna
Business Development Executive,Roomadda Urban Solutions Private Limited,"Koramangala, Bengaluru/Bangalore",2026-09-12,https://apna.co/job/bengaluru-bangalore/business-development-executive-743203675,N/A,,"Company: Roomadda Urban Solutions Private Limited | Location: Koramangala, Bengaluru/Bangalore | Salary: ₹20,000 - ₹25,000 | Tags: Work from Office, Full Time, Any experience, Basic English",Apna
Assistant Product Sales Manager - Branch Banking,Kotak Mahindra Bank Limited,Ajmer,2026-09-12,https://apna.co/job/ajmer/asst-product-sales-manager-branch-banking-enterpri-1086848903,N/A,,"Company: Kotak Mahindra Bank Limited | Location: Ajmer | Salary: Not disclosed | Tags: Work from Office, Full Time, Min. 2 years",Apna
Business Development Executive,Phonepe,"Vijaya Nagar, Bengaluru/Bangalore",2026-09-12,https://apna.co/job/bengaluru-bangalore/business-development-executive-219258065,https://www.phonepe.com,,"Company: Phonepe | Location: Vijaya Nagar, Bengaluru/Bangalore | Salary: ₹21,000 - ₹23,500 | Tags: Field Job, Full Time, Any experience, Basic English",Apna
Sales Representative,Jupiter Technologies,Bangalore,2026-09-12,https://www.instahyre.com/job-422442-sales-representative-at-jupiter-technologies-bangalore/,https://www.jupiter.com,,"Company: Jupiter Technologies | Skills: B2B, Corporate Sales, Direct Sales, Sales, enterprise sales | Target: Sales Representative",Instahyre
Sales Development Representative,ZenTrades,Pune,2026-09-12,https://www.instahyre.com/job-437846-sales-development-representative-at-zentrades-pune/,https://www.zentrades.in,,"Company: ZenTrades | Skills: Business Development, Direct Sales, Sales | Target: Sales Development Representative",Instahyre
Sales Development Representative,Kloudfuse,Bangalore,2026-09-12,https://www.instahyre.com/job-441436-sales-development-representative-at-kloudfuse-bangalore/,https://www.kloudfuse.com,,"Company: Kloudfuse | Skills: BDR, business development, DevOps, devtools, observability, SaaS, sales development representative, SDR, technical sales | Target: Sales Development Representative",Instahyre
Sales Development Representative,PineGap.ai,Bangalore,2026-09-12,https://www.instahyre.com/job-440232-sales-development-representative-at-pinegap-bangalore/,N/A,,"Company: PineGap.ai | Skills: Sales, Business Development | Target: Sales Development Representative",Instahyre
Sales Development Representative,ZenStatement,Bangalore,2026-09-12,https://www.instahyre.com/job-425363-sales-development-representative-at-zenstatement-bangalore/,https://www.zenstatement.com,,"Company: ZenStatement | Skills: Business Development, Corporate Sales, Direct Sales, Inside Sales, Lead Generation, Sales | Target: Sales Development Representative",Instahyre
Sales Development Representative,Kodo,Mumbai,2026-09-12,https://www.instahyre.com/job-424309-sales-development-representative-at-kodo-mumbai/,https://www.kodo.com,,"Company: Kodo | Skills: Business Development, Corporate Sales, Sales | Target: Sales Development Representative",Instahyre
Sales Development Representative,Perennial Systems,Pune,2026-09-12,https://www.instahyre.com/job-432010-sales-development-representative-at-perennial-systems-pune/,N/A,,"Company: Perennial Systems | Skills: Business Development, Sales | Target: Sales Development Representative",Instahyre
Sales Development Representative,Wozku,Bangalore,2026-09-12,https://www.instahyre.com/job-426001-sales-development-representative-at-wozku-bangalore/,https://www.wozku.com,,"Company: Wozku | Skills: Business Development, Sales, Telecalling | Target: Sales Development Representative",Instahyre
Sales Development Representative,RISA Labs,Bangalore,2026-09-12,https://www.instahyre.com/job-425467-sales-development-representative-at-risa-labs-bangalore/,https://www.risa.com,,"Company: RISA Labs | Skills: Sales, International Sales, LinkedIn Sales Navigator, Business Development, Hubspot, ZoomInfo, Clay, Corporate Sales, LinkedIn, Telecalling, Revenue Management, Claude | Target: Sales Development Representative",Instahyre
Sales Development Representative,Delhivery,Bangalore,2026-09-12,https://www.instahyre.com/job-411588-sales-development-representative-at-delhivery-bangalore/,https://www.delhivery.com,,Company: Delhivery | Skills: Sales | Target: Sales Development Representative,Instahyre
Sales Development Representative,Saara,Bangalore,2026-09-12,https://www.instahyre.com/job-402744-sales-development-representative-at-saara-bangalore/,https://www.saara.in,,"Company: Saara | Skills: Business Development, Direct Sales, International Sales, Sales, Telecalling | Target: Sales Development Representative",Instahyre
Sales Development Representative,eDataBae,"Mumbai,Navi Mumbai",2026-09-12,https://www.instahyre.com/job-425383-sales-development-representative-at-edatabae-mumbai-navi-mumbai/,https://www.edatabae.com,,"Company: eDataBae | Skills: IT staffing, US IT staffing, lead generation, sales | Target: Sales Development Representative",Instahyre
Sales Development Representative,Oliv AI,Work From Home,2026-09-12,https://www.instahyre.com/job-422610-sales-development-representative-at-oliv-ai-work-from-home/,https://www.olivai.org,,"Company: Oliv AI | Skills: Business Development, Corporate Sales, International Sales, Sales | Target: Sales Development Representative",Instahyre
Sales Development Representative,IONAGE,Bangalore,2026-09-12,https://www.instahyre.com/job-417169-sales-development-representative-at-ionage-bangalore/,https://www.ionage.com,,"Company: IONAGE | Skills: CRM, HubSpot, SDR, Salesforce, Zoho, business development, inside sales, sales | Target: Sales Development Representative",Instahyre
Sales Development Representative,Arrowhead,"Bangalore,Mumbai",2026-09-12,https://www.instahyre.com/job-420677-sales-development-representative-at-arrowhead-bangalore-mumbai/,https://www.arrowhead.in,,"Company: Arrowhead | Skills: Sales, Telecalling, Presales | Target: Sales Development Representative",Instahyre
Sales Development Representative,IONAGE,Bangalore,2026-09-12,https://www.instahyre.com/job-416075-sales-development-representative-at-ionage-bangalore/,https://www.ionage.com,,"Company: IONAGE | Skills: HubSpot, Salesforce, Zoho, business development, crm, inside sales, saas, sdr | Target: Sales Development Representative",Instahyre
Sales Development Representative,Truva,Mumbai,2026-09-12,https://www.instahyre.com/job-392755-sales-development-representative-at-truva-mumbai/,https://www.truva.in,,"Company: Truva | Skills: Sales, Business Development, Direct Sales, Real Estate Broking | Target: Sales Development Representative",Instahyre
Sales Development Representative,Zenskar,Bangalore,2026-09-12,https://www.instahyre.com/job-435725-sales-development-representative-at-zenskar-2-bangalore/,https://www.zenskar.com,,"Company: Zenskar | Skills: Lead Generation, Business Development, International Sales, Sales | Target: Sales Development Representative",Instahyre
Sales Development Representative,CashBook,Bangalore,2026-09-12,https://www.instahyre.com/job-429834-sales-development-representative-at-cashbook-bangalore/,https://www.cashbook.com,,"Company: CashBook | Skills: Business Development, Sales | Target: Sales Development Representative",Instahyre
Senior Sales Development Representative,Zzazz,Mumbai,2026-09-12,https://www.instahyre.com/job-440086-senior-sales-development-representative-at-zzazz-mumbai/,https://www.zzazz.com,,"Company: Zzazz | Skills: Business Development, Sales | Target: Senior Sales Development Representative",Instahyre
Founding Sales Development Representative,Muffin Media,Work From Home,2026-09-12,https://www.instahyre.com/job-422214-founding-sales-development-representative-at-muffin-media-work-from-home/,https://www.muffinmedia.co,,"Company: Muffin Media | Skills: International Sales, Sales | Target: Founding Sales Development Representative",Instahyre
Sr. Sales Development Representative,SalesMonk.ai,Gurgaon,2026-09-12,https://www.instahyre.com/job-409396-sr-sales-development-representative-at-salesmonk-gurgaon/,N/A,,"Company: SalesMonk.ai | Skills: Sales, Business Development, International Sales | Target: Sr. Sales Development Representative",Instahyre
Business Development Representative (Sales),Klimb.io,Bangalore,2026-09-12,https://www.instahyre.com/job-432071-business-development-representative-sales-at-klimb-bangalore/,https://www.klimbio.com,,"Company: Klimb.io | Skills: AE, BDR, SDR, SaaS, account executive, qualification | Target: Business Development Representative (Sales)",Instahyre
Inside Sales Representative,Signellent Technologies,"Mumbai,Noida",2026-09-12,https://www.instahyre.com/job-438222-inside-sales-representative-at-signellent-technologies-mumbai-noida/,https://www.signellent.com,,"Company: Signellent Technologies | Skills: Direct Sales, Sales | Target: Inside Sales Representative",Instahyre
Sales Development Representative (Founding Team),xPay,Bangalore,2026-09-12,https://www.instahyre.com/job-429827-sales-development-representative-founding-team-at-xpay-bangalore/,https://www.xpay.co,,"Company: xPay | Skills: Sales, Business Development, Telecalling, Corporate Sales, Direct Sales, International Sales, Customer Service, Payment Solutions, Enterprise Software | Target: Sales Development Representative (Founding Team)",Instahyre
IT Inside Sales Representative,Signellent Technologies,Mumbai,2026-09-12,https://www.instahyre.com/job-438423-it-inside-sales-representative-at-signellent-technologies-mumbai/,https://www.signellent.com,,"Company: Signellent Technologies | Skills: IT Infrastructure, Information Security, Presales, Sales | Target: IT Inside Sales Representative",Instahyre
Business Development Representative,Recruiterflow,Bangalore,2026-09-12,https://www.instahyre.com/job-439786-business-development-representative-at-recruiterflow-bangalore/,https://www.recruiterflow.com,,"Company: Recruiterflow | Skills: Business Development, International Sales, Sales, Telecalling | Target: Business Development Representative",Instahyre
Business Development Representative,Gumlet,Bangalore,2026-09-12,https://www.instahyre.com/job-441580-business-development-representative-at-gumlet-bangalore/,https://www.gumlet.com,,"Company: Gumlet | Skills: Sales, Business Development, LinkedIn | Target: Business Development Representative",Instahyre
Business Development Representative,PineGap.ai,Bangalore,2026-09-12,https://www.instahyre.com/job-437902-business-development-representative-at-pinegap-bangalore/,N/A,,Company: PineGap.ai | Skills: Business Development | Target: Business Development Representative,Instahyre
Business Development Representative,PineGap.ai,Bangalore,2026-09-12,https://www.instahyre.com/job-438581-business-development-representative-at-pinegap-bangalore/,N/A,,"Company: PineGap.ai | Skills: Sales, Business Development | Target: Business Development Representative",Instahyre
Business Development Representative,Pidge,Work From Home,2026-09-12,https://www.instahyre.com/job-437717-business-development-representative-at-pidge-work-from-home/,https://www.pidge.in,,"Company: Pidge | Skills: Apollo, HubSpot, Salesforce, Zoho, lead generation, sales | Target: Business Development Representative",Instahyre
Business Development Representative,Nected,Work From Home,2026-09-12,https://www.instahyre.com/job-436264-business-development-representative-at-nected-work-from-home/,https://www.nected.io,,"Company: Nected | Skills: Business Development, Business Process Management (BPM), Corporate Sales, Sales, Salesforce | Target: Business Development Representative",Instahyre
Business Development Representative,Gsoft Cloud,Kochi,2026-09-12,https://www.instahyre.com/job-435327-business-development-representative-at-gsoft-cloud-kochi/,N/A,,"Company: Gsoft Cloud | Skills: Presales, Business Development, AWS, Azure, Lead Generation | Target: Business Development Representative",Instahyre
Business Development Representative,Nected,Work From Home,2026-09-12,https://www.instahyre.com/job-433422-business-development-representative-at-nected-work-from-home/,https://www.nected.io,,"Company: Nected | Skills: Sales, Lead Generation, Business Development, CRM, Hubspot, Zoho CRM, Salesforce, Microsoft Dynamics, Lead Qualification | Target: Business Development Representative",Instahyre
Business Development Representative,FlytBase,Pune,2026-09-12,https://www.instahyre.com/job-426755-business-development-representative-at-flytbase-pune/,https://www.flytbase.com,,Company: FlytBase | Skills: Business Development | Target: Business Development Representative,Instahyre
Business Development Representative,Recro Media,Work From Home,2026-09-12,https://www.instahyre.com/job-426321-business-development-representative-at-recro-media-work-from-home/,https://www.recromedia.in,,Company: Recro Media | Skills: Business Development | Target: Business Development Representative,Instahyre
Business Development Representative,Nected,Gurgaon,2026-09-12,https://www.instahyre.com/job-425488-business-development-representative-at-nected-gurgaon/,https://www.nected.io,,"Company: Nected | Skills: Sales, Business Development | Target: Business Development Representative",Instahyre
Business Development Representative,Zycus,Bangalore,2026-09-12,https://www.instahyre.com/job-419877-business-development-representative-at-zycus-bangalore/,https://www.zycus.com,,"Company: Zycus | Skills: Business Development, LinkedIn, Marketing, Sales | Target: Business Development Representative",Instahyre
Inside Sales Representative (B2B IT Solutions),Digiswitch Infotech,Noida,2026-09-12,https://www.instahyre.com/job-436480-inside-sales-representative-b2b-it-solutions-at-digiswitch-infotech-noida/,N/A,,"Company: Digiswitch Infotech | Skills: Business Development, Corporate Sales, Sales, Telecalling | Target: Inside Sales Representative (B2B IT Solutions)",Instahyre
Business Development Representative (Nected),Nected,Work From Home,2026-09-12,https://www.instahyre.com/job-435683-business-development-representative-nected-at-nected-work-from-home/,https://www.nected.io,,"Company: Nected | Skills: Sales, Business Development | Target: Business Development Representative (Nected)",Instahyre
Business Development Representative - SaaS,Nected,Work From Home,2026-09-12,https://www.instahyre.com/job-434863-business-development-representative-saas-at-nected-work-from-home/,https://www.nected.io,,"Company: Nected | Skills: Business Development, CRM, International Sales, LinkedIn Sales Navigator, Sales, APIs, Corporate Sales, Salesforce | Target: Business Development Representative - SaaS",Instahyre
Sr. Business Development Representative,Gumlet,Bangalore,2026-09-12,https://www.instahyre.com/job-428661-sr-business-development-representative-at-gumlet-bangalore/,https://www.gumlet.com,,"Company: Gumlet | Skills: Sales, CRM | Target: Sr. Business Development Representative",Instahyre
Sr. Business Development Representative,EquityList,Gurgaon,2026-09-12,https://www.instahyre.com/job-430957-sr-business-development-representative-at-equitylist-gurgaon/,https://www.equitylist.com,,"Company: EquityList | Skills: Business Development, ICP, Lead Generation, Lead Qualification, Sales, Sales Enablement | Target: Sr. Business Development Representative",Instahyre
Customer Success Representative,Arivihan Technologies,Indore,2026-09-12,https://www.instahyre.com/job-435245-customer-success-representative-at-arivihan-technologies-indore/,https://www.arivihan.com,,"Company: Arivihan Technologies | Skills: Chat / Email Support, Customer Relationship, Customer Service, Phone / Voice Support | Target: Customer Success Representative",Instahyre
Customer Service Representative,FitBudd,Work From Home,2026-09-12,https://www.instahyre.com/job-430709-customer-service-representative-at-fitbudd-work-from-home/,https://www.fitbudd.com,,Company: FitBudd | Skills: Sales Operations | Target: Customer Service Representative,Instahyre
Business Development Representative II - U4B - Sal,Uber,Mumbai,2026-09-12,https://www.instahyre.com/job-429940-business-development-representative-ii-u4b-sal-at-uber-mumbai/,N/A,,"Company: Uber | Skills: Business Development, Sales | Target: Business Development Representative II - U4B - Sal",Instahyre
Sales / Business Development Manager,Adobe,Noida,2026-09-12,https://www.instahyre.com/job-421763-sales-business-development-manager-at-adobe-noida/,https://www.adobe.com,,"Company: Adobe | Skills: International Sales, Lead Generation, Lead Qualification, LinkedIn Sales Navigator | Target: Sales / Business Development Manager",Instahyre
Business Development Manager (Sales),DEFTeam Solutions,Hyderabad,2026-09-12,https://www.instahyre.com/job-436449-business-development-manager-sales-at-defteam-solutions-2-hyderabad/,https://www.defteam.com,,"Company: DEFTeam Solutions | Skills: Business Development, Direct Sales, International Sales, Sales | Target: Business Development Manager (Sales)",Instahyre
Sales / Business Development Manager,Furnco,Noida,2026-09-12,https://www.instahyre.com/job-438335-sales-business-development-manager-at-furnco-noida/,https://www.furnco.in,,"Company: Furnco | Skills: Business Development, Corporate Sales, Direct Sales, Sales | Target: Sales / Business Development Manager",Instahyre
Business Development Associate (Sales),PhysicsWallah,"Bangalore,Gurgaon",2026-09-12,https://www.instahyre.com/job-433009-business-development-associate-sales-at-physicswallah-bangalore-gurgaon/,https://www.physicswallah.in,,"Company: PhysicsWallah | Skills: Direct Sales, Education Counselling, Presales, Sales | Target: Business Development Associate (Sales)",Instahyre
Business Development Executive (Sales),Finch IT Solutions,Bangalore,2026-09-12,https://www.instahyre.com/job-432683-business-development-executive-sales-internship-at-finch-it-solutions-bangalore/,N/A,,"Company: Finch IT Solutions | Skills: Business Development, Corporate Sales, Sales | Target: Business Development Executive (Sales) (Internship)",Instahyre
Sales & Business Development Intern,Omnivio,Work From Home,2026-09-12,https://www.instahyre.com/job-430803-sales-business-development-intern-internship-at-omnivio-work-from-home/,https://www.omnivio.io,,"Company: Omnivio | Skills: Business Development, CRM, Direct Sales, Lead Generation, Sales, Salesforce | Target: Sales & Business Development Intern (Internship)",Instahyre
Sales & Business Development Manager,Gudgudee,Bangalore,2026-09-12,https://www.instahyre.com/job-417486-sales-business-development-manager-at-gudgudee-bangalore/,https://www.gudgudee.in,,"Company: Gudgudee | Skills: Business Development, Corporate Sales, Direct Sales, Sales, Telecalling | Target: Sales & Business Development Manager",Instahyre
Business Development & Sales Intern,Simnovus,Bangalore,2026-09-12,https://www.instahyre.com/job-440772-business-development-sales-intern-internship-at-simnovus-bangalore/,https://www.simnovus.com,,"Company: Simnovus | Skills: Business Development, Sales | Target: Business Development & Sales Intern (Internship)",Instahyre
Sales Associate,Instahyre,Bangalore,2026-09-12,https://www.instahyre.com/job-442362-sales-associate-at-instahyre-bangalore/,https://www.instahyre.com,,"Company: Instahyre | Skills: SaaS, account management, business development, enterprise, inside sales, sales, software | Target: Sales Associate",Instahyre
Sales Manager,Scaler Academy,Gurgaon,2026-09-12,https://www.instahyre.com/job-437643-sales-manager-at-scaler-academy-gurgaon/,https://www.scaleracademy.com,,"Company: Scaler Academy | Skills: Sales, Business Development | Target: Sales Manager",Instahyre
Sales Associate,Digituall,Bhubaneshwar,2026-09-12,https://www.instahyre.com/job-440723-sales-associate-at-digituall-bhubaneshwar/,https://www.digituall.com,,"Company: Digituall | Skills: Business Development, Sales | Target: Sales Associate",Instahyre
Sales Manager,indiagold,Hyderabad,2026-09-12,https://www.instahyre.com/job-440453-sales-manager-at-indiagold-hyderabad/,https://www.indiagold.com,,"Company: indiagold | Skills: Sales, Field Work, Gold Loans, Direct Sales | Target: Sales Manager",Instahyre
Sales Intern,OptiPhoenix,Delhi,2026-09-12,https://www.instahyre.com/job-442879-sales-intern-internship-at-optiphoenix-delhi/,https://www.optiphoenix.com,,"Company: OptiPhoenix | Skills: Business Development, International Sales, Lead Generation, Sales | Target: Sales Intern (Internship)",Instahyre
Sales Manager,Oron Systems,Noida,2026-09-12,https://www.instahyre.com/job-441836-sales-manager-at-oron-systems-noida/,N/A,,"Company: Oron Systems | Skills: SaaS, biz dev, business development, media, sales | Target: Sales Manager",Instahyre
Sales Manager,Mind IT Systems,Delhi,2026-09-12,https://www.instahyre.com/job-366183-sales-manager-at-mind-it-systems-delhi/,https://www.minditsystems.com,,"Company: Mind IT Systems | Skills: Sales, Business Development | Target: Sales Manager",Instahyre
Sales Manager,Truva,Mumbai,2026-09-12,https://www.instahyre.com/job-422224-sales-manager-at-truva-mumbai/,https://www.truva.in,,Company: Truva | Skills: Sales | Target: Sales Manager,Instahyre
Sales Manager,Fynd,"Bangalore,Kolkata,Mumbai",2026-09-12,https://www.instahyre.com/job-439261-sales-manager-at-fynd-bangalore-kolkata-mumbai/,https://www.fynd.com,,"Company: Fynd | Skills: Sales, Business Development, Customer Service | Target: Sales Manager",Instahyre
Sales Executive,WorkLooper Consultants,Noida,2026-09-12,https://www.instahyre.com/job-437133-sales-executive-at-worklooper-consultants-noida/,N/A,,"Company: WorkLooper Consultants | Skills: Business Development, Direct Sales, Sales | Target: Sales Executive",Instahyre
Sales Manager,Aspire Proptech,Bangalore,2026-09-12,https://www.instahyre.com/job-323267-sales-manager-at-aspire-proptech-2-bangalore/,N/A,,"Company: Aspire Proptech | Skills: Business Development, Direct Sales, Sales | Target: Sales Manager",Instahyre
Sales Manager,Korber Pharma,"Ahmedabad,Hyderabad,Mumbai",2026-09-12,https://www.instahyre.com/job-432706-sales-manager-at-korber-pharma-ahmedabad-hyderabad-mumbai/,https://www.korberpharma.com,,"Company: Korber Pharma | Skills: MES, biotech, manufacturing execution systems, pharma, pharmaceutical, sales | Target: Sales Manager",Instahyre
Sales Manager,Korber Pharma,"Ahmedabad,Hyderabad,Mumbai",2026-09-12,https://www.instahyre.com/job-433302-sales-manager-at-korber-pharma-ahmedabad-hyderabad-mumbai/,https://www.korberpharma.com,,"Company: Korber Pharma | Skills: MES, Manufacturing Execution Systems, biotech, pharma, pharmaceutical, sales | Target: Sales Manager",Instahyre
Sales Executive,Physioneeds Academy,Delhi,2026-09-12,https://www.instahyre.com/job-419341-sales-executive-at-physioneeds-academy-delhi/,N/A,,"Company: Physioneeds Academy | Skills: Sales Enablement, Sales Operations | Target: Sales Executive",Instahyre
Sales Executive,Digituall,Bhubaneshwar,2026-09-12,https://www.instahyre.com/job-437807-sales-executive-at-digituall-bhubaneshwar/,https://www.digituall.com,,"Company: Digituall | Skills: Business Development, Corporate Sales, Direct Sales, International Sales, Sales, Telecalling | Target: Sales Executive",Instahyre
Sales Executive,ALYF,Mumbai,2026-09-12,https://www.instahyre.com/job-440414-sales-executive-at-alyf-mumbai/,https://www.alyf.in,,"Company: ALYF | Skills: Presales, Sales | Target: Sales Executive",Instahyre
Sales Consultant,EaseMyTrip.com,Gurgaon,2026-09-12,https://www.instahyre.com/job-419917-sales-consultant-at-easemytrip-2-gurgaon/,N/A,,"Company: EaseMyTrip.com | Skills: GDS, Travel Planning, Presales, Travel Management, Sales, Sales Operations, Galileo, Business Development | Target: Sales Consultant",Instahyre
Sales Executive,SP Transaction Hub Technology,Thane,2026-09-12,https://www.instahyre.com/job-438879-sales-executive-at-sp-transaction-hub-technology-thane/,N/A,,"Company: SP Transaction Hub Technology | Skills: Business Development, Sales | Target: Sales Executive",Instahyre
Sales Executive,Traviyo,Noida,2026-09-12,https://www.instahyre.com/job-419235-sales-executive-at-traviyo-noida/,https://www.traviyo.com,,"Company: Traviyo | Skills: Business Development, Corporate Sales, Direct Sales, Sales | Target: Sales Executive",Instahyre
Sales Manager,3M Estates,Hyderabad,2026-09-12,https://www.instahyre.com/job-435830-sales-manager-at-3m-estates-hyderabad/,https://www.3mestates.com,,"Company: 3M Estates | Skills: Real Estate Broking, Sales | Target: Sales Manager",Instahyre
Sales Engineer,Oritech,"Coimbatore,Hyderabad",2026-09-12,https://www.instahyre.com/job-438557-sales-engineer-at-oritech-coimbatore-hyderabad/,https://www.oritech.io,,"Company: Oritech | Skills: Technical Writing, Sales, Microsoft Office, Driving | Target: Sales Engineer",Instahyre
Sales Executive,Illusion Dental Laboratory,Vadodara,2026-09-12,https://www.instahyre.com/job-433646-sales-executive-at-illusion-dental-laboratory-vadodara/,N/A,,"Company: Illusion Dental Laboratory | Skills: Business Development, Corporate Sales, Direct Sales, Sales | Target: Sales Executive",Instahyre
Sales Executive,Aelyx,Indore,2026-09-12,https://www.instahyre.com/job-424711-sales-executive-at-aelyx-indore/,https://www.aelyx.com,,"Company: Aelyx | Skills: Business Development, International Sales, Sales, Telecalling | Target: Sales Executive",Instahyre
Sales Executive,SHIPLEE,"Bangalore,Delhi,Work From Home",2026-09-12,https://www.instahyre.com/job-381698-sales-executive-at-shiplee-bangalore-delhi-work-from-home/,https://www.shiplee.in,,"Company: SHIPLEE | Skills: Business Development, Corporate Sales, Direct Sales, Sales, Telecalling | Target: Sales Executive",Instahyre
Sales Executive,Wedpainter Studios,Delhi,2026-09-12,https://www.instahyre.com/job-419468-sales-executive-at-wedpainter-studios-delhi/,https://www.wedpainterstudios.in,,"Company: Wedpainter Studios | Skills: Sales Enablement, Sales Forecasting, Sales Operations | Target: Sales Executive",Instahyre
Sales Manager,Deccan Group,Daman & Diu,2026-09-12,https://www.instahyre.com/job-430917-sales-manager-at-deccan-group-daman-diu/,https://www.deccan.in,,"Company: Deccan Group | Skills: CRM, International Sales, Sales | Target: Sales Manager",Instahyre
Sales Executive,Diyos Infotech,Hyderabad,2026-09-12,https://www.instahyre.com/job-435887-sales-executive-at-diyos-infotech-hyderabad/,N/A,,"Company: Diyos Infotech | Skills: Business Development, Corporate Sales, Direct Sales, Sales | Target: Sales Executive",Instahyre
Sales Executive,Meadbery,"Chandigarh,Mohali,Panchkula",2026-09-12,https://www.instahyre.com/job-422799-sales-executive-at-meadbery-chandigarh-mohali-panchkula/,https://www.meadbery.com,,"Company: Meadbery | Skills: Business Development, Direct Sales, Sales, Telecalling | Target: Sales Executive",Instahyre
Sales Executive,Procucev,Bangalore,2026-09-12,https://www.instahyre.com/job-435464-sales-executive-at-procucev-bangalore/,https://www.procucev.com,,"Company: Procucev | Skills: Sales, Telecalling | Target: Sales Executive",Instahyre
Sales Executive,Powerlux,"Bhopal,Korba,Raigarh",2026-09-12,https://www.instahyre.com/job-434037-sales-executive-at-powerlux-bhopal-korba-raigarh/,https://www.powerlux.in,,"Company: Powerlux | Skills: Machine Learning, Power Generators | Target: Sales Executive",Instahyre
Sales Executive,MoneyTree Realty,"Gurgaon,Lucknow,Noida",2026-09-12,https://www.instahyre.com/job-412191-sales-executive-at-moneytree-realty-gurgaon-lucknow-noida/,https://www.moneytreerealty.com,,"Company: MoneyTree Realty | Skills: Business Development, Sales, Telecalling | Target: Sales Executive",Instahyre
Sales Manager,Assurance Developers,Hyderabad,2026-09-12,https://www.instahyre.com/job-433385-sales-manager-at-assurance-developers-hyderabad/,https://www.assurancedevelopers.com,,"Company: Assurance Developers | Skills: Business Development, Direct Sales, Real Estate Broking, Sales | Target: Sales Manager",Instahyre
Sales Associate,Fashor,Chennai,2026-09-12,https://www.instahyre.com/job-432705-sales-associate-at-fashor-chennai/,https://www.fashor.com,,Company: Fashor | Skills: Sales Operations | Target: Sales Associate,Instahyre
Sales Engineer,Gain,Bangalore,2026-09-12,https://www.instahyre.com/job-430790-sales-engineer-at-gain-2-bangalore/,https://www.gain.io,,Company: Gain | Skills: Sales Enablement | Target: Sales Engineer,Instahyre
Sales Executive,Tula Properties,Bangalore,2026-09-12,https://www.instahyre.com/job-430232-sales-executive-at-tula-properties-bangalore/,N/A,,Company: Tula Properties | Skills: Sales | Target: Sales Executive,Instahyre
Sales Manager,Tech SIS,"Bhopal,Chennai,Delhi",2026-09-12,https://www.instahyre.com/job-426143-sales-manager-at-tech-sis-bhopal-chennai-delhi/,https://www.sis.in,,Company: Tech SIS | Skills: CCTV | Target: Sales Manager,Instahyre
Sales Director,MSD Technologies,Bangalore,2026-09-12,https://www.instahyre.com/job-430929-sales-director-at-msd-technologies-bangalore/,https://www.msd.com,,"Company: MSD Technologies | Skills: Sales, GCC | Target: Sales Director",Instahyre
Sales Manager,NanoHealth,Hyderabad,2026-09-12,https://www.instahyre.com/job-68571-sales-manager-at-nanohealth-hyderabad/,https://www.nanohealth.in,,"Company: NanoHealth | Skills: Business Development, Corporate Sales, Direct Sales, Sales | Target: Sales Manager",Instahyre
Sales Head,Sapience Learning Aura AI,"Bangalore,Work From Home",2026-09-12,https://www.instahyre.com/job-426726-sales-head-at-sapience-learning-aura-ai-bangalore-work-from-home/,N/A,,"Company: Sapience Learning Aura AI | Skills: Business Development, Corporate Sales, Direct Sales, International Sales, Sales | Target: Sales Head",Instahyre
Sales Executive,Truva,Mumbai,2026-09-12,https://www.instahyre.com/job-416953-sales-executive-at-truva-mumbai/,https://www.truva.in,,"Company: Truva | Skills: Business Development, Sales | Target: Sales Executive",Instahyre
Sales Operation,Truva,Mumbai,2026-09-12,https://www.instahyre.com/job-423938-sales-operation-at-truva-mumbai/,https://www.truva.in,,Company: Truva | Skills: Sales Operations | Target: Sales Operation,Instahyre
Sales Executive,Wipro,Ahmedabad,2026-09-12,https://www.instahyre.com/job-421650-sales-executive-at-wipro-ahmedabad/,https://www.wipro.com,,"Company: Wipro | Skills: Sales, Business Development, Direct Sales | Target: Sales Executive",Instahyre
Sales Executive,Learning Routes,"Bangalore,Gurgaon,Mumbai",2026-09-12,https://www.instahyre.com/job-393722-sales-executive-at-learning-routes-bangalore-gurgaon-mumbai/,https://www.learningroutes.com,,"Company: Learning Routes | Skills: Business Development, Corporate Sales, Direct Sales, Sales, Telecalling | Target: Sales Executive",Instahyre
Sales Executive,Trivial Chapter,Gurgaon,2026-09-12,https://www.instahyre.com/job-425762-sales-executive-at-trivial-chapter-gurgaon/,https://www.trivialchapter.com,,"Company: Trivial Chapter | Skills: Business Development, Corporate Sales, International Sales, Sales, Telecalling | Target: Sales Executive",Instahyre
Sales Intern,Work4Flow,Work From Home,2026-09-12,https://www.instahyre.com/job-423520-sales-intern-internship-at-work4flow-work-from-home/,https://www.work4flow.com,,Company: Work4Flow | Skills: Sales Training | Target: Sales Intern (Internship),Instahyre
Sales Executive,CoverTiger,Noida,2026-09-12,https://www.instahyre.com/job-425584-sales-executive-at-covertiger-noida/,https://www.covertiger.com,,"Company: CoverTiger | Skills: Business Development, International Sales, Sales, Telecalling | Target: Sales Executive",Instahyre
Sales Manager,Synerthink Solutions,Gurgaon,2026-09-12,https://www.instahyre.com/job-421009-sales-manager-at-synerthink-solutions-gurgaon/,N/A,,"Company: Synerthink Solutions | Skills: BFSI, Business Development, Sales | Target: Sales Manager",Instahyre
Sales Associate,Appinventiv,Noida,2026-09-12,https://www.instahyre.com/job-425321-sales-associate-at-appinventiv-noida/,https://www.appinventiv.com,,"Company: Appinventiv | Skills: Business Development, International Sales, Sales | Target: Sales Associate",Instahyre
Sales Executive,Truva,Bangalore,2026-09-12,https://www.instahyre.com/job-423885-sales-executive-at-truva-bangalore/,https://www.truva.in,,Company: Truva | Skills: Sales | Target: Sales Executive,Instahyre
Sales Analyst,Aurm,Bangalore,2026-09-12,https://www.instahyre.com/job-425288-sales-analyst-at-aurm-bangalore/,https://www.aurm.in,,"Company: Aurm | Skills: crm, field, inside, sales | Target: Sales Analyst",Instahyre
Sales Executive,Portall Infosystems,Mumbai,2026-09-12,https://www.instahyre.com/job-423138-sales-executive-at-portall-infosystems-mumbai/,N/A,,Company: Portall Infosystems | Skills: Sales | Target: Sales Executive,Instahyre
Sales Associate,uCertify,"Allahabad,Noida,Thane",2026-09-12,https://www.instahyre.com/job-410724-sales-associate-at-ucertify-allahabad-noida-thane/,https://www.ucertify.com,,"Company: uCertify | Skills: Business Development, Corporate Sales, Direct Sales, International Sales, Sales, Telecalling | Target: Sales Associate",Instahyre
Sales Associate,uCertify,Noida,2026-09-12,https://www.instahyre.com/job-415470-sales-associate-at-ucertify-noida/,https://www.ucertify.com,,"Company: uCertify | Skills: Business Development, Corporate Sales, International Sales, Sales, Telecalling | Target: Sales Associate",Instahyre
Sales Lead,Coreworks AI,Bangalore,2026-09-12,https://www.instahyre.com/job-420619-sales-lead-at-coreworks-ai-bangalore/,N/A,,"Company: Coreworks AI | Skills: Sales, Business Development, International Sales, Corporate Sales, CRM, Hubspot, Solution Sales, Lead Generation, Lead Qualification, LinkedIn Sales Navigator, Salesforce | Target: Sales Lead",Instahyre
Sales Executive,Ascra Technologies,Mumbai,2026-09-12,https://www.instahyre.com/job-424351-sales-executive-at-ascra-technologies-mumbai/,https://www.ascra.net,,"Company: Ascra Technologies | Skills: Business Development, Sales | Target: Sales Executive",Instahyre
Sales Executive,Amadeus,Noida,2026-09-12,https://www.instahyre.com/job-423234-sales-executive-at-amadeus-noida/,https://www.amadeus.com,,"Company: Amadeus | Skills: International Sales, Business Development, International BPO, Sales | Target: Sales Executive",Instahyre
Sales Manager,Rooman Technologies,"Davangere,Kolkata,Nagpur",2026-09-12,https://www.instahyre.com/job-423159-sales-manager-at-rooman-technologies-davangere-kolkata-nagpur/,https://www.rooman.com,,Company: Rooman Technologies | Skills: Business Development | Target: Sales Manager,Instahyre
Sales Manager,Synerthink Solutions,Gurgaon,2026-09-12,https://www.instahyre.com/job-421012-sales-manager-at-synerthink-solutions-gurgaon/,N/A,,"Company: Synerthink Solutions | Skills: Corporate Sales, Sales, Business Development | Target: Sales Manager",Instahyre
Sales Manager,Truva,Mumbai,2026-09-12,https://www.instahyre.com/job-422220-sales-manager-at-truva-mumbai/,https://www.truva.in,,Company: Truva | Skills: Sales | Target: Sales Manager,Instahyre
Sales Manager,Rooman Technologies,Kolkata,2026-09-12,https://www.instahyre.com/job-423195-sales-manager-at-rooman-technologies-kolkata/,https://www.rooman.com,,"Company: Rooman Technologies | Skills: Business Development, Sales | Target: Sales Manager",Instahyre
Sales Executive,Nandi Playing Cards,Bangalore,2026-09-12,https://www.instahyre.com/job-375045-sales-executive-at-nandi-playing-cards-bangalore/,https://www.nandiplayingcards.com,,"Company: Nandi Playing Cards | Skills: Sales, Business Development, Print Advertising, Social Media Marketing, Content Marketing | Target: Sales Executive",Instahyre
Sales Manager,Rooman Technologies,"Jaipur,Rajsamand,Udaipur",2026-09-12,https://www.instahyre.com/job-423161-sales-manager-at-rooman-technologies-jaipur-rajsamand-udaipur/,https://www.rooman.com,,"Company: Rooman Technologies | Skills: Business Development, Direct Sales, Sales | Target: Sales Manager",Instahyre
Sales Recruiter,House of Models,Bangalore,2026-09-12,https://www.instahyre.com/job-422435-sales-recruiter-at-house-of-models-bangalore/,https://www.houseofmodels.com,,Company: House of Models | Skills: Non IT Recruitment | Target: Sales Recruiter,Instahyre
Sales Manager,Scaler Academy,Bangalore,2026-09-12,https://www.instahyre.com/job-422461-sales-manager-at-scaler-academy-bangalore/,https://www.scaleracademy.com,,"Company: Scaler Academy | Skills: Education Counselling, Sales | Target: Sales Manager",Instahyre
Sales Manager,futureMBBS,Gurgaon,2026-09-12,https://www.instahyre.com/job-419234-sales-manager-at-futurembbs-gurgaon/,https://www.futurembbs.com,,"Company: futureMBBS | Skills: Sales, Telecalling, Direct Sales, Business Development, Corporate Sales, International Sales | Target: Sales Manager",Instahyre
Sales Intern,Focaccia Digital,Gurgaon,2026-09-12,https://www.instahyre.com/job-410777-sales-intern-at-focaccia-digital-2-gurgaon/,https://www.focacciadigital.com,,Company: Focaccia Digital | Skills: Sales | Target: Sales Intern,Instahyre
Sales Executive,Traffic HQ,Mumbai,2026-09-12,https://www.instahyre.com/job-420905-sales-executive-at-traffic-hq-mumbai/,https://www.traffichq.in,,"Company: Traffic HQ | Skills: Business Development, Presales, Sales | Target: Sales Executive",Instahyre
Sales Manager,IntelliDB Enterprise,"Bangalore,Mumbai",2026-09-12,https://www.instahyre.com/job-419956-sales-manager-at-intellidb-enterprise-bangalore-mumbai/,https://www.intellidbenterprise.com,,Company: IntelliDB Enterprise | Skills: Corporate Sales | Target: Sales Manager,Instahyre
Sales Executive,OnGraph Technologies,Chennai,2026-09-12,https://www.instahyre.com/job-419459-sales-executive-at-ongraph-technologies-chennai/,https://www.ongraph.in,,"Company: OnGraph Technologies | Skills: Business Development, Sales | Target: Sales Executive",Instahyre
Sales Executive,Vaidam Management and Services,"Delhi,Kolkata,Mumbai",2026-09-12,https://www.instahyre.com/job-418760-sales-executive-at-vaidam-management-and-services-delhi-kolkata-mumbai/,N/A,,"Company: Vaidam Management and Services | Skills: Business Development, Corporate Sales, Direct Sales, Sales | Target: Sales Executive",Instahyre
Sales Executive,Mojo Realty,Hyderabad,2026-09-12,https://www.instahyre.com/job-415147-sales-executive-at-mojo-realty-hyderabad/,N/A,,"Company: Mojo Realty | Skills: Business Development, International Sales, Sales, Telecalling | Target: Sales Executive",Instahyre
Sales Manager,Homes247.in,Bangalore,2026-09-12,https://www.instahyre.com/job-418054-sales-manager-at-homes247-bangalore/,N/A,,"Company: Homes247.in | Skills: Sales, Telecalling | Target: Sales Manager",Instahyre
Sales Manager,MoneyTree Realty,"Gurgaon,Noida",2026-09-12,https://www.instahyre.com/job-412973-sales-manager-at-moneytree-realty-gurgaon-noida/,https://www.moneytreerealty.com,,Company: MoneyTree Realty | Skills: Sales | Target: Sales Manager,Instahyre
Sales Executive,Wardiere Technologies,Bangalore,2026-09-12,https://www.instahyre.com/job-414605-sales-executive-at-wardiere-technologies-bangalore/,N/A,,"Company: Wardiere Technologies | Skills: Business Development, Sales, Telecalling | Target: Sales Executive",Instahyre
Sales Executive,NoBroker,Bangalore,2026-09-12,https://www.instahyre.com/job-416921-sales-executive-at-nobroker-bangalore/,https://www.nobroker.com,,"Company: NoBroker | Skills: Sales, Telecalling | Target: Sales Executive",Instahyre
Sales Manager,MoneyTree Realty,Noida,2026-09-12,https://www.instahyre.com/job-412190-sales-manager-at-moneytree-realty-noida/,https://www.moneytreerealty.com,,"Company: MoneyTree Realty | Skills: Business Development, Corporate Sales, Direct Sales, Sales, Telecalling | Target: Sales Manager",Instahyre
Sales Manager,Probe42,"Chennai,Delhi,Mumbai",2026-09-12,https://www.instahyre.com/job-400580-sales-manager-at-probe42-chennai-delhi-mumbai/,https://www.probe42.com,,"Company: Probe42 | Skills: Business Development, Sales | Target: Sales Manager",Instahyre
Sales Manager,Seekfactory,Delhi,2026-09-12,https://www.instahyre.com/job-409451-sales-manager-at-seekfactory-delhi/,https://www.seekfactory.com,,"Company: Seekfactory | Skills: Business Development, Direct Sales, Sales, Telecalling | Target: Sales Manager",Instahyre
Sales Manager,Innovate Labs,Gurgaon,2026-09-12,https://www.instahyre.com/job-415818-sales-manager-at-innovate-labs-gurgaon/,https://www.innovate.ai,,"Company: Innovate Labs | Skills: Corporate Sales, Sales | Target: Sales Manager",Instahyre
Sales Executive,THE GRID,Bangalore,2026-09-12,https://www.instahyre.com/job-442838-sales-executive-at-the-grid-bangalore/,https://www.thegrid.com,,"Company: THE GRID | Skills: english, retail, sales | Target: Sales Executive",Instahyre
Sales Executive,Skymeric Technologies,Pune,2026-09-12,https://www.instahyre.com/job-442027-sales-executive-at-skymeric-technologies-pune/,https://www.skymeric.com,,"Company: Skymeric Technologies | Skills: bde, business development, closing, deals, lead generation, negotiation, outreach, prospecting, sales, selling | Target: Sales Executive",Instahyre
Sales Executive,Indo Spark construction services,"Pimpri-Chinchwad,Pune",2026-09-12,https://www.instahyre.com/job-441989-sales-executive-at-indo-spark-construction-services-pimpri-chinchwad-pune/,N/A,,"Company: Indo Spark construction services | Skills: b2b, construction, fasteners, field, hardware, materials, sales | Target: Sales Executive",Instahyre
Sales Engineer,Shah Brothers,"Mumbai,Thane",2026-09-12,https://www.instahyre.com/job-441607-sales-engineer-at-shah-brothers-mumbai-thane/,https://www.shahbrothers.in,,"Company: Shah Brothers | Skills: B2B, sale engineer | Target: Sales Engineer",Instahyre
Sales Specialist,Shah Brothers,Ahmedabad,2026-09-12,https://www.instahyre.com/job-441573-sales-specialist-at-shah-brothers-ahmedabad/,https://www.shahbrothers.in,,Company: Shah Brothers | Skills: Sales | Target: Sales Specialist,Instahyre
Sales Manager,SMS-Magic,Bangalore,2026-09-12,https://www.instahyre.com/job-441491-sales-manager-at-sms-magic-bangalore/,N/A,,"Company: SMS-Magic | Skills: Sales, International Sales, Business Development, Marketing, Salesforce | Target: Sales Manager",Instahyre
Sales Manager,Sign3,"Gurgaon,Mumbai",2026-09-12,https://www.instahyre.com/job-440200-sales-manager-at-sign3-2-gurgaon-mumbai/,https://www.sign3.io,,"Company: Sign3 | Skills: Sales, Lead Generation, Fraud Management, Risk Management, Business Development | Target: Sales Manager",Instahyre
Sales Manager,Nihilent,"Chennai,Kolkata,Pune",2026-09-12,https://www.instahyre.com/job-438076-sales-manager-at-nihilent-2-chennai-kolkata-pune/,https://www.nihilent.com,,"Company: Nihilent | Skills: ServiceNow, Sales, Business Development | Target: Sales Manager",Instahyre
Sales Coordinator,Hindustan Tin Works,Delhi,2026-09-12,https://www.instahyre.com/job-433990-sales-coordinator-at-hindustan-tin-works-delhi/,N/A,,Company: Hindustan Tin Works | Skills: Sales Operations | Target: Sales Coordinator,Instahyre
Sales Executive,uCertify,Noida,2026-09-12,https://www.instahyre.com/job-433687-sales-executive-at-ucertify-noida/,https://www.ucertify.com,,"Company: uCertify | Skills: Business Development, International Sales, Sales | Target: Sales Executive",Instahyre
Sales Executive,AnandaVana By Nature Nest,Delhi,2026-09-12,https://www.instahyre.com/job-432980-sales-executive-at-anandavana-by-nature-nest-delhi/,N/A,,Company: AnandaVana By Nature Nest | Skills: Sales | Target: Sales Executive,Instahyre
Sales Manager,Voltas,Hyderabad,2026-09-12,https://www.instahyre.com/job-432195-sales-manager-at-voltas-hyderabad/,https://www.voltas.com,,"Company: Voltas | Skills: b2b, business-to-business, direct sales, sales | Target: Sales Manager",Instahyre
Sales Executive,Hcube WowCarz,Bangalore,2026-09-12,https://www.instahyre.com/job-430652-sales-executive-at-hcube-wowcarz-bangalore/,N/A,,Company: Hcube WowCarz | Skills: Sales | Target: Sales Executive,Instahyre
Sales Executive,Key,Dubai,2026-09-12,https://www.instahyre.com/job-430594-sales-executive-at-key-dubai/,https://www.key.ai,,"Company: Key | Skills: Sales, VMware vCloud, Business Development | Target: Sales Executive",Instahyre
Sales Head,Oro Resort,Bangalore,2026-09-12,https://www.instahyre.com/job-428990-sales-head-at-oro-resort-bangalore/,https://www.ororesort.com,,"Company: Oro Resort | Skills: Sales, Corporate Sales, MICE, Lead Generation, LinkedIn, Direct Sales | Target: Sales Head",Instahyre
Sales Executive,Intelizest,Chennai,2026-09-12,https://www.instahyre.com/job-428536-sales-executive-at-intelizest-chennai/,https://www.intelizest.com,,Company: Intelizest | Skills: Marketing | Target: Sales Executive,Instahyre
Sales Executive,Green Cascades,Visakhapatnam,2026-09-12,https://www.instahyre.com/job-423957-sales-executive-at-green-cascades-visakhapatnam/,https://www.greencascades.in,,"Company: Green Cascades | Skills: Business Development, Corporate Sales, Direct Sales, International Sales, Sales, Telecalling | Target: Sales Executive",Instahyre
Sales Manager,Rooman Technologies,Tirupati,2026-09-12,https://www.instahyre.com/job-423223-sales-manager-at-rooman-technologies-tirupati/,https://www.rooman.com,,"Company: Rooman Technologies | Skills: Business Development, Sales | Target: Sales Manager",Instahyre
Sales Specialist,Unacademy,"Bangalore,Gurgaon",2026-09-12,https://www.instahyre.com/job-423094-sales-specialist-at-unacademy-bangalore-gurgaon/,https://www.unacademy.com,,"Company: Unacademy | Skills: Sales, Business Development, Telecalling | Target: Sales Specialist",Instahyre
Sales Manager,Electronica Finance,"Bangalore,Hyderabad",2026-09-12,https://www.instahyre.com/job-416887-sales-manager-at-electronica-finance-bangalore-hyderabad/,https://www.electronicafinance.in,,"Company: Electronica Finance | Skills: Loans, SME, Sales, Automobile Loans, Business Development, Commercial Vehicle Loans, Corporate Loans, Industrial Machinery, Solar Energy | Target: Sales Manager",Instahyre
Sales Specialist,PolicyBazaar.com,Gurgaon,2026-09-12,https://www.instahyre.com/job-416543-sales-specialist-at-policybazaar-gurgaon/,N/A,,Company: PolicyBazaar.com | Skills: sales | Target: Sales Specialist,Instahyre
Sales Executive,HTCL Technologies,Bangalore,2026-09-12,https://www.instahyre.com/job-416340-sales-executive-at-htcl-technologies-bangalore/,https://www.htcl.com,,"Company: HTCL Technologies | Skills: Corporate Sales, Direct Sales, Sales | Target: Sales Executive",Instahyre
Corporate Event Sales & Sales Manager,Game Wagon,Bangalore,2026-09-12,https://www.instahyre.com/job-436716-corporate-event-sales-sales-manager-at-game-wagon-bangalore/,https://www.gamewagon.com,,"Company: Game Wagon | Skills: Business Development, Corporate Sales, Sales | Target: Corporate Event Sales & Sales Manager",Instahyre
Head of Business Development & Corporate Sales,Hike,"Delhi,Gurgaon",2026-09-12,https://www.instahyre.com/job-439733-head-of-business-development-corporate-sales-at-hike-delhi-gurgaon/,https://www.hike.com,,"Company: Hike | Skills: Corporate Sales, Direct Sales, Business Development, Market Research, Sales, Distribution | Target: Head of Business Development & Corporate Sales",Instahyre
Sales and Business Development Manager,Oron Systems,Noida,2026-09-12,https://www.instahyre.com/job-440780-sales-and-business-development-manager-internship-at-oron-systems-noida/,N/A,,"Company: Oron Systems | Skills: HR Tech, acquisition, bizdev, business development, enterprise sales, inside sales, media, saas, sales, selling | Target: Sales and Business Development Manager (Internship)",Instahyre
Sales and Business Development Manager,Lemnisk,Bangalore,2026-09-12,https://www.instahyre.com/job-437245-sales-and-business-development-manager-at-lemnisk-bangalore/,https://www.lemnisk.com,,"Company: Lemnisk | Skills: Business Development, Sales, Key Account Management | Target: Sales and Business Development Manager",Instahyre
Business Development Manager - International Sales,iThink Logistics,"Mumbai,Surat",2026-09-12,https://www.instahyre.com/job-441886-business-development-manager-international-sales-at-ithink-logistics-mumbai-surat/,https://www.ithinklogistics.com,,"Company: iThink Logistics | Skills: Sales, Business Development, International Sales, International Logistics, Outbound Logistics, Home Decor, CRM, Customer Service, Corporate Sales, Microsoft Office | Target: Business Development Manager - International Sales",Instahyre
Business Development / Inside Sales Executive,Zentech Info Solutions,"Delhi,Mumbai",2026-09-12,https://www.instahyre.com/job-440911-business-development-inside-sales-executive-at-zentech-info-solutions-delhi-mumbai/,https://www.zentechinfo.com,,"Company: Zentech Info Solutions | Skills: Business Development, Sales | Target: Business Development / Inside Sales Executive",Instahyre
Business Development (Inside Sales) Intern,AblyWorks,"Delhi,Gurgaon,Noida",2026-09-12,https://www.instahyre.com/job-435029-business-development-inside-sales-intern-internship-at-ablyworks-delhi-gurgaon-noida/,https://www.ablyworks.com,,"Company: AblyWorks | Skills: Sales, Telecalling, Business Development, Direct Sales, Market Research, Sales Forecasting | Target: Business Development (Inside Sales) Intern (Internship)",Instahyre
Business Development Executive - IT Sales,Mypcot Infotech,"Bangalore,Gurgaon,Mumbai",2026-09-12,https://www.instahyre.com/job-426828-business-development-executive-it-sales-at-mypcot-infotech-bangalore-gurgaon-mumbai/,https://www.mypcotinfotech.com,,"Company: Mypcot Infotech | Skills: Sales, Business Development, Education Counselling, Educational Content | Target: Business Development Executive - IT Sales",Instahyre
Business Development Executive - B2C Sales,Surgenix Healthcare,Gurgaon,2026-09-12,https://www.instahyre.com/job-433981-business-development-executive-b2c-sales-at-surgenix-healthcare-gurgaon/,https://www.surgenixhealthcare.com,,"Company: Surgenix Healthcare | Skills: Business Development, Sales | Target: Business Development Executive - B2C Sales",Instahyre
Business Development Manager - Technical Sales,IBI Group,Mumbai,2026-09-12,https://www.instahyre.com/job-426458-business-development-manager-technical-sales-at-ibi-group-mumbai/,https://www.ibi.org,,"Company: IBI Group | Skills: Sales, Business Development, Corporate Sales, CCTV | Target: Business Development Manager - Technical Sales",Instahyre
Business Development Executive (Inside Sales),dataFloat,Mohali,2026-09-12,https://www.instahyre.com/job-424311-business-development-executive-inside-sales-at-datafloat-mohali/,https://www.datafloat.com,,"Company: dataFloat | Skills: Sales, Business Development | Target: Business Development Executive (Inside Sales)",Instahyre
Sales and Business Development Associate,Tutopia Learning,Kolkata,2026-09-12,https://www.instahyre.com/job-442670-sales-and-business-development-associate-at-tutopia-learning-kolkata/,N/A,,"Company: Tutopia Learning | Skills: Bengali, business development, sales | Target: Sales and Business Development Associate",Instahyre
Manager Sales and Business Development,SNG India,"Bangalore,Delhi,Mumbai",2026-09-12,https://www.instahyre.com/job-434808-manager-sales-and-business-development-at-sng-india-bangalore-delhi-mumbai/,https://www.sng.in,,"Company: SNG India | Skills: Business Development, Corporate Sales, Direct Sales, Sales, Telecalling | Target: Manager Sales and Business Development",Instahyre
Head of Inside Sales (Pre - Sales),Truva,Mumbai,2026-09-12,https://www.instahyre.com/job-434062-head-of-inside-sales-pre-sales-at-truva-mumbai/,https://www.truva.in,,"Company: Truva | Skills: CRM, HubSpot, LeadSquared, Salesforce, Zoho CRM, customer success, growth operations, inside sales, pre-sales, presales, sales operations | Target: Head of Inside Sales (Pre - Sales)",Instahyre
Inside Sales Associate,Swipe,Hyderabad,2026-09-12,https://www.instahyre.com/job-436129-inside-sales-associate-at-swipe-hyderabad/,https://www.swipe.com,,"Company: Swipe | Skills: Business Development, Direct Sales, Sales | Target: Inside Sales Associate",Instahyre
Account Executive,Nihilent,Mumbai,2026-09-12,https://www.instahyre.com/job-432320-account-executive-at-nihilent-2-mumbai/,https://www.nihilent.com,,"Company: Nihilent | Skills: International Sales, Sales, Business Development | Target: Account Executive",Instahyre
Inside Sales Executive,UNext Learning,Noida,2026-09-12,https://www.instahyre.com/job-404618-inside-sales-executive-at-unext-learning-noida/,https://www.unextlearning.com,,"Company: UNext Learning | Skills: Sales, Business Development, Telecalling, Direct Sales | Target: Inside Sales Executive",Instahyre
Admission Officer,UNext Learning,Bangalore,2026-09-12,https://www.instahyre.com/job-416836-admission-officer-at-unext-learning-bangalore/,https://www.unextlearning.com,,"Company: UNext Learning | Skills: Sales, Business Development, Customer Relationship, Corporate Sales | Target: Admission Officer",Instahyre
Business Development Manager (ATS / HRMS),WaayuPay,"Delhi,Gurgaon,Noida",2026-09-12,https://www.instahyre.com/job-417587-business-development-manager-ats-hrms-at-waayupay-delhi-gurgaon-noida/,https://www.waayupay.com,,"Company: WaayuPay | Skills: SSAS, HRMS, LMS, Sales, Business Development, Direct Sales, Corporate Sales | Target: Business Development Manager (ATS / HRMS)",Instahyre
Zonal Sales Manager (Third Line),Lead and Sales,Mumbai,2026-09-12,https://www.instahyre.com/job-433765-zonal-sales-manager-third-line-at-lead-and-sales-mumbai/,https://www.leadandsales.com,,"Company: Lead and Sales | Skills: Dermatology, Sales, Business Development | Target: Zonal Sales Manager (Third Line)",Instahyre
Sales Development Representative,Mareana,Bangalore,2026-09-12,https://internshala.com/job/detail/sales-development-representative-job-in-bangalore-at-mareana1787272358,https://www.mareana.com,,Company: Mareana | CTC: Not disclosed | Experience: 0-2 years | Location: Bangalore,Internshala
Sales Development Representative,Volody,Bangalore,2026-09-12,https://internshala.com/job/detail/fresher-sales-development-representative-job-in-bangalore-at-volody1788136270,https://www.volody.com,,Company: Volody | CTC: Not disclosed | Experience: 0-2 years | Location: Bangalore,Internshala
Sales Development Representative,LWYD Interactive,Bangalore,2026-09-12,https://internshala.com/job/detail/sales-development-representative-job-in-bangalore-at-lwyd-interactive1788482008,N/A,,Company: LWYD Interactive | CTC: Not disclosed | Experience: 0-2 years | Location: Bangalore,Internshala
Sales Development Representative,Tutorcloud.ai,Bangalore,2026-09-12,https://internshala.com/job/detail/sales-development-representative-job-in-bangalore-at-tutorcloudai1788482023,N/A,,Company: Tutorcloud.ai | CTC: Not disclosed | Experience: 0-2 years | Location: Bangalore,Internshala
Sales Development Representative,The Takeoff AI,Bangalore,2026-09-12,https://internshala.com/job/detail/sales-development-representative-job-in-bangalore-at-the-takeoff-ai1789371624,N/A,,Company: The Takeoff AI | CTC: Not disclosed | Experience: 0-2 years | Location: Bangalore,Internshala
Sales Development Representative,Quintype Technologies Incorporation,Bangalore,2026-09-12,https://internshala.com/job/detail/sales-development-representative-job-in-bangalore-at-quintype-technologies-incorporation1787963451,N/A,,Company: Quintype Technologies Incorporation | CTC: Not disclosed | Experience: 0-2 years | Location: Bangalore,Internshala
Sales Development Representative,ClearTax For Business,Bangalore,2026-09-12,https://internshala.com/job/detail/sales-development-representative-job-in-bangalore-at-cleartax-for-business1789000328,https://www.cleartax.in,,Company: ClearTax For Business | CTC: Not disclosed | Experience: 0-2 years | Location: Bangalore,Internshala
Sales Development Representative,AsteroidX,Bangalore,2026-09-12,https://internshala.com/job/detail/fresher-sales-development-representative-job-in-bangalore-at-asteroidx1789375445,https://www.asteroidx.com,,Company: AsteroidX | CTC: Not disclosed | Experience: 0-2 years | Location: Bangalore,Internshala
Sales Development Representative,Lifie AI,Bangalore,2026-09-12,https://internshala.com/job/detail/sales-development-representative-job-in-bangalore-at-lifie-ai1789369585,N/A,,Company: Lifie AI | CTC: Not disclosed | Experience: 0-2 years | Location: Bangalore,Internshala
Sales Development Representative,Libra AI,Bangalore,2026-09-12,https://internshala.com/job/detail/sales-development-representative-job-in-bangalore-at-libra-ai1787185981,https://www.libraai.in,,Company: Libra AI | CTC: Not disclosed | Experience: 0-2 years | Location: Bangalore,Internshala
Sales Development Representative,ToolJet,Bangalore,2026-09-12,https://internshala.com/job/detail/fresher-sales-development-representative-job-in-bangalore-at-tooljet1782118028,https://www.tooljet.com,,Company: ToolJet | CTC: Not disclosed | Experience: 0-2 years | Location: Bangalore,Internshala
Tele Sales Executive,Dezire HR Services Hiring For Fintech company,Bangalore,2026-09-11,https://www.shine.com/jobs/tele-sales-executive/dezire-hr-services/19549923,N/A,0.0,"Company: Dezire HR Services Hiring For Fintech company | Salary: Not disclosed | Exp: 0 to 4 Yrs | <p><strong>Job Title: Tele Sales Executive</strong></p>
<p><strong>Share your resume, or please contact HR Chandrakala at 984 42 78 650</strong></p>
<p>Work Schedule: 6 Days Working | 10 am - 7 pm <br />Work Location: Hoodi, Bangalore (Work From Office)<br />Compensation: 17,000&ndash;24,000 In-Han...",Shine
Financial Consultant | Field Sales,QRN Services,"Bangalore, Gujarat, Noida, Hyderabad, Thane, Mumbai City, Delhi",2026-09-11,https://www.shine.com/jobs/financial-consultant-field-sales/qrn-services/19549915,N/A,0.0,"Company: QRN Services | Salary: Not disclosed | Exp: 0 to 4 Yrs | <h3><span> Job Responsibilities</span></h3>
<ul data-spread=""false"">
<li><span>Generate new business through field sales activities.</span></li>
<li><span>Acquire and onboard new clients for financial/broking products.</span></li>
<li><span>Understand customer requirements and recommend suitable financial products.</span></li>
...",Shine
Sales Executive Engineer,MAS INDUSTRIES PVT. LTD.,"Bangalore, Hyderabad",2026-09-15,https://www.shine.com/jobs/sales-executive-engineer/mas-industries-pvt-ltd/19551104,https://www.masindustries.net,0.0,"Company: MAS INDUSTRIES PVT. LTD. | Salary: Not disclosed | Exp: 0 to 1 Yr | <h2><span>Key Responsibilities</span></h2>
<ul data-spread=""false"">
<li><span>Identify and develop new business opportunities in the assigned territory.</span></li>
<li><span>Meet builders, architects, consultants, contractors, and end customers to generate sales leads.</span></li>
<li><span>Promote complete elevators...",Shine
DGM/GM - Sales & Marketing,Jobs Territory Hiring For SISCOL,"Bangalore, Chennai, Hyderabad, Mumbai City, Nagpur, Vadodara",2026-09-15,https://www.shine.com/jobs/dgm-gm-sales-marketing/jobs-territory/19551064,N/A,0.0,"Company: Jobs Territory Hiring For SISCOL | Salary: Not disclosed | Exp: 16 to 20 Yrs | <h1><span>DGM / GM Sales &amp; Marketing</span></h1>
<h3><span>Structural Steel Fabrication | EPC | Project Sales | Business Development</span></h3>
<p class=""isSelectedEnd""><strong><span>Locations:</span></strong><span> Hyderabad, Bangalore, Vadodara, Chennai, Mumbai &amp; Nagpur</span><br /><strong><span>Ex...",Shine
Direct Sales Leader,Aspire ERP Systems Hiring For MNC For Life Insurance Client Of Aspire,"Bangalore, Rajkot, Pune, Mumbai City, Surat, Ahmedabad",2026-09-14,https://www.shine.com/jobs/direct-sales-leader/aspire-erp-systems/19550105,N/A,0.0,"Company: Aspire ERP Systems Hiring For MNC For Life Insurance Client Of Aspire | Salary: Not disclosed | Exp: 4 to 9 Yrs | <ul>
<li>
<p>Dear Associate</p>
<p>We Have Urgent Open Position In TOP MNC Companies.</p>
</li>
<li>
<p><br />For Apply Call on 9049228518 or Email on aspirebfsijobs1@gmail.com</p>
<strong>Experience:</strong>&nbsp;Minimum 5 years of overall life insurance experience.</...",Shine
Mgr- Sr Mgr - Electrical project sales,MEGMA SERVICES,"Bangalore, Hyderabad",2026-09-11,https://www.shine.com/jobs/mgr-sr-mgr-electrical-project-sales/megma-services/19549917,https://www.megma.com,0.0,"Company: MEGMA SERVICES | Salary: Not disclosed | Exp: 4 to 9 Yrs | <p>Leading Electrical and MEP contracting company requires Mgr/ Sr Mgr( Electrical and MEP Projects)- Bangalore/ Hyderabad</p>
<p>One of our client a 30 year old Electrical and turnkey MEP contracting solutions company head quatered in Bangalore with operations in over 5 metro cities if India that consistently exceed expectations...",Shine
Area Sales Manager (Bangalore),ETHOS HR MANAGEMENT AND PROJECTS LIMITED,Bangalore,2026-09-10,https://www.shine.com/jobs/area-sales-manager-bangalore/ethos-hr-management-and-projects-limited/19549204,N/A,0.0,"Company: ETHOS HR MANAGEMENT AND PROJECTS LIMITED | Salary: Not disclosed | Exp: 3 to 8 Yrs | <p><strong>Role Summary</strong></p>
<p>We are looking for an Area Sales Manager to drive district-level sales of solar inverter products. The role involves developing and executing sales strategies, appointing and managing dealers, distributors, and channel partners, and building strong relationships wi...",Shine
Sales Engineer,Bry Air (Asia) Pvt. Ltd.,"Bangalore, Chennai, Hyderabad",2026-09-15,https://www.shine.com/jobs/sales-engineer/bry-air-asia-pvt-ltd/19551021,https://www.bryairasia.in,0.0,"Company: Bry Air (Asia) Pvt. Ltd. | Salary: Not disclosed | Exp: 3 to 6 Yrs | <p><strong>Key Responsibilities</strong></p>
<ul>
<li>Achieve assigned sales targets and grow business in the allocated territory</li>
<li>Identify and develop new customers and business opportunities</li>
<li>Build and maintain strong relationships with customers, consultants, and contractors</li>
<li>Conduct marke...",Shine
Business Development Intern,UNITED CARGO LOGISTIC,"Bangalore, Bangladesh, South Africa, Noida, Chattisgarh, Chennai, Hyderabad, Kolkata, Gurugram, Pune, Mumbai City, Ghana, Delhi, Kenya",2026-09-15,https://www.shine.com/jobs/business-development-intern/united-cargo-logistic/19551079,https://www.unitedcargologistic.com,0.0,"Company: UNITED CARGO LOGISTIC | Salary: Not disclosed | Exp: 15 to >25 Yrs | <p>If youre a recent graduate or about to complete your studies and are fascinated by technology and sales, our Business Development Internship Program is your opportunity to shine.</p>
<p>In this role, youll learn about business development and how a fast-growing sales team operates.</p>
<p>Youll be part of a team foc...",Shine
Business Development Executive,KADTECH HR SOLUTIONS,Bangalore,2026-09-15,https://www.shine.com/jobs/business-development-executive/kadtech-hr-solutions/19551098,https://www.kadtechhr.com,0.0,"Company: KADTECH HR SOLUTIONS | Salary: Not disclosed | Exp: 0 to 3 Yrs | 
<span data-offset-key=""2ojhu-0-0""><span data-text=""true"">Key Skills &amp; Requirements <br /><br /><br />1.Identify and connect with business owners, SMEs, and professionals using company-provided leads.</span></span>


<span data-offset-key=""fvn57-0-0""><span data-text=""true"">2. Conduct client meetings, present digital ...",Shine
Tele sales,BRIGHT E-SOURCING LLP.,Bangalore,2026-09-11,https://www.shine.com/jobs/tele-sales/bright-e-sourcing-llp/19549916,N/A,0.0,"Company: BRIGHT E-SOURCING LLP. | Salary: Not disclosed | Exp: 0 to 1 Yr | <p>WE ARE HIRING for Muthoot sales<br /><br /></p>
<p>Freshers with South Indian Language (Telugu) with Basic English</p>
<p>Salary -Fresher 15500 exp 18000</p>
<p><br />Shift Timings : Day Shift (9.30 to 6.30)</p>
<p><br />Sunday should be off</p>
<p><br />Work&nbsp; Location: Kothnur</p>",Shine
Assistant Manager - B2B Sales - Turnkey Interiors Solutions,Pepperfry,Bangalore,2026-09-10,https://www.shine.com/jobs/assistant-manager-b2b-sales-turnkey-interiors-solutions/pepperfry/19549635,https://www.pepperfry.org,0.0,"Company: Pepperfry | Salary: Not disclosed | Exp: 24 to >25 Yrs | Sales &


Lead Generation



Generate new leads through networking, referrals, platforms like LinkedIn, project tracking tools, and industry connects.


Build a healthy pipeline of qualified leads with clear funnel visibility.


Track project developments, PMC firms, architects, and real estate movements.


Engage with decision make...",Shine
Senior/ Business Development Executive Bangalore,Cielo Talent,Bangalore,2026-09-10,https://www.shine.com/jobs/senior-business-development-executive-bangalore/cielo-talent/19549306,https://www.cielotalent.com,0.0,"Company: Cielo Talent | Salary: Not disclosed | Exp: 1 to 5 Yrs | Company Description

One of the most admiring learning solutions companies in India and Africa, providing end to end new age learning solutions to 400+ Corporate clients across this region.

We have over 3,000 learning and development specialists and their domain expertise in across 21 industry verticals.

In terms of accolades, we ...",Shine
SDR Interns (Sales Development Representative),AppOpen,Bangalore,2026-09-13,https://www.shine.com/jobs/sdr-interns-sales-development-representative/appopen/19550540,https://www.appopen.io,0.0,"Company: AppOpen | Salary: Not disclosed | Exp: 0 to 4 Yrs | We're Hiring: SDR Interns | HSR Bengaluru

 Openings: 2

 Location: HSR, Bengaluru

 Stipend: 10,000/month + performance bonus




What you'll do:

Lead generation via LinkedIn & email outreachProspect research and lead qualificationBook meetings with founders & business ownersInternational B2B sales - US & UK markets


Who we're looking...",Shine
Sales Development Representative (SDR) - Bangalore,FirstHive Tech Corporation,Bangalore,2026-09-13,https://www.shine.com/jobs/sales-development-representative-sdr-bangalore/firsthive-tech-corporation/19550531,https://www.firsthive.com,0.0,"Company: FirstHive Tech Corporation | Salary: Not disclosed | Exp: 0 to 4 Yrs | Experience: Previous experience in sales, customer service, or a related field is a plus but not required.
Education: Bachelor's degree in Business Administration, Marketing, or related field preferred.
Location: Bangalore
What is the role 



The role is responsible for generating and qualifying leads for the sales te...",Shine
Turbizo.com - Cofounder/Head - Sales - IIM/FMS/IIT/NIT/ISB/XLRI,Turbizo,Bangalore,2026-09-10,https://www.shine.com/jobs/turbizocom-cofounder-head-sales-iim-fms-iit-nit-isb-xlri/turbizo/19549597,https://www.turbizo.com,0.0,"Company: Turbizo | Salary: Not disclosed | Exp: 5 to 10 Yrs | Job Title: Co-Founder, SalesLocation: BengaluruCompany: turbizo.comAbout Us: Turbizo is an innovative startup focused on transforming employee transportation through cutting-edge technology and seamless logistics. Our mission is to enhance the commuting experience for employees while optimizing transportation efficiency for businesses. ...",Shine
Sales Manager  Resort Sales,Rosetta Hospitality,Bangalore,2026-09-10,https://www.shine.com/jobs/sales-manager-resort-sales/rosetta-hospitality/19549475,https://www.rosettahospitality.com,0.0,Company: Rosetta Hospitality | Salary: Not disclosed | Exp: 0 to 4 Yrs | Job ResponsibilitiesGeneral Responsibilities: Responsible to do a complete show around for clients visiting the resort for adhoc groups & events Have in-depth knowledge of our product and competitors Answer all calls within 3 rings All queries to be reverted within 12 hours of receivingSpecific Responsibilities Responsible fo...,Shine
"Associate Director, Sales Enablement - Proposal Engine Lead",Kyndryl,Bangalore,2026-09-10,https://www.shine.com/jobs/associate-director-sales-enablement-proposal-engine-lead/kyndryl/19549553,https://www.kyndryl.com,0.0,"Company: Kyndryl | Salary: Not disclosed | Exp: 6 to 10 Yrs | Who We Are

At Kyndryl, we run and reimagine the mission-critical technology systems that drive advantage for the world's leading businesses. We are at the heart of progress with proven expertise and a continuous flow of AI-powered insight, enabling smarter decisions, faster innovation, and a lasting competitive edge. For our people-Kyn...",Shine
Customer Service Executive - Sales,Tata Capital Finance Ltd,Bangalore,2026-09-13,https://www.shine.com/jobs/customer-service-executive-sales/tata-capital-finance-ltd/19550326,N/A,0.0,Company: Tata Capital Finance Ltd | Salary: Not disclosed | Exp: 0 to 4 Yrs | Customer Service - Sales - Housing - DM - Bengaluru - Kanakapura Road - CRE *JM* 10367 Achieving business targets as laid down by acquiring new client relationships and maintaining them. Graduate in any discipline  Identify target areas for prospective business  Pre-screen customer segments as per the organization norms ...,Shine
FRESHERS - Life Insurance Sales,ANANTA VYOM CONSULTANTS,"Bangalore, Chennai, Hyderabad, Kerala",2026-09-09,https://www.shine.com/jobs/freshers-life-insurance-sales/ananta-vyom-consultants/19549137,https://www.anantavyomconsultants.com,0.0,"Company: ANANTA VYOM CONSULTANTS | Salary: Not disclosed | Exp: 0 to 1 Yr | <p class=""x_xmsonormal"">&nbsp;</p><hr />
<p><strong> Calling Freshers! Kickstart Your Career in the Most Booming Industry Life Insurance Sales</strong></p>
<p>Are you ready to build a high-growth career with unlimited earning potential  We're inviting applications from enthusiastic, driven individuals ready to make their...",Shine
Sales Manager (B2B),Yogesh Deo,"Bangalore, Chennai, Coimbatore",2026-09-08,https://www.shine.com/jobs/sales-manager-b2b/yogesh-deo/19548933,N/A,0.0,"Company: Yogesh Deo | Salary: Not disclosed | Exp: 8 to 13 Yrs | <p><strong> Key Responsibilities</strong></p>
<ul>
<li><span>Develop new business opportunities across industrial &amp; manufacturing customers</span></li>
<li><span> Build relationships with Plant Heads, Maintenance Heads, Engineering Heads, Procurement and Facility teams</span></li>
<li><span> Drive sales through direct custome...",Shine
Business Development Manager,AWINMO INDIA MARKETING PRIVATE LIMITED,"Bangalore, Chennai, Noida, Hyderabad, Kolkata, Gurugram, Pune, Mumbai City, Delhi, Anantpur",2026-09-08,https://www.shine.com/jobs/business-development-manager/awinmo-india-marketing-private-limited/19548844,N/A,0.0,"Company: AWINMO INDIA MARKETING PRIVATE LIMITED | Salary: Not disclosed | Exp: 13 to 23 Yrs | <p>We are looking for an ambitious and energetic Business Development Manager to help us expand&nbsp;our clientele. You will be the front of the company and will have&nbsp;the dedication to create and apply an effective sales strategy.</p>
<p>The goal is to drive&nbsp;sustainable financial growth through...",Shine
Prowiden Overseas - International Business Development Manager,PROWIDEN OVERSEAS,Bangalore,2026-09-07,https://www.shine.com/jobs/prowiden-overseas-international-business-development-manager/prowiden-overseas/19547471,N/A,0.0,"Company: PROWIDEN OVERSEAS | Salary: Not disclosed | Exp: 4 to 8 Yrs | Job Description:

International Business Development Manager:

Location: Bangalore, India

Company: Prowiden Overseas

Department: International Business Development

Employment Type: Full-Time

About Prowiden:

Prowiden Overseas is an international recruitment and business consulting company helping businesses expand globally....",Shine
Salesforce Developer || Bengaluru || Hybrid,PradeepIT Consulting Services,Bangalore,2026-09-07,https://www.shine.com/jobs/salesforce-developer-bengaluru-hybrid/pradeepit-consulting-services/19546649,N/A,0.0,"Company: PradeepIT Consulting Services | Salary: Not disclosed | Exp: 6 to 10 Yrs | Salesforce Developer




Role: Salesforce Developer


Location: Bengaluru (Hybrid)




Payroll Partner: Experis IT Pvt Ltd


Experience Required: 6+ years




Notice Period: Immediate to 15 days max


Work Mode: Hybrid




Shift Timings: Rotational / General Shift (based on project need)


Open Positions: 1




 Ma...",Shine
Curriculum Associates - Salesforce IT Architect,Curriculum Associates India Private Limited,Bangalore,2026-09-07,https://www.shine.com/jobs/curriculum-associates-salesforce-it-architect/curriculum-associates-india-private-limited/19546627,https://www.curriculumassociates.com,0.0,"Company: Curriculum Associates India Private Limited | Salary: Not disclosed | Exp: 24 to >25 Yrs | At Curriculum Associates, we believe in the potential of every child and are changing the face of education technology with award-winning learning programs like i-Ready that serve a third of the nation's K-8 students.




For more than 50 years, our commitment to making classrooms better places, ser...",Shine
Senior - Software Engineer - Salesforce Developer,Bread Financial,Bangalore,2026-09-07,https://www.shine.com/jobs/senior-software-engineer-salesforce-developer/bread-financial/19546613,https://www.breadfinancial.com,0.0,"Company: Bread Financial | Salary: Not disclosed | Exp: 5 to 9 Yrs | Every career journey is personal. That's why we empower you with the tools and support to create your own success story. 

Be challenged. Be heard. Be valued. Be you . be here.

Job Summary

Engineer, 2 is responsible for developing and enhancing financial technology solutions by translating requirements into functional software....",Shine
Zuora Lead/Architect - Salesforce CPQ,TRH Consultancy,Bangalore,2026-09-07,https://www.shine.com/jobs/zuora-lead-architect-salesforce-cpq/trh-consultancy/19546599,N/A,0.0,"Company: TRH Consultancy | Salary: Not disclosed | Exp: 0 to 4 Yrs | Role Overview : 

We are seeking a seasoned Zuora Lead/Architect to spearhead our complex billing and revenue management initiatives. In this role, you will serve as the primary technical authority, bridging the gap between intricate business requirements and scalable technical solutions within the Zuora ecosystem. You will colla...",Shine
Salesforce Financial Services Cloud Solution Architect,Birlasoft Limited,Bangalore,2026-09-07,https://www.shine.com/jobs/salesforce-financial-services-cloud-solution-architect/birlasoft-limited/19546592,https://www.birlasoft.com,0.0,"Company: Birlasoft Limited | Salary: Not disclosed | Exp: 12 to 16 Yrs | Subcon - Salesforce Financial Services Cloud Area(s) of responsibility Empowered By Innovation Birlasoft, a global leader at the forefront of Cloud, AI, and Digital technologies, seamlessly blends domain expertise with enterprise solutions. The companys consultative and design-thinking approach empowers societies worldwide, e...",Shine
Salesforce Marketing and Data cloud,Mercedes-Benz Research and Development India Private Limited,Bangalore,2026-09-07,https://www.shine.com/jobs/salesforce-marketing-and-data-cloud/mercedes-benz-research-and-development-india-private-limited/19546578,N/A,0.0,"Company: Mercedes-Benz Research and Development India Private Limited | Salary: Not disclosed | Exp: 5 to 9 Yrs | Aufgaben About MBRDI:

Mercedes-Benz Research and Development India (MBRDI), headquartered in Bengaluru with a satellite office in Pune, is the largest R&D center for Mercedes-Benz Group AG outside of Germany. Our mission is to drive innovation and excellence in automotive engineering,...",Shine
Meesho - Software Development Engineer II - Data Platform,Meesho,Bangalore,2026-09-07,https://www.shine.com/jobs/meesho-software-development-engineer-ii-data-platform/meesho/19545877,https://www.meesho.com,0.0,"Company: Meesho | Salary: Not disclosed | Exp: 1 to 5 Yrs | About the team :




Data is everything But only in the hands of the right person. And as part of our team, you will help us transform data into actionable insights and systems. When 5% of Indian households shop with us, its important to build data-backed, resilient systems to manage millions of orders every day. Weve done this  with zero...",Shine
Salesforce Data Cloud Developer,PineQ Lab Technology,Bangalore,2026-09-07,https://www.shine.com/jobs/salesforce-data-cloud-developer/pineq-lab-technology/19545778,N/A,0.0,"Company: PineQ Lab Technology | Salary: Not disclosed | Exp: 3 to 7 Yrs | Location: PAN India

Experience: 3+ Years

Employment Type: Full-Time

Job Summary

We are looking for a skilled Salesforce Data Cloud Developer to design, develop, and implement data solutions using Salesforce Data Cloud. The ideal candidate should have strong experience in data integration, data modeling, identity resoluti...",Shine
Business Development Executive - Food & Beverage,PEPSICO,Bangalore,2026-09-07,https://www.shine.com/jobs/business-development-executive-food-beverage/pepsico/19545424,https://www.pepsico.com,0.0,"Company: PEPSICO | Salary: Not disclosed | Exp: 0 to 4 Yrs | What role you will play in team: Contribute to the growth of PepsiCo's market share by identifying and securing new business opportunities within the Indian food and beverage sector.What you will do: Develop and execute sales strategies, manage key accounts, and build strong relationships with clients.Key responsibility:Market research a...",Shine
Open Financial - Business Development Manager,Nexthire,Bangalore,2026-09-07,https://www.shine.com/jobs/open-financial-business-development-manager/nexthire/19545148,https://www.nexthire.in,0.0,"Company: Nexthire | Salary: Not disclosed | Exp: 3 to 7 Yrs | Job Title: Business Development Manager
Experience: 7+ Years
Location: Bangalore, India


Responsibilities:

 Own and assist smooth onboarding of clients.
 Manage end-to-end funnel on New Initiative Products - new merchant acquisition and upselling of products to existing clients.
 Pitch and demonstrate the features and benefits of Open...",Shine
"Sales exutive , training manger , business manger",Chain Reaction Co.,Bangalore,2026-09-07,https://www.shine.com/jobs/sales-exutive-training-manger-business-manger/chain-reaction-co/19545136,https://www.chainreaction.org,0.0,"Company: Chain Reaction Co. | Salary: Not disclosed | Exp: 0 to 4 Yrs | Company Description Chain Reaction Co. is a growing organization focused on delivering high-quality products and services to a diverse customer base. The company values collaboration, performance, and continuous improvement across all business functions. Team members are encouraged to take ownership of their work, contribute i...",Shine
Manager - Business Development ( US Process ),Novel Office,Bangalore,2026-09-07,https://www.shine.com/jobs/manager-business-development-us-process/novel-office/19543412,https://www.noveloffice.com,0.0,"Company: Novel Office | Salary: Not disclosed | Exp: 0 to 4 Yrs | Job descriptionPosition Summary: The Business Development Manager - Leasing, will be responsible for developing and executing Sales & Business Development strategies for bringing in new clients. The BDM - Leasing will receive enquiries from pre-sales team and shall engage clients to build rapport and close office leasing deals. The ...",Shine
Entry-level Business Development,Minteworld,Bangalore,2026-09-07,https://www.shine.com/jobs/entry-level-business-development/minteworld/19542992,N/A,0.0,"Company: Minteworld | Salary: Not disclosed | Exp: 0 to 4 Yrs | Skills:Salesforce CRM, Cold calling, Negotiation skills, Market research, Communication skills, Business Development, Sound market research capabilities,Qualifications And SkillsSalesforce CRM proficiencyStrong cold calling abilitiesExcellent negotiation skillsSound market research capabilitiesEffective communication skillsRoles and R...",Shine
Customer Sales Executive - Tata Cards - Bengaluru - Prestige Corniche - CSE,TATA Capital,Bangalore,2026-09-07,https://www.shine.com/jobs/customer-sales-executive-tata-cards-bengaluru-prestige-corniche-cse/tata-capital/19542707,https://www.tatacapital.com,0.0,"Company: TATA Capital | Salary: Not disclosed | Exp: 0 to 4 Yrs | Perform the following under the guidance/direction of Supervisor/Manager


 With help of Supervisor/ Manager, Identify the customers for protentional Business


 Collect the documents from Customers and validate as per the organization norms


 Logging the case in the system as per SOP and follow the process for disbursement.


 Ful...",Shine
Business Development Representative APAC,Chargebee,Bangalore,2026-09-07,https://www.shine.com/jobs/business-development-representative-apac/chargebee/19541878,https://www.chargebee.com,0.0,"Company: Chargebee | Salary: Not disclosed | Exp: 1 to 5 Yrs | We&aposre looking for energetic, driven professionals with strong business acumen and natural sales instincts to join our dynamic team. Ideal candidates are eager to progress through a clear learning and earning path. At Chargebee, we offer a fast-paced, innovative environment with the tools, resources, and leadership you need to excel...",Shine
Sales and Business Development Representative,Zimson Watches,Bangalore,2026-09-07,https://www.shine.com/jobs/sales-and-business-development-representative/zimson-watches/19541873,https://www.zimsonwatches.com,0.0,Company: Zimson Watches | Salary: Not disclosed | Exp: 2 to 6 Yrs | What role you will play in team: You'll be responsible for building and maintaining relationships with key retailers and distributors.What you will do: You will increase sales volume and expand market share for our luxury watches.Key responsibility:Develop and maintain relationships with key clients.Generate new business opportuni...,Shine
Sales Representative - Tech Company,Uplers,Bangalore,2026-09-07,https://www.shine.com/jobs/sales-representative-tech-company/uplers/19541821,https://www.uplers.com,0.0,"Company: Uplers | Salary: Not disclosed | Exp: 3 to 12 Yrs | Key Account Manager - B2B Sales
Experience: 3 - 12 Years Exp
Shift  : 10:00 AM to 7:00 PM IST
Opportunity Type:  Office (Bengaluru)
Placement Type:  Permanent


(*corporate tie OR Corporate Sales and B2B sales


Key Account Manager - B2B Sales who is passionate about their work, eager to learn and grow, and who is committed to delivering...",Shine
Business Development Representative (BDR) Intern,BiteSpeed,Bangalore,2026-09-07,https://www.shine.com/jobs/business-development-representative-bdr-intern/bitespeed/19541819,https://www.bitespeed.in,0.0,"Company: BiteSpeed | Salary: Not disclosed | Exp: 1 to 5 Yrs | Internship Details

Role: Business Development Representative InternDuration: 6 monthsLocation: In-office (Bangalore)Stipend: 20,000 (Fixed per month)Incentives: Performance based (Uncapped)Performance based PPO

About BiteSpeed

Hey there! We are a Sequoia-backed SaaS startup building an AI-native Marketing, Support & Sales suite for ...",Shine
Business Development Manager - Enterprise Sales,Apple,Bangalore,2026-09-07,https://www.shine.com/jobs/business-development-manager-enterprise-sales/apple/19541711,https://www.apple.com,0.0,"Company: Apple | Salary: Not disclosed | Exp: 5 to 9 Yrs | What role you will play in team: Drive growth by securing new enterprise clients, building strong relationships, and managing the entire sales cycle, from lead generation to contract closure. You will be a key player in expanding our market share within the Indian corporate sector.What you will do: Develop and implement strategies to targe...",Shine
"Business Development (Sales) Internship in Pune, Hyderabad, Noida, Odisha",NCL Buildtek Limited,Bangalore,2026-09-07,https://www.shine.com/jobs/business-development-sales-internship-in-pune-hyderabad-noida-odisha/ncl-buildtek-limited/19541702,https://www.nclbuildtek.com,0.0,"Company: NCL Buildtek Limited | Salary: Not disclosed | Exp: 24 to >25 Yrs | As a Business Development (Sales) intern at NCL Buildtek Limited, you will have the opportunity to learn and grow in a dynamic and fast-paced B2B sales environment. You will work closely with our experienced sales team to develop new business opportunities and drive revenue growth for the company.

Key Responsibilities


...",Shine
"Business Development (Sales) Internship in Bangalore, Hyderabad, Mumbai",GBH Headsets,Bangalore,2026-09-07,https://www.shine.com/jobs/business-development-sales-internship-in-bangalore-hyderabad-mumbai/gbh-headsets/19541688,https://www.gbhheadsets.org,0.0,"Company: GBH Headsets | Salary: Not disclosed | Exp: 0 to 4 Yrs | Selected Intern's Day-to-day Responsibilities Include

Market ResearchBusiness DevelopmentClient HandlingPR WITH CUSTOMERSPlanning & Execution

6.1st hand experience of visiting clients MNC Companies

About Company: We are a telecom hardware and software company providing products and services to MNCs across India and abroad in over...",Shine
Team Lead-Sales,Aventurine Homes,Bangalore,2026-09-07,https://www.shine.com/jobs/team-lead-sales/aventurine-homes/19541683,https://www.aventurinehomes.com,0.0,"Company: Aventurine Homes | Salary: Not disclosed | Exp: 2 to 6 Yrs | About the job:

About Us Aventurine Homes is a real estate consulting and channel partner firm specializing in residential property sales, investment advisory, and developer partnerships. The company focuses on delivering professional real estate advisory services to homebuyers and investors by connecting them with reputed devel...",Shine
B2B Food Ingredients Sales Executive,Axureone,Bangalore,2026-09-07,https://www.shine.com/jobs/b2b-food-ingredients-sales-executive/axureone/19541681,https://www.axureone.com,0.0,"Company: Axureone | Salary: Not disclosed | Exp: 0 to 4 Yrs | We are seeking an energetic and driven B2B Food Ingredients Sales Executive to manage and grow customer relationships across the food ingredients ecosystem. This role involves working closely with clients in Bakery, Protein, Snacks, Premix, Beverages, RTD, RTE, QSR, and online food businesses. The incumbent will focus on introducing inn...",Shine
Field Sales Executive | Bangalore | Fresher & Experienced |,Policybazaar.com,Bangalore,2026-09-07,https://www.shine.com/jobs/field-sales-executive-bangalore-fresher-experienced/policybazaarcom/19541621,N/A,0.0,"Company: Policybazaar.com | Salary: Not disclosed | Exp: 0 to 8 Yrs | Job description: Policybazaar Hiring: Field Sales Executive (Fresher & Experienced both are welcome) Contact Info : Interested Candidates Can Directly Share Their CV On harshshukla@policybazaar.com or 9118166042( Call For Quick Response) .


Position Overview Policybazaar is seeking confident, dynamic, and high-energy profession...",Shine
Field Sales Officer,KADTECH HR SOLUTIONS,"Bangalore, Chennai, Hyderabad",2026-09-07,https://www.shine.com/jobs/field-sales-officer/kadtech-hr-solutions/19541379,https://www.kadtechhr.com,0.0,"Company: KADTECH HR SOLUTIONS | Salary: Not disclosed | Exp: 0 to 4 Yrs | 
<span data-offset-key=""6mt5r-0-0""><span data-text=""true"">Job Summary: <br /><br /></span></span>


<span data-offset-key=""98v4h-0-0""><span data-text=""true"">We are looking for a dynamic and result-oriented </span></span><span data-offset-key=""98v4h-0-1""><span data-text=""true"">Field Sales Officer (CASA)</span></span><span...",Shine
Business Development Executive,KADTECH HR SOLUTIONS,Bangalore,2026-09-07,https://www.shine.com/jobs/business-development-executive/kadtech-hr-solutions/19541376,https://www.kadtechhr.com,0.0,"Company: KADTECH HR SOLUTIONS | Salary: Not disclosed | Exp: 0 to 4 Yrs | &nbsp;

<span data-offset-key=""2jabo-0-0""><span data-text=""true"">Key Responsibilities:</span></span>


<span data-offset-key=""7dao5-0-0"">&nbsp;</span>


<span data-offset-key=""1et03-0-0"">&nbsp;</span>


<span data-offset-key=""2ojhu-0-0""><span data-text=""true"">1. Identify and connect with business owners, SMEs, and...",Shine
Sales Development Representative,COMPRINNO,BENGALURU,2026-09-12,https://www.adzuna.in/details/5866927376,https://www.comprinno.com,,"Company: COMPRINNO | Location: BENGALURU | Salary: 3 - 13 LACS/ANNUM
                
                    TOP MATCH | ",Adzuna
Sales Development Representative,INCRUITER,BENGALURU,2026-09-12,https://www.adzuna.in/details/5374613553,https://www.incruiter.com,,"Company: INCRUITER | Location: BENGALURU | Salary: 4 - 7 LACS/ANNUM
                
                    CLOSING SOON | ",Adzuna
Sales Development Representative,UNNATI,BENGALURU,2026-09-12,https://www.adzuna.in/details/2904497689,https://www.unnati.in,,"Company: UNNATI | Location: BENGALURU | Salary: 5 - 8 LACS/ANNUM
                
                    CLOSING SOON | ",Adzuna
Sales Development Representative,INTUGINE - LOGISTICS THROUGH INNOVATION,BENGALURU,2026-09-12,https://www.adzuna.in/details/1786690671,N/A,,"Company: INTUGINE - LOGISTICS THROUGH INNOVATION | Location: BENGALURU | Salary: 4 - 7 LACS/ANNUM
                
                    CLOSING SOON | ",Adzuna
Sales Development Representative,GUSHWORK,BENGALURU,2026-09-12,https://www.adzuna.in/details/5146689734,https://www.gushwork.in,,"Company: GUSHWORK | Location: BENGALURU | Salary: 7 - 9 LACS/ANNUM
                
                    CLOSING SOON | ",Adzuna
Sales Development Representative,SIGMA INFOSOLUTIONS,BENGALURU,2026-09-12,https://www.adzuna.in/details/4710144821,N/A,,"Company: SIGMA INFOSOLUTIONS | Location: BENGALURU | Salary: 8 - 15 LACS/ANNUM
                
                    CLOSING SOON | ",Adzuna
Sales Development Representative,QRATA,BENGALURU,2026-09-12,https://www.adzuna.in/details/4514375906,https://www.qrata.com,,"Company: QRATA | Location: BENGALURU | Salary: 10 - 20 LACS/ANNUM
                
                    ABOVE AVERAGE SALARYCLOSING SOON | ",Adzuna
Sales development representative,WENGER AND WATSON INC,BENGALURU,2026-09-12,https://www.adzuna.in/details/2641987106,N/A,,"Company: WENGER AND WATSON INC | Location: BENGALURU | Salary: 5 - 14 LACS/ANNUM
                
                    CLOSING SOON | ",Adzuna
Sales Development Representative,THE HUB,BENGALURU,2026-09-12,https://www.adzuna.in/details/2509165198,https://www.thehub.in,,"Company: THE HUB | Location: BENGALURU | Salary: 0 - 15 LACS/ANNUM
                
                    ABOVE AVERAGE SALARYCLOSING SOON | ",Adzuna
Sales Development Representative,AAVIAH PEOPLS NETWORK COMPNAY,BENGALURU,2026-09-12,https://www.adzuna.in/details/3830617880,N/A,,"Company: AAVIAH PEOPLS NETWORK COMPNAY | Location: BENGALURU | Salary: 5 - 12 LACS/ANNUM
                
                    CLOSING SOON | ",Adzuna
Sales Development Representative,MANPOWER INDIA,BENGALURU,2026-09-12,https://www.adzuna.in/details/3340501146,https://www.manpower.com,,"Company: MANPOWER INDIA | Location: BENGALURU | Salary: 6 - 12 LACS/ANNUM
                
                    TOP MATCHCLOSING SOON | ",Adzuna
Sales Development Representative,GREENSTITCH TECHNOLOGIES PVT LTD,BENGALURU,2026-09-12,https://www.adzuna.in/details/4530892105,https://www.greenstitch.com,,"Company: GREENSTITCH TECHNOLOGIES PVT LTD | Location: BENGALURU | Salary: 5 - 13 LACS/ANNUM
                
                    CLOSING SOON | ",Adzuna
Sales Development Representative (SaaS Sales),JHANA,BENGALURU,2026-09-12,https://www.adzuna.in/details/5016365236,https://www.jhana.com,,"Company: JHANA | Location: BENGALURU | Salary: 8 - 10 LACS/ANNUM
                
                    CLOSING SOON | ",Adzuna
Lead Sales Development Representative,CONTLO,BENGALURU,2026-09-12,https://www.adzuna.in/details/4592990516,https://www.contlo.ai,,"Company: CONTLO | Location: BENGALURU | Salary: 6 - 14 LACS/ANNUM
                
                    CLOSING SOON | ",Adzuna
Sales Development Representative(SDR),GARAGEPLUG,BENGALURU,2026-09-12,https://www.adzuna.in/details/3148437526,https://www.garageplug.com,,"Company: GARAGEPLUG | Location: BENGALURU | Salary: 4 - 8 LACS/ANNUM
                
                    CLOSING SOON | ",Adzuna
Sr. Sales Development Representative (SaaS Sales),JHANA,BENGALURU,2026-09-12,https://www.adzuna.in/details/4992611180,https://www.jhana.com,,"Company: JHANA | Location: BENGALURU | Salary: 12 - 17 LACS/ANNUM
                
                    ABOVE AVERAGE SALARYCLOSING SOON | ",Adzuna
Sales Development Representative (SDR) - India,NUNIFY TECH INC,BENGALURU,2026-09-12,https://www.adzuna.in/details/4303679717,https://www.nunify.com,,"Company: NUNIFY TECH INC | Location: BENGALURU | Salary: 0.08 - 0.14 LACS/ANNUM
                
                    ABOVE AVERAGE SALARYCLOSING SOON | ",Adzuna
Sales Development Representative (Thailand Region),SWITCHON,BENGALURU,2026-09-12,https://www.adzuna.in/details/5879561792,https://www.switchon.com,,"Company: SWITCHON | Location: BENGALURU | Salary: 11 - 13 LACS/ANNUM
                
                    ABOVE AVERAGE SALARY | ",Adzuna
Sales Development Representative - North America,HACKEREARTH,"BANGALORE, KARNATAKA, INDIA",2026-09-12,https://www.adzuna.in/details/5474675021,https://www.hackerearth.com,,"Company: HACKEREARTH | Location: BANGALORE, KARNATAKA, INDIA | Salary: 1E+07 PER QUARTER
                
                    CLOSING SOON | ",Adzuna
Sales Development Representative - North America,HEVO DATA,BENGALURU,2026-09-12,https://www.adzuna.in/details/2268992392,https://www.hevodata.com,,"Company: HEVO DATA | Location: BENGALURU | Salary: 0 - 10 LACS/ANNUM
                
                    CLOSING SOON | ",Adzuna
Sales Development Representative (Founding Team),FLEXYPE,BENGALURU,2026-09-12,https://www.adzuna.in/details/5461968162,https://www.flexype.com,,"Company: FLEXYPE | Location: BENGALURU | Salary: 6 - 10 LACS/ANNUM
                
                    TOP MATCHCLOSING SOON | ",Adzuna
Sales Development Representative / Lead Generator,CONTLO,BENGALURU,2026-09-12,https://www.adzuna.in/details/4592990520,https://www.contlo.ai,,"Company: CONTLO | Location: BENGALURU | Salary: 4 - 7 LACS/ANNUM
                
                    CLOSING SOON | ",Adzuna
Sales Development Representative (B2B SaaS),ZYCUS,BENGALURU,2026-09-12,https://www.adzuna.in/details/4464664316,https://www.zycus.com,,"Company: ZYCUS | Location: BENGALURU | Salary: 6 - 10 LACS/ANNUM
                
                    CLOSING SOON | ",Adzuna
Sales Development Representative (US & Latin America),GARAGEPLUG,BENGALURU,2026-09-12,https://www.adzuna.in/details/3148437457,https://www.garageplug.com,,"Company: GARAGEPLUG | Location: BENGALURU | Salary: 5 - 8 LACS/ANNUM
                
                    CLOSING SOON | ",Adzuna
"Sales Development Representative (Inbound, B2B SaaS",TALENT PRO,BENGALURU,2026-09-12,https://www.adzuna.in/details/5199066328,https://www.talentpro.in,,"Company: TALENT PRO | Location: BENGALURU | Salary: 8 - 12 LACS/ANNUM
                
                    CLOSING SOON | ",Adzuna
"Business Development Executive(Lead qualification, b2b saas",STAFFNIXCOM,BENGALURU,2026-09-12,https://www.adzuna.in/details/5820996398,N/A,,"Company: STAFFNIXCOM | Location: BENGALURU | Salary: 7 - 12 LACS/ANNUM
                
                    CLOSING SOON | ",Adzuna
Business Development Executive(Lead qualification,STAFFNIXCOM,BENGALURU,2026-09-12,https://www.adzuna.in/details/5860983321,N/A,,Company: STAFFNIXCOM | Location: BENGALURU | Salary: 10 - 12 LACS/ANNUM | ,Adzuna
Inside Sales Specialist (International),MANTRAS2SUCCESS,BENGALURU/BANGALORE,2026-09-12,https://www.adzuna.in/details/5727270795,N/A,,"Company: MANTRAS2SUCCESS | Location: BENGALURU/BANGALORE | Salary: 1.2E+06-1.6E+06 PER YEAR
                
                    CLOSING SOON | ",Adzuna
Business Development Representative (B2B SaaS sales),INCRUITER,BENGALURU,2026-09-12,https://www.adzuna.in/details/5390148048,https://www.incruiter.com,,"Company: INCRUITER | Location: BENGALURU | Salary: 8 - 12 LACS/ANNUM
                
                    CLOSING SOON | ",Adzuna
Sales Development Specialist,MULTI RECRUIT,BENGALURU,2026-09-12,https://www.adzuna.in/details/2853928034,https://www.multirecruit.com,,"Company: MULTI RECRUIT | Location: BENGALURU | Salary: 0 - 8 LACS/ANNUM
                
                    TOP MATCHCLOSING SOON | ",Adzuna
Sales Development Manager - Lead,RECKO,BENGALURU,2026-09-12,https://www.adzuna.in/details/1968606311,https://www.recko.com,,"Company: RECKO | Location: BENGALURU | Salary: 7.5 - 24 LACS/ANNUM
                
                    ABOVE AVERAGE SALARYCLOSING SOON | ",Adzuna
Business Development Representative,FILTER YOU,BENGALURU,2026-09-12,https://www.adzuna.in/details/4156644449,N/A,,"Company: FILTER YOU | Location: BENGALURU | Salary: 6 - 7 LACS/ANNUM
                
                    REMOTECLOSING SOON | ",Adzuna
"Enterprise Sales Account Manager (SAP, Indian market)",TALENTXO,BENGALURU,2026-09-12,https://www.adzuna.in/details/5848055955,https://www.talentxo.com,,"Company: TALENTXO | Location: BENGALURU | Salary: 24 - 30 LACS/ANNUM
                
                    ABOVE AVERAGE SALARY | ",Adzuna
Sales Trainer â Corporate Training Programs,EDSTELLAR.COM,BENGALURU,2026-09-12,https://www.adzuna.in/details/5239552756,N/A,,"Company: EDSTELLAR.COM | Location: BENGALURU | Salary: 5 - 10 LACS/ANNUM
                
                    CLOSING SOON | ",Adzuna
Inside Sales Representative,MetaRPO,Bangalore,2026-09-10,https://www.dice.com/job-detail/1f2abe8f-7c76-4027-af16-70ff3ab6869f,https://www.metarpo.com,,Company: MetaRPO | Type: Contract | Salary: $$60 - $70 | Location: Bangalore,Dice
Need Business Development Representative (BDR) :: Remote,"Synergy Technologies, LLC",Bangalore,2026-09-14,https://www.dice.com/job-detail/05e3256b-efd2-47f0-8fa9-0aa646821d41,https://www.synergy.com,,"Company: Synergy Technologies, LLC | Type: Contract | Salary: Depends on Experience | Location: Bangalore",Dice
Sales Business Development Manager,B12 Consulting,Bangalore,2026-09-14,https://www.dice.com/job-detail/15443b33-0013-4369-853d-447a9c198801,https://www.b12consulting.com,,Company: B12 Consulting | Type: Full-time | Salary: Depends on Experience | Location: Bangalore,Dice
Sales / Business Development Manager,"Pyramid Technology Solutions, Inc.",Bangalore,2026-08-07,https://www.dice.com/job-detail/a1eeda03-5901-4cce-9410-c2b99d8500bb,https://www.pyramidtechnology.org,,"Company: Pyramid Technology Solutions, Inc. | Type: Contract | Salary: Depends on Experience | Location: Bangalore",Dice
Sales Staffing / Business Development Manager,Clevanoo LLC,Bangalore,2026-09-11,https://www.dice.com/job-detail/f813c853-a737-456f-a257-2dc706db7f13,https://www.clevanoo.com,,Company: Clevanoo LLC | Type: Full-time | Salary: Depends on Experience | Location: Bangalore,Dice
Inside Sales Representative  NASA SEWP,Kriaanet Inc,"Leesburg, Virginia, USA",2026-08-13,https://www.dice.com/job-detail/bb697aa7-b2cb-453e-b006-fc0c2438dc5b,https://www.kriaanet.com,,"Company: Kriaanet Inc | Type: Full-time | Salary: Depends on Experience | Location: Leesburg, Virginia, USA",Dice
Business Development Representative,"Mitchell Martin, Inc.",Bangalore,2026-08-24,https://www.dice.com/job-detail/bfa92262-b19f-49ab-b4a9-6436b962daa3,https://www.mitchellmartin.com,,"Company: Mitchell Martin, Inc. | Type: Full-time, Third Party | Salary: $$122500 - $175000 | Location: Bangalore",Dice
Business Development Manager  B2B Cloud Sales & AWS Solutions,OnwardPath Technology Solutions LLC,Bangalore,2026-08-31,https://www.dice.com/job-detail/af590305-daf6-439c-813f-102da75fe434,N/A,,Company: OnwardPath Technology Solutions LLC | Type: Full-time | Salary: Depends on Experience | Location: Bangalore,Dice
"""Sales Manager"" / ""Business Development Manager"" / Client Partner Custom Software / Enterprise Account Executive",Relevance Lab Inc.,Bangalore,2026-08-11,https://www.dice.com/job-detail/135377de-b104-4c7e-b9b1-c51e3acd8112,https://www.relevancelab.com,,Company: Relevance Lab Inc. | Type: Contract | Salary: Depends on Experience | Location: Bangalore,Dice
IT Sales / Business Development Executive,BEEU INFOTECH INC.,Bangalore,2026-08-25,https://www.dice.com/job-detail/ad8db2dd-00af-4b2e-b402-77f748119f15,N/A,,Company: BEEU INFOTECH INC. | Type: Full-time | Salary: Depends on Experience | Location: Bangalore,Dice
Regional Sales Rep (NE),Saicon Consultants Inc.,Bangalore,2026-08-28,https://www.dice.com/job-detail/2f2f7ec7-9092-4c32-a273-24069d66e70f,N/A,,"Company: Saicon Consultants Inc. | Type: Full-time, Third Party | Salary: $$120000 | Location: Bangalore",Dice
Sales Director,Excel Tek Inc.,Bangalore,2026-08-18,https://www.dice.com/job-detail/803efda0-fdeb-4eff-bef9-b3fd172abd65,https://www.exceltek.in,,"Company: Excel Tek Inc. | Type: Full-time | Salary: $$100,000 - $120,000 | Location: Bangalore",Dice
"Director, Sales Engineering",Celestica International LP,Bangalore,2026-07-21,https://www.dice.com/job-detail/b2dc87da-0ba2-47a0-a3ef-a6ee1d898d14,N/A,,Company: Celestica International LP | Type: Full-time | Salary: Not disclosed | Location: Bangalore,Dice
Sales Engineer,"Motion Recruitment Partners, LLC",Bangalore,2026-07-24,https://www.dice.com/job-detail/7616dcfc-121b-4afa-add1-6245fb14c9cc,https://www.motionrecruitmentpartners.com,,"Company: Motion Recruitment Partners, LLC | Type: Contract | Salary: Not disclosed | Location: Bangalore",Dice
Sales Executive (Public Sector),QualiTest,Bangalore,2026-09-14,https://www.dice.com/job-detail/772b9aea-bda0-4371-97d0-456a794705d6,https://www.qualitest.com,,"Company: QualiTest | Type: Full-time | Salary: 160,000 - 170,000 | Location: Bangalore",Dice
Sales Manager & Sales Director,Rapsys Technologies,Bangalore,2026-09-15,https://www.dice.com/job-detail/e76966ed-d276-4e14-84c7-2c0081873884,https://www.rapsys.in,,"Company: Rapsys Technologies | Type: Full-time | Salary: 120,000 - 150,000 | Location: Bangalore",Dice
"Regional Sales Executive, Managed IT Services (MSP)",The Intersect Group,Bangalore,2026-07-30,https://www.dice.com/job-detail/e57ba9fb-0538-4b91-a706-6fb0f3489ff7,https://www.theintersect.in,,Company: The Intersect Group | Type: Full-time | Salary: Depends on Experience | Location: Bangalore,Dice
Sales Managers,4 Consulting Inc,Bangalore,2026-09-14,https://www.dice.com/job-detail/8600fc78-40c4-442f-912a-a1024ca33eef,https://www.4consulting.ai,,"Company: 4 Consulting Inc | Type: Full-time, Third Party | Salary: Depends on Experience | Location: Bangalore",Dice
"Sales Account Executive, Edtech",JoVE,"Cambridge, Massachusetts, USA",2026-09-07,https://www.dice.com/job-detail/29f65f9a-c9e2-47ee-b6ff-64044a1892b9,https://www.jove.com,,"Company: JoVE | Type: Full-time, Third Party | Salary: 80000 - 85000 | Location: Cambridge, Massachusetts, USA",Dice
"Sales Account Executive, Edtech",JoVE,"Providence, Rhode Island, USA",2026-09-07,https://www.dice.com/job-detail/99e50a39-848c-48f1-b030-a627f84b2407,https://www.jove.com,,"Company: JoVE | Type: Full-time, Third Party | Salary: 80000 - 85000 | Location: Providence, Rhode Island, USA",Dice
"Sales Account Executive, Edtech",JoVE,"Boston, Massachusetts, USA",2026-09-07,https://www.dice.com/job-detail/92ec9d61-8210-41e8-bd4c-47b26e284c6b,https://www.jove.com,,"Company: JoVE | Type: Full-time, Third Party | Salary: 80000 - 85000 | Location: Boston, Massachusetts, USA",Dice
Senior Salesforce Developer,"Techouts, Inc",Bangalore,2026-08-24,https://www.dice.com/job-detail/ab886f8f-2573-4781-877b-6b31fef80105,https://www.techouts.com,,"Company: Techouts, Inc | Type: Contract | Salary: Depends on Experience | Location: Bangalore",Dice
Sales Operations Manager - HubSpot CRM,Sradha Technologies LLC,Bangalore,2026-09-09,https://www.dice.com/job-detail/6684cd41-68b7-4d45-88f4-ac155e0de074,N/A,,Company: Sradha Technologies LLC | Type: Full-time | Salary: Depends on Experience | Location: Bangalore,Dice
Sr Business Sales Manager PE Sector - SaaS / Data Solutions,NextPath,Bangalore,2026-09-11,https://www.dice.com/job-detail/97544fe6-ecc8-46e5-b763-22cea4116e54,https://www.nextpath.com,,"Company: NextPath | Type: Full-time | Salary: $$160,000 - $180,000 | Location: Bangalore",Dice
Entry Level IT Sales Associates,Maantic,Bangalore,2026-09-09,https://www.dice.com/job-detail/faa85bd0-cb94-4fdf-85e9-dab20b107112,https://www.maantic.com,,Company: Maantic | Type: Full-time | Salary: Depends on Experience | Location: Bangalore,Dice
Senior Presales Engineer,Motorola Solutions,"Allen, Texas, USA",2026-07-18,https://www.dice.com/job-detail/45184730-4d17-4774-8213-dcecd4dd50ee,https://www.motorola.com,,"Company: Motorola Solutions | Type: Full-time | Salary: USD 100,000.00 - 125,000.00 per year | Location: Allen, Texas, USA",Dice
Principal Consultant - Salesforce Business Development Manager (Contract),Nagarro,"San Jose, California, USA",2026-07-30,https://www.dice.com/job-detail/14f68803-16a4-46c7-a4fd-46b7faf6e8f0,https://www.nagarro.com,,"Company: Nagarro | Type: Full-time | Salary: Not disclosed | Location: San Jose, California, USA",Dice
Principal Consultant - Salesforce Business Development Manager (Contract),Nagarro,"Chicago, Illinois, USA",2026-07-30,https://www.dice.com/job-detail/0d22d864-6e04-44c8-8a25-7e80afef4ed1,https://www.nagarro.com,,"Company: Nagarro | Type: Full-time | Salary: Not disclosed | Location: Chicago, Illinois, USA",Dice
National Sales Manager,Tosi,Bangalore,2026-08-19,https://www.dice.com/job-detail/b62eece4-3c5f-41b7-83fb-e35862261385,https://www.tosi.com,,Company: Tosi | Type: Full-time | Salary: 85000 - 95000 | Location: Bangalore,Dice
"Regional Sales Manager (RSM) - Northeast Region (based in NYC, Boston or New Haven)","Complete Network Services, LLC.",Bangalore,2026-07-22,https://www.dice.com/job-detail/a851c4d5-c21c-42b8-a7a8-a6e0e371a0fb,https://www.completenetwork.com,,"Company: Complete Network Services, LLC. | Type: Full-time | Salary: Depends on Experience | Location: Bangalore",Dice
Technical Sales Engineer-Filtration / Air Compressors-REMOTE,Michael Page,"Chicago, Illinois, USA",2026-07-29,https://www.dice.com/job-detail/ffb732fd-e3df-4bc9-98ab-0b8a78a016e1,https://www.michaelpage.com,,"Company: Michael Page | Type: Full-time | Salary: USD 100,000.00 - 130,000.00 per year | Location: Chicago, Illinois, USA",Dice
Spiff (Sales Commissions) & Salesforce IT Consultant,"Adva IT Services, Inc..",Bangalore,2026-09-10,https://www.dice.com/job-detail/062989b6-d6a1-4c8c-a0a6-b9688516ae86,https://www.advait.com,,"Company: Adva IT Services, Inc.. | Type: Contract | Salary: Depends on Experience | Location: Bangalore",Dice
Enterprise Sales Executive,Tech Abstractor LLC,Bangalore,2026-09-09,https://www.dice.com/job-detail/1aa185f1-4fff-4adc-9bde-69c5a8cd29f2,https://www.abstractor.io,,Company: Tech Abstractor LLC | Type: Full-time | Salary: Depends on Experience | Location: Bangalore,Dice
Vice President-Payer Sales,Meraki7 Inc,Bangalore,2026-08-31,https://www.dice.com/job-detail/615586a7-d00c-4a70-97ab-148c561b1752,N/A,,"Company: Meraki7 Inc | Type: Full-time, Third Party | Salary: Depends on Experience | Location: Bangalore",Dice
Senior Solutions Engineer â (Sales/Application Securityâ Security SaaS),EmployVision,Bangalore,2026-08-31,https://www.dice.com/job-detail/23bd7da6-a24e-4f6b-b1fc-1e9b33d3dda1,https://www.employvision.com,,"Company: EmployVision | Type: Full-time | Salary: 140,000 - 160,000 | Location: Bangalore",Dice
Application Sales Engineer I,Messer Americas,"Dallas, Texas, USA",2026-09-05,https://www.dice.com/job-detail/ee680cc3-eb91-4389-9669-911bce8b63d6,N/A,,"Company: Messer Americas | Type: Full-time | Salary: Not disclosed | Location: Dallas, Texas, USA",Dice
Client Account Sales Lead with Public Utility industry exp - Remote + 50% Travel,"Diversified Technology, Inc.",Bangalore,2026-09-08,https://www.dice.com/job-detail/93f85f6b-86b6-414e-923c-c09f45b83659,https://www.diversifiedtechnology.com,,"Company: Diversified Technology, Inc. | Type: Full-time | Salary: Depends on Experience | Location: Bangalore",Dice
"GTM Engineer - Sales Workflow Automation, Revenue Intelligence",Toast,Bangalore,2026-07-27,https://www.dice.com/job-detail/e82c7d9e-4a0e-46e1-9cec-4bf217e1955f,https://www.toast.com,,"Company: Toast | Type: Full-time | Salary: USD 120,000.00 - 192,000.00 per year | Location: Bangalore",Dice
Vice President â Healthcare Payer Sales  New Logo/( Hunter),Smart Caliber Technology,Bangalore,2026-08-17,https://www.dice.com/job-detail/ef4898a9-32ef-428c-aee6-975d27a521e9,N/A,,"Company: Smart Caliber Technology | Type: Full-time, Third Party | Salary: 167000 - 250000 | Location: Bangalore",Dice
AI & Data Pre-Sales Leader ? Manufacturing Sales & Revenue,W3Global,"Dallas, Texas, USA",2026-07-13,https://www.dice.com/job-detail/91db5f1a-e3b7-48f3-aeab-7a1601b56a27,https://www.w3global.com,,"Company: W3Global | Type: Full-time | Salary: USD170000.0/ANNUAL - USD220000.0/ANNUAL | Location: Dallas, Texas, USA",Dice
Enterprise Sales Director - Strategic Accounts,ChaTeck Incorporated,Bangalore,2026-09-12,https://www.dice.com/job-detail/ba920803-f4b0-40fa-b893-2202b6e910d4,N/A,,"Company: ChaTeck Incorporated | Type: Full-time, Third Party | Salary: Depends on Experience | Location: Bangalore",Dice
Vice President Healthcare Provider Sales Account management- Full Time,Smart Caliber Technology,Bangalore,2026-08-17,https://www.dice.com/job-detail/a0969f64-d90d-4204-8037-b9d24319deb0,N/A,,"Company: Smart Caliber Technology | Type: Full-time, Third Party | Salary: Depends on Experience | Location: Bangalore",Dice
Technical Sales Support (Public Address),Bosch,"Burnsville, Minnesota, USA",2026-08-20,https://www.dice.com/job-detail/031bce67-e32d-4208-a9d9-0504e1c8ebcf,https://www.bosch.com,,"Company: Bosch | Type: Full-time | Salary: USD 85,000.00 - 100,000.00 per year | Location: Burnsville, Minnesota, USA",Dice
Sr. Manager of Presales Engineering,Motorola Solutions,"Chicago, Illinois, USA",2026-08-19,https://www.dice.com/job-detail/a9a9f889-ac30-432c-8891-f829447a9708,https://www.motorola.com,,"Company: Motorola Solutions | Type: Full-time | Salary: USD 120,000.00 - 140,000.00 per year | Location: Chicago, Illinois, USA",Dice
Salesforce - Business Development Manager - Healthcare,Huron,"Chicago, Illinois, USA",2026-08-14,https://www.dice.com/job-detail/f890db8f-0558-4ec0-a71d-fc26298a5adb,https://www.huron.com,,"Company: Huron | Type: Full-time | Salary: USD 110,000.00 - 165,000.00 per year | Location: Chicago, Illinois, USA",Dice
Director of Technical Sales,Celestica International LP,Bangalore,2026-07-11,https://www.dice.com/job-detail/432bb940-9f18-4ed8-b39a-3f12a9d8df32,N/A,,"Company: Celestica International LP | Type: Full-time | Salary: USD 147,000.00 - 175,000.00 per year | Location: Bangalore",Dice
Market Development Engineer,"Arrow Electronics, Inc.","Peabody, Massachusetts, USA",2026-08-28,https://www.dice.com/job-detail/2ea08fbf-1218-4d09-bc5f-d124a2f4f91a,N/A,,"Company: Arrow Electronics, Inc. | Type: Full-time | Salary: USD 84,300.00 - 152,020.00 per year | Location: Peabody, Massachusetts, USA",Dice
Network Systems Engineer (Pre-Sales) - NYC,"Arastra, Inc.","New York, New York, USA",2026-08-16,https://www.dice.com/job-detail/d2eab83c-b8b0-4ce8-9fa7-1ff3c082c866,N/A,,"Company: Arastra, Inc. | Type: Full-time | Salary: USD 112,000.00 - 160,000.00 per year | Location: New York, New York, USA",Dice
Salesforce Business Analyst / Sales Cloud,Kforce Technology Staffing,"Armonk, New York, USA",2026-08-31,https://www.dice.com/job-detail/1cc78c2a-c323-44ae-bc65-dec74b5269aa,N/A,,"Company: Kforce Technology Staffing | Type: Contract | Salary: $$60 - $70 hourly | Location: Armonk, New York, USA",Dice
Sales Compensation Manager - 100% Remote, Pellera,US,2026-08-19,https://www.dice.com/job-detail/fbcfd121-a6ba-435b-b50b-118cdfe4ad65,https://www.pellera.com,,Company:  Pellera | Type: Full-time | Salary: Not disclosed | Location: US,Dice
Presales Engineer - West,Motorola Solutions,"Colorado, USA",2026-07-23,https://www.dice.com/job-detail/6de266dc-04ae-4e7d-a271-e43d799d611e,https://www.motorola.com,,"Company: Motorola Solutions | Type: Full-time | Salary: USD 85,000.00 - 110,000.00 per year | Location: Colorado, USA",Dice
Presales Engineer - Central/Midwest,Motorola Solutions,"Chicago, Illinois, USA",2026-07-23,https://www.dice.com/job-detail/78a97cd2-4c63-4627-948e-140718759dfc,https://www.motorola.com,,"Company: Motorola Solutions | Type: Full-time | Salary: USD 85,000.00 - 110,000.00 per year | Location: Chicago, Illinois, USA",Dice
Presales Engineer - South/Mid-Atlantic,Motorola Solutions,"Florida, USA",2026-07-23,https://www.dice.com/job-detail/a0b0d7ca-598c-4a9f-aceb-6f0308987526,https://www.motorola.com,,"Company: Motorola Solutions | Type: Full-time | Salary: USD 85,000.00 - 110,000.00 per year | Location: Florida, USA",Dice
Presales Engineer - Northeast,Motorola Solutions,"Maryland, USA",2026-07-23,https://www.dice.com/job-detail/c7e6c5e0-9ef8-471a-a900-b63f6221b5d0,https://www.motorola.com,,"Company: Motorola Solutions | Type: Full-time | Salary: USD 85,000.00 - 110,000.00 per year | Location: Maryland, USA",Dice
Business Development Executive IT Staffing,Vega Consulting Solutions,Bangalore,2026-08-17,https://www.dice.com/job-detail/a9ac87ba-2fa2-45a9-8153-d473e2005e12,https://www.vegaconsulting.com,,Company: Vega Consulting Solutions | Type: Contract | Salary: Depends on Experience | Location: Bangalore,Dice
Software Development Manager,AmeriSave Mortgage Corporation,Bangalore,2026-09-03,https://www.dice.com/job-detail/2f175d70-6245-4ec4-8eef-59cbf614b458,N/A,,"Company: AmeriSave Mortgage Corporation | Type: Full-time | Salary: USD 150,000.00 - 210,000.00 per year | Location: Bangalore",Dice
Security Architect - Exposure Management (Presales) - Northeast region,GuidePoint Security,Bangalore,2026-08-05,https://www.dice.com/job-detail/072a9b07-aa43-44a0-a67f-d2c4435a2c48,https://www.guidepointsecurity.com,,Company: GuidePoint Security | Type: Full-time | Salary: Not disclosed | Location: Bangalore,Dice
Business Development Director,Celestica International LP,Bangalore,2026-07-22,https://www.dice.com/job-detail/0e4e2e45-66fa-4f19-b8c3-97e8a9985ad4,N/A,,Company: Celestica International LP | Type: Full-time | Salary: Not disclosed | Location: Bangalore,Dice
Spiff & Salesforce IT Consultant,Spadtek Solutions LLC,Bangalore,2026-09-09,https://www.dice.com/job-detail/4c582636-08a8-497d-8e11-b1771343909c,https://www.spadtek.com,,"Company: Spadtek Solutions LLC | Type: Contract, Third Party | Salary: Depends on Experience | Location: Bangalore",Dice
Business Development Manager â Semiconductor Wet Chemicals - Etchants,"StaffRight Associates, LLC","White Plains, New York, USA",2026-09-14,https://www.dice.com/job-detail/fa7da1ab-af1f-4654-9c41-e8cc4a9798fc,https://www.staffrightassociates.com,,"Company: StaffRight Associates, LLC | Type: Full-time | Salary: 109000 - 137000 | Location: White Plains, New York, USA",Dice
Business Development Manager - Aerospace,BlackFern Recruitment,Bangalore,2026-07-24,https://www.dice.com/job-detail/fd878b42-cbbe-4df3-a6e7-41fc4e03c990,N/A,,"Company: BlackFern Recruitment | Type: Full-time | Salary: $$170,000 - $190,000 | Location: Bangalore",Dice
"Solution Engineer, Presales - Public Sector (US Remote)","JFrog, Inc",Bangalore,2026-09-11,https://www.dice.com/job-detail/d689c32e-6ddb-4d48-814a-2212657514f8,https://www.jfrog.com,,"Company: JFrog, Inc | Type: Full-time | Salary: USD 160,000.00 - 172,500.00 per year | Location: Bangalore",Dice
Senior Business Development Manager eCommerce,Connect Tech+Talent,Bangalore,2026-09-01,https://www.dice.com/job-detail/47b6af6b-0192-4248-a261-9dae9c8bd587,https://www.connecttechtalent.com,,Company: Connect Tech+Talent | Type: Full-time | Salary: Depends on Experience | Location: Bangalore,Dice
AI Business Architect- Sales Operations,Guidewire Software Inc.,Bangalore,2026-08-30,https://www.dice.com/job-detail/ff386b56-852f-4f59-ad8a-66a19237329a,N/A,,"Company: Guidewire Software Inc. | Type: Full-time | Salary: USD 156,000.00 - 234,000.00 per year | Location: Bangalore",Dice
"Security Solutions Engineer (Pre-Sales) - REMOTE - San Jose, CA area",EVOTEK,Bangalore,2026-08-19,https://www.dice.com/job-detail/5e9a7d42-5855-4582-9cdb-f4cc62b42192,https://www.evotek.com,,"Company: EVOTEK | Type: Full-time | Salary: 150,000 - 200,000 | Location: Bangalore",Dice
Salesforce Product Manager,CitiusTech,Bangalore,2026-09-04,https://www.dice.com/job-detail/8709c8ed-cfae-4756-9894-beda7df009c9,https://www.citiustech.com,,Company: CitiusTech | Type: Contract | Salary: Depends on Experience | Location: Bangalore,Dice
Senior Salesforce Administrator,CitiusTech,Bangalore,2026-09-01,https://www.dice.com/job-detail/6c4eeaa2-5c1c-49d3-bcbc-3c8a4d6e02e8,https://www.citiustech.com,,"Company: CitiusTech | Type: Third Party, Contract | Salary: Depends on Experience | Location: Bangalore",Dice
"Senior Director, Development (Electrical Engineering)","QTS Realty Trust, Inc.","Virginia, USA",2026-08-06,https://www.dice.com/job-detail/58e4850c-6c01-4859-b45e-91fc351211df,https://www.qtsrealtytrust.com,,"Company: QTS Realty Trust, Inc. | Type: Full-time | Salary: USD 189,070.05 - 289,138.52 per year | Location: Virginia, USA",Dice
"Salesforce Solution Architect, Sales Cloud","NeuraFlash, Part of Accenture",Bangalore,2026-08-27,https://www.dice.com/job-detail/de37af8f-ebdf-4775-a66e-1efd8cb0536c,https://www.accenture.com,,"Company: NeuraFlash, Part of Accenture | Type: Full-time | Salary: USD 94,400.00 per year | Location: Bangalore",Dice
Salesforce Developer,"Milestone Technologies, Inc.",Bangalore,2026-09-04,https://www.dice.com/job-detail/596e9da9-3c65-4d80-9c8b-f1adba53c6be,https://www.milestone.in,,"Company: Milestone Technologies, Inc. | Type: Full-time | Salary: Not disclosed | Location: Bangalore",Dice
Salesforce Business Systems Analyst - %100 remote,AspireIT Solutions,Bangalore,2026-08-30,https://www.dice.com/job-detail/b3c75a01-4810-4bd6-ad75-64d1185facd5,https://www.aspireit.com,,"Company: AspireIT Solutions | Type: Third Party, Contract | Salary: $$50 - $55 | Location: Bangalore",Dice
Salesforce Solution Architect,AspireIT Solutions,Bangalore,2026-09-08,https://www.dice.com/job-detail/cf588c16-3839-4bfa-b64e-5a1aa037edce,https://www.aspireit.com,,"Company: AspireIT Solutions | Type: Third Party, Contract | Salary: Depends on Experience | Location: Bangalore",Dice
Presales Solutions Engineer - Cloud Security,SHI International Corporation,"Texas, USA",2026-07-16,https://www.dice.com/job-detail/ba9f0b28-c9e1-4b38-b836-031ea6ebfc4f,https://www.shiinternational.com,,"Company: SHI International Corporation | Type: Full-time | Salary: USD 120,000.00 - 230,000.00 per year | Location: Texas, USA",Dice
Presales Solutions Engineer - Endpoint Security,SHI International Corporation,"Texas, USA",2026-08-31,https://www.dice.com/job-detail/a50b9d9a-2409-4478-bc78-0909d2a938e2,https://www.shiinternational.com,,"Company: SHI International Corporation | Type: Full-time | Salary: USD 120,000.00 - 230,000.00 per year | Location: Texas, USA",Dice
Salesforce Technical Architect,"NeuraFlash, Part of Accenture",Bangalore,2026-08-06,https://www.dice.com/job-detail/181ab499-a230-4c61-94ef-6ccad03e0fdc,https://www.accenture.com,,"Company: NeuraFlash, Part of Accenture | Type: Full-time | Salary: USD 94,400.00 per year | Location: Bangalore",Dice
Salesforce Technical Architect - Sales Cloud,Kforce Technology Staffing,"Armonk, New York, USA",2026-08-31,https://www.dice.com/job-detail/fcb99828-596e-40a5-bdb6-fd2fed2d260e,N/A,,"Company: Kforce Technology Staffing | Type: Contract | Salary: $$70 - $80 hourly | Location: Armonk, New York, USA",Dice
Senior Salesforce Developer Architect,Leidos,"Gaithersburg, Maryland, USA",2026-08-31,https://www.dice.com/job-detail/0d574108-e3bf-4023-8791-989f4ed828d1,N/A,,"Company: Leidos | Type: Full-time | Salary: USD 150,000.00 per year | Location: Gaithersburg, Maryland, USA",Dice
Business Development Executive (Inside Sales),Oda Class - Pigeon Education India Pvt ltd,"Bengaluru, Karnataka",2026-09-12,https://www.simplyhired.co.in/job/n3BI9Wl-NB0Nh8cfjeaob8lD8_8mEMZNOlDynYiMgLKmV9VZNkPAfg,N/A,,"Company: Oda Class - Pigeon Education India Pvt ltd | Location: Bengaluru, Karnataka | Salary: Not disclosed | Oda Class - Pigeon Education India Pvt ltd —Bengaluru, Karnataka2.3",SimplyHired
Sales Development Representative,Velocity,"Bengaluru, Karnataka",2026-09-12,https://www.simplyhired.co.in/job/hl32-jcPgzUaLYb9vGJHXEqYxAIde5WKCeQq0nPWQJAryCMdMUU_WA,https://www.velocity.com,,"Company: Velocity | Location: Bengaluru, Karnataka | Salary: Not disclosed | Velocity —Bengaluru, Karnataka3",SimplyHired
Business Development Executive,INVISION PHARMA LIMITED,"Bengaluru, Karnataka",2026-09-12,https://www.simplyhired.co.in/job/CImX3HiQZCP_76i0h8lC-l9s7s4F9h2vYsm8nAVUvMSx9_A3nElJpw,https://www.invisionpharma.com,,"Company: INVISION PHARMA LIMITED | Location: Bengaluru, Karnataka | Salary: Not disclosed | INVISION PHARMA LIMITED —Bengaluru, Karnataka",SimplyHired
Sales Development Representative,PinnacleU,"Bengaluru, Karnataka",2026-09-12,https://www.simplyhired.co.in/job/67UJ016WJcPxUReKkwkOi7wUtzr0T3RpkGPsm4EMRWac_lOOmkvMWA,https://www.pinnacleu.in,,"Company: PinnacleU | Location: Bengaluru, Karnataka | Salary: Not disclosed | PinnacleU —Bengaluru, Karnataka",SimplyHired
Sales Representative,The Mom Store,"Bangalore City, Bengaluru, Karnataka",2026-09-12,https://www.simplyhired.co.in/job/mp0aq_FoHCPt74QCZe1fTSocT2SwLVM9WpZCawkQ_OL0-7KLhCBgag,https://www.themomstore.in,,"Company: The Mom Store | Location: Bangalore City, Bengaluru, Karnataka | Salary: Not disclosed | The Mom Store —Bangalore City, Bengaluru, Karnataka",SimplyHired
Sales Development Representative,Agara,"Bengaluru, Karnataka",2026-09-12,https://www.simplyhired.co.in/job/_3JJ8k74s1Ss-fJLsOWK10Y9_Js4FgYWXCie4EHIvkoSFTjCbDcDow,https://www.agara.com,,"Company: Agara | Location: Bengaluru, Karnataka | Salary: Not disclosed | Agara —Bengaluru, Karnataka",SimplyHired
Sales Development Representative,School of SDR,"Bangalore City, Bengaluru, Karnataka",2026-09-12,https://www.simplyhired.co.in/job/RBnlrCiYk8YLYOpo1kQsFyfcKAXAXG-4kyP2jGHV1T8DPpmU-qgPgg,https://www.schoolofsdr.com,,"Company: School of SDR | Location: Bangalore City, Bengaluru, Karnataka | Salary: Not disclosed | School of SDR —Bangalore City, Bengaluru, Karnataka",SimplyHired
Sales Development Representative,Skillgenic,"Vimanapura, Bengaluru, Karnataka",2026-09-12,https://www.simplyhired.co.in/job/xFlGjdxjN2PrjJpvSpZKjPWWcZxWfuFp3JHDfwryZFcLE8KZ3g7cug,https://www.skillgenic.in,,"Company: Skillgenic | Location: Vimanapura, Bengaluru, Karnataka | Salary: Not disclosed | Skillgenic —Vimanapura, Bengaluru, Karnataka",SimplyHired
Sales Development Representative (SDR),TechBiz Global GmbH,"Bengaluru, Karnataka",2026-09-12,https://www.simplyhired.co.in/job/gov3TBwBdlYU1nq8j-F5rx8WexyH0ONoQ5ZPrCRqV5nB2PDPjdVuYQ,N/A,,"Company: TechBiz Global GmbH | Location: Bengaluru, Karnataka | Salary: Not disclosed | TechBiz Global GmbH —Bengaluru, Karnataka",SimplyHired
Sales Development Representative,LIFESIGHT TECHNOLOGIES PRIVATE LIMITED,"Bengaluru, Karnataka",2026-09-12,https://www.simplyhired.co.in/job/VdqjgyWoMF23HSKw60_A66HV4w3PYTRjzFJradG1RSs2PJgFvfTWBw,https://www.lifesight.com,,"Company: LIFESIGHT TECHNOLOGIES PRIVATE LIMITED | Location: Bengaluru, Karnataka | Salary: Not disclosed | LIFESIGHT TECHNOLOGIES PRIVATE LIMITED —Bengaluru, Karnataka",SimplyHired
Field Sales Representative,AVNFLEX Packing Private Limited,"Bengaluru, Karnataka",2026-09-12,https://www.simplyhired.co.in/job/BUgG_8OjSgIHxwS-1dV1oV0lMJd5w1kcZPfOA95iL07YPZ5Zx7wZfw,N/A,,"Company: AVNFLEX Packing Private Limited | Location: Bengaluru, Karnataka | Salary: Not disclosed | AVNFLEX Packing Private Limited —Bengaluru, Karnataka",SimplyHired
Sales Development Representative,Brivo,"Bengaluru, Karnataka",2026-09-12,https://www.simplyhired.co.in/job/2GrXw72I5iQ1Soyk28eXJTmTDIdMqtCPDONmJFKQEMx1qTQLghOoDg,https://www.brivo.com,,"Company: Brivo | Location: Bengaluru, Karnataka | Salary: Not disclosed | Brivo —Bengaluru, Karnataka3.5",SimplyHired
Sales Development Representative,Observe.AI,"Bengaluru, Karnataka",2026-09-12,https://www.simplyhired.co.in/job/Ac7ctE3_P2FkeKIYqu4LMfYUFDtHpOvGcQ92o_RvJLytX_Pvt4oQnQ,https://www.observe.ai,,"Company: Observe.AI | Location: Bengaluru, Karnataka | Salary: Not disclosed | Observe.AI —Bengaluru, Karnataka",SimplyHired
Sales Development Representative,KAPTURE CX,"Bengaluru, Karnataka",2026-09-12,https://www.simplyhired.co.in/job/zr2h2SY-mJkDeDiaJfjZj4gokzJsDGUmwplijN6wfLqyCFSMUPIwKw,N/A,,"Company: KAPTURE CX | Location: Bengaluru, Karnataka | Salary: Not disclosed | KAPTURE CX —Bengaluru, Karnataka",SimplyHired
Sales Development Representative,Branofy,"JP Nagar, Bengaluru, Karnataka",2026-09-12,https://www.simplyhired.co.in/job/AEH0_7H-HiuqPUOW0vAE9b78UHJfCq3tysLMNcc-c-GxOEkg9g0nWA,https://www.branofy.com,,"Company: Branofy | Location: JP Nagar, Bengaluru, Karnataka | Salary: Not disclosed | Branofy —JP Nagar, Bengaluru, Karnataka",SimplyHired
Inside Sales Representative,Lenovo,"Bengaluru, Karnataka",2026-09-12,https://www.simplyhired.co.in/job/MhCv4R3Hjg5G3MaasvbmNu8gFZ-Dbi_2Z8KRc49WZqkAwSktrnt9aQ,https://www.lenovo.com,,"Company: Lenovo | Location: Bengaluru, Karnataka | Salary: Not disclosed | Lenovo —Bengaluru, Karnataka3.8",SimplyHired
Air Logistics Sales Representative,Kuehne+Nagel,"Bengaluru, Karnataka",2026-09-12,https://www.simplyhired.co.in/job/hOEV1h3l56wKWXiCIGZ3Pr5_6IukIb2lILDS-PRkMVjBGRzDwUOBEQ,https://www.kuehnenagel.ai,,"Company: Kuehne+Nagel | Location: Bengaluru, Karnataka | Salary: Not disclosed | Kuehne+Nagel —Bengaluru, Karnataka3.5",SimplyHired
Enterprise Sales Development Representative- Europe,Leena AI,"Bengaluru, Karnataka",2026-09-12,https://www.simplyhired.co.in/job/LGyiB98TEYz9qBKsXgXgmNCFKnC--yomQ_EiVla4G2MWtEDjyOW_Rw,https://www.leenaai.com,,"Company: Leena AI | Location: Bengaluru, Karnataka | Salary: Not disclosed | Leena AI —Bengaluru, Karnataka5",SimplyHired
Sales Development Representative I,Cleartax,"Bengaluru, Karnataka",2026-09-12,https://www.simplyhired.co.in/job/SMZkHmk2X0u1LLQqOR8AxvUKFiTRwY9NgJpd7p-1SVhqhWJ-77IntQ,https://www.cleartax.in,,"Company: Cleartax | Location: Bengaluru, Karnataka | Salary: Not disclosed | Cleartax —Bengaluru, Karnataka3.5",SimplyHired
TOOLS CONSULTANT L1,Wipro,Bengaluru,2026-09-14,https://www.timesjobs.com/job-detail/tools-consultant-l1-wipro-bengaluru-5-8-years-jobid-ddEtyEaP5OVzpSvf+uAgZw==&source=srp,https://www.wipro.com,0.0,"Company: Wipro | Exp: 5-8 yrs | Salary: Not disclosed | Skills: Tool Design, Tool Development, AWS Stack, Project Management, Testing & Deployment | Job Title: TOOLS CONSULTANT L1 City: Bengaluru State/Province: Karnataka Posting Start Date: 9/13/26 Wipro Limited (NYSE: WIT, BSE: 507685, NSE: WIPRO) Is A Leading Technology Services And Consulting Company Focused O...",TimesJobs
DEVELOPER L4,Wipro,Bengaluru,2026-09-14,https://www.timesjobs.com/job-detail/developer-l4-wipro-bengaluru-5-8-years-jobid-S__SLASH____SLASH__pnEjRFZ5zpSvf+uAgZw==&source=srp,https://www.wipro.com,0.0,"Company: Wipro | Exp: 5-8 yrs | Salary: Not disclosed | Skills: Software Development Life Cycle, Quality Assurance Testing, Salesforce Lightning Components, Root Cause Analysis, Coding And Documentation | Job Title: DEVELOPER L4 City: Bengaluru State/Province: Karnataka Posting Start Date: 9/13/26 Wipro Limited (NYSE: WIT, BSE: 507685, NSE: WIPRO) Is A Leading Technology Services And Consulting Co...",TimesJobs
DEVELOPER L3,Wipro,Bengaluru,2026-09-14,https://www.timesjobs.com/job-detail/developer-l3-wipro-bengaluru-3-5-years-jobid-EO5ig3CcN4RzpSvf+uAgZw==&source=srp,https://www.wipro.com,0.0,"Company: Wipro | Exp: 3-5 yrs | Salary: Not disclosed | Skills: Software Development  Requirement Gathering  Testing And Validation  Cross Functional Collaboration  Documentation Preparation | Job Title: DEVELOPER L3 City: Bengaluru State/Province: Karnataka Posting Start Date: 9/13/26 Wipro Limited (NYSE: WIT, BSE: 507685, NSE: WIPRO) Is A Leading Technology Services And Consulting Company Focuse...",TimesJobs
DEVELOPER L3,Wipro,Bengaluru,2026-09-14,https://www.timesjobs.com/job-detail/developer-l3-wipro-bengaluru-3-5-years-jobid-tWcsmlp0uSNzpSvf+uAgZw==&source=srp,https://www.wipro.com,0.0,"Company: Wipro | Exp: 3-5 yrs | Salary: Not disclosed | Skills: Software Development, Requirement Gathering, Testing & Validation, Documentation Preparation, Stakeholder Collaboration | Job Title: DEVELOPER L3 City: Bengaluru State/Province: Karnataka Posting Start Date: 9/12/26 Wipro Limited (NYSE: WIT, BSE: 507685, NSE: WIPRO) Is A Leading Technology Services And Consulting Company Focused On Bu...",TimesJobs
TEST ENGINEER L3,Wipro,Bengaluru,2026-09-14,https://www.timesjobs.com/job-detail/test-engineer-l3-wipro-bengaluru-3-5-years-jobid-h9suXXVc0ZJzpSvf+uAgZw==&source=srp,https://www.wipro.com,0.0,"Company: Wipro | Exp: 3-5 yrs | Salary: Not disclosed | Skills: Test Case Development, Requirement Analysis, Test Data Setup, Functional Testing, Defect Management | Job Title: TEST ENGINEER L3 City: Bengaluru State/Province: Karnataka Posting Start Date: 9/13/26 Wipro Limited (NYSE: WIT, BSE: 507685, NSE: WIPRO) Is A Leading Technology Services And Consulting Company Focused On B...",TimesJobs
"Software Development Engineer II, Amazon Now",Amazon,Bengaluru,2026-09-14,https://www.timesjobs.com/job-detail/software-development-engineer-ii-amazon-now-amazon-bengaluru-3-5-years-jobid-PaIdtvBB__SLASH__OZzpSvf+uAgZw==&source=srp,https://www.amazon.com,0.0,"Company: Amazon | Exp: 3-5 yrs | Salary: Not disclosed | Skills: Software Development Lifecycle, Scalability Design, Architecture Decisions, Front End Development, Code Reviews | Do You Want To Invent A Brand-new Quick-commerce Platform From The Ground Up? Amazon Now Is Building The Future Of 10-minute Delivery For India's Fast-growing Grocery And Essentials Market, And We're Looking For Talen...",TimesJobs
"Web Solutions Engineer, YouTube",Google,Bengaluru,2026-09-14,https://www.timesjobs.com/job-detail/web-solutions-engineer-youtube-google-bengaluru-6-9-years-jobid-LOQ2IH0Mbm9zpSvf+uAgZw==&source=srp,https://www.google.com,0.0,"Company: Google | Exp: 6-9 yrs | Salary: Not disclosed | Skills: Full Stack Development, Frontend Languages, Backend Languages, Database Technologies, Technical Documentation | Web Solutions Engineer, YouTube Share Share Web Solutions Engineer, YouTube Link Copy Link Email Email A Friend Location: Bengaluru, Karnataka, India Experience Level: Mid Mid Experience Driving Progress, Solving Prob...",TimesJobs
"Manager, Large Partner Solutions, Sellside Monetization",Google,"Gurugram, Bengaluru",2026-09-14,https://www.timesjobs.com/job-detail/manager-large-partner-solutions-sellside-monetization-google-gurugram-bengaluru-1-4-years-jobid-DOcJ9bL9+uZzpSvf+uAgZw==&source=srp,https://www.google.com,0.0,"Company: Google | Exp: 1-4 yrs | Salary: Not disclosed | Skills: Business Development Expertise, C Level Relationship Management, Team Leadership Skills, Strategic Growth Planning, Monetization Solutions Knowledge | Manager, Large Partner Solutions, Sellside Monetization Share Share Manager, Large Partner Solutions, Sellside Monetization Link : Copy Link Email : Email A Friend Location Google Plac...",TimesJobs
"Technical Program Manager, Google Pay, Recurring Payments",Google,Bengaluru,2026-09-14,https://www.timesjobs.com/job-detail/technical-program-manager-google-pay-recurring-payments-google-bengaluru-5-8-years-jobid-s9ZDb+rC8E5zpSvf+uAgZw==&source=srp,https://www.google.com,0.0,"Company: Google | Exp: 5-8 yrs | Salary: Not disclosed | Skills: Technical Program Management, Mobile Application Development, AI/ML Tools Application, Risk Analysis Techniques, Cross Functional Collaboration | Technical Program Manager, Google Pay, Recurring Payments Location: Bengaluru, Karnataka, India Experience Level: Mid Minimum Qualifications: Bachelor's Degree In A Technical Field, Or Equi...",TimesJobs
AI Sales Specialist,Google,"Bengaluru, Gurugram",2026-09-14,https://www.timesjobs.com/job-detail/ai-sales-specialist-google-bengaluru-gurugram-7-10-years-jobid-+RVcsyXwV+dzpSvf+uAgZw==&source=srp,https://www.google.com,0.0,"Company: Google | Exp: 7-10 yrs | Salary: Not disclosed | Skills: Enterprise Sales Strategy, Customer Relationship Management, AI Technology Expertise, Strategic Account Planning, Complex Business Cycles | AI Sales Specialist Location: Bengaluru, Karnataka, India; Gurugram, Haryana, India Experience Level: Mid Minimum Qualifications: Bachelor's Degree Or Equivalent Practical Experience. 7 Years Of...",TimesJobs
SOLUTION ARCHITECT L1,Wipro,Bengaluru,2026-09-14,https://www.timesjobs.com/job-detail/solution-architect-l1-wipro-bengaluru-8-10-years-jobid-znETHbaZycZzpSvf+uAgZw==&source=srp,https://www.wipro.com,0.0,"Company: Wipro | Exp: 8-10 yrs | Salary: Not disclosed | Skills: Salesforce Lightning Components, Solution Architecture Design, Integration Assessment, Requirement Analysis, Risk Analysis | Job Title: SOLUTION ARCHITECT L1 City: Bengaluru State/Province: Karnataka Posting Start Date: 9/13/26 Wipro Limited (NYSE: WIT, BSE: 507685, NSE: WIPRO) Is A Leading Technology Services And Consulting Company ...",TimesJobs
VLSI ENGINEER L3,Wipro,Bengaluru,2026-09-14,https://www.timesjobs.com/job-detail/vlsi-engineer-l3-wipro-bengaluru-3-5-years-jobid-R1FiLsRlxHRzpSvf+uAgZw==&source=srp,https://www.wipro.com,0.0,"Company: Wipro | Exp: 3-5 yrs | Salary: Not disclosed | Skills: VLSI Design, Test Bench Development, Functional Coverage Analysis, Debugging And Troubleshooting, Customer Documentation | Job Title: VLSI ENGINEER L3 City: Bengaluru State/Province: Karnataka Posting Start Date: 9/7/26 Wipro Limited (NYSE: WIT, BSE: 507685, NSE: WIPRO) Is A Leading Technology Services And Consulting Company Focused O...",TimesJobs
"Network Systems Development Engineer, Corporate Network Automation Engineering",Amazon,Bengaluru,2026-09-14,https://www.timesjobs.com/job-detail/network-systems-development-engineer-corporate-network-automation-engineering-amazon-bengaluru-5-8-years-jobid-kSIqQu9L__SLASH__DNzpSvf+uAgZw==&source=srp,https://www.amazon.com,0.0,"Company: Amazon | Exp: 5-8 yrs | Salary: Not disclosed | Skills: Python Programming, AWS Services Knowledge, DevOps Processes, CI/CD Automation, Network Infrastructure | Description Amazon Corporate Network Automation Engineering Team Owns Automation For The Deployment Of Every Product And Service That Network Engineering Teams Design And Produce. In Other Words, We're The People Who ...",TimesJobs
"DSP - Pricing Analyst , AMZL",Amazon,Bengaluru,2026-09-14,https://www.timesjobs.com/job-detail/dsp-pricing-analyst-amzl-amazon-bengaluru-3-6-years-jobid-Cx56zA3gAJJzpSvf+uAgZw==&source=srp,https://www.amazon.com,0.0,"Company: Amazon | Exp: 3-6 yrs | Salary: Not disclosed | Skills: Pricing Strategy Development, Data Analysis Proficiency, Process Improvement Implementation, Stakeholder Management Experience, Advanced Excel Skills | Here At Amazon , We're Seeking For An Experienced Program Manager To Lead Our Pricing Initiatives For The Delivery Service Partner (DSP) Program In India. In This Key Role, You Will B...",TimesJobs
"Principal Software Engineer, Fulfillment By Amazon - IOS",Amazon,Bengaluru,2026-09-14,https://www.timesjobs.com/job-detail/principal-software-engineer-fulfillment-by-amazon-ios-amazon-bengaluru-10-13-years-jobid-7W5d6eaEwJRzpSvf+uAgZw==&source=srp,https://www.amazon.com,0.0,"Company: Amazon | Exp: 10-13 yrs | Salary: Not disclosed | Skills: Software Development, Architectural Design, Agile Methodologies, Large Scale Applications, Data Structures Knowledge | Description We're Seeking An Exceptional Principal Engineer To Join Our WW Fulfillment By Amazon (WW FBA) Organization, Where You'll Directly Impact Amazon's Five Key Priorities: Increasing Speed, Reducing Cost To ...",TimesJobs
Data Engineer-Data Platforms-Google,IBM,Bengaluru,2026-09-14,https://www.timesjobs.com/job-detail/data-engineer-data-platforms-google-ibm-bengaluru-1-4-years-jobid-qQBNt7C3IDtzpSvf+uAgZw==&source=srp,https://www.ibm.com,0.0,"Company: IBM | Exp: 1-4 yrs | Salary: Not disclosed | Skills: Google Cloud Expertise, Data Pipeline Development, Data Engineering Solutions, Data Platform Management, Data Migration Solutions | Introduction A Career In IBM Consulting Is Built On Long-term Client Relationships And Close Collaboration Worldwide. You'll Work With Leading Companies Across Industries, Helping Them Shape Their Hybrid Cl...",TimesJobs
Technical Consultant-AI Integration,IBM,Bengaluru,2026-09-14,https://www.timesjobs.com/job-detail/technical-consultant-ai-integration-ibm-bengaluru-6-8-years-jobid-d338988VKBhzpSvf+uAgZw==&source=srp,https://www.ibm.com,0.0,"Company: IBM | Exp: 6-8 yrs | Salary: Not disclosed | Skills: AI Integration Solutions, API Development Experience, Workflow Automation Familiarity, Performance Optimization Techniques, Secure Deployment Practices | Introduction A Career In IBM Consulting Is Built On Long-term Client Relationships And Close Collaboration Worldwide. You'll Work With Leading Companies Across Industries, Helping Them...",TimesJobs
"Senior Software Engineer, Fabric Networking",Google,Bengaluru,2026-09-14,https://www.timesjobs.com/job-detail/senior-software-engineer-fabric-networking-google-bengaluru-5-8-years-jobid-9FEK5aJwcM9zpSvf+uAgZw==&source=srp,https://www.google.com,0.0,"Company: Google | Exp: 5-8 yrs | Salary: Not disclosed | Skills: Software Development, Network Architecture, Routing Protocols, Technical Leadership, Troubleshooting Expertise | Senior Software Engineer, Fabric Networking Location: Bengaluru, Karnataka, India Experience Level: Mid Apply Application Instructions: In Most Instances, This Position Requires In-person Interviews As Part Of The Hir...",TimesJobs
Engineering Manager / Senior Engineering Manager - 8-12 Years-,Crescendo Global,Bengaluru,2026-09-14,https://www.timesjobs.com/job-detail/engineering-manager-senior-engineering-manager-8-12-years--crescendo-global-bengaluru-8-12-years-jobid-Rv3+nJpapOBzpSvf+uAgZw==&source=srp,https://www.crescendoglobal.com,0.0,"Company: Crescendo Global | Exp: 8-12 yrs | Salary: Not disclosed | Skills: Engineering Leadership, People Management, Backend Development, Full Stack Engineering, System Design | Engineering Manager / Senior Engineering Manager - 8-12 Years - Bangalore Functional Practices: Software Engineer Job Type: Permanent Contact Name: Asawari Sharangdhar Contact Email: Asawari.sharangdhar@crescendogroup...",TimesJobs
ServiceNow Tech Lead,Wipro,Bengaluru,2026-09-14,https://www.timesjobs.com/job-detail/servicenow-tech-lead-wipro-bengaluru-5-8-years-jobid-kIgoTNBS7GRzpSvf+uAgZw==&source=srp,https://www.wipro.com,0.0,"Company: Wipro | Exp: 5-8 yrs | Salary: Not disclosed | Skills: ServiceNow Implementation  Software Development Life Cycle  System Performance Analysis  Coding And Debugging  Client Requirement Analysis | Job Title: ServiceNow Tech Lead City: Bengaluru State/Province: Karnataka Posting Start Date: 8/29/26 Wipro Limited (NYSE: WIT, BSE: 507685, NSE: WIPRO) Is A Leading Technology Services And Consu...",TimesJobs
TECHNICAL LEAD L1,Wipro,Bengaluru,2026-09-14,https://www.timesjobs.com/job-detail/technical-lead-l1-wipro-bengaluru-5-8-years-jobid-P7WsY0hKAwdzpSvf+uAgZw==&source=srp,https://www.wipro.com,0.0,"Company: Wipro | Exp: 5-8 yrs | Salary: Not disclosed | Skills: Python Application Programming, Solution Design, Root Cause Analysis, Software Development Life Cycle, Technical Documentation | Apply Now Start Applying With LinkedIn Job Title: TECHNICAL LEAD L1 City: Bengaluru State/Province: Karnataka Posting Start Date: 9/11/26 Wipro Limited (NYSE: WIT, BSE: 507685, NSE: WIPRO) Is A Leading Techn...",TimesJobs
Package Consultant-SAP HANA SCM GTS,IBM,Bengaluru,2026-09-14,https://www.timesjobs.com/job-detail/package-consultant-sap-hana-scm-gts-ibm-bengaluru-1-4-years-jobid-JVOlI+I5__SLASH__0pzpSvf+uAgZw==&source=srp,https://www.ibm.com,0.0,"Company: IBM | Exp: 1-4 yrs | Salary: Not disclosed | Skills: Trade Compliance Knowledge, Solution Configuration, Integration Expertise, Test Strategy Development, Data Migration Management | Introduction A Career In IBM Consulting Is Built On Long-term Client Relationships And Close Collaboration Worldwide. You'll Work With Leading Companies Across Industries, Helping Them Shape Their Hybrid Clou...",TimesJobs
Senior Software Engineer Salesforce Developer,Bread Financial,Bengaluru,2026-09-14,https://www.timesjobs.com/job-detail/senior-software-engineer-salesforce-developer-bread-financial-bengaluru-0-1-years-jobid-8AhkIVAdJ75zpSvf+uAgZw==&source=srp,https://www.breadfinancial.com,0.0,"Company: Bread Financial | Exp: 0-1 yrs | Salary: INR 800000 - 1600000 | Skills: Not Specified | Every Career Journey Is Personal. That&#x27;s Why We Empower You With The Tools And Support To Create Your Own Success Story. Be Challenged. Be Heard. Be Valued. Be You ... Be Here. Job Summary Engineer, 2 Is Responsi...",TimesJobs
TECHNICAL LEAD L1,Wipro,Bengaluru,2026-09-14,https://www.timesjobs.com/job-detail/technical-lead-l1-wipro-bengaluru-5-8-years-jobid-2__SLASH__RqjtNahBNzpSvf+uAgZw==&source=srp,https://www.wipro.com,0.0,"Company: Wipro | Exp: 5-8 yrs | Salary: Not disclosed | Skills: Data Engineering, Requirement Gathering, Solution Design, Root Cause Analysis, Software Development | Job Title: TECHNICAL LEAD L1 City: Bengaluru State/Province: Karnataka Posting Start Date: 9/8/26 Wipro Limited (NYSE: WIT, BSE: 507685, NSE: WIPRO) Is A Leading Technology Services And Consulting Company Focused On B...",TimesJobs
Senior Software Engineer,JLL,Bengaluru,2026-09-14,https://www.timesjobs.com/job-detail/senior-software-engineer-jll-bengaluru-6-9-years-jobid-kfwr0JKOaU9zpSvf+uAgZw==&source=srp,https://www.jll.com,0.0,"Company: JLL | Exp: 6-9 yrs | Salary: Not disclosed | Skills: Multi Agent Systems, Python Programming, AI Integration, RAG Pipeline Development, LLM Prompt Engineering | Senior Software Engineer - Agentic AI JLL Empowers You To Shape A Brighter Way. Our People At JLL Are Shaping The Future Of Real Estate For A Better World By Combining World Class Services, Advisory And Technology For...",TimesJobs
Senior Software Engineer,GE Healthcare,Bengaluru,2026-09-14,https://www.timesjobs.com/job-detail/senior-software-engineer-ge-healthcare-bengaluru-8-11-years-jobid-dzPVUtmmkYJzpSvf+uAgZw==&source=srp,https://www.gehealthcare.com,0.0,"Company: GE Healthcare | Exp: 8-11 yrs | Salary: Not disclosed | Skills: Modern C++ Development, Software Architecture Design, Agile Software Development, Code Review Practices, Performance Optimization | Summary As A Senior Software Engineer, You Will Design And Deliver Large Components And Feature Areas While Influencing Architectural Decisions. You Will Lead Design Discussions, Break Down Epics...",TimesJobs
"Software Engineering Manager II, Google Cloud",Google,Bengaluru,2026-09-14,https://www.timesjobs.com/job-detail/software-engineering-manager-ii-google-cloud-google-bengaluru-5-8-years-jobid-Mt__SLASH__zjzgnvtRzpSvf+uAgZw==&source=srp,https://www.google.com,0.0,"Company: Google | Exp: 5-8 yrs | Salary: Not disclosed | Skills: Technical Leadership  Software Development  Project Management  Stakeholder Influence  Code Review Best Practices | Software Engineering Manager II, Google Cloud Share Share On Social Media Copy Link Email A Friend Location Google: Bengaluru, Karnataka, India Level Experience Level: Advanced Experience Owning Outcomes And Decision .....",TimesJobs
Data Engineer-Data Platforms-Google,IBM,Bengaluru,2026-09-14,https://www.timesjobs.com/job-detail/data-engineer-data-platforms-google-ibm-bengaluru-1-2-years-jobid-t1AED5HC3mFzpSvf+uAgZw==&source=srp,https://www.ibm.com,0.0,"Company: IBM | Exp: 1-2 yrs | Salary: Not disclosed | Skills: Data Pipeline Development, Google Cloud Services, Data Migration Solutions, Batch & Real Time Processing, Data Layer Optimization | Introduction A Career In IBM Consulting Is Built On Long-term Client Relationships And Close Collaboration Worldwide. You'll Work With Leading Companies Across Industries, Helping Them Shape Their Hybrid Cl...",TimesJobs
MANAGING CONSULTANT - TECH & IMPL L1,Wipro,Bengaluru,2026-09-14,https://www.timesjobs.com/job-detail/managing-consultant-tech-impl-l1-wipro-bengaluru-1-4-years-jobid-XD7AFYBIlVBzpSvf+uAgZw==&source=srp,https://www.wipro.com,0.0,"Company: Wipro | Exp: 1-4 yrs | Salary: Not disclosed | Skills: ETRM Expertise, Consulting Leadership, Client Relationship, Program Management, Sales Pipeline Management | Job Title: MANAGING CONSULTANT - TECH &amp; IMPL L1 City: Bengaluru State/Province: Karnataka Posting Start Date: 9/7/26 Wipro Limited (NYSE: WIT, BSE: 507685, NSE: WIPRO) Is A Leading Technology Services And Consulti...",TimesJobs
Java React Developer_Bangalore Job In,Crescendo Global,Bengaluru,2026-09-14,https://www.timesjobs.com/job-detail/java-react-developerbangalore-job-in-crescendo-global-bengaluru-5-8-years-jobid-U33w7aWBnXxzpSvf+uAgZw==&source=srp,https://www.crescendoglobal.com,0.0,"Company: Crescendo Global | Exp: 5-8 yrs | Salary: Not disclosed | Skills: Full Stack Development, Java & Spring Boot, ReactJS Expertise, RESTful APIs, SQL Database Management | Java React Developer_Bangalore Functional Practices: Full Stack Developer Job Type: Permanent Contact Name: Jagrati Taneja Contact Email: Jagrati.taneja@crescendogroup.in Job Ref: 131539 Published: About 20 Hours Ago ...",TimesJobs
DEVELOPER L4,Wipro,Bengaluru,2026-09-14,https://www.timesjobs.com/job-detail/developer-l4-wipro-bengaluru-5-8-years-jobid-aP1QPIcpN__SLASH__pzpSvf+uAgZw==&source=srp,https://www.wipro.com,0.0,"Company: Wipro | Exp: 5-8 yrs | Salary: Not disclosed | Skills: Salesforce Lightning Components, Software Development Life Cycle, Problem Investigation Techniques, Software Performance Analysis, Quality Assurance Standards | Apply Now Apply Now Start Applying With LinkedIn Start Please Wait... Job Title: DEVELOPER L4 City: Bengaluru State/Province: Karnataka Posting Start Date: 9/13/26 Wipro Limit...",TimesJobs
"Software Engineering Manager II, Google Cloud",Google,Bengaluru,2026-09-14,https://www.timesjobs.com/job-detail/software-engineering-manager-ii-google-cloud-google-bengaluru-8-11-years-jobid-L22UIkgaagxzpSvf+uAgZw==&source=srp,https://www.google.com,0.0,"Company: Google | Exp: 8-11 yrs | Salary: Not disclosed | Skills: Technical Leadership, Software Development, Team Management, System Design, Code Review | Software Engineering Manager II, Google Cloud Share: Share Link Copy Link Email A Friend Location: Bengaluru, Karnataka, India Level: Advanced Experience Owning Outcomes And Decision Making, Solving Ambiguous Problems...",TimesJobs
GN I&E Software And Platforms SAP,Accenture,"Bengaluru, Gurugram, Hyderabad/Secunderabad, Mumbai, Pune",2026-09-14,https://www.timesjobs.com/job-detail/gn-ie-software-and-platforms-sap-accenture-bengaluru-gurugram-hyderabadsecunderabad-mumbai-pune-6-10-years-jobid-LnctasmFiNBzpSvf+uAgZw==&source=srp,https://www.accenture.com,0.0,"Company: Accenture | Exp: 6-10 yrs | Salary: Not disclosed | Skills: SAP Or Salesforce Expertise, Business Transformation Strategy, Stakeholder Management Skills, Project Leadership Capabilities, Cloud Platforms Proficiency | Accenture | Industry And Enterprise Software And Platforms Job Title: Platform Enablement + Consultant/Analyst + GN/Software &amp; Platforms Management Level: Level 09 - Cons...",TimesJobs
"Senior Software Engineer, Search",Google,Bengaluru,2026-09-14,https://www.timesjobs.com/job-detail/senior-software-engineer-search-google-bengaluru-5-8-years-jobid-ZZ4ZUKzqhhdzpSvf+uAgZw==&source=srp,https://www.google.com,0.0,"Company: Google | Exp: 5-8 yrs | Salary: Not disclosed | Skills: Software Development, Software Architecture, Data Structures, Problem Solving, Code Review | Senior Software Engineer, Search Share : Share Senior Software Engineer, Search Link : Copy Link Email : Email A Friend Location : Google, Bengaluru, Karnataka, India Experience Level : Mid Mid Experience Driving Prog...",TimesJobs
Senior Software Engineer,Clarivate,Bengaluru,2026-09-14,https://www.timesjobs.com/job-detail/senior-software-engineer-clarivate-bengaluru-0-1-years-jobid-DCpzUJ8YCFlzpSvf+uAgZw==&source=srp,N/A,0.0,"Company: Clarivate | Exp: 0-1 yrs | Salary: INR 800000 - 1600000 | Skills: Not Specified | About You (Experience, Education, Skills &amp; Accomplishments)Bachelors Or Masters Degree In Computer Science, Information Technology, Or Related Field, Or Equivalent Practical Experience. Salesforce CPQ, Or Conga CP...",TimesJobs
Senior Product Designer,Think Design Collaborative,Bengaluru,2026-09-14,https://www.timesjobs.com/job-detail/senior-product-designer-think-design-collaborative-bengaluru-0-3-years-jobid-soBNxQLO__SLASH__n9zpSvf+uAgZw==&source=srp,N/A,0.0,"Company: Think Design Collaborative | Exp: 0-3 yrs | Salary: INR 800000 - 1600000 | Skills: Capability Development, Fashion Design, Graphic Design, Industrial Design, Information Architecture, Information Design, Interaction Design, Leadership, Problem Solving, Prototyping, Storyboarding, UI/UX Strategy, UI/UX Wireframing, User Experience (UX) Design, User Interface (UI) Design, User Research, Use...",TimesJobs
Product Manager Email Client Apps & Services,JPMorgan Chase & Co.,Bengaluru,2026-09-14,https://www.timesjobs.com/job-detail/product-manager-email-client-apps-services-jpmorgan-chase-co-bengaluru-10-11-years-jobid-uXyU0OYM1kNzpSvf+uAgZw==&source=srp,https://www.jpmorganchase.com,0.0,"Company: JPMorgan Chase & Co. | Exp: 10-11 yrs | Salary: INR 800000 - 1600000 | Skills: Agile Methodology, Artificial Intelligence, Cloud Hosting, Collaboration, Communication, Customer Engagement, Data Mapping, IT Architecture Design, Internal Documentation, JIRA, Market Research, Market Trend, Operations, Product Management, Product Strategy, Productivity Management, Scrum (Software Development)...",TimesJobs
PCC Program Business Analyst Assistant Manager,EOP Svcs.,Bengaluru,2026-09-14,https://www.timesjobs.com/job-detail/pcc-program-business-analyst-assistant-manager-eop-svcs-bengaluru-6-8-years-jobid-Re__SLASH__Ex7IyDf5zpSvf+uAgZw==&source=srp,N/A,0.0,"Company: EOP Svcs. | Exp: 6-8 yrs | Salary: INR 800000 - 1600000 | Skills: Agile Methodology, Analytical Thinking, Analytics, Automation, Banking, Business Analysis, Cash Management, Communication, Coordinating, Data Analysis, Financial Services, ISO 20022, Internal Documentation, Investment Accounting, Investment Management, JIRA, Leadership, Message Format, Office Administration, Operational Res...",TimesJobs
"Software Engineering Manager II, Persistent Disk",Google,Bengaluru,2026-09-14,https://www.timesjobs.com/job-detail/software-engineering-manager-ii-persistent-disk-google-bengaluru-8-11-years-jobid-3bU1I2A479pzpSvf+uAgZw==&source=srp,https://www.google.com,0.0,"Company: Google | Exp: 8-11 yrs | Salary: Not disclosed | Skills: Technical Leadership, Software Development, Team Management, Cloud Storage Solutions, System Design | Software Engineering Manager II, Persistent Disk Location: Bengaluru, Karnataka, India Share Share Copy Link Email A Friend Experience Level: Advanced Experience: Owning Outcomes And Decision Making, Solving Ambiguous...",TimesJobs
"Senior Software Engineer, YouTube Creator Support",Google,Bengaluru,2026-09-14,https://www.timesjobs.com/job-detail/senior-software-engineer-youtube-creator-support-google-bengaluru-5-8-years-jobid-zdwj8v4Op19zpSvf+uAgZw==&source=srp,https://www.google.com,0.0,"Company: Google | Exp: 5-8 yrs | Salary: Not disclosed | Skills: Software Development, Machine Learning, Technical Leadership, Data Structures, AI Technologies | Senior Software Engineer, YouTube Creator Support Location: Bengaluru, Karnataka, India Experience Level: Mid Minimum Qualifications Bachelor's Degree Or Equivalent Practical Experience. 5 Years Of Experience With Sof...",TimesJobs
"Software Development Engineer II, Amazon Now (Tez)",Amazon,Bengaluru,2026-09-14,https://www.timesjobs.com/job-detail/software-development-engineer-ii-amazon-now-tez-amazon-bengaluru-3-6-years-jobid-__SLASH__5X8Tp8urYBzpSvf+uAgZw==&source=srp,https://www.amazon.com,0.0,"Company: Amazon | Exp: 3-6 yrs | Salary: Not disclosed | Skills: Software Development, System Architecture, Design Patterns, Performance Optimization, Code Review | Amazon Now (Quick Commerce) - Is One Of Amazon's Largest And Fastest-growing Businesses, Operating Across 8+ Marketplaces (India, MENA, North America, EU, UK, Japan) And Powering Adjacent Businesses Like India Fresh A...",TimesJobs
Data Application Engineer,Google,"Bengaluru, Hyderabad/Secunderabad",2026-09-14,https://www.timesjobs.com/job-detail/data-application-engineer-google-bengaluru-hyderabadsecunderabad-4-7-years-jobid-PHkC__SLASH__oucURRzpSvf+uAgZw==&source=srp,https://www.google.com,0.0,"Company: Google | Exp: 4-7 yrs | Salary: Not disclosed | Skills: Java Programming, Python Development, ETL Tools, Data Management, Software Development | Data Application Engineer Location Bengaluru, Karnataka, India; Hyderabad, Telangana, India Experience Level Mid Job Overview Mid Experience Driving Progress, Solving Problems, And Mentoring More Junior Team Members; ...",TimesJobs
"Silicon Backend CAD Engineer III, Silicon",Google,Bengaluru,2026-09-14,https://www.timesjobs.com/job-detail/silicon-backend-cad-engineer-iii-silicon-google-bengaluru-3-6-years-jobid-ZPyB__SLASH__17PEcBzpSvf+uAgZw==&source=srp,https://www.google.com,0.0,"Company: Google | Exp: 3-6 yrs | Salary: Not disclosed | Skills: Computer Aided Design, Electronic Design Automation, Physical Design Flow, Python Programming, C++ Development | Silicon Backend CAD Engineer III, Silicon Location: Bengaluru, Karnataka, India Experience Level: Mid Share: Share Silicon Backend CAD Engineer III, Silicon Link: Copy Link Email: Email A Friend Minimum Qualifications...",TimesJobs
Cloud Engineer 3 - AI Agents,Adobe,Bengaluru,2026-09-14,https://www.timesjobs.com/job-detail/cloud-engineer-3-ai-agents-adobe-bengaluru-4-7-years-jobid-GrficLYxgQpzpSvf+uAgZw==&source=srp,https://www.adobe.com,0.0,"Company: Adobe | Exp: 4-7 yrs | Salary: Not disclosed | Skills: Cloud Cost Optimization, AI Agent Development, Data Analysis Skills, Python Programming, SQL Querying | Cloud AI Agents FinOps Engineer As A Cloud AI Agents FinOps Engineer, You Will Help Build AI Agents, Tooling, And Data-driven Solutions That Improve Cloud Cost Efficiency, Resource Utilization, And Cost Visibility Acr...",TimesJobs
"Software Development Engineer II, Amazon Now",Amazon,Bengaluru,2026-09-14,https://www.timesjobs.com/job-detail/software-development-engineer-ii-amazon-now-amazon-bengaluru-3-5-years-jobid-QJBcT2I5IUtzpSvf+uAgZw==&source=srp,https://www.amazon.com,0.0,"Company: Amazon | Exp: 3-5 yrs | Salary: Not disclosed | Skills: Software Development Lifecycle, Scalable Component Design, Code Review Practices, Architecture Decision Making, Cross Functional Collaboration | Description Do You Want To Invent A Brand-new Quick-commerce Platform From The Ground Up? Amazon Now Is Building The Future Of 10-minute Delivery For India's Fast-growing Grocery And Essenti...",TimesJobs
"Staff Software Engineer, Google One, Subs Platform",Google,Bengaluru,2026-09-14,https://www.timesjobs.com/job-detail/staff-software-engineer-google-one-subs-platform-google-bengaluru-8-11-years-jobid-arDYvpZLL7ZzpSvf+uAgZw==&source=srp,https://www.google.com,0.0,"Company: Google | Exp: 8-11 yrs | Salary: Not disclosed | Skills: Software Development, Technical Leadership, Problem Solving, AI Integration, Software Architecture | Staff Software Engineer, Google One, Subs Platform Share Share Staff Software Engineer, Google One, Subs Platform Link Copy Link Email Email A Friend Location : Bengaluru, Karnataka, India Experience Level : Advanced ...",TimesJobs
SUPV R&D/Product Development Engineering,TE Connectivity,Bengaluru,2026-09-14,https://www.timesjobs.com/job-detail/supv-rdproduct-development-engineering-te-connectivity-bengaluru-8-12-years-jobid-yts__SLASH__ZbjkAlpzpSvf+uAgZw==&source=srp,N/A,0.0,"Company: TE Connectivity | Exp: 8-12 yrs | Salary: INR 800000 - 1600000 | Skills: Creo, Solidworks, PDM Windchill, PLM Software, Molding, Stamping, Plating, Metal Forming, Plastic Miniaturing, Additive Manufacturing, GD&T, DFMEA, DFM, Tolerance Stack Ups, Statistical Process Control, DFSS, Six Sigma Tools, Certifications And Regulatory Standards, Product Testing, Qualification | TE Connectivitys R...",TimesJobs
Applied AI Specialist-Cloud FullStack,IBM,Bengaluru,2026-09-14,https://www.timesjobs.com/job-detail/applied-ai-specialist-cloud-fullstack-ibm-bengaluru-5-10-years-jobid-F0QliKR9xwRzpSvf+uAgZw==&source=srp,https://www.ibm.com,0.0,"Company: IBM | Exp: 5-10 yrs | Salary: Not disclosed | Skills: Cloud Application Development, AI First Mindset, CI/CD Pipeline Operation, Quality Assurance, Hyperscaler Platforms | Introduction A Career In IBM Consulting Is Built On Long-term Client Relationships And Close Collaboration Worldwide. You'll Work With Leading Companies Across Industries, Helping Them Shape Their Hybrid Cloud And AI .....",TimesJobs
Sales Intern,Inference Labs,Bengaluru,2026-09-14,https://www.timesjobs.com/job-detail/sales-intern-inference-labs-bengaluru-0-1-years-jobid-dx4hke6r1cpzpSvf+uAgZw==&source=srp,https://www.inference.in,0.0,"Company: Inference Labs | Exp: 0-1 yrs | Salary: Not disclosed | Skills: Business Development, Lead Generation, Client Communication, Sales Pitching, CRM Management | Job Category: Sales Intern Job Type: Hybrid Job Location: Bangalore Job Experience: Fresher / 0-1 Year Responsibilities For The Job Sales &amp; Business Development: Identify And Prospect New Business Opportunities An...",TimesJobs
"Senior Software Engineer, YouTube Live, Creator Platform",Google,Bengaluru,2026-09-14,https://www.timesjobs.com/job-detail/senior-software-engineer-youtube-live-creator-platform-google-bengaluru-5-8-years-jobid-AwwPeJewWK9zpSvf+uAgZw==&source=srp,https://www.google.com,0.0,"Company: Google | Exp: 5-8 yrs | Salary: Not disclosed | Skills: Back End Services Development, Mobile Application Development, Software Design Expertise, Data Structures Knowledge, Technical Leadership Experience | Senior Software Engineer, YouTube Live, Creator Platform Location: Bengaluru, Karnataka, India Experience Level: Mid Share: Share | Copy Link | Email A Friend Minimum Qualifications: B...",TimesJobs
"Staff Software Engineer, Google One, Subs Platform",Google,Bengaluru,2026-09-14,https://www.timesjobs.com/job-detail/staff-software-engineer-google-one-subs-platform-google-bengaluru-8-11-years-jobid-Fe7NkA5SqwVzpSvf+uAgZw==&source=srp,https://www.google.com,0.0,"Company: Google | Exp: 8-11 yrs | Salary: Not disclosed | Skills: Technical Leadership, Software Development, System Design, Programming Languages, AI Integration | Staff Software Engineer, Google One, Subs Platform Share Share Staff Software Engineer, Google One, Subs Platform Link Copy Link Email Email A Friend Location : Google, Bengaluru, Karnataka, India Experience Level : A...",TimesJobs
TECHNOLOGY ARCHITECT L1,Wipro,Bengaluru,2026-09-14,https://www.timesjobs.com/job-detail/technology-architect-l1-wipro-bengaluru-8-10-years-jobid-5wR7Jn3PPLNzpSvf+uAgZw==&source=srp,https://www.wipro.com,0.0,"Company: Wipro | Exp: 8-10 yrs | Salary: Not disclosed | Skills: Salesforce App Building, Requirement Analysis, Low Level Design, Integration Support, Troubleshooting Support | Apply Now Apply Now Start Applying With LinkedIn Start Please Wait... Job Title: TECHNOLOGY ARCHITECT L1 City: Bengaluru State/Province: Karnataka Posting Start Date: 9/13/26 Wipro Limited (NYSE: WIT, BSE: 507685, NSE...",TimesJobs
VLSI ENGINEER L2,Wipro,Bengaluru,2026-09-14,https://www.timesjobs.com/job-detail/vlsi-engineer-l2-wipro-bengaluru-1-3-years-jobid-eWKtbxSTYcRzpSvf+uAgZw==&source=srp,https://www.wipro.com,0.0,"Company: Wipro | Exp: 1-3 yrs | Salary: Not disclosed | Skills: VLSI Physical Verification, Test Case Development, Debugging Skills, IP Functionality Testing, Documentation Management | Job Title: VLSI ENGINEER L2 City: Bengaluru State/Province: Karnataka Posting Start Date: 9/10/26 Wipro Limited (NYSE: WIT, BSE: 507685, NSE: WIPRO) Is A Leading Technology Services And Consulting Company Focused O...",TimesJobs
DEVELOPER L4,Wipro,Bengaluru,2026-09-14,https://www.timesjobs.com/job-detail/developer-l4-wipro-bengaluru-5-8-years-jobid-DdG9weUp82xzpSvf+uAgZw==&source=srp,https://www.wipro.com,0.0,"Company: Wipro | Exp: 5-8 yrs | Salary: Not disclosed | Skills: Salesforce Lightning Components, Software Development Life Cycle, Quality Assurance Testing, Problem Analysis And Resolution, Code Documentation And Reporting | Job Title: DEVELOPER L4 City: Bengaluru State/Province: Karnataka Posting Start Date: 9/13/26 Wipro Limited (NYSE: WIT, BSE: 507685, NSE: WIPRO) Is A Leading Technology Servic...",TimesJobs
"Senior Engineering Manager, YouTube Shopping",Google,Bengaluru,2026-09-14,https://www.timesjobs.com/job-detail/senior-engineering-manager-youtube-shopping-google-bengaluru-8-11-years-jobid-__SLASH__df7hrGjJ6RzpSvf+uAgZw==&source=srp,https://www.google.com,0.0,"Company: Google | Exp: 8-11 yrs | Salary: Not disclosed | Skills: Technical Leadership, Software Development, People Management, Project Management, Systems Engineering | Senior Engineering Manager, YouTube Shopping Share Share Senior Engineering Manager, YouTube Shopping Link Copy Link Email Email A Friend Location: Bengaluru, Karnataka, India Experience Level: Advanced Minimum Qualif...",TimesJobs
PRODUCT ARCHITECT L2,Wipro,Bengaluru,2026-09-14,https://www.timesjobs.com/job-detail/product-architect-l2-wipro-bengaluru-10-13-years-jobid-qcO2EXvpaBZzpSvf+uAgZw==&source=srp,https://www.wipro.com,0.0,"Company: Wipro | Exp: 10-13 yrs | Salary: Not disclosed | Skills: Architectural Design, Technical Leadership, Product Development, Client Engagement, Risk Mitigation | Job Title: PRODUCT ARCHITECT L2 City: Bengaluru State/Province: Karnataka Posting Start Date: 9/8/26 Wipro Limited (NYSE: WIT, BSE: 507685, NSE: WIPRO) Is A Leading Technology Services And Consulting Company Focused O...",TimesJobs
BUSINESS ANALYST L5,Wipro,Bengaluru,2026-09-14,https://www.timesjobs.com/job-detail/business-analyst-l5-wipro-bengaluru-8-10-years-jobid-ldIywD622O1zpSvf+uAgZw==&source=srp,https://www.wipro.com,0.0,"Company: Wipro | Exp: 8-10 yrs | Salary: Not disclosed | Skills: Customer Requirements Analysis, Workflow Chart Construction, Solution Proposal Development, Integration Testing Coordination, Domain Knowledge Management | Job Title: BUSINESS ANALYST L5 City: Bengaluru State/Province: Karnataka Posting Start Date: 9/13/26 Wipro Limited (NYSE: WIT, BSE: 507685, NSE: WIPRO) Is A Leading Technology Ser...",TimesJobs
Staff Data Scientist,GE Healthcare,Bengaluru,2026-09-14,https://www.timesjobs.com/job-detail/staff-data-scientist-ge-healthcare-bengaluru-2-5-years-jobid-MA6tKPZrIrhzpSvf+uAgZw==&source=srp,https://www.gehealthcare.com,0.0,"Company: GE Healthcare | Exp: 2-5 yrs | Salary: Not disclosed | Skills: Natural Language Processing, Machine Learning Expertise, AI Model Development, Software Engineering Skills, Cloud Application Development | Summary Seeking A Highly Motivated Staff Data Scientist With Expertise In NLP, Machine Learning, And Generative AI To Develop And Deploy Intelligent Healthcare Solutions. This Role Combine...",TimesJobs
Title: Sales Ops Program Mgr,NetApp,Bengaluru,2026-09-14,https://www.timesjobs.com/job-detail/title-sales-ops-program-mgr-netapp-bengaluru-8-11-years-jobid-Pt73DoK__SLASH__fNdzpSvf+uAgZw==&source=srp,N/A,0.0,"Company: NetApp | Exp: 8-11 yrs | Salary: Not disclosed | Skills: Power BI Expertise, SQL Proficiency, Data Modeling Skills, AI Analytics Knowledge, Dashboard Design | Title: Sales Ops Program Mgr Location: Bangalore, Karnataka, IN Requisition ID: 136353 Job Summary The Senior Data &amp; Analytics Program Manager Is A Business-savvy Analytics Leader Who Can Run Multiple Dashboard An...",TimesJobs
Staff Product Manager,Freshworks Technologies,Bengaluru,2026-09-14,https://www.timesjobs.com/job-detail/staff-product-manager-freshworks-technologies-bengaluru-10-13-years-jobid-DkDLFmmwXi5zpSvf+uAgZw==&source=srp,https://www.freshworks.com,0.0,"Company: Freshworks Technologies | Exp: 10-13 yrs | Salary: Not disclosed | Skills: AI Product Management, IT Service Management, Employee Experience Design, Project Roadmap Development, Customer Engagement Strategies | Company Description Organizations Everywhere Struggle Under The Crushing Costs And Complexities Of ""solutions"" That Promise To Simplify Their Lives. To Create A Better Experience F...",TimesJobs
"Digital Product Management Director (Business Lending, Commercial Lending, Business Banking OR Related Financial Products)",Wells Fargo,Bengaluru,2026-09-14,https://www.timesjobs.com/job-detail/digital-product-management-director-business-lending-commercial-lending-business-banking-or-related-financial-products-wells-fargo-bengaluru-1-4-years-jobid-hkaPonZ0MQNzpSvf+uAgZw==&source=srp,https://www.wellsfargo.com,0.0,"Company: Wells Fargo | Exp: 1-4 yrs | Salary: Not disclosed | Skills: Digital Strategy Execution, Team Leadership Development, Governance And Risk Oversight, Cross Functional Collaboration, Talent Management And Development | About This Role: Wells Fargo Is Seeking A Digital Product Management Director To Provide Unified Leadership For Approximately 25 India-based Business Banking Team Members Sup...",TimesJobs
SYSTEMS HARDWARE ARCHITECT L3,Wipro,Bengaluru,2026-09-14,https://www.timesjobs.com/job-detail/systems-hardware-architect-l3-wipro-bengaluru-1-4-years-jobid-K5e0qx5JKcZzpSvf+uAgZw==&source=srp,https://www.wipro.com,0.0,"Company: Wipro | Exp: 1-4 yrs | Salary: Not disclosed | Skills: VLSI Design, Hardware Engineering, Product Development, Cost Benefit Analysis, Architecture Design | Job Title: SYSTEMS HARDWARE ARCHITECT L3 City: Bengaluru State/Province: Karnataka Posting Start Date: 9/8/26 Wipro Limited (NYSE: WIT, BSE: 507685, NSE: WIPRO) Is A Leading Technology Services And Consulting Company ...",TimesJobs
Python- 4+Years - Bangalore Job In,Crescendo Global,"Bengaluru, Gurugram",2026-09-14,https://www.timesjobs.com/job-detail/python-4years-bangalore-job-in-crescendo-global-bengaluru-gurugram-7-13-years-jobid-PbXFfJg2FRtzpSvf+uAgZw==&source=srp,https://www.crescendoglobal.com,0.0,"Company: Crescendo Global | Exp: 7-13 yrs | Salary: Not disclosed | Skills: Python Development, NumPy Expertise, Pandas Proficiency, Data Processing, SQL Knowledge | Position: Python Developer - NumPy &amp; Pandas (7-13 Years) Location: Bangalore / Gurgaon Job Type: Permanent Functional Practices: AIX Engineer Contact Name: Tripti Singh Contact Email: Tripti.singh@crescendogroup.i...",TimesJobs
Partner- Payments,Wipro,"Bengaluru, Pune",2026-09-14,https://www.timesjobs.com/job-detail/partner-payments-wipro-bengaluru-pune-10-15-years-jobid-hLB3aZPiJTNzpSvf+uAgZw==&source=srp,https://www.wipro.com,0.0,"Company: Wipro | Exp: 10-15 yrs | Salary: Not disclosed | Skills: Payment Transformation, Consulting Leadership, Business Development, Client Relationship Management, Payment Architecture | Job Title: Partner- Payments City: Bengaluru, Pune State/Province: Karnataka, Maharashtra Posting Start Date: 9/10/26 Wipro Limited (NYSE: WIT, BSE: 507685, NSE: WIPRO) Is A Leading Technology Services And Cons...",TimesJobs
Project Lead,JLL,Bengaluru,2026-09-14,https://www.timesjobs.com/job-detail/project-lead-jll-bengaluru-5-8-years-jobid-UZEDNFtfQ4ZzpSvf+uAgZw==&source=srp,https://www.jll.com,0.0,"Company: JLL | Exp: 5-8 yrs | Salary: Not disclosed | Skills: Project Management, Safety Management, Budget Oversight, Quality Assurance, Communication Skills | Construction Manager (PDS) Construction Manager Project And Development Services - Corporate Solutions (region/country) What This Job Involves: Being The Backbone Of Construction Projects You'll Oversee All Day-to-day...",TimesJobs
Senior Product Manager II Research/Survey Methodologie,THE NIELSEN COMPANY (BELGIUM),Bengaluru,2026-09-14,https://www.timesjobs.com/job-detail/senior-product-manager-ii-researchsurvey-methodologie-the-nielsen-company-belgium-bengaluru-3-8-years-jobid-r+A3MEeJaXNzpSvf+uAgZw==&source=srp,N/A,0.0,"Company: THE NIELSEN COMPANY (BELGIUM) | Exp: 3-8 yrs | Salary: INR 800000 - 1600000 | Skills: Agile Methodology, Cross-Functional Collaboration, Data Science, Key Performance Indicators (KPIs), Machine Learning, Marketing, Product Roadmaps, Product Strategy, Reliability, Sales, Stakeholder Communications | Job Description Define, Communicate, And Drive The Refinement Of The Product Roadmap, Align...",TimesJobs
"Senior Software Engineer, Android Full Stack",Google,Bengaluru,2026-09-14,https://www.timesjobs.com/job-detail/senior-software-engineer-android-full-stack-google-bengaluru-5-8-years-jobid-8PSXy5Uq7+tzpSvf+uAgZw==&source=srp,https://www.google.com,1.0,"Company: Google | Exp: 5-8 yrs | Salary: Not disclosed | Skills: Android Development, Backend Services, API Design, Data Structures, Problem Solving | Senior Software Engineer, Android Full Stack Location: Google, Bengaluru, Karnataka, India Experience Level: Mid Experience: Driving Progress, Solving Problems, And Mentoring More Junior Team Members; Deeper Expertise...",TimesJobs
Senior Software Engineer,GE Healthcare,Bengaluru,2026-09-14,https://www.timesjobs.com/job-detail/senior-software-engineer-ge-healthcare-bengaluru-1-4-years-jobid-Ojt5SQ0z7kpzpSvf+uAgZw==&source=srp,https://www.gehealthcare.com,1.0,"Company: GE Healthcare | Exp: 1-4 yrs | Salary: Not disclosed | Skills: Software Development Lifecycle, AI Powered Development Tools, Design Patterns Expertise, Agile/Scrum Framework, Debugging And Troubleshooting | Summary As A Senior Software Engineer, You'll Be Responsible For Designing, Building, Delivering And Maintaining Software Applications &amp; Services. You Will Be Responsible For Softw...",TimesJobs
"Software Engineer III, Infrastructure, Google Cloud",Google,Bengaluru,2026-09-14,https://www.timesjobs.com/job-detail/software-engineer-iii-infrastructure-google-cloud-google-bengaluru-2-5-years-jobid-kDW4vc3Pxg1zpSvf+uAgZw==&source=srp,https://www.google.com,1.0,"Company: Google | Exp: 2-5 yrs | Salary: Not disclosed | Skills: C++ Programming, Java Development, Distributed Systems, Network Architecture, Data Structures | Software Engineer III, Infrastructure, Google Cloud Location: Bengaluru, Karnataka, India Experience Level: Mid (Mid Experience Driving Progress, Solving Problems, And Mentoring More Junior Team Members; Deeper Expert...",TimesJobs
"Application Engineering Intern, Summer 2027 (English)",Google,Bengaluru,2026-09-14,https://www.timesjobs.com/job-detail/application-engineering-intern-summer-2027-english-google-bengaluru-0-3-years-jobid-0CehQQnzcUdzpSvf+uAgZw==&source=srp,https://www.google.com,1.0,"Company: Google | Exp: 0-3 yrs | Salary: Not disclosed | Skills: Programming Languages, Systems Software, API Development, SQL Databases, Web Services | Application Engineering Intern, Summer 2027 (English) Location: Bengaluru, Karnataka, India Type: Intern &amp; Apprentice Apply Share Application Engineering Intern, Summer 2027 (English) Internship Requirements To Pa...",TimesJobs
VP Sales,Michael Page,Bengaluru,2026-09-14,https://www.timesjobs.com/job-detail/vp-sales-michael-page-bengaluru-10-15-years-jobid-5JgzpM0v6EFzpSvf+uAgZw==&source=srp,https://www.michaelpage.com,1.0,"Company: Michael Page | Exp: 10-15 yrs | Salary: INR 800000 - 1600000 | Skills: B2B SaaS, Enterprise Software, Procurement Technology, Procurement Transformation, Process Digitization, Cost Optimization, Sales Cycle Management, Data-driven Approach, Market Intelligence, Strategic Account Development | Opportunity To Own And Scale Highvalue Enterprise SalesStrong Alignment With Experience In Closin...",TimesJobs
Senior Full Stack Engineer,Wipro,Bengaluru,2026-09-14,https://www.timesjobs.com/job-detail/senior-full-stack-engineer-wipro-bengaluru-8-10-years-jobid-Hl1u19jHZfRzpSvf+uAgZw==&source=srp,https://www.wipro.com,1.0,"Company: Wipro | Exp: 8-10 yrs | Salary: Not disclosed | Skills: Full Stack Development, ReactJS / React Native, System Design Architecture, AWS / Azure Expertise, Database Design | Job Title: Senior Full Stack Engineer City: Bengaluru State/Province: Karnataka Posting Start Date: 9/13/26 Wipro Limited (NYSE: WIT, BSE: 507685, NSE: WIPRO) Is A Leading Technology Services And Consulting Company Fo....",TimesJobs
"Software Engineer II, Payments",Google,Bengaluru,2026-09-14,https://www.timesjobs.com/job-detail/software-engineer-ii-payments-google-bengaluru-1-4-years-jobid-+RZknLg+cWNzpSvf+uAgZw==&source=srp,https://www.google.com,1.0,"Company: Google | Exp: 1-4 yrs | Salary: Not disclosed | Skills: Software Development, Code Review, Python Programming, Debugging Skills, Team Collaboration | Software Engineer II, Payments Location: Bengaluru, Karnataka, India Experience Level: Early About The Job: Google's Software Engineers Develop The Next-generation Technologies That Change How Billions Of Users Connec...",TimesJobs
Skill,Equitas Micro Finance India Pvt Ltd,Bengaluru,2026-09-14,https://www.timesjobs.com/job-detail/skill-equitas-micro-finance-india-pvt-ltd-bengaluru-0-1-years-jobid-R0JQ2vNW7h5zpSvf+uAgZw==&source=srp,N/A,1.0,"Company: Equitas Micro Finance India Pvt Ltd | Exp: 0-1 yrs | Salary: Not disclosed | Skills: Relationship Management, Micro Finance Expertise, Sales Techniques, Customer Engagement, Field Operations | Position: Relationship Manager - MF Job Code: RM-M/1856155 Entity: Equitas Small Finance Bank Business Unit: Assets Division/Function (SBU): Inclusive Banking - MF Department: Micro Finance Sub-Depa...",TimesJobs
Software Engineer (Test),GE Healthcare,Bengaluru,2026-09-14,https://www.timesjobs.com/job-detail/software-engineer-test-ge-healthcare-bengaluru-2-5-years-jobid-TJTgvSlWvHdzpSvf+uAgZw==&source=srp,https://www.gehealthcare.com,2.0,"Company: GE Healthcare | Exp: 2-5 yrs | Salary: Not disclosed | Skills: Test Automation Frameworks, Agile Development Methodologies, Java Programming Expertise, CI/CD Pipeline Development, Object Oriented Design | Summary As A Software Engineer (Test), You Will Be Responsible For Automation &amp; Manual Testing To Deliver A High Quality Product, Platform Or Sub System And Ensuring It Is Released A...",TimesJobs
Career Opportunities: React JS Developer (50553),Incedo,"Gurugram, Pune, Bengaluru",2026-09-14,https://www.timesjobs.com/job-detail/career-opportunities-react-js-developer-50553-incedo-gurugram-pune-bengaluru-4-6-years-jobid-PlAQZebINsFzpSvf+uAgZw==&source=srp,https://www.incedo.ai,2.0,"Company: Incedo | Exp: 4-6 yrs | Salary: Not disclosed | Skills: ReactJS Development, Node, Js Proficiency, JavaScript Expertise, HTML & CSS, State Management | Company Overview Incedo Is A US Based Consulting, Analytics And Technology Services Firm Incorporated In 2011. We Are Head Quartered Out Of New Jersey With 2500+ Employees Based Globally Out Of The Offices In New Jers...",TimesJobs
"Quality Assurance Engineer 1, QRE",Amazon,Bengaluru,2026-09-14,https://www.timesjobs.com/job-detail/quality-assurance-engineer-1-qre-amazon-bengaluru-0-3-years-jobid-7BAgOM9AXCRzpSvf+uAgZw==&source=srp,https://www.amazon.com,4.0,"Company: Amazon | Exp: 0-3 yrs | Salary: INR 800000 - 1600000 | Skills: AI Agents, Agile Methodology, Application Development, CI/CD, Customer Service, JIRA, Java Applet, Programming Languages, Python (Programming Language), Quality Assurance, Software Quality Management, Test Strategy, TestProject, Testing Methodology, Testrail | Description Come Build The Future Of Grocery With Us! Amazon Is Re-...",TimesJobs
"Application Engineering Intern, Summer 2027 (English)",Google,Bengaluru,2026-09-14,https://www.timesjobs.com/job-detail/application-engineering-intern-summer-2027-english-google-bengaluru-0-1-years-jobid-tQOGLtYgk3RzpSvf+uAgZw==&source=srp,https://www.google.com,5.0,"Company: Google | Exp: 0-1 yrs | Salary: Not disclosed | Skills: Programming Languages, Java Development, SQL Expertise, API Integration, Problem Solving | Application Engineering Intern, Summer 2027 (English) Location: Bengaluru, Karnataka, India Position: Intern &amp; Apprentice Apply Important: To Participate In This Internship Program, You Must Reside In India For It...",TimesJobs
"Software Engineering Manager, Google Home Platform",Google,Bengaluru,2026-09-11,https://www.timesjobs.com/job-detail/software-engineering-manager-google-home-platform-google-bengaluru-8-11-years-jobid-E+sktse55H9zpSvf+uAgZw==&source=srp,https://www.google.com,0.0,"Company: Google | Exp: 8-11 yrs | Salary: Not disclosed | Skills: Technical Leadership, People Management, Software Development, Generative AI Integration, Code Review Best Practices | Software Engineering Manager, Google Home Platform Location Google, Bengaluru, Karnataka, India Experience Level Advanced Experience Owning Outcomes And Decision Making, Solving Ambiguous Problems And Influencing St...",TimesJobs
Delhi Career Fair (Sept 26th & 27th) - Data Engineer Job Details | ExxonMobil,ExxonMobil,"Bengaluru, Gurugram, Mumbai",2026-09-11,https://www.timesjobs.com/job-detail/delhi-career-fair-sept-26th-27th-data-engineer-job-details-exxonmobil-exxonmobil-bengaluru-gurugram-mumbai-5-9-years-jobid-b4HnN__SLASH__NvzZlzpSvf+uAgZw==&source=srp,https://www.exxonmobil.com,0.0,"Company: ExxonMobil | Exp: 5-9 yrs | Salary: Not disclosed | Skills: Snowflake Data Modeling, Data Pipeline Development, SQL Performance Tuning, Cloud Integration Experience, ETL/ELT Frameworks | Delhi Career Fair (Sept 26th &amp; 27th) - Data Engineer Location: Bangalore, KA, IN, 560066 Company Name: ExxonMobil About Us At ExxonMobil, Our Vision Is To Lead In Energy Innovations That Advance Moder...",TimesJobs
Site Reliability Engineer,Google,Bengaluru,2026-09-11,https://www.timesjobs.com/job-detail/site-reliability-engineer-google-bengaluru-1-4-years-jobid-3JvSKdBhphRzpSvf+uAgZw==&source=srp,https://www.google.com,0.0,"Company: Google | Exp: 1-4 yrs | Salary: Not disclosed | Skills: Software Development, Data Structures, Unix/Linux Expertise, Problem Solving Skills, Performance Analysis | Site Reliability Engineer Share : Share Site Reliability Engineer Link : Copy Link Email : Email A Friend Location : Google, Bengaluru, Karnataka, India Experience Level : Early Experience Completing Work As Directed,...",TimesJobs
"Senior Software Engineer, Google Cloud",Google,Bengaluru,2026-09-11,https://www.timesjobs.com/job-detail/senior-software-engineer-google-cloud-google-bengaluru-5-6-years-jobid-Jb75N0XBoydzpSvf+uAgZw==&source=srp,https://www.google.com,0.0,"Company: Google | Exp: 5-6 yrs | Salary: Not disclosed | Skills: Programming In Go, Python Development, Distributed Systems, Generative AI, Full Stack Development | Senior Software Engineer, Google Cloud Share : Share Senior Software Engineer, Google Cloud Link : Copy Link Email A Friend : Email A Friend Location : Bengaluru, Karnataka, India Experience Level : Mid Mid Experience...",TimesJobs
TECHNO FUNCTIONAL CONSULTANT L2,Wipro,Bengaluru,2026-09-11,https://www.timesjobs.com/job-detail/techno-functional-consultant-l2-wipro-bengaluru-8-10-years-jobid-WAPBoMtDq8BzpSvf+uAgZw==&source=srp,https://www.wipro.com,0.0,"Company: Wipro | Exp: 8-10 yrs | Salary: Not disclosed | Skills: Techno Functional Expertise, ERP Implementation, Coding & Testing, Business Requirement Management, Automation Tools Development | Job Title: TECHNO FUNCTIONAL CONSULTANT L2 City: Bengaluru State/Province: Karnataka Posting Start Date: 8/31/26 Wipro Limited (NYSE: WIT, BSE: 507685, NSE: WIPRO) Is A Leading Technology Services And Con...",TimesJobs
"Senior Associate - Catalog, IN Core Consumables",Amazon,Bengaluru,2026-09-11,https://www.timesjobs.com/job-detail/senior-associate-catalog-in-core-consumables-amazon-bengaluru-2-4-years-jobid-uM9VfT5hXy1zpSvf+uAgZw==&source=srp,https://www.amazon.com,0.0,"Company: Amazon | Exp: 2-4 yrs | Salary: Not disclosed | Skills: Customer Obsession, Effective Communication, Problem Solving, Quality Audits, Microsoft Office Expertise | Description Are You Eager To Make A Huge Impact On Amazon's Ability To Drive Business Development? If You Are Customer Obsessed And Would Like To Be Part Of Customer Focused Programs, This Is The Position For You. In ...",TimesJobs
"Staff Software Engineer, Infrastructure, Google Cloud",Google,Bengaluru,2026-09-11,https://www.timesjobs.com/job-detail/staff-software-engineer-infrastructure-google-cloud-google-bengaluru-8-11-years-jobid-3jefOKVnsIhzpSvf+uAgZw==&source=srp,https://www.google.com,0.0,"Company: Google | Exp: 8-11 yrs | Salary: Not disclosed | Skills: Software Development, Infrastructure Engineering, Distributed Systems, Technical Leadership, Software Design | Staff Software Engineer, Infrastructure, Google Cloud Location: Bengaluru, Karnataka, India Experience Level: Advanced Experience Owning Outcomes And Decision Making, Solving Ambiguous Problems And Influencing Stakeho...",TimesJobs
Customer Support Representative,,Bangalore,N/A,https://www.freshersworld.com/jobs/customer-support-representative-in-bengaluru-for-for-a-client-of-teamlease-digital-2951279,N/A,,Company:  | Location: Bangalore | Qualification: 1000 - 56000 Monthly | 15 September 2026 - Apply for the latest Customer Suppor...,Freshersworld
Customer Support Representative,,Bangalore,N/A,https://www.freshersworld.com/jobs/customer-support-representative-in-bengaluru-for-for-a-client-of-teamlease-digital-2928917,N/A,,Company:  | Location: Bangalore | Qualification: 1000 - 60000 Monthly | 15 September 2026 - Apply for the latest Customer Suppor...,Freshersworld
Customer Service Representative,,Bangalore,N/A,https://www.freshersworld.com/jobs/customer-service-representative-in-bengaluru-for-for-a-client-of-teamlease-digital-2907697,N/A,,Company:  | Location: Bangalore | Qualification: 1000 - 56000 Monthly | For a Client of TeamLease Digital invited new job notifi...,Freshersworld
Customer Support Representative,,Bangalore,N/A,https://www.freshersworld.com/jobs/customer-support-representative-in-bengaluru-for-for-a-client-of-teamlease-digital-2946944,N/A,,Company:  | Location: Bangalore | Qualification: 1000 - 56000 Monthly | 15 September 2026 - Apply for the latest Customer Suppor...,Freshersworld
Capital Markets Services Representative,,Bangalore,N/A,https://www.freshersworld.com/jobs/capital-markets-services-representative-in-bengaluru-for-for-a-client-of-teamlease-digital-2951636,N/A,,Company:  | Location: Bangalore | Qualification: 1000 - 45000 Monthly | 15 September 2026 - Apply for the latest Capital Markets...,Freshersworld
Capital Markets Services Representative,,Bangalore,N/A,https://www.freshersworld.com/jobs/capital-markets-services-representative-in-bengaluru-for-for-a-client-of-teamlease-digital-2948028,N/A,,Company:  | Location: Bangalore | Qualification: 1000 - 45000 Monthly | 15 September 2026 - Apply for the latest Capital Markets...,Freshersworld
Development Engineer,,Bangalore,N/A,https://www.freshersworld.com/jobs/development-engineer-jobs-opening-in-a-client-of-freshersworld-at-bangalore-2930564,N/A,,Company:  | Location: Bangalore | Qualification: 25000 - 50000 Monthly | Apply to Development Engineer Jobs in A Client of Freshe...,Freshersworld
"Business Development Manager Jobs Opening in 3 POINT HUMAN CAPITAL PVT LTD at Banashankari, BangaloreLess",,Bangalore,N/A,https://www.freshersworld.com/jobs/business-development-manager-jobs-opening-in-3-point-human-capital-pvt-ltd-at-banashankari-bangalore-2930553,N/A,,Company:  | Location: Bangalore | Qualification: 21000 - 22000 Monthly | 15 September 2026 Apply for the latest Business Develop...,Freshersworld
Assistant General Manager Business Development-Sales Jobs Opening in SBI Payments Services Pvt Ltd at BengaluruLess,,Bangalore,N/A,https://www.freshersworld.com/jobs/assistant-general-manager-business-development-sales-in-bengaluru-for-sbi-payments-services-pvt-ltd-2915708,N/A,,Company:  | Location: Bangalore | Qualification: 400000 - 500000 Monthly | SBI Payments Services Pvt Ltd invited new job notificati...,Freshersworld
"Business Development Interns Jobs Opening in Codingal Technologies Private Limited at HSR, BangaloreLess",,Bangalore,N/A,https://www.freshersworld.com/jobs/business-development-interns-jobs-opening-in-codingal-technologies-private-limited-at-hsr-bangalore-2939221,N/A,,Company:  | Location: Bangalore | Qualification: 20000 - 22000 Monthly | 15 September 2026 Apply for the latest Business Develop...,Freshersworld
"Business Development Associate Jobs Opening in Codingal Technologies Private Limited at HSR, BangaloreLess",,Bangalore,N/A,https://www.freshersworld.com/jobs/business-development-associate-jobs-opening-in-codingal-technologies-private-limited-at-hsr-bangalore-2939223,N/A,,Company:  | Location: Bangalore | Qualification: 20000 - 22000 Monthly | 15 September 2026 Apply for the latest Business Develop...,Freshersworld
"Business Development Manager Jobs Opening in BS talent solutions PVT LTD at HBR Layout, BangaloreLess",,Bangalore,N/A,https://www.freshersworld.com/jobs/business-development-manager-jobs-opening-in-bs-talent-solutions-pvt-ltd-at-hbr-layout-bangalore-2939759,N/A,,Company:  | Location: Bangalore | Qualification: 50000 - 75000 Monthly | 15 September 2026 Apply for the latest Business Develop...,Freshersworld
"Business Development Executive Jobs Opening in Aishwarya Groups at JP Nagar, BangaloreLess",,Bangalore,N/A,https://www.freshersworld.com/jobs/business-development-executive-jobs-opening-in-aishwarya-groups-at-jp-nagar-bangalore-2930011,N/A,,Company:  | Location: Bangalore | Qualification: 20000 - 25000 Monthly | 15 September 2026 Apply for the latest Business Develop...,Freshersworld
"Business Development Executive Jobs Opening in Gimbal Technologies at Bommanahalli, Bangalore-Others, BangaloreLess",,Bangalore,N/A,https://www.freshersworld.com/jobs/business-development-executive-jobs-opening-in-gimbal-technologies-at-bommanahalli-bangalore-others-bangalore-2928348,N/A,,Company:  | Location: Bangalore | Qualification: 20000 - 30000 Monthly | 15 September 2026 Apply for the latest Business Develop...,Freshersworld
"Business Development Associate Jobs Opening in Indian Edu Hub at Koramangala, BangaloreLess",,Bangalore,N/A,https://www.freshersworld.com/jobs/business-development-associate-jobs-opening-in-indian-edu-hub-at-koramangala-bangalore-2951513,N/A,,Company:  | Location: Bangalore | Qualification: 20000 - 30000 Monthly | 15 September 2026 Apply for the latest Business Develop...,Freshersworld
"Business Development Executive Jobs Opening in 2nds Commerce Pvt Ltd at Bangalore-Others, BangaloreLess",,Bangalore,N/A,https://www.freshersworld.com/jobs/business-development-executive-jobs-opening-in-2nds-commerce-pvt-ltd-at-bangalore-others-bangalore-2946902,N/A,,Company:  | Location: Bangalore | Qualification: 25000 - 30000 Monthly | 15 September 2026 Apply for the latest Business Develop...,Freshersworld
"Business Development Executive Jobs Opening in RoomAdda Urban Solutions Pvt. Ltd. at Koramangala, BangaloreLess",,Bangalore,N/A,https://www.freshersworld.com/jobs/business-development-executive-jobs-opening-in-roomadda-urban-solutions-pvt-ltd-at-koramangala-bangalore-2933265,N/A,,Company:  | Location: Bangalore | Qualification: 15000 - 25000 Monthly | 15 September 2026 Apply for the latest Business Develop...,Freshersworld
Hardware Development Engineer,,Bangalore,N/A,https://www.freshersworld.com/jobs/hardware-development-engineer-jobs-opening-in-a-client-of-freshersworld-at-bangalore-2950389,N/A,,Company:  | Location: Bangalore | Qualification: Salary not disclosed | Apply to Hardware Development Engineer Jobs in A Client ...,Freshersworld
Software Development Engineer,,Bangalore,N/A,https://www.freshersworld.com/jobs/software-development-engineer-jobs-opening-in-client-of-teamlease-at-bangalore-2948959,N/A,,Company:  | Location: Bangalore | Qualification: Salary not disclosed | Apply to Software Development Engineer Jobs in Client of...,Freshersworld
"Web Development Intern Jobs Opening in Procyon TechSolutions Private Limited at Electronic City, BangaloreLess",,Bangalore,N/A,https://www.freshersworld.com/jobs/web-development-intern-jobs-opening-in-procyon-techsolutions-private-limited-at-electronic-city-bangalore-2939222,N/A,,Company:  | Location: Bangalore | Qualification: 15000 Monthly | 15 September 2026 Apply for the latest Web Development ...,Freshersworld
Software Development Engineer,,Bangalore,N/A,https://www.freshersworld.com/jobs/software-development-engineer-jobs-opening-in-a-client-of-freshersworld-at-bangalore-2949509,N/A,,Company:  | Location: Bangalore | Qualification: Salary not disclosed | Apply to Software Development Engineer Jobs in A Client ...,Freshersworld
Software Development Internship,,Bangalore,N/A,https://www.freshersworld.com/jobs/software-development-internship-jobs-opening-in-a-client-of-freshersworld-at-bangalore-2950805,N/A,,Company:  | Location: Bangalore | Qualification: Salary not disclosed | Apply to Software Development Internship Jobs in A Clien...,Freshersworld
"Freelance Business Development Executive Jobs Opening in VillageTalkies at Brookefields, BangaloreLess",,Bangalore,N/A,https://www.freshersworld.com/jobs/freelance-business-development-executive-jobs-opening-in-villagetalkies-at-brookefields-bangalore-2933264,N/A,,Company:  | Location: Bangalore | Qualification: 50000 - 100000 Monthly | 15 September 2026 Apply for the latest Freelance Busine...,Freshersworld
"Freelance Business Development Executive Jobs Opening in VillageTalkies at Bommanahalli, BangaloreLess",,Bangalore,N/A,https://www.freshersworld.com/jobs/freelance-business-development-executive-jobs-opening-in-villagetalkies-at-bommanahalli-bangalore-2951784,N/A,,Company:  | Location: Bangalore | Qualification: 50000 - 100000 Yearly | 15 September 2026 Apply for the latest Freelance Busine...,Freshersworld
"Freelance Business Development Executive Jobs Opening in VillageTalkies at Basavanagudi, BangaloreLess",,Bangalore,N/A,https://www.freshersworld.com/jobs/freelance-business-development-executive-jobs-opening-in-villagetalkies-at-basavanagudi-bangalore-2951290,N/A,,Company:  | Location: Bangalore | Qualification: 50000 - 100000 Monthly | 15 September 2026 Apply for the latest Freelance Busine...,Freshersworld
Sales ManagerJobs Opening in Cadila Pharmaceuticals Ltd at BangaloreLess,,Bangalore,N/A,https://www.freshersworld.com/jobs/sales-managerjobs-opening-in-cadila-pharmaceuticals-ltd-at-bangalore-2944202,N/A,,Company:  | Location: Bangalore | Qualification: Salary not disclosed | Apply to Sales Manager Jobs in Cadila Pharmaceuticals Lt...,Freshersworld
Sales ManagerJobs Opening in Cadila Pharmaceuticals Ltd at BangaloreLess,,Bangalore,N/A,https://www.freshersworld.com/jobs/sales-managerjobs-opening-in-cadila-pharmaceuticals-ltd-at-bangalore-2926769,N/A,,Company:  | Location: Bangalore | Qualification: Salary not disclosed | Apply to Sales Manager Jobs in Cadila Pharmaceuticals Lt...,Freshersworld
Inside Sales Job Opening in POONAWALLA FINCORP LIMITED at BengaluruLess,,Bangalore,N/A,https://www.freshersworld.com/jobs/inside-sales-in-bengaluru-for-poonawalla-fincorp-limited-2933803,N/A,,Company:  | Location: Bangalore | Qualification: 18000 - 25000 Monthly | 15 September 2026 - Apply for the latest Inside Sales Jo...,Freshersworld
Sales Engineer,,Bangalore,N/A,https://www.freshersworld.com/jobs/sales-engineer-jobs-opening-in-client-of-hr-tech-at-bangalore-2930971,N/A,,"Company:  | Location: Bangalore | Qualification: 25000 - 48000 Monthly | Apply to Sales Engineer Jobs in Client Of HR Tech, Banga...",Freshersworld
Sales ManagerJobs Opening in Cadila Pharmaceuticals Ltd at BangaloreLess,,Bangalore,N/A,https://www.freshersworld.com/jobs/sales-managerjobs-opening-in-cadila-pharmaceuticals-ltd-at-bangalore-2951587,N/A,,Company:  | Location: Bangalore | Qualification: Salary not disclosed | Apply to Sales Manager Jobs in Cadila Pharmaceuticals Lt...,Freshersworld
Channel Sales,,"Bangalore, Belagavi, Ballari...",N/A,https://www.freshersworld.com/jobs/channel-sales-in-karnataka-for-for-a-client-of-teamlease-services-ltd-2914521,N/A,,"Company:  | Location: Bangalore, Belagavi, Ballari... | Qualification: 21000 - 22000 Monthly | 15 September 2026 - Apply for the latest Channel Sales J...",Freshersworld
"Field Sales Executive Jobs Opening in Brimbus Production Pvt. Ltd at BTM, BangaloreLess",,Bangalore,N/A,https://www.freshersworld.com/jobs/field-sales-executive-jobs-opening-in-brimbus-production-pvt-ltd-at-btm-bangalore-2951428,N/A,,Company:  | Location: Bangalore | Qualification: 20000 - 30000 Monthly | 15 September 2026 Apply for the latest Field Sales Exec...,Freshersworld
Senior Learning and Development Trainer Job Opening in Accenture Solutions Private Limited at KarnatakaLess,,"Bangalore, Belagavi, Ballari...",N/A,https://www.freshersworld.com/jobs/senior-learning-and-development-trainer-in-karnataka-for-accenture-solutions-private-limited-2943046,N/A,,"Company:  | Location: Bangalore, Belagavi, Ballari... | Qualification: 20000 - 200000 Monthly | 15 September 2026 - Apply for the latest Senior Learning...",Freshersworld
virtual sales executive Job Opening in Tata AIG General Insurance Company Limited at BengaluruLess,,Bangalore,N/A,https://www.freshersworld.com/jobs/virtual-sales-executive-in-bengaluru-for-tata-aig-general-insurance-company-limited-2937029,N/A,,Company:  | Location: Bangalore | Qualification: 22000 - 23000 Monthly | 15 September 2026 - Apply for the latest virtual sales e...,Freshersworld
Sales Associate Jobs Opening in TATA PLAY BROADBAND PRIVATE LIMITED at BengaluruLess,,Bangalore,N/A,https://www.freshersworld.com/jobs/sales-associate-in-bengaluru-for-tata-play-broadband-private-limited-2833249,N/A,,Company:  | Location: Bangalore | Qualification: 16000 - 28000 Monthly | TATA PLAY BROADBAND PRIVATE LIMITED invited new job noti...,Freshersworld
"Advertising Sales Intern Jobs Opening in Cronbay Technologies at Whitefield, BangaloreLess",,Bangalore,N/A,https://www.freshersworld.com/jobs/advertising-sales-intern-jobs-opening-in-cronbay-technologies-at-whitefield-bangalore-2951555,N/A,,Company:  | Location: Bangalore | Qualification: 15000 - 20000 Monthly | 15 September 2026 Apply for the latest Advertising Sale...,Freshersworld
"International Sales Executive Jobs Opening in PURE TRUHERB PRIVATE LIMITED at MG Road, BangaloreLess",,Bangalore,N/A,https://www.freshersworld.com/jobs/international-sales-executive-jobs-opening-in-pure-truherb-private-limited-at-mg-road-bangalore-2932160,N/A,,Company:  | Location: Bangalore | Qualification: 35000 - 45000 Monthly | 15 September 2026 Apply for the latest International Sa...,Freshersworld
Branch Sales Officer Job Opening in RBL Bank Limited Banca Channel at KarnatakaLess,,"Bangalore, Belagavi, Ballari...",N/A,https://www.freshersworld.com/jobs/branch-sales-officer-in-karnataka-for-rbl-bank-limited-banca-channel-2951500,N/A,,"Company:  | Location: Bangalore, Belagavi, Ballari... | Qualification: 17000 - 20000 Monthly | 15 September 2026 - Apply for the latest Branch Sales Of...",Freshersworld
"Retail Sales Associate Jobs Opening in Livspace at Marathahalli, Sarjapur Road, BangaloreLess",,Bangalore,N/A,https://www.freshersworld.com/jobs/retail-sales-associate-jobs-opening-in-livspace-at-marathahalli-sarjapur-road-bangalore-2935945,N/A,,Company:  | Location: Bangalore | Qualification: 25000 - 30000 Monthly | 15 September 2026 Apply for the latest Retail Sales Ass...,Freshersworld
Sales Officer Projects Job Opening in Ujjivan Small Finance bank Limited at BengaluruLess,,Bangalore,N/A,https://www.freshersworld.com/jobs/sales-officer-projects-in-bengaluru-for-ujjivan-small-finance-bank-limited-2931085,N/A,,Company:  | Location: Bangalore | Qualification: 16000 - 22000 Monthly | 15 September 2026 - Apply for the latest Sales Officer ...,Freshersworld
"Field Sales Executive Jobs Opening in Filza Group India Pvt Ltd at Whitefield, BangaloreLess",,Bangalore,N/A,https://www.freshersworld.com/jobs/field-sales-executive-jobs-opening-in-filza-group-india-pvt-ltd-at-whitefield-bangalore-2937632,N/A,,Company:  | Location: Bangalore | Qualification: 25000 - 35000 Monthly | 15 September 2026 Apply for the latest Field Sales Exec...,Freshersworld
"Technical Sales Engineer Jobs Opening in Keystone Dispensol Private Limited at Electronic City, Guindy, Bangalore, ChennaiLess",,"Bangalore, Chennai",N/A,https://www.freshersworld.com/jobs/technical-sales-engineer-jobs-opening-in-keystone-dispensol-private-limited-at-electronic-city-guindy-bangalore-chennai-2951524,N/A,,"Company:  | Location: Bangalore, Chennai | Qualification: 28000 - 35000 Monthly | 15 September 2026 Apply for the latest Technical Sales ...",Freshersworld
Retail Sales Associate Jobs Opening in Duroflex Private Limited at BengaluruLess,,Bangalore,N/A,https://www.freshersworld.com/jobs/retail-sales-associate-in-bengaluru-for-duroflex-private-limited-2885954,N/A,,Company:  | Location: Bangalore | Qualification: 27000 - 33000 Monthly | Duroflex Private Limited invited new job notification 05...,Freshersworld
"Field Sales Executive B.D.E Jobs Opening in Threxa at Bangalore-Others, BangaloreLess",,Bangalore,N/A,https://www.freshersworld.com/jobs/field-sales-executive-b-d-e-jobs-opening-in-threxa-at-bangalore-others-bangalore-2939758,N/A,,Company:  | Location: Bangalore | Qualification: 15000 - 22000 Monthly | 15 September 2026 Apply for the latest Field Sales Exec...,Freshersworld
Senior Sales Associate TL Job Opening in TATA PLAY BROADBAND PRIVATE LIMITED at BengaluruLess,,Bangalore,N/A,https://www.freshersworld.com/jobs/senior-sales-associate-tl-in-bengaluru-for-tata-play-broadband-private-limited-2944167,N/A,,Company:  | Location: Bangalore | Qualification: 16000 - 40000 Monthly | 15 September 2026 - Apply for the latest Senior Sales As...,Freshersworld
"Marketing And Sales Intern Jobs Opening in Letzstepin Private Limited at Wakad, Bangalore, Mumbai, PuneLess",,"Bangalore, Mumbai, Pune",N/A,https://www.freshersworld.com/jobs/marketing-and-sales-intern-jobs-opening-in-letzstepin-private-limited-at-wakad-bangalore-mumbai-pune-2951752,N/A,,"Company:  | Location: Bangalore, Mumbai, Pune | Qualification: 3000 - 8000 Monthly | 15 September 2026 Apply for the latest Marketing And Sa...",Freshersworld
"Associate Sales And Marketing Role Jobs Opening in Uprio at Bangalore, Chennai, HyderabadLess",,"Hyderabad, Bangalore, Chennai",N/A,https://www.freshersworld.com/jobs/associate-sales-and-marketing-role-jobs-opening-in-uprio-at-bangalore-chennai-hyderabad-2951531,N/A,,"Company:  | Location: Hyderabad, Bangalore, Chennai | Qualification: 40000 - 55000 Monthly | 15 September 2026 Apply for the latest Associate Sales ...",Freshersworld
"Sales Executive Commercial Industrial Lighting Jobs Opening in Lighting at Whitefield, Yelahanka, Bangalore-Others, BangaloreLess",,Bangalore,N/A,https://www.freshersworld.com/jobs/sales-executive-commercial-industrial-lighting-jobs-opening-in-lighting-at-whitefield-yelahanka-bangalore-others-bangalore-2937605,N/A,,Company:  | Location: Bangalore | Qualification: 17000 - 25000 Monthly | 15 September 2026 Apply for the latest Sales Executive ...,Freshersworld
Executive -Telesales Job Opening in Tata AIG General Insurance Company Limited at BengaluruLess,,Bangalore,N/A,https://www.freshersworld.com/jobs/executive-telesales-in-bengaluru-for-tata-aig-general-insurance-company-limited-2940912,N/A,,Company:  | Location: Bangalore | Qualification: 21000 - 22000 Monthly | 15 September 2026 - Apply for the latest Executive -Tele...,Freshersworld
Sales Development Representative - India,WebEngage,"Bengaluru, Karnataka, India",2026-09-07,https://www.linkedin.com/jobs/view/4465808381,https://www.webengage.com,,,LinkedIn
Sales Development Representative,Coram AI,"Bengaluru, Karnataka, India",2026-09-09,https://www.linkedin.com/jobs/view/4447045843,https://www.coramai.org,,,LinkedIn
Sales Development Representative - US,Observe.AI,"Bengaluru, Karnataka, India",2026-09-11,https://www.linkedin.com/jobs/view/4462432890,https://www.observe.ai,,,LinkedIn
Sales Development Representative,Lifie AI,"Bengaluru, Karnataka, India",2026-09-06,https://www.linkedin.com/jobs/view/4463007031,N/A,,,LinkedIn
Sales Development Representative,SimpleGrid,"Bengaluru, Karnataka, India",2026-09-12,https://www.linkedin.com/jobs/view/4466195321,https://www.simplegrid.com,,,LinkedIn
Sales Development Representative,Brivo,"Bengaluru, Karnataka, India",2026-09-11,https://www.linkedin.com/jobs/view/4464771637,https://www.brivo.com,,,LinkedIn
Sales Development Representative,AsteroidX,"Bengaluru, Karnataka, India",2026-09-08,https://www.linkedin.com/jobs/view/4463982596,https://www.asteroidx.com,,,LinkedIn
Enterprise Sales Development Representative - US,Leena AI,"Bengaluru, Karnataka, India",2026-09-08,https://www.linkedin.com/jobs/view/4466070014,https://www.leenaai.com,,,LinkedIn
Business Development Representative,Gumlet,"Bengaluru, Karnataka, India",2026-09-06,https://www.linkedin.com/jobs/view/4464995175,https://www.gumlet.com,,,LinkedIn
"Business Development Representative II, U4B (Sales Plan)",Uber,"Bengaluru, Karnataka, India",2026-09-11,https://www.linkedin.com/jobs/view/4467075708,N/A,,,LinkedIn
Sales Development Representative - Fresher,theBackspace.co,"Bengaluru, Karnataka, India",2026-09-06,https://www.linkedin.com/jobs/view/4463859393,https://www.thebackspace.in,,,LinkedIn
Business Development Representative (BDR),Siemens Digital Industries Software,"Bengaluru, Karnataka, India",2026-09-07,https://www.linkedin.com/jobs/view/4455434294,https://www.siemens.com,,,LinkedIn
Sales Development Representative,The Takeoff AI,"Bengaluru, Karnataka, India",2026-09-08,https://www.linkedin.com/jobs/view/4464859901,N/A,,,LinkedIn
Sales Development Representative,Skill Veda,Greater Bengaluru Area,2026-09-08,https://www.linkedin.com/jobs/view/4464878675,https://www.skillveda.in,,,LinkedIn
Business Development Representative*,Meltwater,"Bengaluru, Karnataka, India",2026-09-07,https://www.linkedin.com/jobs/view/4454979818,https://www.meltwater.com,,,LinkedIn
Sales Specialist - B2B SaaS(International),BiteSpeed,"Bengaluru, Karnataka, India",2026-09-11,https://www.linkedin.com/jobs/view/4464788943,https://www.bitespeed.in,,,LinkedIn
Sales Development Representative (MEA),Appknox,"Bengaluru, Karnataka, India",2026-09-08,https://www.linkedin.com/jobs/view/4464203258,https://www.appknox.com,,,LinkedIn
Sales Development Representative MEA Region,Appknox,"Bengaluru, Karnataka, India",2026-09-08,https://www.linkedin.com/jobs/view/4463971632,https://www.appknox.com,,,LinkedIn
Sales Development Representative,Mareana,"Bengaluru, Karnataka, India",2026-09-12,https://www.linkedin.com/jobs/view/4452801317,https://www.mareana.com,,,LinkedIn
Founding Enterprise Sales Development Representative (SDR),Opsolute,"Bengaluru, Karnataka, India",2026-09-08,https://www.linkedin.com/jobs/view/4464847801,https://www.opsolute.io,,,LinkedIn
Business Development Representative-Japan,GoComet,"Bengaluru, Karnataka, India",2026-09-07,https://www.linkedin.com/jobs/view/4464509325,https://www.gocomet.com,,,LinkedIn
Inside Sales Executive,XfilesPro,"Bengaluru, Karnataka, India",2026-09-12,https://www.linkedin.com/jobs/view/4466180404,https://www.xfilespro.com,,,LinkedIn
Business Development Representative,Provenir,"Bengaluru, Karnataka, India",2026-09-12,https://www.linkedin.com/jobs/view/4465560787,https://www.provenir.in,,,LinkedIn
Inside Sales Specialist,NoBroker.com,"Bengaluru, Karnataka, India",2026-09-06,https://www.linkedin.com/jobs/view/4463726071,N/A,,,LinkedIn
Business Development Specialist,Allegis Global Solutions,"Bengaluru, Karnataka, India",2026-09-09,https://www.linkedin.com/jobs/view/4431920081,N/A,,,LinkedIn
Business Development Consultant,MarketStar India (Regalix),"Bengaluru, Karnataka, India",2026-09-08,https://www.linkedin.com/jobs/view/4464861374,N/A,,,LinkedIn
Sales Specialist,Cube,"Bengaluru, Karnataka, India",2026-09-06,https://www.linkedin.com/jobs/view/4464103083,https://www.cube.io,,,LinkedIn
Business Development Executive ANZ,Fractal,"Bengaluru, Karnataka, India",2026-09-11,https://www.linkedin.com/jobs/view/4456873150,https://www.fractal.in,,,LinkedIn
Business Development Executive,DiveIn Media,"Bengaluru, Karnataka, India",2026-09-08,https://www.linkedin.com/jobs/view/4463425625,https://www.diveinmedia.com,,,LinkedIn
Sales Consultant,DemandNXT,"Bengaluru, Karnataka, India",2026-09-12,https://www.linkedin.com/jobs/view/4466511627,https://www.demandnxt.com,,,LinkedIn
"Business Development Representative (Remote, Full-Time)",Smart Working,"Bengaluru, Karnataka, India",2026-09-07,https://www.linkedin.com/jobs/view/4463422233,https://www.smartworking.io,,,LinkedIn
Business Development Executive (US/ Canada /APAC Markets),INTIGLY,"Bengaluru, Karnataka, India",2026-09-12,https://www.linkedin.com/jobs/view/4466501531,https://www.intigly.com,,,LinkedIn
Sales And Marketing Representative,Genemax IT Solution Pvt Ltd,"Yelahanka Old Town, Karnataka, India",2026-09-08,https://www.linkedin.com/jobs/view/4456094734,N/A,,,LinkedIn
Senior Business Development Executive,MINS(Lead Generation Partner),"Bengaluru, Karnataka, India",2026-09-12,https://www.linkedin.com/jobs/view/4465267252,N/A,,,LinkedIn
Business Development Associate,Digivance Solutions,"Bengaluru, Karnataka, India",2026-09-12,https://www.linkedin.com/jobs/view/4467730055,https://www.digivance.in,,,LinkedIn
Business Development Associate,Crio.Do,"Bengaluru, Karnataka, India",2026-09-12,https://www.linkedin.com/jobs/view/4466511767,N/A,,,LinkedIn
Sr business development associate,Win in Life Academy,"Bengaluru, Karnataka, India",2026-09-08,https://www.linkedin.com/jobs/view/4464869641,https://www.wininlifeacademy.com,,,LinkedIn
B2B Sales Fintech,Autocash.ai,"Bengaluru, Karnataka, India",2026-09-11,https://www.linkedin.com/jobs/view/4465775308,N/A,,,LinkedIn
Telesales Executive - Healthcare/Insurance,Care.fi,"Bengaluru, Karnataka, India",2026-09-12,https://www.linkedin.com/jobs/view/4465782474,https://www.carefi.in,,,LinkedIn
Business Development Manager - NA,Freshworks,"Bengaluru, Karnataka, India",2026-09-12,https://www.linkedin.com/jobs/view/4464331337,https://www.freshworks.com,,,LinkedIn
Sales Specialist,Catalysts,"Bengaluru, Karnataka, India",2026-09-07,https://www.linkedin.com/jobs/view/4464523072,https://www.catalysts.com,,,LinkedIn
INSIDE SALES ASSOCIATE – REAL ESTATE,Mindlane Consulting,"Bengaluru, Karnataka, India",2026-09-09,https://www.linkedin.com/jobs/view/4464280579,N/A,,,LinkedIn
Sales And Marketing Representative,F5 Events and Services,"Bengaluru, Karnataka, India",2026-09-08,https://www.linkedin.com/jobs/view/4464558363,N/A,,,LinkedIn
Business Development Executive,Nucleotide Healthcare,"Bengaluru, Karnataka, India",2026-09-12,https://www.linkedin.com/jobs/view/4466193294,N/A,,,LinkedIn
Business Development Associate - B2C Sales,Crio.Do,"Bengaluru South, Karnataka, India",2026-09-12,https://www.linkedin.com/jobs/view/4465549575,N/A,,,LinkedIn
Business Development Associate,Square Yards,"Bengaluru, Karnataka, India",2026-09-06,https://www.linkedin.com/jobs/view/4465054678,https://www.squareyards.com,,,LinkedIn
Business Development Representative,MINS(Lead Generation Partner),"Bengaluru, Karnataka, India",2026-09-12,https://www.linkedin.com/jobs/view/4460006310,N/A,,,LinkedIn
Business Development Executive - Bangalore,WHITELION,"Bengaluru, Karnataka, India",2026-09-12,https://www.linkedin.com/jobs/view/4466503514,https://www.whitelion.com,,,LinkedIn
Junior Business Development Specialist (freshers) ( ₹20k only ),Teknowgrade Pvt Ltd,"Bengaluru North, Karnataka, India",2026-09-12,https://www.linkedin.com/jobs/view/4466511092,https://www.teknowgrade.in,,,LinkedIn
Sales Development Representative - US,Simplilearn,Bengaluru,2026-09-07,https://www.naukri.com/job-listings-sales-development-representative-us-simplilearn-bengaluru-2-to-5-years-120826028953,https://www.simplilearn.com,,Shift Timing: US - 6:00 PM - 3:00 AM Bachelor s degree in business or related field 2-3...,Naukri
Sales Development Representative ( SDR ) - US Region,Itilite,Bengaluru,2026-09-07,https://www.naukri.com/job-listings-sales-development-representative-sdr-us-region-itilite-technologies-private-limited-bengaluru-0-to-2-years-100926917510,https://www.itilite.com,,Someone with prior experience in the US region (6+ months) Prior experience in Tech Sal...,Naukri
Sales Development Representative (SDR),Zeta Biosystem,Bengaluru,2026-08-22,https://www.naukri.com/job-listings-sales-development-representative-sdr-zeta-biosystem-bengaluru-1-to-3-years-050826503687,https://www.zetabiosystem.com,,Job Details. Job Category: Sales. Job Type: Full Time. Job Location: Manufacturing Unit...,Naukri
Sales Development Representative - Outbound,Cleartax,Bengaluru,2026-09-05,https://www.naukri.com/job-listings-sales-development-representative-outbound-cleartax-bengaluru-2-to-6-years-120526036500,https://www.cleartax.in,,"Experience: 1 5 years of experience in an outbound SDR / BDR role, specifically targeti...",Naukri
Sales Development Representative,Eagle Eye Networks,Bengaluru,2026-08-29,https://www.naukri.com/job-listings-sales-development-representative-eagle-eye-networks-bengaluru-0-to-3-years-310826500989,https://www.eagleeyenetworks.com,,"Bachelors degree preferred. Prior experience in sales, business development, customer-f...",Naukri
Sales Development Representative,Juddoc,Hybrid - Bengaluru,2026-08-22,https://www.naukri.com/job-listings-sales-development-representative-juddoc-services-bengaluru-0-to-2-years-190826016641,https://www.juddoc.com,,Sending emails and campaign to leads. MUST have Qualifications Experience in the B2B Sa...,Naukri
Sales Development Representative,Uncanny Vision Solutions,Bengaluru,2026-08-29,https://www.naukri.com/job-listings-sales-development-representative-uncanny-vision-solutions-private-limited-bengaluru-0-to-3-years-310826504187,https://www.uncannyvision.ai,,"Bachelors degree preferred. Prior experience in sales, business development, customer-f...",Naukri
Sales Development Representative,Simplilearn,Bengaluru,2026-09-05,https://www.naukri.com/job-listings-sales-development-representative-simplilearn-bengaluru-2-to-6-years-010926025606,https://www.simplilearn.com,,Shift Timing: US - 6:00 PM - 3:00 AM Bachelor s degree in business or related field 2-3...,Naukri
Sales Development Representative (SDR),Data Semantics,Bengaluru,2026-08-29,https://www.naukri.com/job-listings-sales-development-representative-sdr-data-semantics-bengaluru-3-to-5-years-310826501613,https://www.datasemantics.co,,"Experience engaging CXO, VP, Director, Manager-level stakeholders in B2B environments. ...",Naukri
Sales Development Representative (SDR),Invisia,Bengaluru,2026-09-07,https://www.naukri.com/job-listings-sales-development-representative-sdr-invisia-bengaluru-5-to-10-years-100926019706,https://www.invisia.com,,Sales Development Representative (SDR) US Mortgage & Title BPOAbout the RoleWe are look...,Naukri
Sales Development Representative,Upstrive Consulting,Remote,2026-09-05,https://www.naukri.com/job-listings-sales-development-representative-upstrive-consulting-bengaluru-2-to-5-years-010926036647,https://www.upstriveconsulting.com,,We only work for Permanent Hiring and Value Based SearchesEngineering / technical backg...,Naukri
Sales Development Representative,Leadgenerator,Bengaluru,2026-09-11,https://www.naukri.com/job-listings-sales-development-representative-leadgenerator-io-bengaluru-2-to-4-years-140926501442,https://www.leadgenerator.io,,Qualifications . Masters degree in Marketing or a related field. . 2-4 years of proven ...,Naukri
Sales Development Representative,Locobuzz,"Mumbai, Gurugram, Bengaluru(Koramangala)",2026-09-08,https://www.naukri.com/job-listings-sales-development-representative-locobuzz-mumbai-gurugram-bengaluru-2-to-7-years-100926036204,https://www.locobuzz.com,,"What Were Looking For: . MBA or a Bachelors degree in Business, Marketing, or a related...",Naukri
Sales Development Representative,Ginger Media Group,Bengaluru,2026-08-22,https://www.naukri.com/job-listings-sales-development-representative-ginger-media-group-bengaluru-0-to-3-years-300625500410,https://www.gingermedia.net,,Role Definition: Sales Development Representative would be primarily responsible for at...,Naukri
Sales Development Representative,Tutorcloud Ai,Bengaluru,2026-09-08,https://www.naukri.com/job-listings-sales-development-representative-tutorcloud-ai-bengaluru-3-to-5-years-110926016297,N/A,,"Sales Development Representative, USAB2B SALES • BENGALURU • NIGHT SHIFT, US HOURSAlso ...",Naukri
Sales Development Representative,Botree Software,"Gurugram, Chennai, Bengaluru",2026-09-08,https://www.naukri.com/job-listings-sales-development-representative-botree-software-gurugram-chennai-bengaluru-1-to-4-years-140826013290,https://www.botreesoftware.com,,"Should be proficient in Microsoft Office especially Word, Excel and PowerpointHands-on ...",Naukri
Sales Development Representative - Cybersecurity,Akamai,Bengaluru,2026-08-29,https://www.naukri.com/job-listings-sales-development-representative-cybersecurity-akamai-technologies-bengaluru-4-to-9-years-260826503676,N/A,,Demonstrate prior experience in Cybersecurity. . Have an interest in analyzing and iden...,Naukri
Sales Development Representative,Sycurio,Bengaluru,2026-09-06,https://www.naukri.com/job-listings-sales-development-representative-sycurio-bengaluru-2-to-7-years-090926501241,https://www.sycurio.com,,Qualifications and Experience . 2+ years of experience in a B2B outbound sales or lead ...,Naukri
Sales Development Representative,Nimbus Adcom,Bengaluru(Sahakara Nagar),2026-09-12,https://www.naukri.com/job-listings-sales-development-representative-nimbus-adcom-bengaluru-2-to-4-years-150926014271,N/A,,"Responsibilities:* Generate leads through cold calling, email campaigns & social media ...",Naukri
Sales Development Representative,Cyberei,Bengaluru,2026-09-06,https://www.naukri.com/job-listings-sales-development-representative-cyberei-bengaluru-2-to-5-years-090926501982,https://www.cyberei.com,,Job Summary Position: Sales Development Representative (SDR) Experience: 2-5 Years Empl...,Naukri
Sales Development Representative I,Cleartax,Bengaluru,2026-08-22,https://www.naukri.com/job-listings-sales-development-representative-i-cleartax-bengaluru-1-to-3-years-060726504845,https://www.cleartax.in,,1-5 years of experience in target-driven SaaS sales domainPrior work experience in SaaS...,Naukri
Sales Development Representative,Observe.AI,Bengaluru,2026-09-05,https://www.naukri.com/job-listings-sales-development-representative-observe-ai-bengaluru-1-to-4-years-020926502670,https://www.observe.ai,,"Comfort operating in a fast-paced, high-energy environment where priorities can shift q...",Naukri
Sales Development Representative,Asteroidx,Bengaluru(Jayanagar),2026-08-29,https://www.naukri.com/job-listings-sales-development-representative-asteroidx-bengaluru-0-to-3-years-280826011460,https://www.asteroidx.com,,"Job Details:Title: Sales Development Representative (SDR)Location: Jayanagar, Bangalor...",Naukri
Sales Development Representative,Bitonic Technology Labs,Bengaluru,2026-09-05,https://www.naukri.com/job-listings-sales-development-representative-bitonic-technology-labs-bengaluru-2-to-4-years-020926008609,N/A,,Hold a strict speed-to-lead SLA first touch within 5 minutes for high-intent leads duri...,Naukri
Sales Development Representative (SDR)- USA shift,Xoxoday,Bengaluru,2026-08-22,https://www.naukri.com/job-listings-sales-development-representative-sdr-usa-shift-xoxoday-bengaluru-3-to-5-years-080626503187,https://www.xoxoday.com,,Develop and execute sales strategies to achieve business objectives Build and maintain...,Naukri
Sales Development Representative (SDR),Aekot,Bengaluru,2026-08-22,https://www.naukri.com/job-listings-sales-development-representative-sdr-aekot-consulting-and-technologies-private-limited-bengaluru-0-to-3-years-270126505453,https://www.aekot.com,,Work from Office rolePreferred (Good to Have)Internship / project exposure to B2B sales...,Naukri
Sales Development Representative (SDR),Prolim,Bengaluru,2026-08-22,https://www.naukri.com/job-listings-sales-development-representative-sdr-prolim-bengaluru-1-to-3-years-230326007407,https://www.prolim.com,,"Location: Bangalore, India (US Shift) + Evening Overlap. Experience using CRM platforms",Naukri
Sales Development Representative (SDR),Xoxoday,Bengaluru,2026-08-29,https://www.naukri.com/job-listings-sales-development-representative-sdr-xoxoday-bengaluru-1-to-3-years-310826501199,https://www.xoxoday.com,,1-3 years of experience in B2B sales or sales development. Experience with outbound pro...,Naukri
Sales Development Representative- SaaS,Techbag Digital,Bengaluru,2026-09-05,https://www.naukri.com/job-listings-sales-development-representative-saas-techbag-digital-bengaluru-1-to-5-years-070326012162,N/A,,"Acquire minimum 25 new customers / year across BFSI, IT / ITES, Media, Healthcare & Ret...",Naukri
Sales Development Representative,Spacemen Digital,Bengaluru(Whitefield),2026-09-11,https://www.naukri.com/job-listings-sales-development-representative-spacemen-digital-bengaluru-2-to-6-years-140926910120,https://www.spacemendigital.com,,Responsibilities:* Meet monthly sales targets through effective communication with clie...,Naukri
Sales Development Representative (SDR),Phyllo,Bengaluru,2026-08-22,https://www.naukri.com/job-listings-sales-development-representative-sdr-phyllo-bengaluru-2-to-3-years-181225502522,https://www.phyllo.in,,We are looking for driven and detail-oriented Sales Development Representatives (SDRs...,Naukri
Sales Development Representative (SDR),Tripledart,Bengaluru,2026-08-22,https://www.naukri.com/job-listings-sales-development-representative-sdr-tripledart-bengaluru-1-to-3-years-130726500988,https://www.tripledart.com,,"Excellent communication, negotiation, and interpersonal skills. . Ability to work in a ...",Naukri
"Sales Development Representative, AI SaaS",Sri Mythraa Business Solutions,Bengaluru,2026-09-07,https://www.naukri.com/job-listings-sales-development-representative-ai-saas-sri-mythraa-business-solutions-bengaluru-2-to-7-years-090926034832,N/A,,Generate qualified sales opportunities through targeted outbound prospecting. Research ...,Naukri
Sales Development Representative,Appopen Technologies,Bengaluru(HSR Layout),2026-09-05,https://www.naukri.com/job-listings-sales-development-representative-appopen-technologies-private-limited-bengaluru-1-to-2-years-080926000321,https://www.appopen.io,,Responsibilities:* Generate leads through outbound sales efforts* Close deals with ente...,Naukri
Sales Development Representative,Instant Global Paytech,"Kolkata, Mumbai, New Delhi, Hyderabad, Pune, Chennai, Bengaluru",2026-08-22,https://www.naukri.com/job-listings-sales-development-representative-instant-global-paytech-pvt-ltd-kolkata-mumbai-new-delhi-hyderabad-pune-chennai-bengaluru-0-to-3-years-191224502441,N/A,,"No prior sales experience is necessary, but a strong dedication to reaching people with...",Naukri
Sales Development Representative,Flickverse,Remote,2026-08-22,https://www.naukri.com/job-listings-sales-development-representative-flickverse-bengaluru-2-to-4-years-140826027153,N/A,,About Flick NetworkFlick Network is an OTA and FTA-accredited e-invoicing platform ope...,Naukri
Sales Development Representative,Bare Necessities Zero Waste Solutions,Bengaluru,2026-08-22,https://www.naukri.com/job-listings-sales-development-representative-bare-necessities-bengaluru-3-to-5-years-280126506584,N/A,,Identify and pursue new business leads through various channels. Disclaimer: This job d...,Naukri
Graduate Sales Development Representative,LaunchPD,"Kolkata, Mumbai, New Delhi, Hyderabad, Pune, Chennai, Bengaluru",2026-08-22,https://www.naukri.com/job-listings-graduate-sales-development-representative-launchpd-kolkata-mumbai-new-delhi-hyderabad-pune-chennai-bengaluru-0-to-2-years-270524501458,N/A,,"Handle inbound customer inquiries across email, phone and chat     Execute outbound ...",Naukri
Sales Development Representative,Position2,Bengaluru,2026-08-29,https://www.naukri.com/job-listings-sales-development-representative-position2-marketing-pvt-ltd-bengaluru-5-to-7-years-260826502783,https://www.position2.com,,"The candidate must be a self-starter, disciplined, and conscientious professional who t...",Naukri
Sales Development Representative,Voiceoc Innovations,"Kolkata, Mumbai, New Delhi, Hyderabad, Pune, Chennai, Bengaluru",2026-08-22,https://www.naukri.com/job-listings-sales-development-representative-voiceoc-kolkata-mumbai-new-delhi-hyderabad-pune-chennai-bengaluru-0-to-2-years-191124503622,N/A,,Voiceoc is a leading provider of voice and text automation solutions tailored for medi...,Naukri
Sales Development Representative (SDR) - Bangalore,Firsthive,Bengaluru,2026-08-22,https://www.naukri.com/job-listings-sales-development-representative-sdr-bangalore-firsthive-bengaluru-3-to-6-years-110826506201,https://www.firsthive.com,,"Bachelor s degree in Business Administration, Marketing, or related field preferred. Pr...",Naukri
Lead-Sales Development Representative,Finbox,Bengaluru,2026-08-22,https://www.naukri.com/job-listings-lead-sales-development-representative-finbox-bengaluru-1-to-4-years-210725504075,https://www.finbox.com,,"Education: Bachelors degree or higherProficiency in CRM software, LinkedIn Sales Naviga...",Naukri
Sales Development Representative,Streamlyn,Bengaluru,2026-08-22,https://www.naukri.com/job-listings-sales-development-representative-streamlyn-bengaluru-0-to-2-years-241225501478,https://www.streamlyn.io,,"Willingness to learn, adapt, and grow within ahigh\-paced sales environment. "", """,Naukri
Team Lead- Sales Development Representatives (SDR),Neodove,Bengaluru,2026-08-22,https://www.naukri.com/job-listings-team-lead-sales-development-representatives-sdr-neodove-technologies-pvt-ltd-bengaluru-2-to-3-years-201223501307,https://www.neodove.com,,Experience in utilising and managing CRM tools and MS office applications .  Strong pro...,Naukri
Startup Sales Development Representative (SDR),Newton School,Bengaluru,2026-08-22,https://www.naukri.com/job-listings-startup-sales-development-representative-sdr-newton-school-bengaluru-0-to-2-years-170226504694,https://www.newtonschool.com,,"This is not a templated outreach role - we re looking for someone who can think,...",Naukri
Sales Development Representative (SDR) | B2B SaaS,Nunify,"Hubballi, Mangaluru, Mysuru, Bengaluru, Belagavi",2026-08-22,https://www.naukri.com/job-listings-sales-development-representative-sdr-b2b-saas-nunify-hubballi-mangaluru-mysuru-bengaluru-belagavi-1-to-3-years-200726506852,https://www.nunify.com,,Experience with CRM software and sales analytics tools is an assetProven experience in ...,Naukri
Sales Development Representative,Kapture CRM,Bengaluru,2026-08-29,https://www.naukri.com/job-listings-sales-development-representative-kapture-crm-bengaluru-1-to-4-years-230626044162,https://www.kapturecrm.com,,Role Name: Sales Development Representative (Domestic & International Markets)At Kaptur...,Naukri
Sales Development Representative (SDR) North America,Leena Ai,Bengaluru,2026-08-22,https://www.naukri.com/job-listings-sales-development-representative-sdr-north-america-leena-ai-bengaluru-2-to-7-years-240626505233,https://www.leenaai.com,,Minimum of 2 years experience as an SDR working in the North America market with a B2B ...,Naukri
Sales Development Representative,Cod3m Consultancy Services,Remote,2026-08-22,https://www.naukri.com/job-listings-sales-development-representative-cod3m-consultancy-services-bengaluru-3-to-8-years-170826011977,N/A,,Ensure a minimum of 25 webinar / meeting attendees per monthRequired Skills & Qualifica...,Naukri
Sales Development Representative,Brilyant,Bengaluru,2026-08-22,https://www.naukri.com/job-listings-sales-development-representative-brilyant-it-solutions-bengaluru-0-to-3-years-230726504470,https://www.brilyant.com,,Develop and execute sales strategies to achieve business objectives. Build and maintai...,Naukri
Sales Development Representative - IT Services,Leading Client,"Mumbai, Delhi / NCR, Bengaluru",2026-08-29,https://www.naukri.com/job-listings-sales-development-representative-it-services-ave-promagne-business-solutions-mumbai-delhi-ncr-bengaluru-2-to-7-years-270826908202,N/A,,Call inbound leads received from advertisements and marketing campaigns.Follow up with ...,Naukri
Sales Development Representative,Hackerearth,Bengaluru,2026-08-22,https://www.naukri.com/job-listings-sales-development-representative-hackerearth-inc-bengaluru-1-to-4-years-131223500443,https://www.hackerearth.com,,"To be successful, you will have: . At least 6 months experience in telephone-based, out...",Naukri
Sales Development Representative I,Neodove,"Jaipur, Bengaluru",2026-08-22,https://www.naukri.com/job-listings-sales-development-representative-i-neodove-technologies-pvt-ltd-jaipur-bengaluru-0-to-2-years-070521501296,https://www.neodove.com,,"Good Knowledge in Inside sales, preferably at SaaS start-upThe ideal candidate should b...",Naukri
Sales Development Representative (Outbound),Comprinno Technologies,Bengaluru,2026-08-22,https://www.naukri.com/job-listings-sales-development-representative-outbound-comprinno-technologies-pvt-ltd-bengaluru-1-to-3-years-170826503195,https://www.comprinno.com,,"Bachelors degree in Business, Engineering, Technology, Marketing, or related discipline...",Naukri
Sales Development Representative,Hakimo,Bengaluru,2026-08-22,https://www.naukri.com/job-listings-sales-development-representative-hakimo-bengaluru-2-to-4-years-200826502239,https://www.hakimo.ai,,"Bachelors degree in any field a background in Business, Marketing, or a related discipl...",Naukri
Sales Development Representative - (Azure Cloud ),Comprinno Technologies,Bengaluru,2026-08-22,https://www.naukri.com/job-listings-sales-development-representative-azure-cloud-comprinno-technologies-pvt-ltd-bengaluru-1-to-3-years-200826502238,https://www.comprinno.com,,"Bachelors degree in Business, Engineering, Technology, Marketing, or related discipline...",Naukri
Sales Development Representative,Devrev,Bengaluru,2026-08-22,https://www.naukri.com/job-listings-sales-development-representative-devrev-bengaluru-2-to-7-years-070726503075,https://www.devrev.com,,An ideal candidate should have: . 2+ years in B2B Sales / Business Development.,Naukri
Sales Development Representative,Diagnal Technologies,"Kolkata, Mumbai, New Delhi, Hyderabad, Pune, Chennai, Bengaluru",2026-08-22,https://www.naukri.com/job-listings-sales-development-representative-diagnal-kolkata-mumbai-new-delhi-hyderabad-pune-chennai-bengaluru-2-to-7-years-041024503729,https://www.diagnal.com,,bachelors degree in a relevant field such as marketing or business management preferred...,Naukri
Sales Development Representative,Ztek Consulting,"Kolkata, Mumbai, New Delhi, Hyderabad, Pune, Chennai, Bengaluru",2026-08-22,https://www.naukri.com/job-listings-sales-development-representative-ztek-consulting-pvt-ltd-kolkata-mumbai-new-delhi-hyderabad-pune-chennai-bengaluru-1-to-6-years-110725501813,N/A,,"Bachelor s degree in Business, Marketing, or a related field (preferred)Preferred Skill...",Naukri
Sales Development Representative,Kasplo Internet,Bengaluru,2026-08-22,https://www.naukri.com/job-listings-sales-development-representative-kasplo-internet-pvt-ltd-bengaluru-10-to-15-years-030426505885,N/A,,Minimum 1 year of experience into B2B Saas sales,Naukri
Founding Sales Development Representative (SDR),Fabric,Bengaluru,2026-08-22,https://www.naukri.com/job-listings-founding-sales-development-representative-sdr-fabric-bengaluru-1-to-4-years-280825502829,https://www.fabric.io,,"We run sane, planned shifts, Interview Process creativity required), Rapid objection ha...",Naukri
Sales Development Representative,Appknox,Bengaluru,2026-08-22,https://www.naukri.com/job-listings-sales-development-representative-appknox-bengaluru-1-to-3-years-121124505326,https://www.appknox.com,,Appknox is looking for Sales Development Representative to join our dynamic team and em...,Naukri
Sales Development Representative,Lee Hecht Harrison,Bengaluru,2026-08-22,https://www.naukri.com/job-listings-sales-development-representative-lee-hecht-harrison-global-bengaluru-1-to-6-years-090426505276,N/A,,We operate in a hybrid structure with 3 days at work and 2 . days . work from home. Min...,Naukri
Sales Development Representative,Innoviti Payment Solutions,Bengaluru(Domlur),2026-08-22,https://www.naukri.com/job-listings-sales-development-representative-innoviti-solutions-bengaluru-2-to-3-years-190826015639,N/A,,B2B / enterprise experience preferred. Graduate in any discipline. Strong account resea...,Naukri
Sales Development Representative,Velocity,Bengaluru,2026-08-22,https://www.naukri.com/job-listings-sales-development-representative-velocity-bengaluru-3-to-6-years-030626503023,https://www.velocity.com,,"HSR Layout, Bangalore  Day ShiftWho Should ApplyExperience in outbound sales, client ma...",Naukri
Sales Development Representative,Softinway Turbomachinery Solutions,Bengaluru,2026-08-22,https://www.naukri.com/job-listings-sales-development-representative-softinway-turbomachinery-solutions-pvt-ltd-bengaluru-1-to-3-years-150922501889,N/A,,What You Will Do   Use research tools to identify and source key decision-makersEngage...,Naukri
Sales Development Representative,Infobip,Bengaluru,2026-08-22,https://www.naukri.com/job-listings-sales-development-representative-infobip-limited-bengaluru-1-to-4-years-180626501788,https://www.infobip.com,,"Manage inbound leads for the region, responding within strict SLAs. Qualify prospects v...",Naukri
Sales Development Representative (SDR),Proshort,Bengaluru,2026-08-22,https://www.naukri.com/job-listings-sales-development-representative-sdr-proshort-bengaluru-2-to-3-years-040425503735,https://www.proshort.com,,"Experience: 2-3 Years . Employment Type: Full-time  2-3 years of experience in sales, b...",Naukri
Sales Development Representative,Lifesight,Bengaluru,2026-08-22,https://www.naukri.com/job-listings-sales-development-representative-lifesight-bengaluru-3-to-5-years-300426503895,https://www.lifesight.com,,"Bonus points for startup-scaling experience, location-data, ad-tech or mar-tech backgro...",Naukri
Sales Development Representative ),Pepsales,Bengaluru,2026-08-22,https://www.naukri.com/job-listings-sales-development-representative-pepsales-bengaluru-1-to-2-years-260325505059,https://www.pepsales.ai,,Education & Experience: A Bachelors degree (MBA preferred) and a solid 1-2 years ofSale...,Naukri
SALES DEVELOPMENT REPRESENTATIVE,Lyzr Ai,Bengaluru,2026-08-22,https://www.naukri.com/job-listings-sales-development-representative-lyzr-ai-bengaluru-4-to-9-years-171025500447,https://www.lyzrai.com,,. Building Relationships: Develop and maintain strong relationships with potential cust...,Naukri
Sales Development Representative,Lumberfi,Bengaluru,2026-08-22,https://www.naukri.com/job-listings-sales-development-representative-lumberfi-pvt-ltd-bengaluru-1-to-4-years-050126501323,https://www.lumberfi.com,,BTech undergraduate degree preferred (not mandatory) 1-4 years of proven experience in ...,Naukri
Sales Development Representative,Agara Labs,Bengaluru,2026-08-22,https://www.naukri.com/job-listings-sales-development-representative-agara-labs-bengaluru-1-to-5-years-240321501189,https://www.agara.com,,Present AGARA as a company and its Voice AI solutions to potential prospects . Quickly ...,Naukri
Sales Development Representative,Kapture Crm,Bengaluru,2026-08-22,https://www.naukri.com/job-listings-sales-development-representative-kapture-crm-bengaluru-2-to-7-years-301025503985,https://www.kapturecrm.com,,Minimum 2 years of experience in Business development . Candidates with sales developme...,Naukri
Sales Development Representative,Fusioncharts,Bengaluru,2026-08-22,https://www.naukri.com/job-listings-sales-development-representative-fusioncharts-bengaluru-1-to-3-years-120318501416,https://www.fusioncharts.com,,Use CRM (preferably Salesforce.com) to maintain and report on SDR activity and metrics ...,Naukri
Sales Development Representative,Biosme,Bengaluru,2026-08-22,https://www.naukri.com/job-listings-sales-development-representative-biosme-bengaluru-5-to-10-years-071025502361,https://www.biosme.com,,Must be a Team player Must be willing to work on Sunday as per the Middle East Shift (W...,Naukri
Sales Development Representative,Cyber Curate Tech,Bengaluru,2026-08-22,https://www.naukri.com/job-listings-sales-development-representative-cyber-curate-tech-bengaluru-1-to-6-years-091225503144,https://www.cybercurate.com,,"Bachelors or Masters degree in Business Administration, Marketing, or a related field -...",Naukri
Sales Development Representative,Nepra Environmental Solutions Technologies,Bengaluru,2026-08-22,https://www.naukri.com/job-listings-sales-development-representative-nepra-environmental-solutions-private-limited-bengaluru-2-to-4-years-130826501739,N/A,,"At the core of your role, you should be self driven and motivated 2-4 years of experien...",Naukri
Sales Development Representative,Xflow Payments,Bengaluru,2026-08-22,https://www.naukri.com/job-listings-sales-development-representative-xflow-payments-india-bengaluru-4-to-7-years-240925502703,https://www.xflowpayments.com,,". 4 7 years of experience in product marketing, growth, or lifecycle marketing (prefera...",Naukri
Sales Development Representative (SDR),Algoshack Technologies,Bengaluru,2026-08-22,https://www.naukri.com/job-listings-sales-development-representative-sdr-algoshack-technologies-bengaluru-2-to-7-years-020626501166,https://www.algoshack.com,,Experience working with CRM software and other sales tools is an assetProven experience...,Naukri
Inside Sales Executive,Vedantu Innovations,Bengaluru,2026-09-09,https://www.naukri.com/job-listings-inside-sales-executive-vedantu-innovations-bengaluru-0-to-3-years-110926020410,N/A,,Requirements: . Bachelors degree in any discipline (Education or Sales background prefe...,Naukri
Sales Development Representative,Crowdstrike,Bengaluru,2026-08-22,https://www.naukri.com/job-listings-sales-development-representative-crowdstrike-bengaluru-1-to-3-years-110626500354,https://www.crowdstrike.com,,"Bachelor s degree in Business, Marketing, or a related field . Proficiency with CRM sys...",Naukri
Sales Development Representative I,Cleartax,Bengaluru,2026-08-22,https://www.naukri.com/job-listings-sales-development-representative-i-cleartax-bengaluru-1-to-2-years-230726506267,https://www.cleartax.in,,Requirements (what we look for in candidates): . 1-5 years of experience in target-driv...,Naukri
Sales Development Representative (SDR),Job24by7,Bengaluru,2026-08-22,https://www.naukri.com/job-listings-sales-development-representative-sdr-job24by7-bengaluru-2-to-4-years-200326506991,https://www.job24by7.com,,Follow consent / DND and internal compliance guidelines for customer communication. Use...,Naukri
V | Inside sales executive role,NoBroker,Bengaluru(Electronic City +7),2026-09-08,https://www.naukri.com/job-listings-v-inside-sales-executive-role-nobroker-bengaluru-0-to-1-years-130826032906,https://www.nobroker.com,,Eligibility Criteria . Any graduate (Freshers & experienced candidates can apply) Good ...,Naukri
Walk-in || Sales & Revenue Development Executive,CFO Angle Advisory Services,Bengaluru,2026-08-29,https://www.naukri.com/job-listings-sales-revenue-development-executive-cfo-angle-advisory-services-bengaluru-0-to-5-years-260826028589,N/A,,The Sales & Revenue Development Intern will support the Sales team across the Companys ...,Naukri
J | Inside sales executive,NoBroker,Bengaluru(HSR Layout +4),2026-09-07,https://www.naukri.com/job-listings-j-inside-sales-executive-nobroker-bengaluru-0-to-2-years-090926033923,https://www.nobroker.com,,Eligibility Criteria. Any graduate (Freshers & experienced candidates can apply). Good ...,Naukri
Sales Executive - V,NoBroker,Bengaluru,2026-09-12,https://www.naukri.com/job-listings-sales-executive-v-nobroker-bengaluru-0-to-0-years-150926037004,https://www.nobroker.com,,Language : Eng + Hin\ Marathi. Any graduate (Freshers & experienced candidates can appl...,Naukri
Sales Development Executive,Avani Studios,Bengaluru(Raja Rajeshwari Nagar),2026-09-05,https://www.naukri.com/job-listings-sales-development-executive-avani-studios-bengaluru-0-to-2-years-070926022816,https://www.avanistudios.com,,""" Women candidates are encouraged to apply "" Freshers and candidates with up to 2 years...",Naukri
Sales Development Representative II,Cleartax,Bengaluru,2026-08-22,https://www.naukri.com/job-listings-sales-development-representative-ii-cleartax-bengaluru-2-to-5-years-230726506269,https://www.cleartax.in,,Requirements (what we look for in candidates): . 1-5 years of experience in target-driv...,Naukri
Sales Executive,Discovery Village,Bengaluru,2026-09-09,https://www.naukri.com/job-listings-sales-executive-discovery-village-bengaluru-0-to-1-years-120626024221,https://www.discoveryvillage.in,,"Bachelors degree in Hotel Management, Business Administration, or related fieldGood und...",Naukri
K  Inside Sales Executive,NoBroker,"Bangalore Rural, Bengaluru(BTM 1st Stage +13)",2026-09-07,https://www.naukri.com/job-listings-k-inside-sales-executive-nobroker-bangalore-rural-bengaluru-0-to-2-years-090926033380,https://www.nobroker.com,,Flexible for a 9-hour shift between 10 AM - 7 PMQualification / Education and Requireme...,Naukri
Sales Executive,Avon Biwheeler Accessories,"Amritsar, Bengaluru, Raipur",2026-09-05,https://www.naukri.com/job-listings-sales-executive-avon-biwheeler-accessories-amritsar-bengaluru-raipur-0-to-4-years-080926911215,N/A,,Proficiency in using CRM software and other sales toolsProven experience in sales or a ...,Naukri
Walk-in || Inside Sales Executive,Simplilearn,Bengaluru,2026-09-06,https://www.naukri.com/job-listings-inside-sales-executive-simplilearn-bengaluru-0-to-5-years-090926015129,https://www.simplilearn.com,,Experience: Freshers - 4 YEARS (in SALES) Exposure to international voice process is a ...,Naukri
Founding Sales Development Representative (SDR),Fabric,Bengaluru,2026-08-22,https://www.naukri.com/job-listings-founding-sales-development-representative-sdr-fabric-bengaluru-1-to-4-years-260825503826,https://www.fabric.io,,"We run sane, planned shifts, Interview Process creativity required), Rapid objection ha...",Naukri
Sales Development Representative Outbound,Hotelogix,Bengaluru,2026-08-22,https://www.naukri.com/job-listings-sales-development-representative-outbound-hotelogix-bengaluru-1-to-3-years-250924504422,https://www.hotelogix.com,,Proficient in sales communication should be an expert at solution selling and objection...,Naukri
Sales Development Representative,HireEazy,Bengaluru,2026-08-22,https://www.naukri.com/job-listings-sales-development-representative-hireeazy-bengaluru-2-to-7-years-010525503563,https://www.hireeazy.com,,EXPERIENCE: . 2+ years of experience in a similar SDR or BDR role . Freshers are welcom...,Naukri
Sales Development Representative,Kenn It Business Solutions,Bengaluru,2026-08-22,https://www.naukri.com/job-listings-sales-development-representative-kenn-it-business-solutions-bengaluru-3-to-8-years-011223500276,N/A,,Must be a Team player Must be willing to work on Sunday as per the Middle East Shift (W...,Naukri
Sales Development Representative (SDR),Whizz Hr,Bengaluru,2026-08-22,https://www.naukri.com/job-listings-sales-development-representative-sdr-whizz-hr-bengaluru-4-to-8-years-030326500046,https://www.whizzhr.com,,"Minimum 4-8 years of experience in interior fitout or construction projects, preferably...",Naukri
Sales Development Representative (SDR) | New Client Acquisition,Corporate Stalwarts,Bengaluru,2026-08-22,https://www.naukri.com/job-listings-sales-development-representative-sdr-new-client-acquisition-corporate-stalwarts-bengaluru-4-to-9-years-270526501301,https://www.corporatestalwarts.in,,"Prior experience handling investment conversations (goal\-based investing, riskprofilin...",Naukri
Load more,,Bangalore,N/A,./search?q=Sales+Development+Representative&where=Bangalore&page=2,N/A,,Title: Load more | Location: Bangalore,CareerBuilder
Inside Sales Representative (ISR) / Sales Development Representative (SDR),LiquidStack,"Carrollton, Texas",2026-08-13,https://www.careerbuilder.com/job-details/inside-sales-representative-isr-sales-development-representative-sdr-carrollton-tx--b7349b10-7c4f-4e27-b4d0-7498d55bb111,https://www.liquidstack.com,,"Title: Inside Sales Representative (ISR) / Sales Development Representative (SDR) | Location: Carrollton, Texas",CareerBuilder
Sales Development Representative (Inside Sales),EmployBridge LLC,"Houston, TX",2026-08-23,https://www.careerbuilder.com/job-details/sales-development-representative-inside-sales-houston-tx--5098febd-6cd7-42b7-88e9-d712e4e50913,https://www.employbridge.com,,"Title: Sales Development Representative (Inside Sales) | Location: Houston, TX",CareerBuilder
Sales Development Representative (Outbound Sales + Marketing),Jonas Software,Bangalore,2026-08-13,https://www.careerbuilder.com/job-details/sales-development-representative-outbound-sales-marketing--3479bc3b-f7c6-48e9-95cd-e7e6b6545801,https://www.jonassoftware.com,,Title: Sales Development Representative (Outbound Sales + Marketing) | Location: Bangalore,CareerBuilder
Sales Development Representative - Inside Sales Program,Intelerad Medical Systems Inc,NY,2026-09-02,https://www.careerbuilder.com/job-details/sales-development-representative-inside-sales-program-new-york-ny--5bd432e6-9a01-4a79-a098-2c1e9223a15f,N/A,,"Title: Sales Development Representative - Inside Sales Program | Location: NY | Tags: $68,000–$71,000 / year",CareerBuilder
Sales Development Representative,Kellermeyer,"Oceanside, CA",2026-08-13,https://www.careerbuilder.com/job-details/sales-development-representative-oceanside-ca--a5436dd8-69bd-432b-ba38-88ecd058d94d,https://www.kellermeyer.org,,"Title: Sales Development Representative | Location: Oceanside, CA | Tags: $70,000–$80,000 / year, Full time, Quick Apply",CareerBuilder
"Sales Development Representative - Hybrid - (Midtown - Tampa, FL) Sales · Tampa",TeamViewer SE,"Tampa, FL",2026-08-13,https://www.careerbuilder.com/job-details/sales-development-representative-hybrid-midtown-tampa-fl-sales-tampa-tampa-fl--75d647bf-0fcd-4980-950a-00e4adcc5a67,N/A,,"Title: Sales Development Representative - Hybrid - (Midtown - Tampa, FL) Sales · Tampa | Location: Tampa, FL",CareerBuilder
Sales Development Representative Associate,"Varite, Inc","San Jose, CA",2026-08-30,https://www.careerbuilder.com/job-details/sales-development-representative-associate-san-jose-ca--ee81a6f5-7c32-4d23-bcab-6bcc764527a6,https://www.varite.com,,"Title: Sales Development Representative Associate | Location: San Jose, CA | Tags: $25–$30 / hour, Quick Apply",CareerBuilder
Sales Development Representative,All Pro Security LLC,"Lehi, UT",2026-08-13,https://www.careerbuilder.com/job-details/sales-development-representative-lehi-ut--c1354131-a6c3-4587-a8b8-9bbc595a43fe,https://www.allprosecurity.com,,"Title: Sales Development Representative | Location: Lehi, UT",CareerBuilder
Sales Development Representative,"Anatomage, Inc.","Santa Clara, CA",2026-08-13,https://www.careerbuilder.com/job-details/sales-development-representative-santa-clara-ca--8c4379fd-db74-487b-95cf-378eb86ba12d,https://www.anatomage.com,,"Title: Sales Development Representative | Location: Santa Clara, CA | Tags: $70,000 / year",CareerBuilder
Sales Development Representative,Motive Companies,"Austin, TX",2026-08-13,https://www.careerbuilder.com/job-details/sales-development-representative-austin-tx--0c6f652e-54fc-4185-a3be-679b8b8ab70e,https://www.motivecompanies.com,,"Title: Sales Development Representative | Location: Austin, TX",CareerBuilder
Inside Sales Development Representative,eTrigue,"San Jose, CA",2026-08-13,https://www.careerbuilder.com/job-details/inside-sales-development-representative-san-jose-ca--eabad95e-c326-436e-ab79-f9104d3b546b,https://www.etrigue.com,,"Title: Inside Sales Development Representative | Location: San Jose, CA",CareerBuilder
High-Tech Inside Sales Development Representative (December 2025 & May 2026 Grads),memoryBlue,"Dallas, Texas",2026-08-13,https://www.careerbuilder.com/job-details/high-tech-inside-sales-development-representative-december-2025-may-2026-grads-dallas-tx--875f6bcb-d9b5-43a9-aea0-8a3eb5e4f6da,https://www.memoryblue.com,,"Title: High-Tech Inside Sales Development Representative (December 2025 & May 2026 Grads) | Location: Dallas, Texas",CareerBuilder
High-Tech Inside Sales Development Representative (December 2026 & May 2027 Grads),memoryBlue,"Dallas, Texas",2026-08-30,https://www.careerbuilder.com/job-details/high-tech-inside-sales-development-representative-december-2026-may-2027-grads-dallas-tx--18a2a5ad-73a2-403f-b589-144356d7d5dd,https://www.memoryblue.com,,"Title: High-Tech Inside Sales Development Representative (December 2026 & May 2027 Grads) | Location: Dallas, Texas",CareerBuilder
Sales Development Representative,"Solera Holdings, Inc","Westlake, TX",2026-08-13,https://www.careerbuilder.com/job-details/sales-development-representative-westlake-tx--7d31fcce-3808-40c4-be95-bbbacbd97eb4,https://www.solera.com,,"Title: Sales Development Representative | Location: Westlake, TX",CareerBuilder
Sales Development Representative (Entry-Level Sales),Evans Delivery Co Inc,"Lakeland, FL",2026-08-19,https://www.careerbuilder.com/job-details/sales-development-representative-entry-level-sales-lakeland-fl--2f7b0614-0732-4508-a432-e628bda4fd1d,https://www.evansdelivery.com,,"Title: Sales Development Representative (Entry-Level Sales) | Location: Lakeland, FL | Tags: $50,000–$65,000 / year",CareerBuilder
Sales Development Representative (B2B Sales),PHMG,"Phoenix, Arizona",2026-08-13,https://www.careerbuilder.com/job-details/sales-development-representative-b2b-sales-phoenix-az--06fb675f-a8da-4a86-9d67-a5c0d6173e8a,https://www.phmg.com,,"Title: Sales Development Representative (B2B Sales) | Location: Phoenix, Arizona",CareerBuilder
Sales Development Representative,Crestfield Talent,"Dallas, Texas",2026-09-10,https://www.careerbuilder.com/job-details/sales-development-representative-dallas-tx--c1c4dea3-bfef-4f68-9195-98c79ba03e88,N/A,,"Title: Sales Development Representative | Location: Dallas, Texas | Tags: $50,000–$62,000 / year, Quick Apply",CareerBuilder
Sales Development Representative,EAB,"Philadelphia, PA",2026-08-17,https://www.careerbuilder.com/job-details/sales-development-representative-philadelphia-pa--de3c7481-dd8d-4294-9fa5-a13097b787bd,https://www.eab.com,,"Title: Sales Development Representative | Location: Philadelphia, PA | Tags: Full time",CareerBuilder
Sales Development Representative,OPOC.us,"Worthington, OH",2026-08-22,https://www.careerbuilder.com/job-details/sales-development-representative-worthington-oh--c4184bfa-a3ae-4517-b23a-03f28dc83645,https://www.opocus.com,,"Title: Sales Development Representative | Location: Worthington, OH | Tags: $60,000–$75,000 / hour",CareerBuilder
Senior Sales Development Representative,OPOC.us,"Worthington, OH",2026-08-22,https://www.careerbuilder.com/job-details/senior-sales-development-representative-worthington-oh--8a8ff32d-bb83-47f3-a0bf-6d96544ed7e7,https://www.opocus.com,,"Title: Senior Sales Development Representative | Location: Worthington, OH | Tags: $75,000–$85,000 / hour",CareerBuilder
"Inside Sales Business Development Representative Collegeville, PA",Genuine Cable Group,"Collegeville, PA",2026-09-06,https://www.careerbuilder.com/job-details/inside-sales-business-development-representative-collegeville-pa-collegeville-pa--ddd3b6da-b5a3-4552-a37d-dac543246453,https://www.genuinecable.net,,"Title: Inside Sales Business Development Representative Collegeville, PA | Location: Collegeville, PA",CareerBuilder
Sales Development Representative UK/US,LegalFly BV,Bangalore,2026-08-13,https://www.careerbuilder.com/job-details/sales-development-representative-uk-us--80089d20-168e-48ab-958b-b7f98786644e,N/A,,Title: Sales Development Representative UK/US | Location: Bangalore,CareerBuilder
Sales Development Representative,ProScore Technologies,"Austin, Texas",2026-08-13,https://www.careerbuilder.com/job-details/sales-development-representative-austin-tx--6809ad43-3866-44ed-b252-c67a785d56c9,https://www.proscore.com,,"Title: Sales Development Representative | Location: Austin, Texas",CareerBuilder
Sales Development Representative (SDR),Deep End Talent Strategies,Bangalore,2026-09-01,https://www.careerbuilder.com/job-details/sales-development-representative-sdr--5bd25fd6-a4c8-4517-bc29-7b4dca81f46f,https://www.deependtalentstrategies.com,,"Title: Sales Development Representative (SDR) | Location: Bangalore | Tags: $63,000–$70,000",CareerBuilder
Sales Development Representative (B2B Sales),PHMG Careers,"Phoenix, AZ",2026-08-13,https://www.careerbuilder.com/job-details/sales-development-representative-b2b-sales-phoenix-az--98182982-43da-4c81-a06f-be46e2ae5caa,N/A,,"Title: Sales Development Representative (B2B Sales) | Location: Phoenix, AZ | Tags: $70,000–$90,000 / year",CareerBuilder
Sales Development Representative,NetX,Bangalore,2026-08-13,https://www.careerbuilder.com/job-details/sales-development-representative--57030cbc-ae73-4d5b-92f0-fda340ab743b,https://www.netx.org,,Title: Sales Development Representative | Location: Bangalore,CareerBuilder
Sales Development Representative (SDR),BreachLock,"Hauppauge, NY",2026-08-13,https://www.careerbuilder.com/job-details/sales-development-representative-sdr-hauppauge-ny--79a84765-565a-4005-9dc5-3b791740d0fc,https://www.breachlock.com,,"Title: Sales Development Representative (SDR) | Location: Hauppauge, NY | Tags: Quick Apply",CareerBuilder
Sales Development Representative,Greater Chicago,"Chicago, Illinois",2026-08-13,https://www.careerbuilder.com/job-details/sales-development-representative-chicago-il--457bb476-fc43-4597-a930-e15f2724384e,https://www.greaterchicago.org,,"Title: Sales Development Representative | Location: Chicago, Illinois | Tags: $55,000 / year",CareerBuilder
Sales Development Representative,Motorola Solutions Inc,"Allen, TX",2026-08-13,https://www.careerbuilder.com/job-details/sales-development-representative-allen-tx--ae1999a7-e0a2-4ff3-9b44-e3798bd17b6e,https://www.motorola.com,,"Title: Sales Development Representative | Location: Allen, TX | Tags: $52,500–$55,000 / year",CareerBuilder
Senior Sales Development Representative,ReSource Pro,(Multiple States),2026-08-13,https://www.careerbuilder.com/job-details/senior-sales-development-representative--8930a18b-2e71-40e8-9516-b692852efa3a,https://www.resourcepro.com,,Title: Senior Sales Development Representative | Location: (Multiple States) | Tags: Full time,CareerBuilder
Sales Development Representative,Scratch,"Pasadena, Texas",2026-08-13,https://www.careerbuilder.com/job-details/sales-development-representative-pasadena-tx--9df9a339-19a5-4887-b8ff-ea472ad8752e,https://www.scratch.com,,"Title: Sales Development Representative | Location: Pasadena, Texas",CareerBuilder
Sales Development Representative - Sales,"Commissions, Inc.","Dallas, TX",2026-08-13,https://www.careerbuilder.com/job-details/sales-development-representative-sales-dallas-tx--d4b718e4-0b71-4f90-a936-219b77c40241,https://www.commissions.com,,"Title: Sales Development Representative - Sales | Location: Dallas, TX",CareerBuilder
Sales Development Representative (SDR),System One,"Jersey City, New Jersey",2026-08-13,https://www.careerbuilder.com/job-details/sales-development-representative-sdr-jersey-city-nj--55bc4a54-393d-4fb0-a95b-17d3d2a3d5f4,https://www.systemone.in,,"Title: Sales Development Representative (SDR) | Location: Jersey City, New Jersey | Tags: $70,000 / year",CareerBuilder
Sales Development / Business Development Representative (SDR / BDR),High Growth Labs,"Phoenix, Arizona",2026-08-13,https://www.careerbuilder.com/job-details/sales-development-business-development-representative-sdr-bdr-phoenix-az--2df71c08-0ab9-4bc4-9653-b1d59d23f89a,https://www.highgrowth.com,,"Title: Sales Development / Business Development Representative (SDR / BDR) | Location: Phoenix, Arizona",CareerBuilder
Sales Development Representative,Trimble,"Alpharetta, Georgia",2026-08-24,https://www.careerbuilder.com/job-details/sales-development-representative-alpharetta-ga--e55e536a-2cfe-4876-b685-cf7c96895c0e,https://www.trimble.com,,"Title: Sales Development Representative | Location: Alpharetta, Georgia | Tags: $34,700–$46,600 / year",CareerBuilder
Sales Development Representative,Rev.io,"Atlanta, GA",2026-08-26,https://www.careerbuilder.com/job-details/sales-development-representative-atlanta-ga--65b30cb9-214b-47f5-b6e1-de98cb94c2ba,https://www.revio.in,,"Title: Sales Development Representative | Location: Atlanta, GA",CareerBuilder
Sales Development Representative - Portuguese Speaker,Snowflake,"Atlanta, GA",2026-08-13,https://www.careerbuilder.com/job-details/sales-development-representative-portuguese-speaker-atlanta-ga--d1e9ad90-b458-463d-8d6d-e74f69abace0,https://www.snowflake.com,,"Title: Sales Development Representative - Portuguese Speaker | Location: Atlanta, GA | Tags: $68,000–$90,000 / year",CareerBuilder
Sales Development Representative - Spanish Speaker,Snowflake,"Atlanta, GA",2026-08-13,https://www.careerbuilder.com/job-details/sales-development-representative-spanish-speaker-atlanta-ga--bf4be1aa-174f-49d8-8cd5-0ca270c03cfd,https://www.snowflake.com,,"Title: Sales Development Representative - Spanish Speaker | Location: Atlanta, GA | Tags: $68,000–$90,000 / year",CareerBuilder
Sales Development Representative - X (Formerly Twitter),MarketStar QOZ Business LLC,"Ogden, UT",2026-08-14,https://www.careerbuilder.com/job-details/sales-development-representative-x-formerly-twitter-ogden-ut--b16dc5f9-279e-4096-abfc-3b73cbbf8a5f,N/A,,"Title: Sales Development Representative - X (Formerly Twitter) | Location: Ogden, UT",CareerBuilder
Sales Development Representative,ATBS,"Golden, CO",2026-08-31,https://www.careerbuilder.com/job-details/sales-development-representative-golden-co--1d72f239-c9fb-4d84-ad0a-02fb0405b982,https://www.atbs.com,,"Title: Sales Development Representative | Location: Golden, CO | Tags: $50,000–$65,000 / year",CareerBuilder
Ingredient Sales Development Representative,LinkOne Ingredient Solutions,"Denver, CO",2026-08-13,https://www.careerbuilder.com/job-details/ingredient-sales-development-representative-denver-co--df615b50-abcd-4ff5-9a90-011ee89f0f25,N/A,,"Title: Ingredient Sales Development Representative | Location: Denver, CO | Tags: $65,000–$80,000 / year",CareerBuilder
Outbound Sales Development Representative,Soham Inc,"Seattle, WA",2026-08-28,https://www.careerbuilder.com/job-details/outbound-sales-development-representative-seattle-wa--408fc60e-c70a-4184-a2d2-c6e697e03a11,https://www.soham.com,,"Title: Outbound Sales Development Representative | Location: Seattle, WA | Tags: $55,000–$65,000 / year",CareerBuilder
Sales Development Representative,Vanguard Cleaning Systems,"Allentown, Pennsylvania",2026-08-13,https://www.careerbuilder.com/job-details/sales-development-representative-allentown-pa--e20a55b5-0f2b-4daf-bcbc-258c4f318937,N/A,,"Title: Sales Development Representative | Location: Allentown, Pennsylvania",CareerBuilder
Sales Development Representative Associate,SGA Inc.,"San Jose, CA",2026-08-30,https://www.careerbuilder.com/job-details/sales-development-representative-associate-san-jose-ca--322f79ad-24d2-4b59-9ccd-85abdcab341b,https://www.sga.com,,"Title: Sales Development Representative Associate | Location: San Jose, CA | Tags: $30 / hour, Quick Apply",CareerBuilder
Inside Sales Development Representative,etrigue,"San Jose, CA",2026-08-16,https://www.careerbuilder.com/job-details/inside-sales-development-representative-san-jose-ca--4d7f1050-3ef1-451c-8b19-5c04e5aff9c0,https://www.etrigue.com,,"Title: Inside Sales Development Representative | Location: San Jose, CA",CareerBuilder
Sales Development Representative- Legal Tech,RELX Group,"Dayton, OH",2026-08-31,https://www.careerbuilder.com/job-details/sales-development-representative-legal-tech-dayton-oh--89275bcb-7b83-49cc-8be1-b57733e20f94,https://www.relx.com,,"Title: Sales Development Representative- Legal Tech | Location: Dayton, OH | Tags: $35,100–$58,400 / year",CareerBuilder
Sales Development Representative (Immediate Start),memoryBlue,"Waltham, Massachusetts",2026-08-13,https://www.careerbuilder.com/job-details/sales-development-representative-immediate-start-waltham-ma--14566dff-af6d-413a-93fa-6ff5cbd6eb8d,https://www.memoryblue.com,,"Title: Sales Development Representative (Immediate Start) | Location: Waltham, Massachusetts",CareerBuilder
Spanish Speaking Sales Development Representative (Immediate Start),memoryBlue,"Dallas, Texas",2026-08-13,https://www.careerbuilder.com/job-details/spanish-speaking-sales-development-representative-immediate-start-dallas-tx--17c24a54-4ee6-4b98-bf48-1eba471460a2,https://www.memoryblue.com,,"Title: Spanish Speaking Sales Development Representative (Immediate Start) | Location: Dallas, Texas",CareerBuilder
High-Tech Sales Development Representative (December 2026 & May 2027 Grads),memoryBlue,"Austin, Texas",2026-08-30,https://www.careerbuilder.com/job-details/high-tech-sales-development-representative-december-2026-may-2027-grads-austin-tx--182b3005-2d94-40d2-92d0-6f035f2f518f,https://www.memoryblue.com,,"Title: High-Tech Sales Development Representative (December 2026 & May 2027 Grads) | Location: Austin, Texas",CareerBuilder
Sales Development Representative (Sdr),BreachLock,"Hauppauge, NY",2026-08-25,https://www.careerbuilder.com/job-details/sales-development-representative-sdr-hauppauge-ny--db9cced8-3a25-4d07-a239-1400f31c9e4f,https://www.breachlock.com,,"Title: Sales Development Representative (Sdr) | Location: Hauppauge, NY",CareerBuilder
Sales Development Representative - Corporate Legal,RELX Group plc,"Dayton, OH",2026-08-13,https://www.careerbuilder.com/job-details/sales-development-representative-corporate-legal-dayton-oh--2b31eccf-c3bc-46c8-8488-661efbdb9507,https://www.relxplc.com,,"Title: Sales Development Representative - Corporate Legal | Location: Dayton, OH | Tags: $35,100–$58,400 / year",CareerBuilder
Sales Development Representative - Mid Market,Yardi Systems Inc,"Raleigh, NC",2026-08-23,https://www.careerbuilder.com/job-details/sales-development-representative-mid-market-raleigh-nc--147c4e84-24cf-447d-8bd8-375d645e4f96,N/A,,"Title: Sales Development Representative - Mid Market | Location: Raleigh, NC | Tags: $85,000–$90,000 / year",CareerBuilder
Sales Development Representative,SVA Careers,"Madison, Wisconsin",2026-09-01,https://www.careerbuilder.com/job-details/sales-development-representative-madison-wi--c2f1b4b9-255b-4b20-9131-267de75ec8f0,N/A,,"Title: Sales Development Representative | Location: Madison, Wisconsin",CareerBuilder
Sales Development Representative - Mailchimp,MarketStar QOZ Business LLC,"Salt Lake City, UT",2026-09-08,https://www.careerbuilder.com/job-details/sales-development-representative-mailchimp-salt-lake-city-ut--1c1418fa-acc0-4c2f-9fe6-6d6dac02b62e,N/A,,"Title: Sales Development Representative - Mailchimp | Location: Salt Lake City, UT",CareerBuilder
"Sales Development Representative, Tax",Thomson Reuters Corp,"Ann Arbor, MI",2026-08-17,https://www.careerbuilder.com/job-details/sales-development-representative-tax-ann-arbor-mi--1114c252-788b-4377-85ef-37dac9171b82,https://www.thomsonreuters.com,,"Title: Sales Development Representative, Tax | Location: Ann Arbor, MI | Tags: $66,500–$123,500 / year",CareerBuilder
Sales Development Representative,Trimble Inc,"Alpharetta, GA",2026-08-23,https://www.careerbuilder.com/job-details/sales-development-representative-alpharetta-ga--71afb41d-a17f-414a-9159-7d3f89acc439,https://www.trimble.com,,"Title: Sales Development Representative | Location: Alpharetta, GA | Tags: $34,700–$46,600 / year",CareerBuilder
Sales Development Representative,ExtendMyTeam,"Austin, TX",2026-08-28,https://www.careerbuilder.com/job-details/sales-development-representative-austin-tx--7fe76010-c177-4bf7-a16f-ba06087f6a0f,https://www.extendmyteam.com,,"Title: Sales Development Representative | Location: Austin, TX | Tags: Quick Apply",CareerBuilder
Senior Sales Development Representative,demandDrive,"Waltham, MA",2026-08-13,https://www.careerbuilder.com/job-details/senior-sales-development-representative-waltham-ma--2bea4af1-3883-4668-be70-c607d686d4ad,https://www.demanddrive.com,,"Title: Senior Sales Development Representative | Location: Waltham, MA",CareerBuilder
Business Development Representative (Inside Sales),Direct Traffic Solutions,"Franklin, TN",2026-08-13,https://www.careerbuilder.com/job-details/business-development-representative-inside-sales-franklin-tn--8e07a4b3-76c9-4b08-812d-6cc6c0294518,https://www.directtraffic.io,,"Title: Business Development Representative (Inside Sales) | Location: Franklin, TN",CareerBuilder
Sales Development Representative,Fastenal Co,"Oakbrook Terrace, IL",2026-08-13,https://www.careerbuilder.com/job-details/sales-development-representative-oakbrook-terrace-il--c2e49064-50da-40bf-bdbf-86f98da2ed84,https://www.fastenal.io,,"Title: Sales Development Representative | Location: Oakbrook Terrace, IL | Tags: $38,000–$46,000 / year",CareerBuilder
Senior Sales Development Representative,TMP Worldwide Advertising & Communications LLC,"Waltham, MA",2026-08-13,https://www.careerbuilder.com/job-details/senior-sales-development-representative-waltham-ma--97abab7f-9658-455d-8453-2c0f8a2652bc,N/A,,"Title: Senior Sales Development Representative | Location: Waltham, MA",CareerBuilder
Sales Development Representative,The Vanguard Group,"Scottsdale, Pennsylvania",2026-09-08,https://www.careerbuilder.com/job-details/sales-development-representative-scottsdale-az--4a6523d3-d08d-42ba-980e-6c8af18e4438,https://www.thevanguard.ai,,"Title: Sales Development Representative | Location: Scottsdale, Pennsylvania",CareerBuilder
Sales Development Representative,Aerowave Technologies,"Coppell, TX",2026-08-26,https://www.careerbuilder.com/job-details/sales-development-representative-coppell-tx--27d5b7c8-9575-4ba9-91e0-2efcf1661410,https://www.aerowave.com,,"Title: Sales Development Representative | Location: Coppell, TX | Tags: $45,000 / year, Full time, Quick Apply",CareerBuilder
Sales Development Representative (Remote US),BLC BACKLOTCARS,"Carmel, Indiana",2026-08-13,https://www.careerbuilder.com/job-details/sales-development-representative-remote-us-carmel-in--4b1d80ad-b3a7-494b-9ddd-98d626056240,N/A,,"Title: Sales Development Representative (Remote US) | Location: Carmel, Indiana | Tags: $25–$27 / hour",CareerBuilder
Sales Development Representative,Allied Universal,"Boston, MA",2026-09-08,https://www.careerbuilder.com/job-details/sales-development-representative-boston-ma--79ba544d-279b-43b4-a841-d89b8004b6ba,https://www.allieduniversal.com,,"Title: Sales Development Representative | Location: Boston, MA | Tags: $70,000–$75,000 / year",CareerBuilder
Sales Development Representative - X (Formerly Twitter),MarketStar,"Ogden, Utah",2026-08-13,https://www.careerbuilder.com/job-details/sales-development-representative-x-formerly-twitter-ogden-ut--3beec41d-dbcc-47b4-9e35-434370d5b5b9,https://www.marketstar.com,,"Title: Sales Development Representative - X (Formerly Twitter) | Location: Ogden, Utah",CareerBuilder
Entry-Level Sales Development Representative,Arsenault,"Los Angeles, California",2026-08-13,https://www.careerbuilder.com/job-details/entry-level-sales-development-representative-los-angeles-ca--de3598f0-285e-477a-a9e8-59b437bb14fd,https://www.arsenault.co,,"Title: Entry-Level Sales Development Representative | Location: Los Angeles, California",CareerBuilder
"Manager, Sales Development Representatives",Sophos Ltd,"Dallas, TX",2026-08-13,https://www.careerbuilder.com/job-details/manager-sales-development-representatives-dallas-tx--48abcd6a-e54d-4cc1-8d1d-ea32b86dfede,https://www.sophosltd.com,,"Title: Manager, Sales Development Representatives | Location: Dallas, TX | Tags: $91,700–$152,600 / year",CareerBuilder
"Sales Development Representative, Scientific Strategic Accounts NA",Ansell Limited,NY,2026-08-15,https://www.careerbuilder.com/job-details/sales-development-representative-scientific-strategic-accounts-na-new-york-ny--f19c1f2d-e8ed-4670-814a-4f701d20407b,https://www.ansell.com,,"Title: Sales Development Representative, Scientific Strategic Accounts NA | Location: NY | Tags: $60,000–$70,000 / year",CareerBuilder
Sales Development Representative,Input 1 LLC,"Westlake Village, CA",2026-08-13,https://www.careerbuilder.com/job-details/sales-development-representative-westlake-village-ca--d0230532-ed93-48d2-8c68-cc1147ee9119,https://www.input1.com,,"Title: Sales Development Representative | Location: Westlake Village, CA",CareerBuilder
Sales Development Representative,"Lyons HR, LLC","Shelby, AL",2026-08-13,https://www.careerbuilder.com/job-details/sales-development-representative-shelby-al--933cbf61-14fe-498a-86cb-dcb338513817,https://www.lyonshr.com,,"Title: Sales Development Representative | Location: Shelby, AL",CareerBuilder
Sales Development Representative,DoorDash USA,"Boston, MA; Washington",2026-09-11,https://www.careerbuilder.com/job-details/sales-development-representative-boston-ma--d0da7102-f62f-4b21-92fa-04b8af7b97b8,N/A,,"Title: Sales Development Representative | Location: Boston, MA; Washington",CareerBuilder
Sales Development Representative - Chicago,DoorDash USA,"Chicago, IL",2026-09-11,https://www.careerbuilder.com/job-details/sales-development-representative-chicago-chicago-il--100406b5-5995-45c0-befe-357ae533f9d7,N/A,,"Title: Sales Development Representative - Chicago | Location: Chicago, IL",CareerBuilder
Sales Development Representative - Mandarin Speaking DR,DoorDash USA,"Boston, MA; Washington",2026-09-11,https://www.careerbuilder.com/job-details/sales-development-representative-mandarin-speaking-dr-boston-ma--04cab63a-956d-4eed-81a6-680baf9bdbfd,N/A,,"Title: Sales Development Representative - Mandarin Speaking DR | Location: Boston, MA; Washington",CareerBuilder
Sales Development Representative,LIFESIGHT LLC,"Dover, DE",2026-08-23,https://www.careerbuilder.com/job-details/sales-development-representative-dover-de--07a55443-5cfc-4040-ac6d-a33eaf700cce,https://www.lifesight.com,,"Title: Sales Development Representative | Location: Dover, DE | Tags: Full time",CareerBuilder
Sales Development Representative,Armanino,"Salt Lake, California",2026-09-01,https://www.careerbuilder.com/job-details/sales-development-representative-salt-lake-city-ut--bd00a936-fd1d-4779-ad0b-9ade9f7ae766,https://www.armanino.in,,"Title: Sales Development Representative | Location: Salt Lake, California",CareerBuilder
Sales Development Representative,Armanino McKenna Certified Public Accountants & Consultants,"Brunswick, GA",2026-09-07,https://www.careerbuilder.com/job-details/sales-development-representative-brunswick-ga--2b454edb-2d60-4152-9fcc-57073b4ab57e,N/A,,"Title: Sales Development Representative | Location: Brunswick, GA | Tags: $88,800–$102,100 / year",CareerBuilder
Senior Sales Development Representative,ReSource Pro LLC,Bangalore,2026-08-13,https://www.careerbuilder.com/job-details/senior-sales-development-representative--4f194582-442c-478a-a26a-039564221bdc,https://www.resourcepro.com,,"Title: Senior Sales Development Representative | Location: Bangalore | Tags: $46,518–$78,967 / year",CareerBuilder
Sales Development Representative,Photobooth Supply Co,"City of Industry, CA",2026-08-13,https://www.careerbuilder.com/job-details/sales-development-representative-city-of-industry-ca--5a1726f6-d2bb-4f13-ab60-e5323637a6bc,N/A,,"Title: Sales Development Representative | Location: City of Industry, CA | Tags: $50,000–$60,000 / year",CareerBuilder
"Associate Sales Development Representative, New University Graduate",Workday,"Salt Lake, Utah",2026-09-07,https://www.careerbuilder.com/job-details/associate-sales-development-representative-new-university-graduate-salt-lake-city-ut--c8ee3098-ddeb-4608-bf64-a28491d5b8d6,https://www.workday.com,,"Title: Associate Sales Development Representative, New University Graduate | Location: Salt Lake, Utah",CareerBuilder
Sales Development Representative Associate,Software Guidance & Assistance,"San Jose, CA",2026-08-30,https://www.careerbuilder.com/job-details/sales-development-representative-associate-san-jose-ca--54f194ac-df43-46df-87cc-c769d6f0e828,N/A,,"Title: Sales Development Representative Associate | Location: San Jose, CA | Tags: $30 / hour",CareerBuilder
Sales Development Representative,Crisis Prevention Institute,Bangalore,2026-09-06,https://www.careerbuilder.com/job-details/sales-development-representative--88c1f81f-fe82-4d76-9065-0ec6f2ce8b19,https://www.crisispreventioninstitute.com,,Title: Sales Development Representative | Location: Bangalore,CareerBuilder
Sales Development Representative - Mailchimp,MarketStar,"MarketStar SLC, Utah",2026-09-07,https://www.careerbuilder.com/job-details/sales-development-representative-mailchimp-ut--abc9c32d-51b2-4c6e-8007-d998920da8a0,https://www.marketstar.com,,"Title: Sales Development Representative - Mailchimp | Location: MarketStar SLC, Utah",CareerBuilder
Sales Development Representative,Beasley Broadcast Group Inc,Bangalore,2026-08-31,https://www.careerbuilder.com/job-details/sales-development-representative--3b7fa600-99b8-4aed-bb42-f919a82bc88f,N/A,,Title: Sales Development Representative | Location: Bangalore,CareerBuilder
Sales Development Representative,Rochford Supply,"Brooklyn Park, Minnesota",2026-08-13,https://www.careerbuilder.com/job-details/sales-development-representative-brooklyn-park-mn--a6438d73-6874-4939-a475-1b265e3d7f7f,https://www.rochfordsupply.com,,"Title: Sales Development Representative | Location: Brooklyn Park, Minnesota",CareerBuilder
Sales Development Representative - Data and AI,Columbus A/S,"Minneapolis, MN",2026-08-30,https://www.careerbuilder.com/job-details/sales-development-representative-data-and-ai-minneapolis-mn--ba721fc7-9210-485e-8685-070778ab9e5d,N/A,,"Title: Sales Development Representative - Data and AI | Location: Minneapolis, MN",CareerBuilder
Sales Development Representative,Workday Inc,"Salt Lake City, UT",2026-08-13,https://www.careerbuilder.com/job-details/sales-development-representative-salt-lake-city-ut--372f5788-a950-4a41-8237-266f5b4908cb,https://www.workday.com,,"Title: Sales Development Representative | Location: Salt Lake City, UT | Tags: $44,200–$66,400 / year",CareerBuilder
Retail Sales Development Representative,Rush Enterprises,"New Braunfels, Texas",2026-08-28,https://www.careerbuilder.com/job-details/retail-sales-development-representative-new-braunfels-tx--af9190cf-51be-45ae-a20b-a94a86213f9c,https://www.rush.com,,"Title: Retail Sales Development Representative | Location: New Braunfels, Texas | Tags: $65,000 / year, Full time",CareerBuilder
SALES DEVELOPMENT REPRESENTATIVE,SumnerOne,"Springfield, MO",2026-08-25,https://www.careerbuilder.com/job-details/sales-development-representative-springfield-mo--c3d6110f-aea7-4bcd-8e23-65038f392711,https://www.sumnerone.com,,"Title: SALES DEVELOPMENT REPRESENTATIVE | Location: Springfield, MO",CareerBuilder
Sales Development Representative,SumnerOne,"Bixby, OK",2026-08-16,https://www.careerbuilder.com/job-details/sales-development-representative-bixby-ok--4c58e99b-1042-425a-a25b-a636dc807192,https://www.sumnerone.com,,"Title: Sales Development Representative | Location: Bixby, OK",CareerBuilder
Sales Development Representative,Fivecast,"Arlington, VA",2026-08-13,https://www.careerbuilder.com/job-details/sales-development-representative-arlington-va--0b2ef662-8010-49b9-a011-a37500aef53b,https://www.fivecast.com,,"Title: Sales Development Representative | Location: Arlington, VA | Tags: Full time",CareerBuilder
"Sales Development Representative, Resi",Pushpay,"Allen, TX; Remote",2026-08-13,https://www.careerbuilder.com/job-details/sales-development-representative-resi-allen-tx--d31a2fbe-5a1f-4e3b-b66f-7914060c2632,https://www.pushpay.com,,"Title: Sales Development Representative, Resi | Location: Allen, TX; Remote | Tags: $26.44 / hour",CareerBuilder
Sales Development Representative,"EAB Global, Inc.","Philadelphia, PA",2026-08-13,https://www.careerbuilder.com/job-details/sales-development-representative-philadelphia-pa--5ea8979c-c160-4b26-85d5-2e7f28caff3f,https://www.eabglobal.com,,"Title: Sales Development Representative | Location: Philadelphia, PA",CareerBuilder
Sales Development Representative (Remote US),Openlane Inc,"Carmel, IN",2026-08-13,https://www.careerbuilder.com/job-details/sales-development-representative-remote-us-carmel-in--564549f2-e2fa-434e-90de-3a1e89a116d4,https://www.openlane.com,,"Title: Sales Development Representative (Remote US) | Location: Carmel, IN | Tags: $25–$27 / hour",CareerBuilder
NEW Grad: Sales Development Representative,Fooda,"Chicago, IL",2026-08-13,https://www.careerbuilder.com/job-details/new-grad-sales-development-representative-chicago-il--fb16f2f1-7702-4463-bd22-13de1f51ce44,https://www.fooda.com,,"Title: NEW Grad: Sales Development Representative | Location: Chicago, IL",CareerBuilder
NEW GRAD: Sales Development Representative,Fooda,"Atlanta, GA",2026-08-17,https://www.careerbuilder.com/job-details/new-grad-sales-development-representative-atlanta-ga--9409ab53-c64a-4293-bc57-cbd1450c1c0d,https://www.fooda.com,,"Title: NEW GRAD: Sales Development Representative | Location: Atlanta, GA",CareerBuilder
Sales Development Representative,Gc Ai,"Provo, Utah",2026-08-27,https://www.careerbuilder.com/job-details/sales-development-representative-provo-ut--ec6e1095-080b-4d3f-b579-0fb26f9e0f44,https://www.gcai.com,,"Title: Sales Development Representative | Location: Provo, Utah",CareerBuilder
Inside Sales Representative-Account Development,Keystone Automotive Operations,"Exeter, Pennsylvania",2026-08-13,https://www.careerbuilder.com/job-details/inside-sales-representative-account-development-exeter-pa--41fb7838-bb83-46c0-b662-eb2ff8dc2943,https://www.keystoneautomotiveoperations.com,,"Title: Inside Sales Representative-Account Development | Location: Exeter, Pennsylvania",CareerBuilder
Inside Sales Representative - Account Development,LKQ,Pennsylvania,2026-08-13,https://www.careerbuilder.com/job-details/inside-sales-representative-account-development-pa--8c328581-2e14-45ab-9139-e3cfa1658b15,https://www.lkq.in,,Title: Inside Sales Representative - Account Development | Location: Pennsylvania,CareerBuilder
EMEA Region - Sales Development Representative Manager,demandDrive,"Waltham, MA",2026-09-08,https://www.careerbuilder.com/job-details/emea-region-sales-development-representative-manager-waltham-ma--2e84d043-7b91-4e50-83e8-5945efccf7bf,https://www.demanddrive.com,,"Title: EMEA Region - Sales Development Representative Manager | Location: Waltham, MA",CareerBuilder
Sales Development Representative (SDR),SpyCloud,"Austin, Texas",2026-09-11,https://www.careerbuilder.com/job-details/sales-development-representative-sdr-austin-tx--b3c49385-e619-4590-9eb0-22046a2fc292,https://www.spycloud.com,,"Title: Sales Development Representative (SDR) | Location: Austin, Texas | Tags: $38,000–$50,000 / year",CareerBuilder
Sales Development Representative,NICE Systems,"USA - Sandy, UT",2026-08-13,https://www.careerbuilder.com/job-details/sales-development-representative-west-jordan-ut--36c44709-e452-4ffd-95bc-8adea7824732,https://www.nicesystems.com,,"Title: Sales Development Representative | Location: USA - Sandy, UT",CareerBuilder
Sales Development Representative,"Comporium, Inc.","Rock Hill, SC",2026-09-04,https://www.careerbuilder.com/job-details/sales-development-representative-rock-hill-sc--33e32ed7-4e39-46b7-96c4-ae32b0bcc6bf,N/A,,"Title: Sales Development Representative | Location: Rock Hill, SC",CareerBuilder
Sales Development Representative,Xnurta,"Portland, OR",2026-08-13,https://www.careerbuilder.com/job-details/sales-development-representative-portland-or--798e5acf-0fae-45ac-98e1-65b123d9b820,https://www.xnurta.com,,"Title: Sales Development Representative | Location: Portland, OR",CareerBuilder
Sales Development Representative,Netskope Inc,"Santa Clara, CA",2026-08-13,https://www.careerbuilder.com/job-details/sales-development-representative-santa-clara-ca--59a9cea5-601b-45bb-9fde-e5c0ec216d31,https://www.netskope.com,,"Title: Sales Development Representative | Location: Santa Clara, CA | Tags: $70,000 / year",CareerBuilder
Customer Service & Sales Representative – B2B,TalentSphere,"Prior Lake, MN",2026-08-31,https://www.careerbuilder.com/job-details/customer-service-sales-representative-b2b-prior-lake-mn--23786aaa-0a38-4e28-8d23-1270dd05045a,https://www.talentsphere.in,,"Title: Customer Service & Sales Representative – B2B | Location: Prior Lake, MN | Tags: $65,000 / year, Quick Apply",CareerBuilder
Inside Sales Representative I,DriSteem Corp,"Minneapolis, MN",2026-09-01,https://www.careerbuilder.com/job-details/inside-sales-representative-i-minneapolis-mn--797ddfb4-932a-42e0-8640-dc42f59479c3,https://www.dristeem.net,,"Title: Inside Sales Representative I | Location: Minneapolis, MN",CareerBuilder
Inside Sales Representative Residential,Generac Power Systems Inc,"Pewaukee, WI",2026-08-23,https://www.careerbuilder.com/job-details/inside-sales-representative-residential-pewaukee-wi--c30983d4-f596-41ae-a7dd-90c4da2ebbb5,https://www.generacpowersystems.org,,"Title: Inside Sales Representative Residential | Location: Pewaukee, WI",CareerBuilder
Associate Inside Sales Representative,Gogo Business Aviation LLC,"Broomfield, CO",2026-08-13,https://www.careerbuilder.com/job-details/associate-inside-sales-representative-broomfield-co--88fc3f4c-27ee-4aec-bfe1-4a89b3a9cac5,N/A,,"Title: Associate Inside Sales Representative | Location: Broomfield, CO",CareerBuilder
Insurance Sales Development Representative (No License Required),Farmers Utah North District 06,"Ogden, UT",2026-08-13,https://www.careerbuilder.com/job-details/insurance-sales-development-representative-no-license-required-ogden-ut--607b6411-8faf-4bca-b31b-5c5dfbdd5e3b,N/A,,"Title: Insurance Sales Development Representative (No License Required) | Location: Ogden, UT",CareerBuilder
Sales Development Representative,Amplitude Inc,"New York, NY",2026-09-08,https://www.careerbuilder.com/job-details/sales-development-representative-new-york-ny--5d55ca46-5dbd-4fd7-bb44-b2a247e3134b,https://www.amplitude.com,,"Title: Sales Development Representative | Location: New York, NY | Tags: $2,000 / year",CareerBuilder
Sales Development Representative (SDR),Plug Power Inc,AR,2026-08-13,https://www.careerbuilder.com/job-details/sales-development-representative-sdr-little-rock-ar--493040e6-d4a9-48ab-80f0-a2152638dcb5,https://www.plugpower.com,,"Title: Sales Development Representative (SDR) | Location: AR | Tags: $72,000–$112,500 / year",CareerBuilder
Sales Development Representative,OH.io,"Columbus, Ohio",2026-08-13,https://www.careerbuilder.com/job-details/sales-development-representative-columbus-oh--4a1a4495-4608-442c-b8f0-49a752a44c5a,https://www.ohio.com,,"Title: Sales Development Representative | Location: Columbus, Ohio",CareerBuilder
Sales Development Consultant,Venture Solar LLC,"Stamford, CT",2026-08-13,https://www.careerbuilder.com/job-details/sales-development-consultant-stamford-ct--1f93da34-12d1-4c76-a36a-ebe761847409,https://www.venturesolar.com,,"Title: Sales Development Consultant | Location: Stamford, CT | Tags: $65,000–$70,000 / year",CareerBuilder
Inside Sales Representative,AVEVA Group Ltd,"Philadelphia, PA",2026-09-02,https://www.careerbuilder.com/job-details/inside-sales-representative-philadelphia-pa--7a35a446-4beb-41fb-932e-bab1f03abb01,https://www.aveva.com,,"Title: Inside Sales Representative | Location: Philadelphia, PA | Tags: $114,100–$190,300 / year",CareerBuilder
Inside Sales Representative,Sika Corp,"Amherst, NY",2026-08-18,https://www.careerbuilder.com/job-details/inside-sales-representative-amherst-ny--994be9ad-ec3d-4870-b814-f1ecdc1e06b2,https://www.sika.in,,"Title: Inside Sales Representative | Location: Amherst, NY",CareerBuilder
"Inside Sales Representative Orlando, FL",Benjamin Moore & Co,"Orlando, FL",2026-09-06,https://www.careerbuilder.com/job-details/inside-sales-representative-orlando-fl-orlando-fl--a4d05b4e-90cc-43e5-a61f-26bab94adfa3,https://www.benjaminmoore.ai,,"Title: Inside Sales Representative Orlando, FL | Location: Orlando, FL | Tags: $60,000–$72,000 / year",CareerBuilder
"Inside Sales Representative Carol Stream, IL",Benjamin Moore & Co,"Carol Stream, IL",2026-09-06,https://www.careerbuilder.com/job-details/inside-sales-representative-carol-stream-il-carol-stream-il--1c65a711-3893-4cae-ab9e-ac592ba57173,https://www.benjaminmoore.ai,,"Title: Inside Sales Representative Carol Stream, IL | Location: Carol Stream, IL | Tags: $60,000–$72,000 / year",CareerBuilder
"Inside Sales Representative Milford, MA",Benjamin Moore & Co,"Milford, MA",2026-09-06,https://www.careerbuilder.com/job-details/inside-sales-representative-milford-ma-milford-ma--a7c2a45b-b7d4-4355-90a6-965cef90363a,https://www.benjaminmoore.ai,,"Title: Inside Sales Representative Milford, MA | Location: Milford, MA | Tags: $60,000–$72,000 / year",CareerBuilder
"Inside Sales Representative - Aurora, CO",Benjamin Moore & Co,"Aurora, Colorado",2026-09-05,https://www.careerbuilder.com/job-details/inside-sales-representative-aurora-co-aurora-co--0984d6ee-e271-42a4-89f7-a2b255db6c0a,https://www.benjaminmoore.ai,,"Title: Inside Sales Representative - Aurora, CO | Location: Aurora, Colorado | Tags: $60,000–$72,000 / year",CareerBuilder
"Inside Sales Representative - Lewisville, TX",Benjamin Moore & Co,"Lewisville, Texas",2026-09-05,https://www.careerbuilder.com/job-details/inside-sales-representative-lewisville-tx-lewisville-tx--f995e788-f945-4f92-9fcb-2ab951a0cc93,https://www.benjaminmoore.ai,,"Title: Inside Sales Representative - Lewisville, TX | Location: Lewisville, Texas | Tags: $60,000–$72,000 / year",CareerBuilder
"Inside Sales Representative - Orlando, FL",Benjamin Moore & Co,"Orlando, Florida",2026-09-05,https://www.careerbuilder.com/job-details/inside-sales-representative-orlando-fl-orlando-fl--6d60f363-b67f-404f-baa3-f129d5cdb2c7,https://www.benjaminmoore.ai,,"Title: Inside Sales Representative - Orlando, FL | Location: Orlando, Florida | Tags: $60,000–$72,000 / year",CareerBuilder
Sr Principal Inside Sales Representative,Cadence Design Systems Inc,AZ,2026-08-13,https://www.careerbuilder.com/job-details/sr-principal-inside-sales-representative-phoenix-az--94004ce2-e85d-457a-8d06-65ee19c7fb4f,N/A,,"Title: Sr Principal Inside Sales Representative | Location: AZ | Tags: $150,000–$200,000 / year",CareerBuilder
Commercial Inside Sales Representative,LESLIES POOLMART INC,"Phoenix, AZ",2026-08-13,https://www.careerbuilder.com/job-details/commercial-inside-sales-representative-phoenix-az--35a5fd5e-0255-4e9a-80d5-681b3c8aeb27,N/A,,"Title: Commercial Inside Sales Representative | Location: Phoenix, AZ | Tags: $17.31–$20.19 / hour, Full time, Quick Apply",CareerBuilder
Inside Sales Representative,Red Cap Plumbing & Air,"Tampa, Florida",2026-08-25,https://www.careerbuilder.com/job-details/inside-sales-representative-tampa-fl--ac905ac3-d54a-4c54-bd15-7e75e53adfbd,N/A,,"Title: Inside Sales Representative | Location: Tampa, Florida | Tags: Full time",CareerBuilder
Inside Sales Representative - Valves Department,SunSource,"Matthews, NC",2026-08-13,https://www.careerbuilder.com/job-details/inside-sales-representative-valves-department-matthews-nc--52eac8dd-d6dc-4591-8859-0a8c115b7160,https://www.sunsource.com,,"Title: Inside Sales Representative - Valves Department | Location: Matthews, NC",CareerBuilder
Inside Sales Representative,Ritter Lumber,"Nederland, TX",2026-09-06,https://www.careerbuilder.com/job-details/inside-sales-representative-nederland-tx--de78961f-6bd5-425f-8c72-99a2698d5284,https://www.ritterlumber.net,,"Title: Inside Sales Representative | Location: Nederland, TX | Tags: Full time",CareerBuilder
"Business Development Sales Manager | Austin, TX | In-Office",BBB Heart of Texas,"Austin, TX",2026-08-13,https://www.careerbuilder.com/job-details/business-development-sales-manager-austin-tx-in-office-austin-tx--e15c3905-be4c-4d8a-be2f-f8cb5bed6014,N/A,,"Title: Business Development Sales Manager | Austin, TX | In-Office | Location: Austin, TX",CareerBuilder
Outbound Inside Sales Representative,First American,California,2026-08-13,https://www.careerbuilder.com/job-details/outbound-inside-sales-representative-ca--00d5c640-e129-460a-9d0a-7d83237b2921,https://www.firstamerican.com,,Title: Outbound Inside Sales Representative | Location: California,CareerBuilder
Senior Inside Sales Representative,ChargeTronix,"Costa Mesa, California",2026-08-13,https://www.careerbuilder.com/job-details/senior-inside-sales-representative-costa-mesa-ca--93d117af-cc9e-4f78-9f63-af3d8591855d,https://www.chargetronix.com,,"Title: Senior Inside Sales Representative | Location: Costa Mesa, California",CareerBuilder
Sales Development Representative | US - Remote ... Commercial · US · Fully Remote,BIMobject AB,"St. Louis, MO",2026-08-13,https://www.careerbuilder.com/job-details/sales-development-representative-us-remote-commercial-us-fully-remote-saint-louis-mo--b1791b87-9857-45d4-aaa5-3a7384efc354,N/A,,"Title: Sales Development Representative | US - Remote ... Commercial · US · Fully Remote | Location: St. Louis, MO",CareerBuilder
Inside Sales Representative,ZIM Integrated Shipping Services Ltd.,"Virginia Beach, VA",2026-09-02,https://www.careerbuilder.com/job-details/inside-sales-representative-virginia-beach-va--63317dc0-a923-4047-b0bb-c00c9671197d,N/A,,"Title: Inside Sales Representative | Location: Virginia Beach, VA",CareerBuilder
Sales Development Representative (SDR) / Dialer (Remote),"SALES,COLD CALLING,CRM","Salisbury, Maryland",2026-08-13,https://www.careerbuilder.com/job-details/sales-development-representative-sdr-dialer-remote-salisbury-md--3c45f72d-0bcc-47f3-a3e9-4614d8ad57ba,N/A,,"Title: Sales Development Representative (SDR) / Dialer (Remote) | Location: Salisbury, Maryland",CareerBuilder
"Distribution Inside Sales Representative - Taunton, MA",Woodgrain Inc,"Taunton, MA",2026-08-13,https://www.careerbuilder.com/job-details/distribution-inside-sales-representative-taunton-ma-taunton-ma--caf0834d-a4a1-43fa-92d0-d22669278433,https://www.woodgrain.com,,"Title: Distribution Inside Sales Representative - Taunton, MA | Location: Taunton, MA",CareerBuilder
"Inside Sales Representative-Augusta,ME",Woodgrain Inc,"Augusta, ME",2026-08-13,https://www.careerbuilder.com/job-details/inside-sales-representative-augusta-me-augusta-me--6ed29ef8-da4d-4a3f-a42d-76910490e215,https://www.woodgrain.com,,"Title: Inside Sales Representative-Augusta,ME | Location: Augusta, ME",CareerBuilder
"Inside Sales Representative-Jackson, Mississippi",Woodgrain Inc,"Jackson, MS",2026-08-13,https://www.careerbuilder.com/job-details/inside-sales-representative-jackson-mississippi-jackson-ms--c6dcf557-b30d-49f0-8b58-c1f16f4994a2,https://www.woodgrain.com,,"Title: Inside Sales Representative-Jackson, Mississippi | Location: Jackson, MS",CareerBuilder
Inside Sales Representative,Woodgrain Inc,"Hooksett, NH",2026-09-11,https://www.careerbuilder.com/job-details/inside-sales-representative-hooksett-nh--1883179f-74ed-458b-9e25-0b89c03adcf5,https://www.woodgrain.com,,"Title: Inside Sales Representative | Location: Hooksett, NH | Tags: $22–$24 / hour",CareerBuilder
"Inside Sales Representative- Augusta, ME/ Portland ME",Woodgrain Inc,"Portland, ME",2026-08-13,https://www.careerbuilder.com/job-details/inside-sales-representative-augusta-me-portland-me-portland-me--204e0415-1c48-4351-a6da-62c0b85c3e1a,https://www.woodgrain.com,,"Title: Inside Sales Representative- Augusta, ME/ Portland ME | Location: Portland, ME",CareerBuilder
Sales Development Representative,ThoughtSpot Inc,"Mountain View, CA",2026-08-13,https://www.careerbuilder.com/job-details/sales-development-representative-mountain-view-ca--12e268a1-df80-4e87-a6b1-0d05d25b8c81,https://www.thoughtspot.com,,"Title: Sales Development Representative | Location: Mountain View, CA",CareerBuilder
Inside Sales Representative,Mid-States Bolt and Screw Co,"Plymouth, MN",2026-09-02,https://www.careerbuilder.com/job-details/inside-sales-representative-plymouth-mn--95caf358-07dd-47fd-8a0f-1eae786cab29,N/A,,"Title: Inside Sales Representative | Location: Plymouth, MN",CareerBuilder
Sales Development Representative,Rectangle Health,"Saint Petersburg, Florida",2026-08-13,https://www.careerbuilder.com/job-details/sales-development-representative-saint-petersburg-fl--9c279f94-af80-445d-b5e0-ec08267dcf23,N/A,,"Title: Sales Development Representative | Location: Saint Petersburg, Florida | Tags: $50,000 / year",CareerBuilder
Enterprise Sales Development Representative,Britive,"Boston, MA",2026-08-13,https://www.careerbuilder.com/job-details/enterprise-sales-development-representative-boston-ma--d9008680-566c-4560-ba6d-e2713d51357e,https://www.britive.com,,"Title: Enterprise Sales Development Representative | Location: Boston, MA",CareerBuilder
Sales Development Representative,Pacific Office Automation,"Fife, WA",2026-08-13,https://www.careerbuilder.com/job-details/sales-development-representative-fife-wa--0eb16edf-2c9b-44f0-9c3d-b4885e3ef349,https://www.pacificofficeautomation.com,,"Title: Sales Development Representative | Location: Fife, WA | Tags: $50,000–$60,000 / year, Quick Apply",CareerBuilder
Sales Development Representative,Lumos App Inc.,Bangalore,2026-08-13,https://www.careerbuilder.com/job-details/sales-development-representative--6839b330-a7d6-4622-b9d8-e79f8b04c134,N/A,,"Title: Sales Development Representative | Location: Bangalore | Tags: $80,000–$90,000 / year",CareerBuilder
Sales Development Representative,Ryerson Inc,"Coon Rapids, MN",2026-08-13,https://www.careerbuilder.com/job-details/sales-development-representative-coon-rapids-mn--0e5cfda3-9a49-433f-8352-0b9651bd6d60,https://www.ryerson.com,,"Title: Sales Development Representative | Location: Coon Rapids, MN | Tags: $49,261.48–$73,892.23 / year",CareerBuilder
Sales Development Representative,Performyard,"Arlington, TX",2026-08-13,https://www.careerbuilder.com/job-details/sales-development-representative-arlington-tx--34c8ae5c-d207-49b4-8d4a-da49ae5cf13b,https://www.performyard.com,,"Title: Sales Development Representative | Location: Arlington, TX",CareerBuilder
"Sales Development Representative (Salt Lake City, Utah based)",Overjet Inc,"Salt Lake City, UT",2026-08-13,https://www.careerbuilder.com/job-details/sales-development-representative-salt-lake-city-utah-based-salt-lake-city-ut--f6f850b2-0fa3-4158-bbb6-7508817a079b,https://www.overjet.com,,"Title: Sales Development Representative (Salt Lake City, Utah based) | Location: Salt Lake City, UT",CareerBuilder
NEW GRAD: Sales Development Representative,"Fooda, Inc.","Chicago, IL",2026-08-13,https://www.careerbuilder.com/job-details/new-grad-sales-development-representative-chicago-il--03014c56-2db3-4e0b-8d13-242f18f624b4,https://www.fooda.com,,"Title: NEW GRAD: Sales Development Representative | Location: Chicago, IL",CareerBuilder
Sales Development Representative,Bottomline Technologies,"Portsmouth, NH",2026-09-08,https://www.careerbuilder.com/job-details/sales-development-representative-portsmouth-nh--9d7d1def-8ac7-408e-b818-a01fbc2bfb5b,https://www.bottomline.com,,"Title: Sales Development Representative | Location: Portsmouth, NH",CareerBuilder
Sales Development Representative,Armanino McKenna LLP,"San Francisco, CA",2026-08-13,https://www.careerbuilder.com/job-details/sales-development-representative-san-francisco-ca--0225709f-139f-438e-ab62-4b09d1ef2c78,N/A,,"Title: Sales Development Representative | Location: San Francisco, CA | Tags: $88,800–$102,100 / year",CareerBuilder
"Sales Development Representative, Education",Assa Abloy AB,"Austin, TX",2026-09-02,https://www.careerbuilder.com/job-details/sales-development-representative-education-austin-tx--008f1811-b7d6-418d-8c73-3fd9b9baa32f,https://www.assaabloyab.com,,"Title: Sales Development Representative, Education | Location: Austin, TX",CareerBuilder
"Sales Development Representative, Enterprise",FiscalNote Inc,"Washington, DC",2026-08-13,https://www.careerbuilder.com/job-details/sales-development-representative-enterprise-washington-dc--fffa8407-84be-480b-9b76-c82d8e881796,N/A,,"Title: Sales Development Representative, Enterprise | Location: Washington, DC | Tags: $50,000–$55,000 / year",CareerBuilder
"Sales Development Representative, Catholic",Pushpay Holdings Ltd,WA,2026-08-13,https://www.careerbuilder.com/job-details/sales-development-representative-catholic-seattle-wa--fd533254-32e8-48a9-b5c7-61c75c6c20fc,N/A,,"Title: Sales Development Representative, Catholic | Location: WA",CareerBuilder
Enterprise Sales Development Representative,Axon,"Boston, MA",2026-08-13,https://www.careerbuilder.com/job-details/enterprise-sales-development-representative-boston-ma--e2c896d0-427d-40c4-970e-3cb97ccef833,https://www.axon.com,,"Title: Enterprise Sales Development Representative | Location: Boston, MA | Tags: $33.75–$41.25 / hour",CareerBuilder
Sales Development Representative,Midwest Energy Services,"Independence, OH",2026-08-13,https://www.careerbuilder.com/job-details/sales-development-representative-independence-oh--e9fd74ac-2011-44bd-9fdf-007c7f371a3f,https://www.midwestenergy.in,,"Title: Sales Development Representative | Location: Independence, OH | Tags: Full time",CareerBuilder
Sales Development Representative,Omatic Software LLC,"Mt. Pleasant, SC",2026-09-04,https://www.careerbuilder.com/job-details/sales-development-representative-mount-pleasant-sc--83231aa3-a7cb-4d96-b524-820f2b5970bd,https://www.omaticsoftware.com,,"Title: Sales Development Representative | Location: Mt. Pleasant, SC",CareerBuilder
Sales Development Representative,Laserfiche,"Long Beach, California",2026-08-13,https://www.careerbuilder.com/job-details/sales-development-representative-long-beach-ca--8ec7d227-eeb5-408c-aec2-63cc194ade39,https://www.laserfiche.com,,"Title: Sales Development Representative | Location: Long Beach, California",CareerBuilder
Sales Development Representative,Welo Global,"Scottsdale, Arizona",2026-08-19,https://www.careerbuilder.com/job-details/sales-development-representative-scottsdale-az--23142c24-20d2-4db6-942a-9359aa70f479,https://www.weloglobal.com,,"Title: Sales Development Representative | Location: Scottsdale, Arizona | Tags: $50,000–$60,000 / year",CareerBuilder
Sales Development Representative Prospector,"Business Wire, Inc.",Bangalore,2026-08-13,https://www.careerbuilder.com/job-details/sales-development-representative-prospector--fb6b2e84-c213-4c0c-82c5-d41ae4cf26b1,https://www.businesswire.io,,"Title: Sales Development Representative Prospector | Location: Bangalore | Tags: $64,000–$67,000 / year",CareerBuilder
Sales Development Representative,Town Square Media,"Charlotte, NC",2026-09-02,https://www.careerbuilder.com/job-details/sales-development-representative-charlotte-nc--478ecc24-583b-4b32-b93d-9e56bd355394,https://www.townsquaremedia.com,,"Title: Sales Development Representative | Location: Charlotte, NC",CareerBuilder
Sales Development Representative,Noonlight,"Austin, Texas",2026-08-13,https://www.careerbuilder.com/job-details/sales-development-representative-austin-tx--c45213e3-6872-46b2-998f-14d5eed57f55,https://www.noonlight.com,,"Title: Sales Development Representative | Location: Austin, Texas",CareerBuilder
Inside Sales Representative,Wasabi Technologies LLC,NY,2026-09-01,https://www.careerbuilder.com/job-details/inside-sales-representative-new-york-ny--51f6a533-dc9f-42bf-b21e-76ec603b388d,https://www.wasabi.com,,"Title: Inside Sales Representative | Location: NY | Tags: $90,000–$110,000 / year",CareerBuilder
Inside Sales Representative,Orbia,"Tennessee, Tennessee",2026-09-07,https://www.careerbuilder.com/job-details/inside-sales-representative-nashville-tn--091e831e-91c1-46a1-964b-57a1c25a48c2,https://www.orbia.co,,"Title: Inside Sales Representative | Location: Tennessee, Tennessee",CareerBuilder
Inside Sales Representative Retirement Plan Services,The Charles Schwab Corp,"Austin, TX",2026-08-23,https://www.careerbuilder.com/job-details/inside-sales-representative-retirement-plan-services-austin-tx--02f28c08-3453-4311-8b98-f5e650c2cb43,N/A,,"Title: Inside Sales Representative Retirement Plan Services | Location: Austin, TX",CareerBuilder
OMI Sales Assistant & Sales Development,"Johnson Insurance Group, Inc - Allstate Insurance","Waldorf, MD",2026-08-13,https://www.careerbuilder.com/job-details/omi-sales-assistant-sales-development-waldorf-md--59f157bd-b266-42df-b639-4b5030c14564,N/A,,"Title: OMI Sales Assistant & Sales Development | Location: Waldorf, MD | Tags: $15.50–$16.50 / hour, Full time",CareerBuilder
Sales Development Representative,Treatspace,"Pittsburgh, PA",2026-08-13,https://www.careerbuilder.com/job-details/sales-development-representative-pittsburgh-pa--f696fef1-8fe8-4257-8538-d29aa8c687b4,https://www.treatspace.com,,"Title: Sales Development Representative | Location: Pittsburgh, PA",CareerBuilder
Inside Sales Representative,Alteryx Inc,"Irvine, CA",2026-08-13,https://www.careerbuilder.com/job-details/inside-sales-representative-irvine-ca--22464560-a6b2-4b41-b284-4937b0a0547a,https://www.alteryx.com,,"Title: Inside Sales Representative | Location: Irvine, CA | Tags: $57,000–$72,000 / year",CareerBuilder
Sales Development Representative,AT&I Systems,"Cooper City, FL",2026-08-13,https://www.careerbuilder.com/job-details/sales-development-representative-cooper-city-fl--10a8249c-27c1-4885-8620-c3745d573513,https://www.atisystems.com,,"Title: Sales Development Representative | Location: Cooper City, FL | Tags: Full time",CareerBuilder
Sales Development Representative,Lumos,Bangalore,2026-08-13,https://www.careerbuilder.com/job-details/sales-development-representative--a634d5fe-5789-473d-8ef8-8bfb72df714f,https://www.lumos.com,,Title: Sales Development Representative | Location: Bangalore,CareerBuilder
"Sales Development Representative, Group Sales",CSC Generation Enterprise Inc,CA,2026-09-11,https://www.careerbuilder.com/job-details/sales-development-representative-group-sales-beverly-hills-ca--0f33af18-e11f-46ad-aac5-a3b98b70489f,N/A,,"Title: Sales Development Representative, Group Sales | Location: CA",CareerBuilder
"Sales Development Representative, Data Partnerships",Handshake,"Nashville, Tennessee",2026-08-28,https://www.careerbuilder.com/job-details/sales-development-representative-data-partnerships-nashville-tn--a1a5e8ed-5bdf-41de-9c52-0d6f14513fbf,https://www.handshake.com,,"Title: Sales Development Representative, Data Partnerships | Location: Nashville, Tennessee",CareerBuilder
Inside Sales Representative - Hybrid,Fellers Careers Site,"Southlake, Texas",2026-08-22,https://www.careerbuilder.com/job-details/inside-sales-representative-hybrid-southlake-tx--e023082b-812f-4f0c-a503-3b3250ddaf79,N/A,,"Title: Inside Sales Representative - Hybrid | Location: Southlake, Texas",CareerBuilder
Sales Development Representative (SDR),Nuvei Corp,"Scottsdale, AZ",2026-08-13,https://www.careerbuilder.com/job-details/sales-development-representative-sdr-scottsdale-az--be06006f-32cf-4497-96f8-e3ce95d4b024,https://www.nuvei.com,,"Title: Sales Development Representative (SDR) | Location: Scottsdale, AZ",CareerBuilder
Regional Business Development Rep - Inside Sales - Hermiston,Carson,"Hermiston, OR",2026-08-13,https://www.careerbuilder.com/job-details/regional-business-development-rep-inside-sales-hermiston-hermiston-or--0cbd2f9e-f0d6-4070-8b23-008404ec32c1,https://www.carson.com,,"Title: Regional Business Development Rep - Inside Sales - Hermiston | Location: Hermiston, OR",CareerBuilder
Sales Development Representative,Cision,"Cleveland, Ohio",2026-08-13,https://www.careerbuilder.com/job-details/sales-development-representative-cleveland-oh--4558bab3-f0ff-4c50-ab5f-781a8e7a5dde,https://www.cision.com,,"Title: Sales Development Representative | Location: Cleveland, Ohio",CareerBuilder
Sales Development Representative - LATAM | Path to AE,Tendril LLC,Bangalore,2026-09-04,https://www.careerbuilder.com/job-details/sales-development-representative-latam-path-to-ae--645cc69d-7438-42d4-9902-7e926837d757,https://www.tendril.in,,Title: Sales Development Representative - LATAM | Path to AE | Location: Bangalore,CareerBuilder
Corporate Sales Development Representative,Staffbase,"New York, NY",2026-09-03,https://www.careerbuilder.com/job-details/corporate-sales-development-representative-new-york-ny--18b1310f-9eca-4c07-a696-b8e69c7baaec,https://www.staffbase.com,,"Title: Corporate Sales Development Representative | Location: New York, NY | Tags: $55,000 / year",CareerBuilder
New Business Development Sales Representative,Linked Professional Services,New Jersey,2026-08-13,https://www.careerbuilder.com/job-details/new-business-development-sales-representative-nj--535e017c-75a2-47f9-a8ab-787c752d4910,N/A,,Title: New Business Development Sales Representative | Location: New Jersey,CareerBuilder
Outside Sales Representative,Ryerson Inc,"Pittsburgh, PA",2026-08-28,https://www.careerbuilder.com/job-details/outside-sales-representative-pittsburgh-pa--8be6e844-d90a-4fb8-b38d-bb403dc6370d,https://www.ryerson.com,,"Title: Outside Sales Representative | Location: Pittsburgh, PA",CareerBuilder
Sales Development Representative (HR Advisory),The Wilkinson Firm,"Charlotte, North Carolina",2026-08-13,https://www.careerbuilder.com/job-details/sales-development-representative-hr-advisory-charlotte-nc--5a8b4c47-cd64-4c84-9606-d0d64d24300f,https://www.thewilkinsonfirm.com,,"Title: Sales Development Representative (HR Advisory) | Location: Charlotte, North Carolina",CareerBuilder
Inside Sales Representative,Tenex.Ai,"Overland Park, Kansas",2026-08-13,https://www.careerbuilder.com/job-details/inside-sales-representative-overland-park-ks--10073d9a-6778-41fe-8df3-b1ed47cbf591,N/A,,"Title: Inside Sales Representative | Location: Overland Park, Kansas",CareerBuilder
Inside Sales Representative,FASTSIGNS of Long Beach and Torrance,"Santa Ana, CA",2026-08-13,https://www.careerbuilder.com/job-details/inside-sales-representative-santa-ana-ca--19a244c8-478d-4dad-b98a-166fe1086766,N/A,,"Title: Inside Sales Representative | Location: Santa Ana, CA | Tags: Full time",CareerBuilder
Inside Sales Representative - Valve Automation,"Kendall Electric, Inc.","Grand Rapids, MI",2026-08-13,https://www.careerbuilder.com/job-details/inside-sales-representative-valve-automation-grand-rapids-mi--7b404b7b-8e76-4e2f-8a9b-42b0974165f1,https://www.kendallelectric.com,,"Title: Inside Sales Representative - Valve Automation | Location: Grand Rapids, MI",CareerBuilder
Inside Sales Representative - Forberg Smith,"Kendall Electric, Inc.","Bridgeville, PA",2026-08-13,https://www.careerbuilder.com/job-details/inside-sales-representative-forberg-smith-bridgeville-pa--6ef9720f-ef4c-4c1f-af2f-94da9af6db63,https://www.kendallelectric.com,,"Title: Inside Sales Representative - Forberg Smith | Location: Bridgeville, PA",CareerBuilder
Sales Development Representative,Augmentus Pte Ltd,Bangalore,2026-08-13,https://www.careerbuilder.com/job-details/sales-development-representative--c7abd402-8e8f-41ce-808c-315cd8541c0e,N/A,,Title: Sales Development Representative | Location: Bangalore,CareerBuilder
Sales Development Representative,BrainStation,"New York, NY",2026-09-07,https://www.careerbuilder.com/job-details/sales-development-representative-new-york-ny--b41f8040-c09b-4740-981c-60a08652831f,https://www.brainstation.ai,,"Title: Sales Development Representative | Location: New York, NY | Tags: $60,000–$65,000 / year",CareerBuilder
Inside Sales Representative,Metals USA,"Enid, OK",2026-08-18,https://www.careerbuilder.com/job-details/inside-sales-representative-enid-ok--d62f28a6-4357-4f2d-942c-e3edec18f849,https://www.metalsusa.com,,"Title: Inside Sales Representative | Location: Enid, OK | Tags: $22.50–$26.50 / hour",CareerBuilder
Sales Development Representative,FlexTG,"Irvine, CA",2026-08-26,https://www.careerbuilder.com/job-details/sales-development-representative-irvine-ca--ad17a11d-9582-48a7-8377-b89e6b431405,https://www.flextg.com,,"Title: Sales Development Representative | Location: Irvine, CA",CareerBuilder
Sales Development Representative,TouchCare,"New York, NY",2026-09-12,https://www.careerbuilder.com/job-details/sales-development-representative-new-york-ny--3affe3ba-5d90-4a37-8754-e50a65d64279,https://www.touchcare.com,,"Title: Sales Development Representative | Location: New York, NY | Tags: $60,000–$70,000 / year",CareerBuilder
Sales Development Representative,Faros,"San Mateo, California",2026-09-08,https://www.careerbuilder.com/job-details/sales-development-representative-san-mateo-ca--83f7a0bb-5166-4c49-9f8a-bbde6fd5853e,https://www.faros.in,,"Title: Sales Development Representative | Location: San Mateo, California | Tags: $70,000 / year",CareerBuilder
Sales Development Representative,RJ Young,"Tallahassee, Florida",2026-08-30,https://www.careerbuilder.com/job-details/sales-development-representative-tallahassee-fl--677a4990-3527-4295-8240-a16f2795ff45,https://www.rjyoung.com,,"Title: Sales Development Representative | Location: Tallahassee, Florida",CareerBuilder
"Sales Development Representative (m/f/d) in Austin, TX",KNIME.com AG,"Austin, TX",2026-08-13,https://www.careerbuilder.com/job-details/sales-development-representative-m-f-d-in-austin-tx-austin-tx--11375b5c-1e35-4ca7-878a-26dbfeb6976f,N/A,,"Title: Sales Development Representative (m/f/d) in Austin, TX | Location: Austin, TX",CareerBuilder
Discovery Representative – Public Sector Sales,TD Synnex,"Herndon, Virginia",2026-08-29,https://www.careerbuilder.com/job-details/discovery-representative-public-sector-sales-herndon-va--bcd0ea9e-5f24-464e-89f0-6c757dacec25,https://www.tdsynnex.com,,"Title: Discovery Representative – Public Sector Sales | Location: Herndon, Virginia",CareerBuilder
Inside Sales Representative,Copeland Controls Srl,"Sidney, OH",2026-08-23,https://www.careerbuilder.com/job-details/inside-sales-representative-sidney-oh--4237d5fc-c215-4f29-a4bf-113c90ab2757,N/A,,"Title: Inside Sales Representative | Location: Sidney, OH",CareerBuilder
Sales Development Representative,Groundworks LLC,"Monticello, FL",2026-08-21,https://www.careerbuilder.com/job-details/sales-development-representative-monticello-fl--43bcfe7a-6cff-4b61-a8fe-62c1b2349ad6,https://www.groundworks.in,,"Title: Sales Development Representative | Location: Monticello, FL",CareerBuilder
Sales Development Manager,Triumvirate Environmental Inc,"Somerville, MA",2026-08-25,https://www.careerbuilder.com/job-details/sales-development-manager-somerville-ma--aeb244c7-6a45-44a3-b8a8-dc23ccb3974a,https://www.triumvirateenvironmental.com,,"Title: Sales Development Manager | Location: Somerville, MA | Tags: $125,000–$150,000 / year",CareerBuilder
Inside Sales Representative - West,Stonhard - MAIN,"Anaheim, CA",2026-08-13,https://www.careerbuilder.com/job-details/inside-sales-representative-west-anaheim-ca--c84386e7-a695-4f24-95b7-67ee7a5b1b38,N/A,,"Title: Inside Sales Representative - West | Location: Anaheim, CA | Tags: $70,000–$90,000 / year",CareerBuilder
Inside Sales Representative - Midwest,Stonhard - MAIN,"Chicago, IL",2026-08-13,https://www.careerbuilder.com/job-details/inside-sales-representative-midwest-chicago-il--a1a7c61f-9636-49a8-978b-1a5aa0434243,N/A,,"Title: Inside Sales Representative - Midwest | Location: Chicago, IL | Tags: $70,000–$90,000 / year",CareerBuilder
Sales Development Representative - Core Team,Jooble Employer,Bangalore,N/A,https://in.jooble.org/away/-4119725751021088104?p=1&pos=1&rgn=3193&pageType=20&ckey=sales+development+representative&sid=-1533604028847699546&jobAge=93&relb=10&brelb=10&scr=19999.820564559956&bscr=19999.820564559956&elckey=7270987743757165891&searchTestGroup=1_2_1&iid=3399619156992221467,N/A,,Sales Development Representative - Core Team,Jooble
Sales Development Representative MEA Region,Jooble Employer,Bangalore,N/A,https://in.jooble.org/away/4012554762531103851?p=1&pos=2&rgn=3193&pageType=20&ckey=sales+development+representative&sid=-1533604028847699546&jobAge=49&relb=10&brelb=10&scr=19963.000931851297&bscr=19963.000931851297&elckey=7270987743757165891&searchTestGroup=1_2_1&iid=-7885480208465803010,N/A,,Sales Development Representative MEA Region,Jooble
Sales Development Representative,Jooble Employer,Bangalore,N/A,https://in.jooble.org/away/-704210462382616816?p=1&pos=3&rgn=3193&pageType=20&ckey=sales+development+representative&sid=-1533604028847699546&jobAge=97&relb=10&brelb=10&scr=19721.984293139485&bscr=19721.984293139485&elckey=7270987743757165891&searchTestGroup=1_2_1&iid=-4466120133830158077,N/A,,Sales Development Representative,Jooble
GTM Jr. Sales Development Representative (SDR),Jooble Employer,Bangalore,N/A,https://in.jooble.org/away/6980424708342326081?p=1&pos=4&rgn=3193&pageType=20&ckey=sales+development+representative&sid=-1533604028847699546&jobAge=73&relb=10&brelb=10&scr=19702.2446115834&bscr=19702.2446115834&elckey=7270987743757165891&searchTestGroup=1_2_1&iid=-5909267214625795232,N/A,,GTM Jr. Sales Development Representative (SDR),Jooble
Sales Development Representative,Jooble Employer,Bangalore,N/A,https://in.jooble.org/away/-7741199801056708493?p=1&pos=5&rgn=3193&pageType=20&ckey=sales+development+representative&sid=-1533604028847699546&jobAge=45&relb=10&brelb=10&scr=19347.94239742841&bscr=19347.94239742841&elckey=7270987743757165891&searchTestGroup=1_2_1&iid=770599134775769750,N/A,,Sales Development Representative,Jooble
Sales Development Representative,Jooble Employer,Bangalore,N/A,https://in.jooble.org/away/4971675486923608356?p=1&pos=6&rgn=3193&pageType=20&ckey=sales+development+representative&sid=-1533604028847699546&jobAge=45&relb=10&brelb=10&scr=19303.83578042215&bscr=19303.83578042215&elckey=7270987743757165891&searchTestGroup=1_2_1&iid=-7881778007284450241,N/A,,Sales Development Representative,Jooble
Sales Development Representative,Jooble Employer,Bangalore,N/A,https://in.jooble.org/away/-5635776196825155287?p=1&pos=7&rgn=3193&pageType=20&ckey=sales+development+representative&sid=-1533604028847699546&jobAge=93&relb=10&brelb=10&scr=19026.678119294244&bscr=19026.678119294244&elckey=7270987743757165891&searchTestGroup=1_2_1&iid=4642276549432101208,N/A,,Sales Development Representative,Jooble
Sales Executive,Jooble Employer,Bangalore,N/A,https://in.jooble.org/away/-4330053353872565817?p=1&pos=8&rgn=3193&pageType=20&ckey=sales+development+representative&sid=-1533604028847699546&jobAge=27&relb=10&brelb=10&scr=18235.130237134792&bscr=18235.130237134792&elckey=7270987743757165891&searchTestGroup=1_2_1&iid=-3541725700785534702,N/A,,Sales Executive,Jooble
Healthcare Sales & Patient Counselling Executive,Jooble Employer,Bangalore,N/A,https://in.jooble.org/away/-1250443792782741191?p=1&pos=9&rgn=3193&pageType=20&ckey=sales+development+representative&sid=-1533604028847699546&jobAge=73&relb=10&brelb=10&scr=15787.218688363724&bscr=15787.218688363724&elckey=7270987743757165891&searchTestGroup=1_2_1&iid=6799613482457971848,N/A,,Healthcare Sales & Patient Counselling Executive,Jooble
Sales Executive (Freshers),Jooble Employer,Bangalore,N/A,https://in.jooble.org/away/4814191089566871822?p=1&pos=10&rgn=3193&pageType=20&ckey=sales+development+representative&sid=-1533604028847699546&jobAge=21&relb=10&brelb=10&scr=15547.539653182412&bscr=15547.539653182412&elckey=7270987743757165891&searchTestGroup=1_2_1&iid=-1981644611676396643,N/A,,Sales Executive (Freshers),Jooble
Sales Development Representative,Jooble Employer,Bangalore,N/A,https://in.jooble.org/away/9060234113860878879?p=1&pos=11&rgn=3193&pageType=20&ckey=sales+development+representative&sid=-1533604028847699546&jobAge=7&relb=10&brelb=10&scr=15505.609847349899&bscr=15505.609847349899&elckey=7270987743757165891&searchTestGroup=1_2_1&iid=1189497510087647258,N/A,,Sales Development Representative,Jooble
Sales Development Representative - US (Pod),Jooble Employer,Bangalore,N/A,https://in.jooble.org/away/-1917310801449245562?p=1&pos=12&rgn=3193&pageType=20&ckey=sales+development+representative&sid=-1533604028847699546&jobAge=7&relb=10&brelb=10&scr=15505.609847349899&bscr=15505.609847349899&elckey=7270987743757165891&searchTestGroup=1_2_1&iid=5681907895134453893,N/A,,Sales Development Representative - US (Pod),Jooble
Sales Development Representative,Jooble Employer,Bangalore,N/A,https://in.jooble.org/away/-7231779092186373920?p=1&pos=13&rgn=3193&pageType=20&ckey=sales+development+representative&sid=-1533604028847699546&jobAge=7&relb=10&brelb=10&scr=15505.609847349899&bscr=15505.609847349899&elckey=7270987743757165891&searchTestGroup=1_2_1&iid=-1981978905162555597,N/A,,Sales Development Representative,Jooble
Sales Development Representative,Jooble Employer,Bangalore,N/A,https://in.jooble.org/away/8517274762847139960?p=1&pos=14&rgn=3193&pageType=20&ckey=sales+development+representative&sid=-1533604028847699546&jobAge=7&relb=10&brelb=10&scr=15505.609847349899&bscr=15505.609847349899&elckey=7270987743757165891&searchTestGroup=1_2_1&iid=5142031757169067643,N/A,,Sales Development Representative,Jooble
Sales Development Representative,Jooble Employer,Bangalore,N/A,https://in.jooble.org/away/4738978961976036499?p=1&pos=15&rgn=3193&pageType=20&ckey=sales+development+representative&sid=-1533604028847699546&jobAge=7&relb=10&brelb=10&scr=15505.609847349899&bscr=15505.609847349899&elckey=7270987743757165891&searchTestGroup=1_2_1&iid=1947575069026065206,N/A,,Sales Development Representative,Jooble
Sales Development Representative (SDR) - Global EOR SaaS,Jooble Employer,Bangalore,N/A,https://in.jooble.org/away/-2434298305781786765?p=1&pos=16&rgn=3193&pageType=20&ckey=sales+development+representative&sid=-1533604028847699546&jobAge=7&relb=10&brelb=10&scr=15488.527281227754&bscr=15488.527281227754&elckey=7270987743757165891&searchTestGroup=1_2_1&iid=-7181692923572125802,N/A,,Sales Development Representative (SDR) - Global EOR SaaS,Jooble
Founding Enterprise Sales Development Representative (SDR),Jooble Employer,Bangalore,N/A,https://in.jooble.org/away/-3425256086202717371?p=1&pos=17&rgn=3193&pageType=20&ckey=sales+development+representative&sid=-1533604028847699546&jobAge=7&relb=10&brelb=10&scr=15488.527281227754&bscr=15488.527281227754&elckey=7270987743757165891&searchTestGroup=1_2_1&iid=-8404354492336389588,N/A,,Founding Enterprise Sales Development Representative (SDR),Jooble
Inside Sales Representative,Jooble Employer,Bangalore,N/A,https://in.jooble.org/away/-6548919664357427476?p=1&pos=18&rgn=3193&pageType=20&ckey=sales+development+representative&sid=-1533604028847699546&jobAge=45&relb=10&brelb=10&scr=15143.551673981572&bscr=15143.551673981572&elckey=7270987743757165891&searchTestGroup=1_2_1&iid=-4268136369072079465,N/A,,Inside Sales Representative,Jooble
Sales Development Representative (SDR) | Remote,Jooble Employer,Bangalore,N/A,https://in.jooble.org/away/-7821360327369266479?p=1&pos=19&rgn=3193&pageType=20&ckey=sales+development+representative&sid=-1533604028847699546&jobAge=7&relb=10&brelb=10&scr=14985.438453635163&bscr=14985.438453635163&elckey=7270987743757165891&searchTestGroup=1_2_1&iid=-8362761439181669104,N/A,,Sales Development Representative (SDR) | Remote,Jooble
Inside Sales Representative,Jooble Employer,Bangalore,N/A,https://in.jooble.org/away/-7348478541163406633?p=1&pos=20&rgn=3193&pageType=20&ckey=sales+development+representative&sid=-1533604028847699546&jobAge=93&relb=10&brelb=10&scr=14812.334157893247&bscr=14812.334157893247&elckey=7270987743757165891&searchTestGroup=1_2_1&iid=5691127424199186242,N/A,,Inside Sales Representative,Jooble
Sales Development Representative Intern — Mid-Market,Jooble Employer,Bangalore,N/A,https://in.jooble.org/away/-4351067913959933864?p=1&pos=21&rgn=3193&pageType=20&ckey=sales+development+representative&sid=-1533604028847699546&jobAge=21&relb=10&brelb=10&scr=14759.302151335443&bscr=14759.302151335443&elckey=7270987743757165891&searchTestGroup=1_2_1&iid=281250064215702747,N/A,,Sales Development Representative Intern — Mid-Market,Jooble
Inside Sales Representative,Jooble Employer,Bangalore,N/A,https://in.jooble.org/away/-8755346789250315859?p=1&pos=22&rgn=3193&pageType=20&ckey=sales+development+representative&sid=-1533604028847699546&jobAge=93&relb=10&brelb=10&scr=14699.913657182793&bscr=14699.913657182793&elckey=7270987743757165891&searchTestGroup=1_2_1&iid=-3717758352563463772,N/A,,Inside Sales Representative,Jooble
Sales Development Representative,Jooble Employer,Bangalore,N/A,https://in.jooble.org/away/6923169622251286947?p=1&pos=23&rgn=3193&pageType=20&ckey=sales+development+representative&sid=-1533604028847699546&jobAge=7&relb=10&brelb=10&scr=14656.07114228189&bscr=14656.07114228189&elckey=7270987743757165891&searchTestGroup=1_2_1&iid=-2112732698487131994,N/A,,Sales Development Representative,Jooble
Inside Sales Specialist,Jooble Employer,Bangalore,N/A,https://in.jooble.org/away/-4041510110435736850?p=1&pos=24&rgn=3193&pageType=20&ckey=sales+development+representative&sid=-1533604028847699546&jobAge=73&relb=10&brelb=10&scr=14193.382689340677&bscr=14193.382689340677&elckey=7270987743757165891&searchTestGroup=1_2_1&iid=4507969952309722365,N/A,,Inside Sales Specialist,Jooble
Inside Sales Specialist,Jooble Employer,Bangalore,N/A,https://in.jooble.org/away/3485273707746771786?p=1&pos=25&rgn=3193&pageType=20&ckey=sales+development+representative&sid=-1533604028847699546&jobAge=97&relb=10&brelb=10&scr=14084.933310768782&bscr=14084.933310768782&elckey=7270987743757165891&searchTestGroup=1_2_1&iid=-6813443819364481519,N/A,,Inside Sales Specialist,Jooble
Sales Executive,Jooble Employer,Bangalore,N/A,https://in.jooble.org/away/-4039703345590264925?p=1&pos=26&rgn=3193&pageType=20&ckey=sales+development+representative&sid=-1533604028847699546&jobAge=97&relb=10&brelb=10&scr=14070.77915616681&bscr=14070.77915616681&elckey=7270987743757165891&searchTestGroup=1_2_1&iid=-6642647076715995482,N/A,,Sales Executive,Jooble
Pre-Sales Executive - Properties & Interior,Jooble Employer,Bangalore,N/A,https://in.jooble.org/away/3244522476353909369?p=1&pos=27&rgn=3193&pageType=20&ckey=sales+development+representative&sid=-1533604028847699546&jobAge=49&relb=10&brelb=10&scr=13734.74878476737&bscr=13734.74878476737&elckey=7270987743757165891&searchTestGroup=1_2_1&iid=-7344168949332327736,N/A,,Pre-Sales Executive - Properties & Interior,Jooble
Sales Development Representative,Jooble Employer,Bangalore,N/A,https://in.jooble.org/desc/-5082059895950766076?ckey=sales+development+representative&rgn=3193&pos=28&elckey=7270987743757165891&pageType=20&p=1&sid=-1533604028847699546&jobAge=405&relb=10&brelb=10&bscr=13529.740030142933&scr=13529.740030142933&searchTestGroup=1_2_1&iid=265541766149062559,N/A,,Sales Development Representative,Jooble
"Senior Sales Development Representative (SDR) - US Market, US Hours (4 positions)",Jooble Employer,Bangalore,N/A,https://in.jooble.org/away/5113995420741966991?p=1&pos=29&rgn=3193&pageType=20&ckey=sales+development+representative&sid=-1533604028847699546&jobAge=7&relb=10&brelb=10&scr=13445.229866080208&bscr=13445.229866080208&elckey=7270987743757165891&searchTestGroup=1_2_1&iid=-1628943442742557590,N/A,,"Senior Sales Development Representative (SDR) - US Market, US Hours (4 positions)",Jooble
Sales Specialist,Jooble Employer,Bangalore,N/A,https://in.jooble.org/away/8275221861178776717?p=1&pos=30&rgn=3193&pageType=20&ckey=sales+development+representative&sid=-1533604028847699546&jobAge=117&relb=10&brelb=10&scr=13435.300988945377&bscr=13435.300988945377&elckey=7270987743757165891&searchTestGroup=1_2_1&iid=7736651653903663364,N/A,,Sales Specialist,Jooble
Sales Development Representative,Jooble Employer,Bangalore,N/A,https://in.jooble.org/desc/4949058464863108019?ckey=sales+development+representative&rgn=3193&pos=31&elckey=7270987743757165891&pageType=20&p=1&sid=-1533604028847699546&jobAge=477&relb=10&brelb=10&bscr=13427.46274387481&scr=13427.46274387481&searchTestGroup=1_2_1&iid=5738234645672253910,N/A,,Sales Development Representative,Jooble
Sales Development Representative,Jooble Employer,Bangalore,N/A,https://in.jooble.org/desc/6334291483910098091?ckey=sales+development+representative&rgn=3193&pos=32&elckey=7270987743757165891&pageType=20&p=1&sid=-1533604028847699546&jobAge=189&relb=10&brelb=10&bscr=13427.46274387481&scr=13427.46274387481&searchTestGroup=1_2_1&iid=-9181053240387463362,N/A,,Sales Development Representative,Jooble
Senior Sales Executive,Jooble Employer,Bangalore,N/A,https://in.jooble.org/away/4870667571455516503?p=1&pos=33&rgn=3193&pageType=20&ckey=sales+development+representative&sid=-1533604028847699546&jobAge=45&relb=10&brelb=10&scr=13420.243165889879&bscr=13420.243165889879&elckey=7270987743757165891&searchTestGroup=1_2_1&iid=6342733777552762050,N/A,,Senior Sales Executive,Jooble
Inside Sales Specialist (US Shift),Jooble Employer,Bangalore,N/A,https://in.jooble.org/away/7948781148203351405?p=1&pos=34&rgn=3193&pageType=20&ckey=sales+development+representative&sid=-1533604028847699546&jobAge=73&relb=10&brelb=10&scr=13236.059886730187&bscr=13236.059886730187&elckey=7270987743757165891&searchTestGroup=1_2_1&iid=4885351102141863780,N/A,,Inside Sales Specialist (US Shift),Jooble
Sales Enablement Specialist,Jooble Employer,Bangalore,N/A,https://in.jooble.org/away/1287116545703603418?p=1&pos=35&rgn=3193&pageType=20&ckey=sales+development+representative&sid=-1533604028847699546&jobAge=21&relb=10&brelb=10&scr=13114.26282910603&bscr=13114.26282910603&elckey=7270987743757165891&searchTestGroup=1_2_1&iid=-8283529239998472767,N/A,,Sales Enablement Specialist,Jooble
Sales Specialist,Jooble Employer,Bangalore,N/A,https://in.jooble.org/away/5522874106403254179?p=1&pos=36&rgn=3193&pageType=20&ckey=sales+development+representative&sid=-1533604028847699546&jobAge=93&relb=10&brelb=10&scr=13092.683368624172&bscr=13092.683368624172&elckey=7270987743757165891&searchTestGroup=1_2_1&iid=7729036867632169638,N/A,,Sales Specialist,Jooble
Pre-Sales Executive-Bengaluru/Gurgaon,Jooble Employer,Bangalore,N/A,https://in.jooble.org/away/3396575137998380846?p=1&pos=37&rgn=3193&pageType=20&ckey=sales+development+representative&sid=-1533604028847699546&jobAge=73&relb=10&brelb=10&scr=13083.247896670253&bscr=13083.247896670253&elckey=7270987743757165891&searchTestGroup=1_2_1&iid=-1744099776204550339,N/A,,Pre-Sales Executive-Bengaluru/Gurgaon,Jooble
Sales Executive Residential Properties,Jooble Employer,Bangalore,N/A,https://in.jooble.org/away/-4464297026384112956?p=1&pos=38&rgn=3193&pageType=20&ckey=sales+development+representative&sid=-1533604028847699546&jobAge=21&relb=10&brelb=10&scr=12816.045215785753&bscr=12816.045215785753&elckey=7270987743757165891&searchTestGroup=1_2_1&iid=130294105203724895,N/A,,Sales Executive Residential Properties,Jooble
Enterprise Sales Development Representative-Americas,Jooble Employer,Bangalore,N/A,https://in.jooble.org/desc/-5690934481237885009?ckey=sales+development+representative&rgn=3193&pos=39&elckey=7270987743757165891&pageType=20&p=1&sid=-1533604028847699546&jobAge=141&relb=10&brelb=10&bscr=12785.46428265863&scr=12785.46428265863&searchTestGroup=1_2_1&iid=-2657562828700743926,N/A,,Enterprise Sales Development Representative-Americas,Jooble
Sales Development Representative,Jooble Employer,Bangalore,N/A,https://in.jooble.org/desc/6050905840609710830?ckey=sales+development+representative&rgn=3193&pos=40&elckey=7270987743757165891&pageType=20&p=1&sid=-1533604028847699546&jobAge=117&relb=10&brelb=10&bscr=12785.46428265863&scr=12785.46428265863&searchTestGroup=1_2_1&iid=5929540727005555965,N/A,,Sales Development Representative,Jooble
Sales Development Representative,Jooble Employer,Bangalore,N/A,https://in.jooble.org/desc/-330667529827416258?ckey=sales+development+representative&rgn=3193&pos=41&elckey=7270987743757165891&pageType=20&p=1&sid=-1533604028847699546&jobAge=179&relb=100&brelb=100&bscr=12770.365914835673&scr=12770.365914835673&searchTestGroup=1_2_1&iid=-29454559860075923,N/A,,Sales Development Representative,Jooble
Sales Development Representative,Jooble Employer,Bangalore,N/A,https://in.jooble.org/desc/-325481896849654646?ckey=sales+development+representative&rgn=3193&pos=42&elckey=7270987743757165891&pageType=20&p=1&sid=-1533604028847699546&jobAge=165&relb=10&brelb=10&bscr=12770.365914835673&scr=12770.365914835673&searchTestGroup=1_2_1&iid=8436676968573771601,N/A,,Sales Development Representative,Jooble
Sales Development Representative,Jooble Employer,Bangalore,N/A,https://in.jooble.org/desc/4202439626644268927?ckey=sales+development+representative&rgn=3193&pos=43&elckey=7270987743757165891&pageType=20&p=1&sid=-1533604028847699546&jobAge=237&relb=10&brelb=10&bscr=12770.365914835673&scr=12770.365914835673&searchTestGroup=1_2_1&iid=8294763415742366714,N/A,,Sales Development Representative,Jooble
Sales Development Representative- EU/US Region,Jooble Employer,Bangalore,N/A,https://in.jooble.org/desc/7811800249790135990?ckey=sales+development+representative&rgn=3193&pos=44&elckey=7270987743757165891&pageType=20&p=1&sid=-1533604028847699546&jobAge=189&relb=10&brelb=10&bscr=12753.283348713534&scr=12753.283348713534&searchTestGroup=1_2_1&iid=4198384085885821781,N/A,,Sales Development Representative- EU/US Region,Jooble
Sales and Business Development Executive,Jooble Employer,Bangalore,N/A,https://in.jooble.org/away/-6341125152249031235?p=1&pos=45&rgn=3193&pageType=20&ckey=sales+development+representative&sid=-1533604028847699546&jobAge=21&relb=10&brelb=10&scr=12750.790020371991&bscr=12750.790020371991&elckey=7270987743757165891&searchTestGroup=1_2_1&iid=-3863911033147313964,N/A,,Sales and Business Development Executive,Jooble
Sales Development Representative - Fresher,Jooble Employer,Bangalore,N/A,https://in.jooble.org/desc/-6407586108951588381?ckey=sales+development+representative&rgn=3193&pos=46&elckey=7270987743757165891&pageType=20&p=1&sid=-1533604028847699546&jobAge=45&relb=100&brelb=100&bscr=12722.50071896736&scr=12722.50071896736&searchTestGroup=1_2_1&iid=2582882114811995110,N/A,,Sales Development Representative - Fresher,Jooble
Sales Development Representative - India,Jooble Employer,Bangalore,N/A,https://in.jooble.org/desc/3540135766126459313?ckey=sales+development+representative&rgn=3193&pos=47&elckey=7270987743757165891&pageType=20&p=1&sid=-1533604028847699546&jobAge=69&relb=10&brelb=10&bscr=12704.804405404917&scr=12704.804405404917&searchTestGroup=1_2_1&iid=7741169829942308976,N/A,,Sales Development Representative - India,Jooble
Sales Development Representative,Jooble Employer,Bangalore,N/A,https://in.jooble.org/desc/1865219961669664006?ckey=sales+development+representative&rgn=3193&pos=48&elckey=7270987743757165891&pageType=20&p=1&sid=-1533604028847699546&jobAge=93&relb=10&brelb=10&bscr=12704.804405404917&scr=12704.804405404917&searchTestGroup=1_2_1&iid=-4211253212356873723,N/A,,Sales Development Representative,Jooble
Sales Development Representative,Jooble Employer,Bangalore,N/A,https://in.jooble.org/desc/-490294942011711512?ckey=sales+development+representative&rgn=3193&pos=49&elckey=7270987743757165891&pageType=20&p=1&sid=-1533604028847699546&jobAge=189&relb=10&brelb=10&bscr=12704.728215276942&scr=12704.728215276942&searchTestGroup=1_2_1&iid=-93410260518620725,N/A,,Sales Development Representative,Jooble
Sales Development Executive - Asia Pacific Region,Jooble Employer,Bangalore,N/A,https://in.jooble.org/away/6250641289757065668?p=1&pos=50&rgn=3193&pageType=20&ckey=sales+development+representative&sid=-1533604028847699546&jobAge=7&relb=10&brelb=10&scr=12609.738659981986&bscr=12609.738659981986&elckey=7270987743757165891&searchTestGroup=1_2_1&iid=-8318859908222767265,N/A,,Sales Development Executive - Asia Pacific Region,Jooble
Sales Development Representative,Jooble Employer,Bangalore,N/A,https://in.jooble.org/desc/1044430759548199834?ckey=sales+development+representative&rgn=3193&pos=51&elckey=7270987743757165891&pageType=20&p=1&sid=-1533604028847699546&jobAge=309&relb=10&brelb=10&bscr=12604.276966587613&scr=12604.276966587613&searchTestGroup=1_2_1&iid=2352722094711998337,N/A,,Sales Development Representative,Jooble
Sales Development Representative,Jooble Employer,Bangalore,N/A,https://in.jooble.org/desc/-6067670483080784495?ckey=sales+development+representative&rgn=3193&pos=52&elckey=7270987743757165891&pageType=20&p=1&sid=-1533604028847699546&jobAge=285&relb=10&brelb=10&bscr=12562.940790904722&scr=12562.940790904722&searchTestGroup=1_2_1&iid=-5538790868657319216,N/A,,Sales Development Representative,Jooble
Sales Development Representative-North America,Jooble Employer,Bangalore,N/A,https://in.jooble.org/desc/-5030248912660965535?ckey=sales+development+representative&rgn=3193&pos=53&elckey=7270987743757165891&pageType=20&p=1&sid=-1533604028847699546&jobAge=285&relb=10&brelb=10&bscr=12545.85822478258&scr=12545.85822478258&searchTestGroup=1_2_1&iid=-4722220461223042816,N/A,,Sales Development Representative-North America,Jooble
Senior Sales Development Representative - APAC,Jooble Employer,Bangalore,N/A,https://in.jooble.org/desc/7942686965254333038?ckey=sales+development+representative&rgn=3193&pos=54&elckey=7270987743757165891&pageType=20&p=1&sid=-1533604028847699546&jobAge=117&relb=10&brelb=10&bscr=12461.379944689403&scr=12461.379944689403&searchTestGroup=1_2_1&iid=3736225035428021117,N/A,,Senior Sales Development Representative - APAC,Jooble
Sales Development Representative-Americas,Jooble Employer,Bangalore,N/A,https://in.jooble.org/desc/7777406444573456910?ckey=sales+development+representative&rgn=3193&pos=55&elckey=7270987743757165891&pageType=20&p=1&sid=-1533604028847699546&jobAge=405&relb=10&brelb=10&bscr=12334.058960992388&scr=12334.058960992388&searchTestGroup=1_2_1&iid=3461082498241969821,N/A,,Sales Development Representative-Americas,Jooble
Sales Development Representative,Jooble Employer,Bangalore,N/A,https://in.jooble.org/desc/-6367324389493349531?ckey=sales+development+representative&rgn=3193&pos=56&elckey=7270987743757165891&pageType=20&p=1&sid=-1533604028847699546&jobAge=405&relb=10&brelb=10&bscr=12242.866586042675&scr=12242.866586042675&searchTestGroup=1_2_1&iid=4129126340762346444,N/A,,Sales Development Representative,Jooble
Sales Development Representative (US),Jooble Employer,Bangalore,N/A,https://in.jooble.org/desc/3468711806424262757?ckey=sales+development+representative&rgn=3193&pos=57&elckey=7270987743757165891&pageType=20&p=1&sid=-1533604028847699546&jobAge=453&relb=10&brelb=10&bscr=12242.866586042675&scr=12242.866586042675&searchTestGroup=1_2_1&iid=3766983672442630860,N/A,,Sales Development Representative (US),Jooble
Sales development Representative -US,Jooble Employer,Bangalore,N/A,https://in.jooble.org/desc/-1305646054787469254?ckey=sales+development+representative&rgn=3193&pos=58&elckey=7270987743757165891&pageType=20&p=1&sid=-1533604028847699546&jobAge=405&relb=10&brelb=10&bscr=12242.866586042675&scr=12242.866586042675&searchTestGroup=1_2_1&iid=8746620905834581665,N/A,,Sales development Representative -US,Jooble
Sales Development Representative (US),Jooble Employer,Bangalore,N/A,https://in.jooble.org/desc/6082977247661701943?ckey=sales+development+representative&rgn=3193&pos=59&elckey=7270987743757165891&pageType=20&p=1&sid=-1533604028847699546&jobAge=405&relb=10&brelb=10&bscr=12242.866586042675&scr=12242.866586042675&searchTestGroup=1_2_1&iid=-8495749295315220702,N/A,,Sales Development Representative (US),Jooble
Sales Development Representative,Jooble Employer,Bangalore,N/A,https://in.jooble.org/desc/-713854353583148520?ckey=sales+development+representative&rgn=3193&pos=60&elckey=7270987743757165891&pageType=20&p=1&sid=-1533604028847699546&jobAge=621&relb=10&brelb=10&bscr=12220.336066469397&scr=12220.336066469397&searchTestGroup=1_2_1&iid=3705665708572370843,N/A,,Sales Development Representative,Jooble
Sales Development Representative,Jooble Employer,Bangalore,N/A,https://in.jooble.org/desc/-7575390224849265849?ckey=sales+development+representative&rgn=3193&pos=61&elckey=7270987743757165891&pageType=20&p=1&sid=-1533604028847699546&jobAge=645&relb=100&brelb=100&bscr=12204.30708926814&scr=12204.30708926814&searchTestGroup=1_2_1&iid=8101422226780411282,N/A,,Sales Development Representative,Jooble
Enterprise Sales Development Representative - US,Jooble Employer,Bangalore,N/A,https://in.jooble.org/desc/5586824203992306259?ckey=sales+development+representative&rgn=3193&pos=62&elckey=7270987743757165891&pageType=20&p=1&sid=-1533604028847699546&jobAge=357&relb=10&brelb=10&bscr=12175.053522503154&scr=12175.053522503154&searchTestGroup=1_2_1&iid=2548183676466286326,N/A,,Enterprise Sales Development Representative - US,Jooble
Sales Development Representative,Jooble Employer,Bangalore,N/A,https://in.jooble.org/desc/-5226326301798393903?ckey=sales+development+representative&rgn=3193&pos=63&elckey=7270987743757165891&pageType=20&p=1&sid=-1533604028847699546&jobAge=381&relb=10&brelb=10&bscr=12140.58929977455&scr=12140.58929977455&searchTestGroup=1_2_1&iid=4505830666759375888,N/A,,Sales Development Representative,Jooble
Sales Development Representative,Jooble Employer,Bangalore,N/A,https://in.jooble.org/desc/-7655032777440109991?ckey=sales+development+representative&rgn=3193&pos=64&elckey=7270987743757165891&pageType=20&p=1&sid=-1533604028847699546&jobAge=189&relb=10&brelb=10&bscr=12140.58929977455&scr=12140.58929977455&searchTestGroup=1_2_1&iid=7873824802006466856,N/A,,Sales Development Representative,Jooble
Sales Development Representative,Jooble Employer,Bangalore,N/A,https://in.jooble.org/desc/-8826804150268465573?ckey=sales+development+representative&rgn=3193&pos=65&elckey=7270987743757165891&pageType=20&p=1&sid=-1533604028847699546&jobAge=7317&relb=100&brelb=100&bscr=12140.58929977455&scr=12140.58929977455&searchTestGroup=1_2_1&iid=-8687729523965433714,N/A,,Sales Development Representative,Jooble
Sales Development Representative,Jooble Employer,Bangalore,N/A,https://in.jooble.org/desc/-6797672398493989036?ckey=sales+development+representative&rgn=3193&pos=66&elckey=7270987743757165891&pageType=20&p=1&sid=-1533604028847699546&jobAge=189&relb=10&brelb=10&bscr=12140.58929977455&scr=12140.58929977455&searchTestGroup=1_2_1&iid=-7402419035147941105,N/A,,Sales Development Representative,Jooble
Sales Development Representative,Jooble Employer,Bangalore,N/A,https://in.jooble.org/desc/9070276752617301155?ckey=sales+development+representative&rgn=3193&pos=67&elckey=7270987743757165891&pageType=20&p=1&sid=-1533604028847699546&jobAge=189&relb=10&brelb=10&bscr=12140.58929977455&scr=12140.58929977455&searchTestGroup=1_2_1&iid=2836827969295876518,N/A,,Sales Development Representative,Jooble
Sales Development Representative - India,Jooble Employer,Bangalore,N/A,https://in.jooble.org/desc/-5359652136153032978?ckey=sales+development+representative&rgn=3193&pos=68&elckey=7270987743757165891&pageType=20&p=1&sid=-1533604028847699546&jobAge=189&relb=10&brelb=10&bscr=12140.58929977455&scr=12140.58929977455&searchTestGroup=1_2_1&iid=-6743932648337415939,N/A,,Sales Development Representative - India,Jooble
Sales Development Representative,Jooble Employer,Bangalore,N/A,https://in.jooble.org/desc/5486802834581834772?ckey=sales+development+representative&rgn=3193&pos=69&elckey=7270987743757165891&pageType=20&p=1&sid=-1533604028847699546&jobAge=189&relb=10&brelb=10&bscr=12140.58929977455&scr=12140.58929977455&searchTestGroup=1_2_1&iid=-4499733024941275441,N/A,,Sales Development Representative,Jooble
Sales Development Representative,Jooble Employer,Bangalore,N/A,https://in.jooble.org/desc/-4249275346077020446?ckey=sales+development+representative&rgn=3193&pos=70&elckey=7270987743757165891&pageType=20&p=1&sid=-1533604028847699546&jobAge=861&relb=10&brelb=10&bscr=12140.58929977455&scr=12140.58929977455&searchTestGroup=1_2_1&iid=-8546659818365991783,N/A,,Sales Development Representative,Jooble
Sales Development Representative,Jooble Employer,Bangalore,N/A,https://in.jooble.org/desc/8200905005837524733?ckey=sales+development+representative&rgn=3193&pos=71&elckey=7270987743757165891&pageType=20&p=1&sid=-1533604028847699546&jobAge=189&relb=10&brelb=10&bscr=12140.58929977455&scr=12140.58929977455&searchTestGroup=1_2_1&iid=-173099061511315692,N/A,,Sales Development Representative,Jooble
Sales Development Representative,Jooble Employer,Bangalore,N/A,https://in.jooble.org/desc/5626365989210026438?ckey=sales+development+representative&rgn=3193&pos=72&elckey=7270987743757165891&pageType=20&p=1&sid=-1533604028847699546&jobAge=189&relb=10&brelb=10&bscr=12140.58929977455&scr=12140.58929977455&searchTestGroup=1_2_1&iid=2577850238679024325,N/A,,Sales Development Representative,Jooble
Sales Development Representative,Jooble Employer,Bangalore,N/A,https://in.jooble.org/desc/2574540678390641598?ckey=sales+development+representative&rgn=3193&pos=73&elckey=7270987743757165891&pageType=20&p=1&sid=-1533604028847699546&jobAge=525&relb=10&brelb=10&bscr=12140.58929977455&scr=12140.58929977455&searchTestGroup=1_2_1&iid=-7887276319763937299,N/A,,Sales Development Representative,Jooble
Sales Development Representative (SDR),Jooble Employer,Bangalore,N/A,https://in.jooble.org/desc/8815076758595735744?ckey=sales+development+representative&rgn=3193&pos=74&elckey=7270987743757165891&pageType=20&p=1&sid=-1533604028847699546&jobAge=189&relb=10&brelb=10&bscr=12140.58929977455&scr=12140.58929977455&searchTestGroup=1_2_1&iid=7727417337101591955,N/A,,Sales Development Representative (SDR),Jooble
Sales Development Representative,Jooble Employer,Bangalore,N/A,https://in.jooble.org/desc/639357197792742743?ckey=sales+development+representative&rgn=3193&pos=75&elckey=7270987743757165891&pageType=20&p=1&sid=-1533604028847699546&jobAge=693&relb=10&brelb=10&bscr=12140.58929977455&scr=12140.58929977455&searchTestGroup=1_2_1&iid=5895526963112840898,N/A,,Sales Development Representative,Jooble
Sales Development Representative (Inbound),Jooble Employer,Bangalore,N/A,https://in.jooble.org/desc/-1110056432466309467?ckey=sales+development+representative&rgn=3193&pos=76&elckey=7270987743757165891&pageType=20&p=1&sid=-1533604028847699546&jobAge=693&relb=10&brelb=10&bscr=12140.58929977455&scr=12140.58929977455&searchTestGroup=1_2_1&iid=-5607848715953245428,N/A,,Sales Development Representative (Inbound),Jooble
Sales Development Representative,Jooble Employer,Bangalore,N/A,https://in.jooble.org/desc/-3149818794976250682?ckey=sales+development+representative&rgn=3193&pos=77&elckey=7270987743757165891&pageType=20&p=1&sid=-1533604028847699546&jobAge=429&relb=10&brelb=10&bscr=12140.58929977455&scr=12140.58929977455&searchTestGroup=1_2_1&iid=561893639636878277,N/A,,Sales Development Representative,Jooble
Sales Development Representative,Jooble Employer,Bangalore,N/A,https://in.jooble.org/desc/-3266446009351807828?ckey=sales+development+representative&rgn=3193&pos=78&elckey=7270987743757165891&pageType=20&p=1&sid=-1533604028847699546&jobAge=1349&relb=110&brelb=110&bscr=12140.58929977455&scr=12140.58929977455&searchTestGroup=1_2_1&iid=-7339096151943132073,N/A,,Sales Development Representative,Jooble
Sales Development Representative,Jooble Employer,Bangalore,N/A,https://in.jooble.org/desc/-3015800737162749050?ckey=sales+development+representative&rgn=3193&pos=79&elckey=7270987743757165891&pageType=20&p=1&sid=-1533604028847699546&jobAge=189&relb=10&brelb=10&bscr=12140.58929977455&scr=12140.58929977455&searchTestGroup=1_2_1&iid=-6495373583951356539,N/A,,Sales Development Representative,Jooble
Sales Development Representative,Jooble Employer,Bangalore,N/A,https://in.jooble.org/desc/5020497840506610442?ckey=sales+development+representative&rgn=3193&pos=80&elckey=7270987743757165891&pageType=20&p=1&sid=-1533604028847699546&jobAge=861&relb=10&brelb=10&bscr=12140.58929977455&scr=12140.58929977455&searchTestGroup=1_2_1&iid=4183341748076090065,N/A,,Sales Development Representative,Jooble
Sales Development Representative,Jooble Employer,Bangalore,N/A,https://in.jooble.org/desc/5931390448622044509?ckey=sales+development+representative&rgn=3193&pos=81&elckey=7270987743757165891&pageType=20&p=1&sid=-1533604028847699546&jobAge=837&relb=10&brelb=10&bscr=12140.58929977455&scr=12140.58929977455&searchTestGroup=1_2_1&iid=-2710406400527159052,N/A,,Sales Development Representative,Jooble
Sales Development Representative,Jooble Employer,Bangalore,N/A,https://in.jooble.org/desc/-8924244594322632137?ckey=sales+development+representative&rgn=3193&pos=82&elckey=7270987743757165891&pageType=20&p=1&sid=-1533604028847699546&jobAge=861&relb=10&brelb=10&bscr=12140.58929977455&scr=12140.58929977455&searchTestGroup=1_2_1&iid=47238558621502498,N/A,,Sales Development Representative,Jooble
Sales Development Representative- SAAS,Jooble Employer,Bangalore,N/A,https://in.jooble.org/desc/-4944802312711871611?ckey=sales+development+representative&rgn=3193&pos=83&elckey=7270987743757165891&pageType=20&p=1&sid=-1533604028847699546&jobAge=501&relb=10&brelb=10&bscr=12140.58929977455&scr=12140.58929977455&searchTestGroup=1_2_1&iid=6582481242822582380,N/A,,Sales Development Representative- SAAS,Jooble
Sales Development Representative (SDR),Jooble Employer,Bangalore,N/A,https://in.jooble.org/desc/342479869791060331?ckey=sales+development+representative&rgn=3193&pos=84&elckey=7270987743757165891&pageType=20&p=1&sid=-1533604028847699546&jobAge=405&relb=10&brelb=10&bscr=12126.633837061436&scr=12126.633837061436&searchTestGroup=1_2_1&iid=4138106699438778366,N/A,,Sales Development Representative (SDR),Jooble
Sales Development Representative - Fresher - Fresher,Jooble Employer,Bangalore,N/A,https://in.jooble.org/desc/4115413226540301129?ckey=sales+development+representative&rgn=3193&pos=86&elckey=7270987743757165891&pageType=20&p=1&sid=-1533604028847699546&jobAge=45&relb=100&brelb=100&bscr=12009.528577037838&scr=12009.528577037838&searchTestGroup=1_2_1&iid=-4929768548805740296,N/A,,Sales Development Representative - Fresher - Fresher,Jooble
Sales Development Representative (SDR),Jooble Employer,Bangalore,N/A,https://in.jooble.org/desc/9056796595559237661?ckey=sales+development+representative&rgn=3193&pos=87&elckey=7270987743757165891&pageType=20&p=1&sid=-1533604028847699546&jobAge=189&relb=10&brelb=10&bscr=11957.20683485274&scr=11957.20683485274&searchTestGroup=1_2_1&iid=-4415353315918242124,N/A,,Sales Development Representative (SDR),Jooble
Sales Development Representative,Jooble Employer,Bangalore,N/A,https://in.jooble.org/desc/2170103247065384750?ckey=sales+development+representative&rgn=3193&pos=88&elckey=7270987743757165891&pageType=20&p=1&sid=-1533604028847699546&jobAge=1173&relb=10&brelb=10&bscr=11957.20683485274&scr=11957.20683485274&searchTestGroup=1_2_1&iid=7908943615680821053,N/A,,Sales Development Representative,Jooble
Sales Development Representative,Jooble Employer,Bangalore,N/A,https://in.jooble.org/desc/2179239018087341569?ckey=sales+development+representative&rgn=3193&pos=89&elckey=7270987743757165891&pageType=20&p=1&sid=-1533604028847699546&jobAge=845&relb=100&brelb=100&bscr=11957.20683485274&scr=11957.20683485274&searchTestGroup=1_2_1&iid=2695826046322833696,N/A,,Sales Development Representative,Jooble
Sales Development Representative,Jooble Employer,Bangalore,N/A,https://in.jooble.org/desc/6429437747780037587?ckey=sales+development+representative&rgn=3193&pos=90&elckey=7270987743757165891&pageType=20&p=1&sid=-1533604028847699546&jobAge=189&relb=10&brelb=10&bscr=11957.20683485274&scr=11957.20683485274&searchTestGroup=1_2_1&iid=-6871786163334450314,N/A,,Sales Development Representative,Jooble
Sales Development Representative,Jooble Employer,Bangalore,N/A,https://in.jooble.org/desc/-7459027308112254387?ckey=sales+development+representative&rgn=3193&pos=91&elckey=7270987743757165891&pageType=20&p=1&sid=-1533604028847699546&jobAge=477&relb=10&brelb=10&bscr=11957.20683485274&scr=11957.20683485274&searchTestGroup=1_2_1&iid=1775298196511300804,N/A,,Sales Development Representative,Jooble
Sales Development Representative,Jooble Employer,Bangalore,N/A,https://in.jooble.org/desc/1126044418826199386?ckey=sales+development+representative&rgn=3193&pos=92&elckey=7270987743757165891&pageType=20&p=1&sid=-1533604028847699546&jobAge=765&relb=10&brelb=10&bscr=11957.20683485274&scr=11957.20683485274&searchTestGroup=1_2_1&iid=6162170075410930497,N/A,,Sales Development Representative,Jooble
Sales Development Representative,Jooble Employer,Bangalore,N/A,https://in.jooble.org/desc/-2256368837948231686?ckey=sales+development+representative&rgn=3193&pos=93&elckey=7270987743757165891&pageType=20&p=1&sid=-1533604028847699546&jobAge=693&relb=10&brelb=10&bscr=11957.20683485274&scr=11957.20683485274&searchTestGroup=1_2_1&iid=-6337451417123717023,N/A,,Sales Development Representative,Jooble
Sales Development Representative,Jooble Employer,Bangalore,N/A,https://in.jooble.org/desc/-7024210081529933409?ckey=sales+development+representative&rgn=3193&pos=94&elckey=7270987743757165891&pageType=20&p=1&sid=-1533604028847699546&jobAge=357&relb=10&brelb=10&bscr=11957.20683485274&scr=11957.20683485274&searchTestGroup=1_2_1&iid=5948505892466964122,N/A,,Sales Development Representative,Jooble
Sales Development Representative,Jooble Employer,Bangalore,N/A,https://in.jooble.org/desc/7602037627401249773?ckey=sales+development+representative&rgn=3193&pos=95&elckey=7270987743757165891&pageType=20&p=1&sid=-1533604028847699546&jobAge=189&relb=10&brelb=10&bscr=11957.20683485274&scr=11957.20683485274&searchTestGroup=1_2_1&iid=1629208103452265188,N/A,,Sales Development Representative,Jooble
Sales Development Representative (SDR),Jooble Employer,Bangalore,N/A,https://in.jooble.org/desc/653044180708116631?ckey=sales+development+representative&rgn=3193&pos=96&elckey=7270987743757165891&pageType=20&p=1&sid=-1533604028847699546&jobAge=357&relb=10&brelb=10&bscr=11957.20683485274&scr=11957.20683485274&searchTestGroup=1_2_1&iid=-4439748510689481214,N/A,,Sales Development Representative (SDR),Jooble
Sales Development Representative (US Shift),Jooble Employer,Bangalore,N/A,https://in.jooble.org/desc/-6761186782510291648?ckey=sales+development+representative&rgn=3193&pos=97&elckey=7270987743757165891&pageType=20&p=1&sid=-1533604028847699546&jobAge=93&relb=10&brelb=10&bscr=11921.768923976704&scr=11921.768923976704&searchTestGroup=1_2_1&iid=3844196083037381395,N/A,,Sales Development Representative (US Shift),Jooble
Sales Development Representative - Fresher,Jooble Employer,Bangalore,N/A,https://in.jooble.org/desc/-3968192145020846684?ckey=sales+development+representative&rgn=3193&pos=98&elckey=7270987743757165891&pageType=20&p=1&sid=-1533604028847699546&jobAge=2061&relb=100&brelb=100&bscr=11840.547620814463&scr=11840.547620814463&searchTestGroup=1_2_1&iid=-1615620044203109953,N/A,,Sales Development Representative - Fresher,Jooble
"Senior Sales Development Representative, India",Jooble Employer,Bangalore,N/A,https://in.jooble.org/desc/2741937884066052721?ckey=sales+development+representative&rgn=3193&pos=99&elckey=7270987743757165891&pageType=20&p=1&sid=-1533604028847699546&jobAge=11&relb=100&brelb=100&bscr=11840.547620814463&scr=11840.547620814463&searchTestGroup=1_2_1&iid=-3429212157088817872,N/A,,"Senior Sales Development Representative, India",Jooble
Sales Development Representative (SDR) | B2B SaaS,Jooble Employer,Bangalore,N/A,https://in.jooble.org/desc/-6843629312025279287?ckey=sales+development+representative&rgn=3193&pos=100&elckey=7270987743757165891&pageType=20&p=1&sid=-1533604028847699546&jobAge=189&relb=10&brelb=10&bscr=11840.547620814463&scr=11840.547620814463&searchTestGroup=1_2_1&iid=2763944140684981624,N/A,,Sales Development Representative (SDR) | B2B SaaS,Jooble
Sales Development Representative,YuJa Inc.,London,2026-09-03,https://www.reed.co.uk/jobs/sales-development-representative/57308162?source=searchResults&q=sales%20development%20representative&filter=%2Fjobs%2Fsales-development-representative-jobs-in-bangalore-street-sw15%3Fq%3Dsales%2Bdevelopment%2Brepresentative%26locationId%3D4572795,https://www.yuja.com,,"Salary: £55,000 - £60,000 per annum, OTE | Type: Permanent, full-time, On-site | Badges: Promoted",Reed.co.uk
Sales Development Representative,H2 International Ltd T/A GTM People,London,2026-09-09,https://www.reed.co.uk/jobs/sales-development-representative/57327656?source=searchResults&q=sales%20development%20representative&filter=%2Fjobs%2Fsales-development-representative-jobs-in-bangalore-street-sw15%3Fq%3Dsales%2Bdevelopment%2Brepresentative%26locationId%3D4572795,N/A,,"Salary: £40,000 - £50,000 per annum | Type: Permanent, full-time, On-site | Badges: Easy Apply",Reed.co.uk
Sales Development Representative,Office Angels,"Sutton, Surrey",2026-08-27,https://www.reed.co.uk/jobs/sales-development-representative/57282880?source=searchResults&q=sales%20development%20representative&filter=%2Fjobs%2Fsales-development-representative-jobs-in-bangalore-street-sw15%3Fq%3Dsales%2Bdevelopment%2Brepresentative%26locationId%3D4572795,https://www.officeangels.com,,"Salary: Salary negotiable | Type: Permanent, full-time, On-site | Badges: Easy Apply",Reed.co.uk
Sales Development Representative,Nextech,London,2026-09-02,https://www.reed.co.uk/jobs/sales-development-representative/57300867?source=searchResults&q=sales%20development%20representative&filter=%2Fjobs%2Fsales-development-representative-jobs-in-bangalore-street-sw15%3Fq%3Dsales%2Bdevelopment%2Brepresentative%26locationId%3D4572795,https://www.nextech.com,,"Salary: £40,000 - £50,000 per annum | Type: Permanent, full-time, On-site | Badges: Featured, Easy Apply",Reed.co.uk
Sales Development Representative,Handle Recruitment,"South West London, London",2026-09-11,https://www.reed.co.uk/jobs/sales-development-representative/57342235?source=searchResults&q=sales%20development%20representative&filter=%2Fjobs%2Fsales-development-representative-jobs-in-bangalore-street-sw15%3Fq%3Dsales%2Bdevelopment%2Brepresentative%26locationId%3D4572795,N/A,,"Salary: £28,000 - £29,000 per annum | Type: Permanent, full-time, On-site | Badges: Featured, New, Easy Apply",Reed.co.uk
Sales Development Representative,ITA,London,2026-09-01,https://www.reed.co.uk/jobs/sales-development-representative/57298995?source=searchResults&q=sales%20development%20representative&filter=%2Fjobs%2Fsales-development-representative-jobs-in-bangalore-street-sw15%3Fq%3Dsales%2Bdevelopment%2Brepresentative%26locationId%3D4572795,https://www.ita.com,,"Salary: £39,000 - £40,000 per annum | Type: Permanent, full-time, On-site | Badges: Easy Apply",Reed.co.uk
Sales Development Representative,CN Sales Recruitment,London,2026-09-11,https://www.reed.co.uk/jobs/sales-development-representative/57315649?source=searchResults&q=sales%20development%20representative&filter=%2Fjobs%2Fsales-development-representative-jobs-in-bangalore-street-sw15%3Fq%3Dsales%2Bdevelopment%2Brepresentative%26locationId%3D4572795,https://www.cnsalesrecruitment.com,,"Salary: £40,000 - £42,000 per annum | Type: Permanent, full-time, Hybrid | Badges: Easy Apply",Reed.co.uk
Sales Development Representative - Construction,Aaron Wallis Sales Recruitment,London,2026-09-01,https://www.reed.co.uk/jobs/sales-development-representative-construction/57296043?source=searchResults&q=sales%20development%20representative&filter=%2Fjobs%2Fsales-development-representative-jobs-in-bangalore-street-sw15%3Fq%3Dsales%2Bdevelopment%2Brepresentative%26locationId%3D4572795,N/A,,"Salary: £30,000 - £35,000 per annum, inc benefits | Type: Permanent, full-time, On-site | Badges: Featured, Easy Apply",Reed.co.uk
Sales Development Representative - Construction,Aaron Wallis Sales Recruitment,London,2026-09-05,https://www.reed.co.uk/jobs/sales-development-representative-construction/57322977?source=searchResults&q=sales%20development%20representative&filter=%2Fjobs%2Fsales-development-representative-jobs-in-bangalore-street-sw15%3Fq%3Dsales%2Bdevelopment%2Brepresentative%26locationId%3D4572795,N/A,,"Salary: £30,000 - £35,000 per annum, inc benefits | Type: Permanent, full-time, On-site | Badges: Featured, Easy Apply",Reed.co.uk
Sales Development Representative (SDR),Sphere Digital Recruitment,London,2026-08-19,https://www.reed.co.uk/jobs/sales-development-representative-sdr/57102474?source=searchResults&q=sales%20development%20representative&filter=%2Fjobs%2Fsales-development-representative-jobs-in-bangalore-street-sw15%3Fq%3Dsales%2Bdevelopment%2Brepresentative%26locationId%3D4572795,https://www.spheredigitalrecruitment.com,,"Salary: £35,000 - £40,000 per annum | Type: Permanent, full-time, Hybrid | Badges: Easy Apply",Reed.co.uk
Sales Development Representative - Fintech,Celsius Graduate Recruitment Limited,"East London, London",2026-08-17,https://www.reed.co.uk/jobs/sales-development-representative-fintech/57245386?source=searchResults&q=sales%20development%20representative&filter=%2Fjobs%2Fsales-development-representative-jobs-in-bangalore-street-sw15%3Fq%3Dsales%2Bdevelopment%2Brepresentative%26locationId%3D4572795,N/A,,"Salary: £28,000 - £50,000 per annum, OTE | Type: Permanent, full-time, On-site | Badges: Easy Apply",Reed.co.uk
Graduate Sales Development Representative,Celsius Graduate Recruitment Limited,London,2026-08-17,https://www.reed.co.uk/jobs/graduate-sales-development-representative/57245394?source=searchResults&q=sales%20development%20representative&filter=%2Fjobs%2Fsales-development-representative-jobs-in-bangalore-street-sw15%3Fq%3Dsales%2Bdevelopment%2Brepresentative%26locationId%3D4572795,N/A,,"Salary: £35,000 - £40,000 per annum | Type: Permanent, full-time, On-site",Reed.co.uk
Sales Development Representative (SDR) - Spanish Speaking,Euro London,London,2026-08-14,https://www.reed.co.uk/jobs/sales-development-representative-sdr-spanish-speaking/57234248?source=searchResults&q=sales%20development%20representative&filter=%2Fjobs%2Fsales-development-representative-jobs-in-bangalore-street-sw15%3Fq%3Dsales%2Bdevelopment%2Brepresentative%26locationId%3D4572795,https://www.eurolondon.com,,"Salary: £45,000 - £50,000 per annum | Type: Permanent, full-time, Remote | Badges: Featured, Easy Apply",Reed.co.uk
Sales Development Representative - German Speaker,Pareto,London,2026-08-04,https://www.reed.co.uk/jobs/sales-development-representative-german-speaker/57196692?source=searchResults&q=sales%20development%20representative&filter=%2Fjobs%2Fsales-development-representative-jobs-in-bangalore-street-sw15%3Fq%3Dsales%2Bdevelopment%2Brepresentative%26locationId%3D4572795,https://www.pareto.in,,"Salary: £35,000 per annum | Type: Permanent, full-time, Hybrid | Badges: Ending soon, Easy Apply",Reed.co.uk
SDR - Sales Development Representative - Ai - Fintech -HYBRID - Banking / Cannon Street,Hawke Search,London,2026-08-08,https://www.reed.co.uk/jobs/sdr-sales-development-representative-ai-fintech-hybrid-banking-cannon-street/57213141?source=searchResults&q=sales%20development%20representative&filter=%2Fjobs%2Fsales-development-representative-jobs-in-bangalore-street-sw15%3Fq%3Dsales%2Bdevelopment%2Brepresentative%26locationId%3D4572795,https://www.hawkesearch.com,,"Salary: £40,000 - £45,000 per annum | Type: Permanent, full-time, On-site | Badges: Featured, Easy Apply",Reed.co.uk
Business Development Representative,FLATPAY APS,London,2026-08-17,https://www.reed.co.uk/jobs/business-development-representative/57246159?source=searchResults&q=sales%20development%20representative&filter=%2Fjobs%2Fsales-development-representative-jobs-in-bangalore-street-sw15%3Fq%3Dsales%2Bdevelopment%2Brepresentative%26locationId%3D4572795,N/A,,"Salary: Competitive salary | Type: Permanent, full-time, On-site | Badges: Featured",Reed.co.uk
Field Sales Representative (Red Bull QSR) - East London,Acosta Europe,London,2026-09-04,https://www.reed.co.uk/jobs/field-sales-representative-red-bull-qsr-east-london/57309658?source=searchResults&q=sales%20development%20representative&filter=%2Fjobs%2Fsales-development-representative-jobs-in-bangalore-street-sw15%3Fq%3Dsales%2Bdevelopment%2Brepresentative%26locationId%3D4572795,https://www.acostaeurope.com,,"Salary: £28,796 per annum | Type: Permanent, full-time, On-site | Badges: Featured, EarlyBirdEarly bird",Reed.co.uk
Territory Representative,Howdens Joinery,"Battersea, London",2026-09-09,https://www.reed.co.uk/jobs/territory-representative/57327766?source=searchResults&q=sales%20development%20representative&filter=%2Fjobs%2Fsales-development-representative-jobs-in-bangalore-street-sw15%3Fq%3Dsales%2Bdevelopment%2Brepresentative%26locationId%3D4572795,N/A,,"Salary: Competitive salary | Type: Permanent, full-time, On-site | Badges: Featured, EarlyBirdEarly bird",Reed.co.uk
Territory Representative,Howdens Joinery,London,2026-09-07,https://www.reed.co.uk/jobs/territory-representative/57278128?source=searchResults&q=sales%20development%20representative&filter=%2Fjobs%2Fsales-development-representative-jobs-in-bangalore-street-sw15%3Fq%3Dsales%2Bdevelopment%2Brepresentative%26locationId%3D4572795,N/A,,"Salary: Competitive salary | Type: Permanent, full-time, On-site | Badges: Featured, EarlyBirdEarly bird",Reed.co.uk
Buainess Development Representative,ABR Associates Ltd,London,2026-08-18,https://www.reed.co.uk/jobs/buainess-development-representative/56616535?source=searchResults&q=sales%20development%20representative&filter=%2Fjobs%2Fsales-development-representative-jobs-in-bangalore-street-sw15%3Fq%3Dsales%2Bdevelopment%2Brepresentative%26locationId%3D4572795,N/A,,"Salary: £35,000 - £45,000 per annum | Type: Permanent, full-time, Hybrid | Badges: Featured",Reed.co.uk
Sales Development Rep,Pareto,London,N/A,https://www.reed.co.uk/jobs/sales-development-rep/57350100?source=searchResults&q=sales%20development%20representative&filter=%2Fjobs%2Fsales-development-representative-jobs-in-bangalore-street-sw15%3Fq%3Dsales%2Bdevelopment%2Brepresentative%26locationId%3D4572795,https://www.pareto.in,,"Salary: £21,000 - £30,000 per annum | Type: Permanent, full-time | Badges: New, Easy Apply",Reed.co.uk
Sales Development Rep,Pareto,London,2026-09-07,https://www.reed.co.uk/jobs/sales-development-rep/57317302?source=searchResults&q=sales%20development%20representative&filter=%2Fjobs%2Fsales-development-representative-jobs-in-bangalore-street-sw15%3Fq%3Dsales%2Bdevelopment%2Brepresentative%26locationId%3D4572795,https://www.pareto.in,,"Salary: £21,000 - £30,000 per annum | Type: Permanent, full-time, Hybrid | Badges: Easy Apply",Reed.co.uk
Sales Development Rep,Pareto,London,2026-09-02,https://www.reed.co.uk/jobs/sales-development-rep/57303616?source=searchResults&q=sales%20development%20representative&filter=%2Fjobs%2Fsales-development-representative-jobs-in-bangalore-street-sw15%3Fq%3Dsales%2Bdevelopment%2Brepresentative%26locationId%3D4572795,https://www.pareto.in,,"Salary: £21,000 - £30,000 per annum | Type: Permanent, full-time, Hybrid | Badges: Easy Apply",Reed.co.uk
Sales Development Rep,Pareto,London,2026-08-26,https://www.reed.co.uk/jobs/sales-development-rep/57280674?source=searchResults&q=sales%20development%20representative&filter=%2Fjobs%2Fsales-development-representative-jobs-in-bangalore-street-sw15%3Fq%3Dsales%2Bdevelopment%2Brepresentative%26locationId%3D4572795,https://www.pareto.in,,"Salary: £30,000 per annum | Type: Permanent, full-time, Hybrid | Badges: Easy Apply",Reed.co.uk
Sales Development Rep,Pareto,London,2026-09-07,https://www.reed.co.uk/jobs/sales-development-rep/57333837?source=searchResults&q=sales%20development%20representative&filter=%2Fjobs%2Fsales-development-representative-jobs-in-bangalore-street-sw15%3Fq%3Dsales%2Bdevelopment%2Brepresentative%26locationId%3D4572795,https://www.pareto.in,,"Salary: £32,092 per annum | Type: Permanent, full-time, Hybrid | Badges: Easy Apply",Reed.co.uk
Sales Development Representative,YuJa Inc.,London,2026-09-03,https://www.reed.co.uk/jobs/sales-development-representative/57308162?source=searchResults&q=sales%20development%20representative&filter=%2Fjobs%2Fsales-development-representative-jobs-in-bangalore-street-sw15%3Fq%3Dsales%2Bdevelopment%2Brepresentative%26pageno%3D2%26locationId%3D4572795,https://www.yuja.com,,"Salary: £55,000 - £60,000 per annum, OTE | Type: Permanent, full-time, On-site | Badges: Promoted",Reed.co.uk
Sales Development Rep,Pareto,London,2026-09-07,https://www.reed.co.uk/jobs/sales-development-rep/57316908?source=searchResults&q=sales%20development%20representative&filter=%2Fjobs%2Fsales-development-representative-jobs-in-bangalore-street-sw15%3Fq%3Dsales%2Bdevelopment%2Brepresentative%26pageno%3D2%26locationId%3D4572795,https://www.pareto.in,,"Salary: £30,000 per annum | Type: Permanent, full-time, Hybrid | Badges: Easy Apply",Reed.co.uk
Sales Development Rep,Pareto,London,2026-09-07,https://www.reed.co.uk/jobs/sales-development-rep/57333837?source=searchResults&q=sales%20development%20representative&filter=%2Fjobs%2Fsales-development-representative-jobs-in-bangalore-street-sw15%3Fq%3Dsales%2Bdevelopment%2Brepresentative%26pageno%3D2%26locationId%3D4572795,https://www.pareto.in,,"Salary: £32,092 per annum | Type: Permanent, full-time, Hybrid | Badges: Easy Apply",Reed.co.uk
Sales Development Rep,Pareto,London,2026-08-26,https://www.reed.co.uk/jobs/sales-development-rep/57280827?source=searchResults&q=sales%20development%20representative&filter=%2Fjobs%2Fsales-development-representative-jobs-in-bangalore-street-sw15%3Fq%3Dsales%2Bdevelopment%2Brepresentative%26pageno%3D2%26locationId%3D4572795,https://www.pareto.in,,"Salary: £21,000 - £30,000 per annum | Type: Permanent, full-time, Hybrid | Badges: Easy Apply",Reed.co.uk
Field Sales Representative — South West London & Surrey,FLATPAY APS,"Kingston Upon Thames, Surrey",2026-08-21,https://www.reed.co.uk/jobs/field-sales-representative--south-west-london-surrey/57263239?source=searchResults&q=sales%20development%20representative&filter=%2Fjobs%2Fsales-development-representative-jobs-in-bangalore-street-sw15%3Fq%3Dsales%2Bdevelopment%2Brepresentative%26pageno%3D2%26locationId%3D4572795,N/A,,"Salary: Competitive salary | Type: Permanent, full-time, Remote | Badges: Featured",Reed.co.uk
Sales Executive,Dacha Real Estate,United Kingdom,2026-08-10,https://www.reed.co.uk/jobs/sales-executive/57215155?source=searchResults&q=sales%20development%20representative&filter=%2Fjobs%2Fsales-development-representative-jobs-in-bangalore-street-sw15%3Fq%3Dsales%2Bdevelopment%2Brepresentative%26pageno%3D2%26locationId%3D4572795,N/A,,"Salary: Commission only | Type: Permanent, full-time, On-site | Badges: Featured",Reed.co.uk
Commission-Based Sales Agent / Independent Sales Representative,MSS Watch Company,London,2026-09-01,https://www.reed.co.uk/jobs/commission-based-sales-agent-independent-sales-representative/57298608?source=searchResults&q=sales%20development%20representative&filter=%2Fjobs%2Fsales-development-representative-jobs-in-bangalore-street-sw15%3Fq%3Dsales%2Bdevelopment%2Brepresentative%26pageno%3D2%26locationId%3D4572795,N/A,,"Salary: Commission only | Type: Contract, full-time or part-time, Remote | Badges: Featured, Easy Apply",Reed.co.uk
Sales Development Associate,Marble Partners,London,2026-09-09,https://www.reed.co.uk/jobs/sales-development-associate/57327897?source=searchResults&q=sales%20development%20representative&filter=%2Fjobs%2Fsales-development-representative-jobs-in-bangalore-street-sw15%3Fq%3Dsales%2Bdevelopment%2Brepresentative%26pageno%3D2%26locationId%3D4572795,https://www.marblepartners.com,,"Salary: £31,000 - £45,000 per annum | Type: Permanent, full-time, On-site",Reed.co.uk
Submissions Development Representative,Chambers and Partners,London,2026-09-11,https://www.reed.co.uk/jobs/submissions-development-representative/57344175?source=searchResults&q=sales%20development%20representative&filter=%2Fjobs%2Fsales-development-representative-jobs-in-bangalore-street-sw15%3Fq%3Dsales%2Bdevelopment%2Brepresentative%26pageno%3D2%26locationId%3D4572795,N/A,,"Salary: Competitive salary | Type: Permanent, full-time, Hybrid | Badges: Featured, New, EarlyBirdEarly bird",Reed.co.uk
Field Sales Executives (D2D),Ad Warrior,London,N/A,https://www.reed.co.uk/jobs/field-sales-executives-d2d/57346812?source=searchResults&q=sales%20development%20representative&filter=%2Fjobs%2Fsales-development-representative-jobs-in-bangalore-street-sw15%3Fq%3Dsales%2Bdevelopment%2Brepresentative%26pageno%3D2%26locationId%3D4572795,N/A,,"Salary: Competitive salary | Type: Permanent, full-time, On-site | Badges: New, EarlyBirdEarly bird",Reed.co.uk
Business Development Executive,Reed,London,2026-09-05,https://www.reed.co.uk/jobs/business-development-executive/57320601?source=searchResults&q=sales%20development%20representative&filter=%2Fjobs%2Fsales-development-representative-jobs-in-bangalore-street-sw15%3Fq%3Dsales%2Bdevelopment%2Brepresentative%26pageno%3D2%26locationId%3D4572795,https://www.reed.com,,"Salary: £45,000 per annum | Type: Permanent, full-time, On-site | Badges: Featured",Reed.co.uk
Business Development Executive,Chambers and Partners,London,2026-08-26,https://www.reed.co.uk/jobs/business-development-executive/57218944?source=searchResults&q=sales%20development%20representative&filter=%2Fjobs%2Fsales-development-representative-jobs-in-bangalore-street-sw15%3Fq%3Dsales%2Bdevelopment%2Brepresentative%26pageno%3D2%26locationId%3D4572795,N/A,,"Salary: Competitive salary | Type: Permanent, full-time, Hybrid | Badges: Featured",Reed.co.uk
Business Development Executive,Working Futures,London,2026-08-19,https://www.reed.co.uk/jobs/business-development-executive/57254690?source=searchResults&q=sales%20development%20representative&filter=%2Fjobs%2Fsales-development-representative-jobs-in-bangalore-street-sw15%3Fq%3Dsales%2Bdevelopment%2Brepresentative%26pageno%3D2%26locationId%3D4572795,https://www.workingfutures.com,,"Salary: £27,000 - £60,000 per annum | Type: Permanent, full-time, Hybrid | Badges: Featured, Easy Apply",Reed.co.uk
Business Development Executive,Jobheron,"Shoreditch, London, London",2026-08-11,https://www.reed.co.uk/jobs/business-development-executive/57223220?source=searchResults&q=sales%20development%20representative&filter=%2Fjobs%2Fsales-development-representative-jobs-in-bangalore-street-sw15%3Fq%3Dsales%2Bdevelopment%2Brepresentative%26pageno%3D2%26locationId%3D4572795,https://www.jobheron.com,,"Salary: £35,000 - £45,000 per annum | Type: Permanent, full-time, Hybrid | Badges: Easy Apply",Reed.co.uk
Business Development Executive,Intretech,London,2026-08-06,https://www.reed.co.uk/jobs/business-development-executive/57205559?source=searchResults&q=sales%20development%20representative&filter=%2Fjobs%2Fsales-development-representative-jobs-in-bangalore-street-sw15%3Fq%3Dsales%2Bdevelopment%2Brepresentative%26pageno%3D2%26locationId%3D4572795,https://www.intretech.com,,"Salary: £46,000 - £61,800 per annum, OTE | Type: Permanent, full-time, Hybrid | Badges: Easy Apply",Reed.co.uk
Business Development Representative,Sphere Digital Recruitment,London,2026-08-19,https://www.reed.co.uk/jobs/business-development-representative/57102493?source=searchResults&q=sales%20development%20representative&filter=%2Fjobs%2Fsales-development-representative-jobs-in-bangalore-street-sw15%3Fq%3Dsales%2Bdevelopment%2Brepresentative%26pageno%3D2%26locationId%3D4572795,https://www.spheredigitalrecruitment.com,,"Salary: £35,000 - £45,000 per annum | Type: Permanent, full-time, Hybrid | Badges: Easy Apply",Reed.co.uk
Field Sales Representative,Adecco,London,2026-09-07,https://www.reed.co.uk/jobs/field-sales-representative/57329223?source=searchResults&q=sales%20development%20representative&filter=%2Fjobs%2Fsales-development-representative-jobs-in-bangalore-street-sw15%3Fq%3Dsales%2Bdevelopment%2Brepresentative%26pageno%3D2%26locationId%3D4572795,https://www.adecco.com,,"Salary: £14.42 per hour | Type: Contract, full-time, On-site | Badges: Easy Apply",Reed.co.uk
Business Development Representative (BDR),Coburg Banks Limited,"City of London, London",2026-09-02,https://www.reed.co.uk/jobs/business-development-representative-bdr/57303246?source=searchResults&q=sales%20development%20representative&filter=%2Fjobs%2Fsales-development-representative-jobs-in-bangalore-street-sw15%3Fq%3Dsales%2Bdevelopment%2Brepresentative%26pageno%3D2%26locationId%3D4572795,N/A,,"Salary: £45,000 - £50,000 per annum | Type: Permanent, full-time, Remote | Badges: Easy Apply",Reed.co.uk
Graduate Medical Sales Representative,Parna Recruitment,South East England,N/A,https://www.reed.co.uk/jobs/graduate-medical-sales-representative/57349658?source=searchResults&q=sales%20development%20representative&filter=%2Fjobs%2Fsales-development-representative-jobs-in-bangalore-street-sw15%3Fq%3Dsales%2Bdevelopment%2Brepresentative%26pageno%3D2%26locationId%3D4572795,https://www.parnarecruitment.com,,"Salary: £27,000 per annum | Type: Permanent, full-time, Remote | Badges: Featured, New, Easy Apply",Reed.co.uk
Sales Executive,Office Angels,"Sutton, Surrey",2026-09-04,https://www.reed.co.uk/jobs/sales-executive/57312728?source=searchResults&q=sales%20development%20representative&filter=%2Fjobs%2Fsales-development-representative-jobs-in-bangalore-street-sw15%3Fq%3Dsales%2Bdevelopment%2Brepresentative%26pageno%3D2%26locationId%3D4572795,https://www.officeangels.com,,"Salary: £26,000 - £28,000 per annum | Type: Permanent, full-time, On-site | Badges: Easy Apply",Reed.co.uk
Graduate Business Development Executive,Celsius Graduate Recruitment Limited,London,2026-08-17,https://www.reed.co.uk/jobs/graduate-business-development-executive/57245375?source=searchResults&q=sales%20development%20representative&filter=%2Fjobs%2Fsales-development-representative-jobs-in-bangalore-street-sw15%3Fq%3Dsales%2Bdevelopment%2Brepresentative%26pageno%3D2%26locationId%3D4572795,N/A,,"Salary: £28,330 - £55,000 per annum, OTE | Type: Permanent, full-time, On-site",Reed.co.uk
"GTM Engineer, B2B SaaS Sales, London,Commission, COR7626",Corriculo Ltd,London,2026-09-07,https://www.reed.co.uk/jobs/gtm-engineer-b2b-saas-sales-londoncommission-cor7626/57330863?source=searchResults&q=sales%20development%20representative&filter=%2Fjobs%2Fsales-development-representative-jobs-in-bangalore-street-sw15%3Fq%3Dsales%2Bdevelopment%2Brepresentative%26pageno%3D2%26locationId%3D4572795,N/A,,"Salary: £35,000 - £50,000 per annum | Type: Permanent, full-time, On-site | Badges: Easy Apply",Reed.co.uk
Business Development Executive,ITA,London,2026-09-01,https://www.reed.co.uk/jobs/business-development-executive/57299001?source=searchResults&q=sales%20development%20representative&filter=%2Fjobs%2Fsales-development-representative-jobs-in-bangalore-street-sw15%3Fq%3Dsales%2Bdevelopment%2Brepresentative%26pageno%3D2%26locationId%3D4572795,https://www.ita.com,,"Salary: £39,000 - £40,000 per annum | Type: Permanent, full-time, On-site | Badges: Easy Apply",Reed.co.uk
Business Development Representative (BDR),Hays Specialist Recruitment Limited,London,2026-08-12,https://www.reed.co.uk/jobs/business-development-representative-bdr/57231141?source=searchResults&q=sales%20development%20representative&filter=%2Fjobs%2Fsales-development-representative-jobs-in-bangalore-street-sw15%3Fq%3Dsales%2Bdevelopment%2Brepresentative%26pageno%3D2%26locationId%3D4572795,https://www.haysspecialistrecruitment.com,,"Salary: £30,000 - £40,000 per annum | Type: Permanent, full-time, On-site | Badges: Easy Apply",Reed.co.uk
Sales Development Representative,YuJa Inc.,London,2026-09-03,https://www.reed.co.uk/jobs/sales-development-representative/57308162?source=searchResults&q=sales%20development%20representative&filter=%2Fjobs%2Fsales-development-representative-jobs-in-bangalore-street-sw15%3Fq%3Dsales%2Bdevelopment%2Brepresentative%26pageno%3D3%26locationId%3D4572795,https://www.yuja.com,,"Salary: £55,000 - £60,000 per annum, OTE | Type: Permanent, full-time, On-site | Badges: Promoted",Reed.co.uk
Salesforce Developer,The Hyde Group,London,2026-08-17,https://www.reed.co.uk/jobs/salesforce-developer/57246062?source=searchResults&q=sales%20development%20representative&filter=%2Fjobs%2Fsales-development-representative-jobs-in-bangalore-street-sw15%3Fq%3Dsales%2Bdevelopment%2Brepresentative%26pageno%3D3%26locationId%3D4572795,N/A,,"Salary: £54,800 - £66,000 per annum | Type: Permanent, full-time, Hybrid | Badges: Featured",Reed.co.uk
Telesales / Business Developer,Howdens Joinery,London,2026-09-05,https://www.reed.co.uk/jobs/telesales-business-developer/57246267?source=searchResults&q=sales%20development%20representative&filter=%2Fjobs%2Fsales-development-representative-jobs-in-bangalore-street-sw15%3Fq%3Dsales%2Bdevelopment%2Brepresentative%26pageno%3D3%26locationId%3D4572795,N/A,,"Salary: Competitive salary | Type: Permanent, full-time, On-site | Badges: Featured",Reed.co.uk
Telesales / Business Developer,Howdens Joinery,"Bermondsey, London",2026-09-06,https://www.reed.co.uk/jobs/telesales-business-developer/57303809?source=searchResults&q=sales%20development%20representative&filter=%2Fjobs%2Fsales-development-representative-jobs-in-bangalore-street-sw15%3Fq%3Dsales%2Bdevelopment%2Brepresentative%26pageno%3D3%26locationId%3D4572795,N/A,,"Salary: Competitive salary | Type: Permanent, full-time, On-site | Badges: Featured",Reed.co.uk
Medical Sales Representative,Brite Recruitment Ltd,London,2026-08-07,https://www.reed.co.uk/jobs/medical-sales-representative/57210318?source=searchResults&q=sales%20development%20representative&filter=%2Fjobs%2Fsales-development-representative-jobs-in-bangalore-street-sw15%3Fq%3Dsales%2Bdevelopment%2Brepresentative%26pageno%3D3%26locationId%3D4572795,N/A,,"Salary: £51,000 - £55,000 per annum | Type: Permanent, full-time, On-site",Reed.co.uk
Delegate Sales Executive,Lipton Media,London,2026-09-01,https://www.reed.co.uk/jobs/delegate-sales-executive/57296659?source=searchResults&q=sales%20development%20representative&filter=%2Fjobs%2Fsales-development-representative-jobs-in-bangalore-street-sw15%3Fq%3Dsales%2Bdevelopment%2Brepresentative%26pageno%3D3%26locationId%3D4572795,https://www.liptonmedia.com,,"Salary: £30,000 - £37,000 per annum | Type: Permanent, full-time, On-site | Badges: Easy Apply",Reed.co.uk
Delegate Sales Executive,Handle Recruitment,London,2026-09-05,https://www.reed.co.uk/jobs/delegate-sales-executive/57322786?source=searchResults&q=sales%20development%20representative&filter=%2Fjobs%2Fsales-development-representative-jobs-in-bangalore-street-sw15%3Fq%3Dsales%2Bdevelopment%2Brepresentative%26pageno%3D3%26locationId%3D4572795,N/A,,"Salary: £33,000 - £35,000 per annum | Type: Permanent, full-time, Hybrid | Badges: Featured, Easy Apply",Reed.co.uk
Delegate Sales Executive,Reed Talent Solutions,London,2026-08-18,https://www.reed.co.uk/jobs/delegate-sales-executive/57250504?source=searchResults&q=sales%20development%20representative&filter=%2Fjobs%2Fsales-development-representative-jobs-in-bangalore-street-sw15%3Fq%3Dsales%2Bdevelopment%2Brepresentative%26pageno%3D3%26locationId%3D4572795,N/A,,"Salary: £30,000 - £36,000 per annum | Type: Permanent, full-time, On-site | Badges: Featured",Reed.co.uk
Delegate Sales Executive,Reed Talent Solutions,London,2026-08-12,https://www.reed.co.uk/jobs/delegate-sales-executive/57227645?source=searchResults&q=sales%20development%20representative&filter=%2Fjobs%2Fsales-development-representative-jobs-in-bangalore-street-sw15%3Fq%3Dsales%2Bdevelopment%2Brepresentative%26pageno%3D3%26locationId%3D4572795,N/A,,"Salary: £27,000 - £30,000 per annum | Type: Permanent, full-time, Hybrid | Badges: Featured",Reed.co.uk
Delegate Sales Executive,Lipton Media,London,2026-08-11,https://www.reed.co.uk/jobs/delegate-sales-executive/57222575?source=searchResults&q=sales%20development%20representative&filter=%2Fjobs%2Fsales-development-representative-jobs-in-bangalore-street-sw15%3Fq%3Dsales%2Bdevelopment%2Brepresentative%26pageno%3D3%26locationId%3D4572795,https://www.liptonmedia.com,,"Salary: £30,000 - £37,000 per annum | Type: Permanent, full-time, On-site | Badges: Easy Apply",Reed.co.uk
Sales Executive - Membership recruitment,Coburg Banks Limited,"City of London, London",2026-09-05,https://www.reed.co.uk/jobs/sales-executive-membership-recruitment/57321474?source=searchResults&q=sales%20development%20representative&filter=%2Fjobs%2Fsales-development-representative-jobs-in-bangalore-street-sw15%3Fq%3Dsales%2Bdevelopment%2Brepresentative%26pageno%3D3%26locationId%3D4572795,N/A,,"Salary: £33,000 - £35,000 per annum | Type: Permanent, full-time, Hybrid | Badges: Easy Apply",Reed.co.uk
Business Development Executive,C&M Travel Recruitment,London,2026-09-08,https://www.reed.co.uk/jobs/business-development-executive/57338434?source=searchResults&q=sales%20development%20representative&filter=%2Fjobs%2Fsales-development-representative-jobs-in-bangalore-street-sw15%3Fq%3Dsales%2Bdevelopment%2Brepresentative%26pageno%3D3%26locationId%3D4572795,N/A,,"Salary: £25,000 - £35,000 per annum | Type: Permanent, full-time, Hybrid",Reed.co.uk
Business Development Executive,CN Sales Recruitment,London,2026-09-07,https://www.reed.co.uk/jobs/business-development-executive/57141117?source=searchResults&q=sales%20development%20representative&filter=%2Fjobs%2Fsales-development-representative-jobs-in-bangalore-street-sw15%3Fq%3Dsales%2Bdevelopment%2Brepresentative%26pageno%3D3%26locationId%3D4572795,https://www.cnsalesrecruitment.com,,"Salary: £40,000 - £45,000 per annum | Type: Permanent, full-time, Hybrid | Badges: Easy Apply",Reed.co.uk
Business Development Executive,Ambition Europe Limited,London,N/A,https://www.reed.co.uk/jobs/business-development-executive/57347612?source=searchResults&q=sales%20development%20representative&filter=%2Fjobs%2Fsales-development-representative-jobs-in-bangalore-street-sw15%3Fq%3Dsales%2Bdevelopment%2Brepresentative%26pageno%3D3%26locationId%3D4572795,N/A,,"Salary: Salary negotiable | Type: Permanent, full-time | Badges: New, Easy Apply",Reed.co.uk
Business Development Executive,Larbey Evans,"City of London, London",2026-09-07,https://www.reed.co.uk/jobs/business-development-executive/57310443?source=searchResults&q=sales%20development%20representative&filter=%2Fjobs%2Fsales-development-representative-jobs-in-bangalore-street-sw15%3Fq%3Dsales%2Bdevelopment%2Brepresentative%26pageno%3D3%26locationId%3D4572795,https://www.larbeyevans.com,,"Salary: Competitive salary | Type: Permanent, full-time, Hybrid | Badges: Easy Apply",Reed.co.uk
Business Development Executive,Pure Resourcing Limited,London,N/A,https://www.reed.co.uk/jobs/business-development-executive/57347074?source=searchResults&q=sales%20development%20representative&filter=%2Fjobs%2Fsales-development-representative-jobs-in-bangalore-street-sw15%3Fq%3Dsales%2Bdevelopment%2Brepresentative%26pageno%3D3%26locationId%3D4572795,https://www.pureresourcing.com,,"Salary: £30,000 - £45,000 per annum | Type: Permanent, full-time, Hybrid | Badges: New, Easy Apply",Reed.co.uk
Business development executive,Law Staff Limited,London,2026-08-28,https://www.reed.co.uk/jobs/business-development-executive/57287846?source=searchResults&q=sales%20development%20representative&filter=%2Fjobs%2Fsales-development-representative-jobs-in-bangalore-street-sw15%3Fq%3Dsales%2Bdevelopment%2Brepresentative%26pageno%3D3%26locationId%3D4572795,https://www.lawstaff.com,,"Salary: £40,000 - £50,000 per annum | Type: Permanent, full-time, On-site | Badges: Easy Apply",Reed.co.uk
Business Development Executive,Reed,"Wembley, London, London",2026-08-26,https://www.reed.co.uk/jobs/business-development-executive/57279652?source=searchResults&q=sales%20development%20representative&filter=%2Fjobs%2Fsales-development-representative-jobs-in-bangalore-street-sw15%3Fq%3Dsales%2Bdevelopment%2Brepresentative%26pageno%3D3%26locationId%3D4572795,https://www.reed.com,,"Salary: £30,000 - £40,000 per annum | Type: Permanent, full-time, On-site | Badges: Featured, Easy Apply",Reed.co.uk
Business Development Executive,Abbatt Property Recruitment,London,2026-08-19,https://www.reed.co.uk/jobs/business-development-executive/57254902?source=searchResults&q=sales%20development%20representative&filter=%2Fjobs%2Fsales-development-representative-jobs-in-bangalore-street-sw15%3Fq%3Dsales%2Bdevelopment%2Brepresentative%26pageno%3D3%26locationId%3D4572795,N/A,,"Salary: £27,000 - £35,000 per annum | Type: Permanent, full-time, On-site | Badges: Featured, Easy Apply",Reed.co.uk
Business Development Executive,Pure Resourcing Limited,London,2026-08-18,https://www.reed.co.uk/jobs/business-development-executive/57249225?source=searchResults&q=sales%20development%20representative&filter=%2Fjobs%2Fsales-development-representative-jobs-in-bangalore-street-sw15%3Fq%3Dsales%2Bdevelopment%2Brepresentative%26pageno%3D3%26locationId%3D4572795,https://www.pureresourcing.com,,"Salary: £30,000 - £45,000 per annum | Type: Permanent, full-time, Hybrid | Badges: Easy Apply",Reed.co.uk
Business Development Executive,Upgrade Recruitment Ltd,"Putney, London",2026-08-17,https://www.reed.co.uk/jobs/business-development-executive/57246110?source=searchResults&q=sales%20development%20representative&filter=%2Fjobs%2Fsales-development-representative-jobs-in-bangalore-street-sw15%3Fq%3Dsales%2Bdevelopment%2Brepresentative%26pageno%3D3%26locationId%3D4572795,N/A,,"Salary: £26,000 - £40,000 per annum, OTE | Type: Permanent, full-time, Hybrid | Badges: Featured",Reed.co.uk
Business Development Executive,Kevin Theobald Recruitment Agency,"Heathrow, Middlesex",2026-08-05,https://www.reed.co.uk/jobs/business-development-executive/56902833?source=searchResults&q=sales%20development%20representative&filter=%2Fjobs%2Fsales-development-representative-jobs-in-bangalore-street-sw15%3Fq%3Dsales%2Bdevelopment%2Brepresentative%26pageno%3D3%26locationId%3D4572795,N/A,,"Salary: £50,000 - £60,000 per annum | Type: Permanent, full-time, On-site | Badges: Easy Apply",Reed.co.uk
Business Development Executive - Remote,Office Angels,London,2026-09-11,https://www.reed.co.uk/jobs/business-development-executive-remote/57341650?source=searchResults&q=sales%20development%20representative&filter=%2Fjobs%2Fsales-development-representative-jobs-in-bangalore-street-sw15%3Fq%3Dsales%2Bdevelopment%2Brepresentative%26pageno%3D3%26locationId%3D4572795,https://www.officeangels.com,,"Salary: £28,000 - £35,000 per annum | Type: Permanent, full-time, Remote | Badges: New, Easy Apply",Reed.co.uk
Business development executives,C&M Travel Recruitment,London,2026-08-17,https://www.reed.co.uk/jobs/business-development-executives/57246776?source=searchResults&q=sales%20development%20representative&filter=%2Fjobs%2Fsales-development-representative-jobs-in-bangalore-street-sw15%3Fq%3Dsales%2Bdevelopment%2Brepresentative%26pageno%3D3%26locationId%3D4572795,N/A,,"Salary: £25,000 - £35,000 per annum | Type: Permanent, full-time, Hybrid",Reed.co.uk
Business Development / Sales - Construction or Refurb experience essential,PEOPLE2PEOPLE RECRUITMENT (UK) LIMITED,London,2026-07-16,https://www.reed.co.uk/jobs/business-development-sales-construction-or-refurb-experience-essential/57108912?source=searchResults&q=sales%20development%20representative&filter=%2Fjobs%2Fsales-development-representative-jobs-in-bangalore-street-sw15%3Fq%3Dsales%2Bdevelopment%2Brepresentative%26pageno%3D3%26locationId%3D4572795,N/A,,"Salary: £35,000 - £50,000 per annum | Type: Permanent, full-time, On-site | Badges: Easy Apply",Reed.co.uk
Sales Account Executive,Access Appointments Consultancy Limited,London,2026-09-04,https://www.reed.co.uk/jobs/sales-account-executive/57313016?source=searchResults&q=sales%20development%20representative&filter=%2Fjobs%2Fsales-development-representative-jobs-in-bangalore-street-sw15%3Fq%3Dsales%2Bdevelopment%2Brepresentative%26pageno%3D3%26locationId%3D4572795,N/A,,"Salary: £28,000 - £40,000 per annum | Type: Permanent, full-time, Hybrid",Reed.co.uk
Sales Development Representative,YuJa Inc.,London,2026-09-03,https://www.reed.co.uk/jobs/sales-development-representative/57308162?source=searchResults&q=sales%20development%20representative&filter=%2Fjobs%2Fsales-development-representative-jobs-in-bangalore-street-sw15%3Fq%3Dsales%2Bdevelopment%2Brepresentative%26pageno%3D4%26locationId%3D4572795,https://www.yuja.com,,"Salary: £55,000 - £60,000 per annum, OTE | Type: Permanent, full-time, On-site | Badges: Promoted",Reed.co.uk
Business Development / Sales - Construction or Refurb experience essential,PEOPLE2PEOPLE RECRUITMENT (UK) LIMITED,London,2026-07-16,https://www.reed.co.uk/jobs/business-development-sales-construction-or-refurb-experience-essential/57108912?source=searchResults&q=sales%20development%20representative&filter=%2Fjobs%2Fsales-development-representative-jobs-in-bangalore-street-sw15%3Fq%3Dsales%2Bdevelopment%2Brepresentative%26pageno%3D4%26locationId%3D4572795,N/A,,"Salary: £35,000 - £50,000 per annum | Type: Permanent, full-time, On-site | Badges: Easy Apply",Reed.co.uk
Delegate Sales Manager,Lipton Media,London,2026-09-07,https://www.reed.co.uk/jobs/delegate-sales-manager/57316330?source=searchResults&q=sales%20development%20representative&filter=%2Fjobs%2Fsales-development-representative-jobs-in-bangalore-street-sw15%3Fq%3Dsales%2Bdevelopment%2Brepresentative%26pageno%3D4%26locationId%3D4572795,https://www.liptonmedia.com,,"Salary: £40,000 - £50,000 per annum | Type: Permanent, full-time, On-site | Badges: Easy Apply",Reed.co.uk
Delegate Sales Manager,Lipton Media,London,2026-09-11,https://www.reed.co.uk/jobs/delegate-sales-manager/57341150?source=searchResults&q=sales%20development%20representative&filter=%2Fjobs%2Fsales-development-representative-jobs-in-bangalore-street-sw15%3Fq%3Dsales%2Bdevelopment%2Brepresentative%26pageno%3D4%26locationId%3D4572795,https://www.liptonmedia.com,,"Salary: £40,000 - £50,000 per annum | Type: Permanent, full-time, On-site | Badges: New, Easy Apply",Reed.co.uk
Delegate Sales Manager,Lipton Media,London,2026-09-01,https://www.reed.co.uk/jobs/delegate-sales-manager/57296749?source=searchResults&q=sales%20development%20representative&filter=%2Fjobs%2Fsales-development-representative-jobs-in-bangalore-street-sw15%3Fq%3Dsales%2Bdevelopment%2Brepresentative%26pageno%3D4%26locationId%3D4572795,https://www.liptonmedia.com,,"Salary: £40,000 - £50,000 per annum | Type: Permanent, full-time, On-site | Badges: Easy Apply",Reed.co.uk
Training Sales Executive,Bond Solon,"City of London, London",2026-09-07,https://www.reed.co.uk/jobs/training-sales-executive/57332019?source=searchResults&q=sales%20development%20representative&filter=%2Fjobs%2Fsales-development-representative-jobs-in-bangalore-street-sw15%3Fq%3Dsales%2Bdevelopment%2Brepresentative%26pageno%3D4%26locationId%3D4572795,N/A,,"Salary: £32,130 per annum | Type: Permanent, full-time, Hybrid | Badges: Featured, Easy Apply",Reed.co.uk
Business Development Specialist,ABL Recruitment,London,2026-09-01,https://www.reed.co.uk/jobs/business-development-specialist/57296795?source=searchResults&q=sales%20development%20representative&filter=%2Fjobs%2Fsales-development-representative-jobs-in-bangalore-street-sw15%3Fq%3Dsales%2Bdevelopment%2Brepresentative%26pageno%3D4%26locationId%3D4572795,https://www.ablrecruitment.com,,"Salary: £45,000 - £65,000 per annum | Type: Permanent, full-time, On-site | Badges: Easy Apply",Reed.co.uk
Business Development Specialist,Michael Page Marketing,London,2026-09-01,https://www.reed.co.uk/jobs/business-development-specialist/57295457?source=searchResults&q=sales%20development%20representative&filter=%2Fjobs%2Fsales-development-representative-jobs-in-bangalore-street-sw15%3Fq%3Dsales%2Bdevelopment%2Brepresentative%26pageno%3D4%26locationId%3D4572795,N/A,,"Salary: Salary negotiable | Type: Temporary, full-time, Hybrid | Badges: Featured, Easy Apply",Reed.co.uk
Business Development Specialist,Ambition Europe Limited,London,2026-08-24,https://www.reed.co.uk/jobs/business-development-specialist/57270696?source=searchResults&q=sales%20development%20representative&filter=%2Fjobs%2Fsales-development-representative-jobs-in-bangalore-street-sw15%3Fq%3Dsales%2Bdevelopment%2Brepresentative%26pageno%3D4%26locationId%3D4572795,N/A,,"Salary: Salary negotiable | Type: Permanent, full-time, On-site | Badges: Easy Apply",Reed.co.uk
Business Development Specialist,This is Alexander Faraday Recruitment,"Hounslow, Middlesex",2026-08-21,https://www.reed.co.uk/jobs/business-development-specialist/57263372?source=searchResults&q=sales%20development%20representative&filter=%2Fjobs%2Fsales-development-representative-jobs-in-bangalore-street-sw15%3Fq%3Dsales%2Bdevelopment%2Brepresentative%26pageno%3D4%26locationId%3D4572795,N/A,,"Salary: Salary negotiable | Type: Permanent, full-time, Hybrid | Badges: Easy Apply",Reed.co.uk
Business Development Specialist,The Law Support Group,London,2026-08-05,https://www.reed.co.uk/jobs/business-development-specialist/57201122?source=searchResults&q=sales%20development%20representative&filter=%2Fjobs%2Fsales-development-representative-jobs-in-bangalore-street-sw15%3Fq%3Dsales%2Bdevelopment%2Brepresentative%26pageno%3D4%26locationId%3D4572795,N/A,,"Salary: £60,000 - £65,000 per annum | Type: Contract, full-time, Hybrid | Badges: Featured, Ending soon, Easy Apply",Reed.co.uk
Senior Business Development Executive,Ambition Europe Limited,London,2026-08-26,https://www.reed.co.uk/jobs/senior-business-development-executive/57277758?source=searchResults&q=sales%20development%20representative&filter=%2Fjobs%2Fsales-development-representative-jobs-in-bangalore-street-sw15%3Fq%3Dsales%2Bdevelopment%2Brepresentative%26pageno%3D4%26locationId%3D4572795,N/A,,"Salary: Salary negotiable | Type: Contract, full-time, On-site | Badges: Easy Apply",Reed.co.uk
Telephone Business Development Consultant,O'Loughlin Recruitment Ltd,London,2026-09-02,https://www.reed.co.uk/jobs/telephone-business-development-consultant/57025166?source=searchResults&q=sales%20development%20representative&filter=%2Fjobs%2Fsales-development-representative-jobs-in-bangalore-street-sw15%3Fq%3Dsales%2Bdevelopment%2Brepresentative%26pageno%3D4%26locationId%3D4572795,N/A,,"Salary: £30,000 - £40,000 per annum | Type: Permanent, full-time, On-site | Badges: Easy Apply",Reed.co.uk
Sales Executive / Sales Representative,AWD online,"Brentford, Middlesex",2026-08-07,https://www.reed.co.uk/jobs/sales-executive-sales-representative/57210503?source=searchResults&q=sales%20development%20representative&filter=%2Fjobs%2Fsales-development-representative-jobs-in-bangalore-street-sw15%3Fq%3Dsales%2Bdevelopment%2Brepresentative%26pageno%3D4%26locationId%3D4572795,https://www.awdonline.net,,"Salary: £45,000 per annum | Type: Permanent, full-time, On-site",Reed.co.uk
Area Sales Manager - Building & Plumbing Tools,Mitchell Maguire,London,2026-09-07,https://www.reed.co.uk/jobs/area-sales-manager-building-plumbing-tools/57119437?source=searchResults&q=sales%20development%20representative&filter=%2Fjobs%2Fsales-development-representative-jobs-in-bangalore-street-sw15%3Fq%3Dsales%2Bdevelopment%2Brepresentative%26pageno%3D4%26locationId%3D4572795,https://www.mitchellmaguire.com,,"Salary: £45,000 per annum, OTE | Type: Permanent, full-time, On-site | Badges: Easy Apply",Reed.co.uk
Sales Manager - Fabrics,Mitchell Maguire,London,N/A,https://www.reed.co.uk/jobs/sales-manager-fabrics/57347888?source=searchResults&q=sales%20development%20representative&filter=%2Fjobs%2Fsales-development-representative-jobs-in-bangalore-street-sw15%3Fq%3Dsales%2Bdevelopment%2Brepresentative%26pageno%3D4%26locationId%3D4572795,https://www.mitchellmaguire.com,,"Salary: £30,000 - £38,000 per annum | Type: Permanent, full-time | Badges: New, Easy Apply",Reed.co.uk
Area Sales Manager - Decorative Lighting,Mitchell Maguire,London,2026-09-02,https://www.reed.co.uk/jobs/area-sales-manager-decorative-lighting/57303659?source=searchResults&q=sales%20development%20representative&filter=%2Fjobs%2Fsales-development-representative-jobs-in-bangalore-street-sw15%3Fq%3Dsales%2Bdevelopment%2Brepresentative%26pageno%3D4%26locationId%3D4572795,https://www.mitchellmaguire.com,,"Salary: £50,000 - £65,000 per annum, OTE | Type: Permanent, full-time, On-site | Badges: Easy Apply",Reed.co.uk
Field Sales Representative,Surecall Recruitment,London,2026-09-07,https://www.reed.co.uk/jobs/field-sales-representative/57331121?source=searchResults&q=sales%20development%20representative&filter=%2Fjobs%2Fsales-development-representative-jobs-in-bangalore-street-sw15%3Fq%3Dsales%2Bdevelopment%2Brepresentative%26pageno%3D4%26locationId%3D4572795,https://www.surecallrecruitment.com,,"Salary: £36,000 per annum, inc benefits | Type: Temporary, full-time, Remote | Badges: Easy Apply",Reed.co.uk
Commercial Brand Representative - Architectural Hardware,Elix Sourcing Solutions Limited,London,2026-09-07,https://www.reed.co.uk/jobs/commercial-brand-representative-architectural-hardware/57316366?source=searchResults&q=sales%20development%20representative&filter=%2Fjobs%2Fsales-development-representative-jobs-in-bangalore-street-sw15%3Fq%3Dsales%2Bdevelopment%2Brepresentative%26pageno%3D4%26locationId%3D4572795,https://www.elixsourcing.com,,"Salary: £50,000 - £60,000 per annum, OTE, negotiable | Type: Permanent, full-time, Remote | Badges: Featured, Easy Apply",Reed.co.uk
Business Development Representative - German Speaker,Pareto,London,2026-08-04,https://www.reed.co.uk/jobs/business-development-representative-german-speaker/57196809?source=searchResults&q=sales%20development%20representative&filter=%2Fjobs%2Fsales-development-representative-jobs-in-bangalore-street-sw15%3Fq%3Dsales%2Bdevelopment%2Brepresentative%26pageno%3D4%26locationId%3D4572795,https://www.pareto.in,,"Salary: £35,000 - £40,000 per annum | Type: Permanent, full-time, Hybrid | Badges: Ending soon, Easy Apply",Reed.co.uk
Japanese Speaking Sales Representative - Consumer Electronics,People First,London,2026-09-05,https://www.reed.co.uk/jobs/japanese-speaking-sales-representative-consumer-electronics/57321612?source=searchResults&q=sales%20development%20representative&filter=%2Fjobs%2Fsales-development-representative-jobs-in-bangalore-street-sw15%3Fq%3Dsales%2Bdevelopment%2Brepresentative%26pageno%3D4%26locationId%3D4572795,https://www.peoplefirst.com,,"Salary: £35,000 per annum | Type: Permanent, full-time, Hybrid | Badges: Easy Apply",Reed.co.uk
Telesales Team Leader,VIA MATCH LIMITED,London,2026-09-11,https://www.reed.co.uk/jobs/telesales-team-leader/57343028?source=searchResults&q=sales%20development%20representative&filter=%2Fjobs%2Fsales-development-representative-jobs-in-bangalore-street-sw15%3Fq%3Dsales%2Bdevelopment%2Brepresentative%26pageno%3D4%26locationId%3D4572795,https://www.viamatch.ai,,"Salary: £35,000 - £45,000 per annum | Type: Permanent, full-time, On-site | Badges: Featured, New, Easy Apply",Reed.co.uk
Business Development Executive - Insurance,Robert Walters,London,2026-09-05,https://www.reed.co.uk/jobs/business-development-executive-insurance/57321044?source=searchResults&q=sales%20development%20representative&filter=%2Fjobs%2Fsales-development-representative-jobs-in-bangalore-street-sw15%3Fq%3Dsales%2Bdevelopment%2Brepresentative%26pageno%3D4%26locationId%3D4572795,N/A,,"Salary: £50,000 per annum | Type: Permanent, full-time, On-site | Badges: Easy Apply",Reed.co.uk
Business Development Manager,AWD online,London,2026-08-07,https://www.reed.co.uk/jobs/business-development-manager/57207099?source=searchResults&q=sales%20development%20representative&filter=%2Fjobs%2Fsales-development-representative-jobs-in-bangalore-street-sw15%3Fq%3Dsales%2Bdevelopment%2Brepresentative%26pageno%3D4%26locationId%3D4572795,https://www.awdonline.net,,"Salary: £40,000 - £45,000 per annum | Type: Permanent, full-time, On-site | Badges: Easy Apply",Reed.co.uk
Sales Development Representative,YuJa Inc.,London,2026-09-03,https://www.reed.co.uk/jobs/sales-development-representative/57308162?source=searchResults&q=sales%20development%20representative&filter=%2Fjobs%2Fsales-development-representative-jobs-in-bangalore-street-sw15%3Fq%3Dsales%2Bdevelopment%2Brepresentative%26pageno%3D5%26locationId%3D4572795,https://www.yuja.com,,"Salary: £55,000 - £60,000 per annum, OTE | Type: Permanent, full-time, On-site | Badges: Promoted",Reed.co.uk
Field Sales Representative,FLATPAY APS,London,2026-08-17,https://www.reed.co.uk/jobs/field-sales-representative/57246157?source=searchResults&q=sales%20development%20representative&filter=%2Fjobs%2Fsales-development-representative-jobs-in-bangalore-street-sw15%3Fq%3Dsales%2Bdevelopment%2Brepresentative%26pageno%3D5%26locationId%3D4572795,N/A,,"Salary: Competitive salary | Type: Permanent, full-time, Remote | Badges: Featured",Reed.co.uk
Business Development Representative (BDR),Hays Specialist Recruitment Limited,London,2026-08-12,https://www.reed.co.uk/jobs/business-development-representative-bdr/57231141?source=searchResults&q=sales%20development%20representative&filter=%2Fjobs%2Fsales-development-representative-jobs-in-bangalore-street-sw15%3Fq%3Dsales%2Bdevelopment%2Brepresentative%26pageno%3D5%26locationId%3D4572795,https://www.haysspecialistrecruitment.com,,"Salary: £30,000 - £40,000 per annum | Type: Permanent, full-time, On-site | Badges: Easy Apply",Reed.co.uk
"Junior Sales Executive, Pricing & Analytics",eFinancialCareers,London,2026-09-10,https://www.reed.co.uk/jobs/junior-sales-executive-pricing-analytics/57339868?source=searchResults&q=sales%20development%20representative&filter=%2Fjobs%2Fsales-development-representative-jobs-in-bangalore-street-sw15%3Fq%3Dsales%2Bdevelopment%2Brepresentative%26pageno%3D5%26locationId%3D4572795,https://www.efinancialcareers.ai,,"Salary: Competitive salary | Type: Permanent, full-time, On-site",Reed.co.uk
"Product Development, Private Assets - Associate Director - Barings",eFinancialCareers,London,N/A,https://www.reed.co.uk/jobs/product-development-private-assets-associate-director-barings/57345791?source=searchResults&q=sales%20development%20representative&filter=%2Fjobs%2Fsales-development-representative-jobs-in-bangalore-street-sw15%3Fq%3Dsales%2Bdevelopment%2Brepresentative%26pageno%3D5%26locationId%3D4572795,https://www.efinancialcareers.ai,,"Salary: Competitive salary | Type: Permanent, full-time | Badges: New",Reed.co.uk
Clinical Sales Manager,Intuitive,India,N/A,"https://www.glassdoor.co.in/job-listing/clinical-sales-manager-intuitive-intuitive-surgical-JV_KO0,22_KE23,51.htm?jl=1010250718561",https://www.intuitive.com,,"For any Intuitive role subject to export controls, final offers are contingent upon obtaining an approved export license and/or an executed TCP prior to the…&hellip;

Skills: TCP, Sales, English, Local language, Communication skills",Glassdoor
Clinical Sales Manager,Intuitive,India,N/A,"https://www.glassdoor.co.in/job-listing/clinical-sales-manager-intuitive-intuitive-surgical-JV_KO0,22_KE23,51.htm?jl=1010249143673",https://www.intuitive.com,,"For any Intuitive role subject to export controls, final offers are contingent upon obtaining an approved export license and/or an executed TCP prior to the…&hellip;

Skills: TCP, Sales, English, Local language, Communication skills",Glassdoor
Sales Development Representative,Veloris Global,Calicut,N/A,"https://www.glassdoor.co.in/job-listing/sales-development-representative-veloris-global-JV_IC2868442_KO0,32_KE33,47.htm?jl=1010260997755",https://www.velorisglobal.com,,"Veloris Global is a growing BPO and digital services company supporting GCC and global clients with end-to-end solutions including IT services, digital…&hellip;

Skills: CRM software, Cold calling, Sales, Lead generation, Business development",Glassdoor
Inside Sales Representative,Tech Data,Chennai,N/A,"https://www.glassdoor.co.in/job-listing/inside-sales-representative-tech-data-JV_IC2833209_KO0,27_KE28,37.htm?jl=1010248510399",https://www.data.com,,"Degree holder with minimum 1 year of inside sales or relevant experience in IT industry. Has ability to address end customers, channel partners & vendors.&hellip;

Skills: Go, Sales, Communication skills",Glassdoor
Field Sales Representative,Your Space Doctor LLP,India,N/A,"https://www.glassdoor.co.in/job-listing/field-sales-representative-your-space-doctor-llp-JV_KO0,26_KE27,48.htm?jl=1010248893833",N/A,,"Willingness to travel for client meetings and business development activities. Proven sales and business development abilities.&hellip;

Skills: Sales, Logistics, Field sales, Business development, Driving",Glassdoor
Field Sales Representative,Shell India Markets Pvt. Ltd,Cochin,N/A,"https://www.glassdoor.co.in/job-listing/field-sales-representative-shell-india-markets-pvt-ltd-JV_IC2887994_KO0,26_KE27,54.htm?jl=1010260218601",N/A,,"Take Lubricants orders from the existing channel of retailers and workshops. Outstanding Collection from the dealers. Its a 100% field Job, Require two wheeler.&hellip;

Skills: Sales, Field sales, English, Business development, B2B sales",Glassdoor
Field Sales Representative,WHITE MANSION MARBLE,India,N/A,"https://www.glassdoor.co.in/job-listing/field-sales-representative-white-mansion-marble-JV_KO0,26_KE27,47.htm?jl=1010261093121",https://www.whitemansionmarble.com,,"I’m building a city-level business development network for White Mansion Marble, where the role involves identifying premium residential projects, connecting…&hellip;

Skills: CRM software, Sales, Salesforce, English, Hindi",Glassdoor
Market Representative,Stemspharma,Pune,N/A,"https://www.glassdoor.co.in/job-listing/market-representative-stemspharma-JV_IC2856202_KO0,21_KE22,33.htm?jl=1010262465772",https://www.stemspharma.com,,"Achieve assigned sales and market-development targets. Identify commonly prescribed and recommended products in different categories.&hellip;

Skills: Sales, Customer service, Field sales, Medical sales, Organisational skills",Glassdoor
Field Sales Representative,AMASIA MULTIGRAIN PVT LTD,India,N/A,"https://www.glassdoor.co.in/job-listing/field-sales-representative-amasia-multigrain-pvt-ltd-JV_KO0,26_KE27,52.htm?jl=1010238194186",N/A,,"Represent SAIFCO at trade fairs, exhibitions, and industry events to build brand visibility and generate leads.&hellip;

Skills: CRM software, Microsoft Excel, Sales, English, Local language",Glassdoor
Sales executive,GYSZ Technologies,Kerala,N/A,"https://www.glassdoor.co.in/job-listing/sales-executive-gysz-technologies-JV_KO0,15_KE16,33.htm?jl=1010257574142",https://www.gysz.com,,"Business, managing client relationships, and helping us achieve our revenue.  Establish, develop, and maintain positive business and customer.&hellip;

Skills: Sales, Microsoft Office, Communication skills, Negotiation, Time management",Glassdoor
Sales Executive Indoor( Rajkot),Multipro Machines Private Limited,India,N/A,"https://www.glassdoor.co.in/job-listing/sales-executive-indoor-rajkot-multipro-machines-private-limited-JV_KO0,29_KE30,63.htm?jl=1010258599938",https://www.multipromachines.com,,"We are looking to employ an enthusiastic and customer-oriented inside sales executive position at Rajkot, Gujarat.to generate quality leads as well as follow up…&hellip;

Skills: Sales, Customer service, Upselling, Lead generation, Field sales",Glassdoor
Business Development Executive (BDE),YESTE Migration and Education Consulting Pvt. Ltd.,India,N/A,"https://www.glassdoor.co.in/job-listing/business-development-executive-bde-yeste-migration-and-education-consulting-pvt-ltd-JV_KO0,34_KE35,83.htm?jl=1010262144332",N/A,,"Knowledge of Study Abroad and Migration industry will be an added advantage. Strong business development, sales, and relationship management abilities.&hellip;

Skills: Microsoft Office, Business development, Computer networking, B2B, Communication skills",Glassdoor
Business Development Executive (Sales Representative),pratham venture solutions,India,N/A,"https://www.glassdoor.co.in/job-listing/business-development-executive-sales-representative-pratham-venture-solutions-JV_KO0,51_KE52,77.htm?jl=1010168533075",N/A,,"Total Bond Period: 9 months (includes 3-month training). You will generate leads, build client relationships, and grow business through online outreach, cold…&hellip;

Skills: Sales, English, Computer skills, Hindi, Communication skills",Glassdoor
Business Development Executive (Inside Sales),Oda Class - Pigeon Education India Pvt ltd,Bengaluru,N/A,"https://www.glassdoor.co.in/job-listing/business-development-executive-inside-sales-oda-class-pigeon-education-india-pvt-ltd-JV_IC2940587_KO0,43_KE44,84.htm?jl=1010227202408",N/A,,"⬛ *Educate & Consult: *Highlight the importance of structured education and missed opportunities. ◆ *Mindset: *Target-driven, proactive, and customer-focused.&hellip;

Skills: CRM software, Pricing, Microsoft Excel, English, Business development",Glassdoor
Field Sales Representative,GSL Energy Solutions Pvt. Ltd.,Thrissur,N/A,"https://www.glassdoor.co.in/job-listing/field-sales-representative-gsl-energy-solutions-pvt-ltd-JV_IC2867866_KO0,26_KE27,55.htm?jl=1010263686625",https://www.gslenergy.in,,"1–5 years of experience in field sales, B2B sales, or business development. Knowledge of MS Office and CRM tools is an added advantage.&hellip;

Skills: CRM software, Sales, Field sales, Microsoft Office, Business development",Glassdoor
Medical Representative (MR),Quality Innovations and Pharmaceuticals( India) Pvt Ltd,Pathanāmthitta,N/A,"https://www.glassdoor.co.in/job-listing/medical-representative-mr-quality-innovations-and-pharmaceuticals-india-pvt-ltd-JV_IC2888174_KO0,25_KE26,79.htm?jl=1010234758048",N/A,,"Develop and implement territory business plans to achieve or exceed sales targets. Keep up-to-date with the latest clinical data and new product developments to…&hellip;

Skills: Sales, Customer service, Field sales, Medical sales, Organisational skills",Glassdoor
Business Development Executive,INVISION PHARMA LIMITED,Bengaluru,N/A,"https://www.glassdoor.co.in/job-listing/business-development-executive-invision-pharma-limited-JV_IC2940587_KO0,30_KE31,54.htm?jl=1010189047970",https://www.invisionpharma.com,,"We need an enthusiastic individual who can listen to customer service issues and then offer a unique and innovative solution to each problem.&hellip;

Skills: Sales support, English, Digital marketing, Kannada, Hindi",Glassdoor
Business Development Officer (BDO) / Business Development Executive,Agilus Diagnostics,Kollam,N/A,"https://www.glassdoor.co.in/job-listing/business-development-officer-bdo-business-development-executive-agilus-diagnostics-JV_IC2868855_KO0,63_KE64,82.htm?jl=1010070038179",https://www.agilusdiagnostics.com,,"E) Attend professional complaints of the patients, doctors, Hospitals and Laboratories and take remedial measures for the improvement of the situation and your…&hellip;",Glassdoor
Business Development Officer,Agilus Diagnostics,Kollam,N/A,"https://www.glassdoor.co.in/job-listing/business-development-officer-agilus-diagnostics-JV_IC2868855_KO0,28_KE29,47.htm?jl=1009896087032",https://www.agilusdiagnostics.com,,"E) Attend professional complaints of the patients, doctors, Hospitals and Laboratories and take remedial measures for the improvement of the situation and your…&hellip;

Skills: Sales, Customer service, Field sales, English, Business development",Glassdoor
Sales Engineer – Aerospace & defense,Rohde & Schwarz,Delhi,N/A,"https://www.glassdoor.co.in/job-listing/sales-engineer-aerospace-defense-rohde-schwarz-JV_KO0,32_KE33,46.htm?jl=1009955480537",https://www.rohdeschwarz.in,,"Bachelor / Master in Electronics Engineering & Communications / RF & Microwave or equivalent course of studies. Allowance for home office equipment.&hellip;

Skills: Sales, Procurement, Project management, Cybersecurity, Communication skills",Glassdoor
Sales Engineer | Cyber Security,CODEC Networks,India,N/A,"https://www.glassdoor.co.in/job-listing/sales-engineer-cyber-security-codec-networks-JV_KO0,29_KE30,44.htm?jl=1007139393719",https://www.codecnetworks.com,,"Shall work as company's representative for client interaction, performed market research to prospect the target markets, prepared case studies, presentations,…&hellip;

Skills: Software development, Cybersecurity",Glassdoor
"Senior Solutions Engineer, Post Sales","NTT Global Data Centers Americas, Inc.",Mumbai,N/A,"https://www.glassdoor.co.in/job-listing/senior-solutions-engineer-post-sales-ntt-global-data-centers-americas-inc-JV_IC2851180_KO0,36_KE37,73.htm?jl=1010257603893",N/A,,"The position for Senior Solutions Engineer – Post Sales provides technical support to all INDIA Region Solutions Engineering activities and is responsible for…&hellip;

Skills: Microsoft Powerpoint, AutoCAD, Sales support, Bluebeam, Microsoft Outlook",Glassdoor
Sales Development Representative,Void Studios,Remote,N/A,"https://www.glassdoor.co.in/job-listing/sales-development-representative-void-studios-JV_KO0,32_KE33,45.htm?jl=1010195426947",https://www.voidstudios.io,,"Your primary responsibility will be executing outbound cold calls, introducing our solutions, qualifying prospects, and generating high-quality leads and…&hellip;

Skills: Sales, English, Hindi, Telemarketing",Glassdoor
INTERNATIONAL SALES ENGINEER,N2S Technologies,India,N/A,"https://www.glassdoor.co.in/job-listing/international-sales-engineer-n2s-technologies-JV_KO0,28_KE29,45.htm?jl=1007877524376",https://www.n2s.in,,"Acting as the main and key resource for generating maximum revenue. Focuses on sales targets by developing new business opportunities, troubleshooting customer…&hellip;

Skills: Microsoft Powerpoint, Microsoft Word, Microsoft Excel, Sales, Microsoft Office",Glassdoor
Sales Development Representative,SHURU TECHNOLOGIES PRIVATE LIMITED,Remote,N/A,"https://www.glassdoor.co.in/job-listing/sales-development-representative-shuru-technologies-private-limited-JV_KO0,32_KE33,67.htm?jl=1010251803384",https://www.shuru.io,,"3–5 years of SDR experience in the B2B IT services industry, preferably targeting international markets. Pay: ₹9,106.23 - ₹80,000.00 per month.&hellip;

Skills: Salesforce, Research, SQL, B2B, Communication skills",Glassdoor
"Presales, Systems Engineer",Hewlett Packard Enterprise | HPE,India,N/A,"https://www.glassdoor.co.in/job-listing/presales-systems-engineer-hewlett-packard-enterprise-hpe-JV_KO0,25_KE26,56.htm?jl=1010263882735",N/A,,"We have become aware of an increase in fraudulent recruitment activities in which individuals impersonate our company or authorized recruitment agencies to…&hellip;

Skills: TCP, Data centre experience, Computer networking, Communication skills, Pre-sales",Glassdoor
"Senior Solutions Engineer, Post Sales",Sourceo,Mumbai,N/A,"https://www.glassdoor.co.in/job-listing/senior-solutions-engineer-post-sales-sourceo-JV_IC2851180_KO0,36_KE37,44.htm?jl=1010259024774",https://www.sourceo.io,,"The position for Senior Solutions Engineer – Post Sales provides technical support to all INDIA Region Solutions Engineering activities and is responsible for…&hellip;

Skills: Microsoft Powerpoint, AutoCAD, Sales support, Bluebeam, Microsoft Outlook",Glassdoor
Business Development Representative (Enterprise Software sale specialist),Gadiel Technologies Pvt Ltd,Pune,N/A,"https://www.glassdoor.co.in/job-listing/business-development-representative-enterprise-software-sale-specialist-gadiel-technologies-pvt-ltd-JV_IC2856202_KO0,71_KE72,99.htm?jl=1010205477020",https://www.gadiel.com,,"2–3 years of proven field sales or B2B SaaS/software sales experience with consistent quota achievement. The role is for an Enterprise Software Sales Specialist…&hellip;

Skills: Sales, Enterprise Software, Salesforce, Upselling, Field sales",Glassdoor
"Senior Engineer, Sales",Danfoss,Ahmedabad,N/A,"https://www.glassdoor.co.in/job-listing/senior-engineer-sales-danfoss-JV_IC2935226_KO0,21_KE22,29.htm?jl=1010235586166",https://www.danfoss.com,,"If this role excites you, we’d love to hear from you! to start the conversation and learn more about where your career can go with us. The Impact You'll Make.&hellip;

Skills: CRM software, English, Local language, Business development, B2B sales",Glassdoor
Sales Development Representative,Voicera Analytics Pvt Ltd,India,N/A,"https://www.glassdoor.co.in/job-listing/sales-development-representative-voicera-analytics-pvt-ltd-JV_KO0,32_KE33,58.htm?jl=1010258617317",N/A,,"This is short event-based project that we are conducting in Malaysia and would be an overall involvement of approximate 30 hours in 2 weeks.&hellip;

Skills: CRM software, Sales, Salesforce, Telemarketing",Glassdoor
Sales Development Representative,scalereal,Remote,N/A,"https://www.glassdoor.co.in/job-listing/sales-development-representative-scalereal-JV_KO0,32_KE33,42.htm?jl=1010094151958",https://www.scalereal.com,,"Freedom to implement and follow industry best practices. The ability to understand the business and technical drivers behind the IT service’s acquisition and…&hellip;

Skills: Microsoft Excel, Communication skills",Glassdoor
Phone Sales Representative (Inside Sales | Lead Conversion | Revenue Growth),Digital Brand Co-pilot,Remote,N/A,"https://www.glassdoor.co.in/job-listing/phone-sales-representative-inside-sales-lead-conversion-revenue-growth-digital-brand-co-pilot-JV_KO0,70_KE71,93.htm?jl=1010174999868",N/A,,"1–3 years of experience in inside sales, telesales, business development, or customer acquisition. Share an example of a difficult sale you successfully closed.&hellip;

Skills: Microsoft Excel, Sales, Upselling, English, Local language",Glassdoor
Sales Development Representative : UK/US,Qressy,India,N/A,"https://www.glassdoor.co.in/job-listing/sales-development-representative-uk-us-qressy-JV_KO0,38_KE39,45.htm?jl=1010234576275",https://www.qressy.com,,"As an SDR, you will be responsible for identifying potential customers, generating new business opportunities, and managing leads through the sales pipeline.&hellip;

Skills: Cold calling, Sales, Lead generation, B2B sales, Communication skills",Glassdoor
Sales Development Representative,DronaHQ,India,N/A,"https://www.glassdoor.co.in/job-listing/sales-development-representative-dronahq-JV_KO0,32_KE33,40.htm?jl=1007854085492",https://www.dronahq.com,,"As a Sales Development Representative, you will be seeking new business by contacting and developing relationships with our prospective customers.&hellip;

Skills: Analysis skills, B2B, ISO 27001, Communication skills",Glassdoor
Sales Development Representative,Snowflake,Pune,N/A,"https://www.glassdoor.co.in/job-listing/sales-development-representative-snowflake-JV_IC2856202_KO0,32_KE33,42.htm?jl=1010176165800",https://www.snowflake.com,,"You don’t just use tools; you possess an innate curiosity, treating AI as a high-trust collaborator that is core to how you solve problems and accelerate your…&hellip;

Skills: Computer science, ERP systems, Databases, SQL, Quality assurance",Glassdoor
Sales Development Representative,Nvizion Solutions Inc.,Remote,N/A,"https://www.glassdoor.co.in/job-listing/sales-development-representative-nvizion-solutions-inc-JV_KO0,32_KE33,54.htm?jl=1010255200198",https://www.nvizion.ai,,"Good to very good industry connects (esp. in Informatica, Stibo, Syndigo sales teams, customers, partners etc.). Acquire at least 4-6 top logos in a year.&hellip;

Skills: Data management, Manufacturing, Informatica, Master data management",Glassdoor
Sales Development Representative: : 1-3 Years,CloudVandana,India,N/A,"https://www.glassdoor.co.in/job-listing/sales-development-representative-13-years-cloudvandana-JV_KO0,41_KE42,54.htm?jl=1010228305923",https://www.cloudvandana.com,,"Daily responsibilities also include meeting activity and pipeline targets, nurturing early-stage leads, and continuously improving product and industry…&hellip;

Skills: CRM software, Sales, Salesforce, Lead generation, Research",Glassdoor
Sales Development Representative (SDR),Techbiz Global,Delhi,N/A,"https://www.glassdoor.co.in/job-listing/sales-development-representative-sdr-techbiz-global-JV_KO0,36_KE37,51.htm?jl=1009790850250",N/A,,"2 years of experience as an SDR or in a similar client-facing role. Report weekly sales metrics and performance goals to the sales team and management.&hellip;

Skills: Google Suite, English, Communication skills",Glassdoor
Sales Development Representative – India,Civo,Remote,N/A,"https://www.glassdoor.co.in/job-listing/sales-development-representative-india-civo-JV_KO0,38_KE39,43.htm?jl=1010107705025",https://www.civo.com,,"Be an active part of the team sharing best practices and participating in projects to improve our team. Consistently meet lead generation targets within the…&hellip;

Skills: CRM software, Cloud infrastructure, Kubernetes, Salesforce, Lead generation",Glassdoor
Senior Manager - Software Sales,Schneider Electric,Mumbai,N/A,"https://www.glassdoor.co.in/job-listing/senior-manager-software-sales-schneider-electric-JV_IC2851180_KO0,29_KE30,48.htm?jl=1010189474653",https://www.schneiderelectric.in,,"Collaborative approach to working with internal teams and external partners to deliver tailored solutions. Build and close sales of high-value digital solutions…&hellip;

Skills: English, Presentation skills",Glassdoor
Sales Development Representative,Modist Global,India,N/A,"https://www.glassdoor.co.in/job-listing/sales-development-representative-modist-global-JV_KO0,32_KE33,46.htm?jl=1010257292674",https://www.modistglobal.com,,"We provide end-to-end operational infrastructure including international logistics, regulatory compliance, payment reconciliation, marketplace management, and…&hellip;

Skills: CRM software, Sales, Salesforce, Lead generation, B2B sales",Glassdoor
Sales Development Representative (SDR),SalesUP,Remote,N/A,"https://www.glassdoor.co.in/job-listing/sales-development-representative-sdr-salesup-JV_KO0,36_KE37,44.htm?jl=1010165428552",https://www.salesup.com,,"Identify customer requirements and qualify leads based on project criteria. Confidence in handling outbound sales and customer conversations.&hellip;

Skills: CRM software, Sales, Customer service, Lead generation, English",Glassdoor
Senior Sales Development Representative,Foundever,India,N/A,"https://www.glassdoor.co.in/job-listing/senior-sales-development-representative-foundever-JV_KO0,39_KE40,49.htm?jl=1010260042526",https://www.foundever.com,,"Inbound-only/customer service/consumer sales does not count. (US/Canada version) Support industry events and follow-up; travel as needed.&hellip;

Skills: Salesforce, English, Communication skills",Glassdoor
Sales Development Representative,Agara,Bengaluru,N/A,"https://www.glassdoor.co.in/job-listing/sales-development-representative-agara-JV_IC2940587_KO0,32_KE33,38.htm?jl=1006962446587",https://www.agara.com,,"Benefits, case studies and KPIs as required. Proactively research industry and company trends, seek and look out new business opportunities in global.&hellip;

Skills: Sales, Enterprise Software, B2B, B2B sales, Communication skills",Glassdoor
Sales Engineer (m/f/x),Beckhoff Automation,Chennai,N/A,"https://www.glassdoor.co.in/job-listing/sales-engineer-mfx-beckhoff-automation-JV_IC2833209_KO0,18_KE19,38.htm?jl=1010171478917",https://www.beckhoffautomation.com,,"Develop sales with OEM and end user customer accounts using appropriate product solutions. Successfully build relationships with current customer base and…&hellip;

Skills: Windows, Microsoft Office, Organisational skills, Communication skills",Glassdoor
Inside Sales Representative – Manufacturing Software Solutions,CADONE SOLUTIONS PRIVATE LIMITED,Coimbatore,N/A,"https://www.glassdoor.co.in/job-listing/inside-sales-representative-manufacturing-software-solutions-cadone-solutions-private-limited-JV_IC2836047_KO0,60_KE61,93.htm?jl=1010250394029",https://www.cadone.com,,"The role involves promoting solutions such as Autodesk CAM products, production monitoring software, asset tracking solutions, quality inspection software,…&hellip;

Skills: CNC programming, Mechanical engineering, Internet of things, Sales, CAD",Glassdoor
Sales Development Representative (SDR) Apprentice,XenonStack,India,N/A,"https://www.glassdoor.co.in/job-listing/sales-development-representative-sdr-apprentice-xenonstack-JV_KO0,47_KE48,58.htm?jl=1009865383435",https://www.xenonstack.com,,"Interest in B2B technology sales and customer engagement. Duration: Minimum 6 months (full-time). Qualify inbound and outbound leads for sales readiness.&hellip;

Skills: Communication skills",Glassdoor
Sales Development Representative- US Market,ViTWO,Calcutta,N/A,"https://www.glassdoor.co.in/job-listing/sales-development-representative-us-market-vitwo-JV_IC2901633_KO0,42_KE43,48.htm?jl=1010261037724",https://www.vitwo.ai,,"Are you comfortable working a night shift (9:00 PM – 6:00 AM IST)? Comply with *CAN-SPAM* in email outreach - accurate headers and subject lines, physical…&hellip;

Skills: Outbound sales, Sales, Salesforce, NetSuite, QuickBooks",Glassdoor
Sales Development Representative - SaaS Sales,i4 Consulting,Bengaluru,N/A,"https://www.glassdoor.co.in/job-listing/sales-development-representative-saas-sales-i4-consulting-JV_IC2940587_KO0,43_KE44,57.htm?jl=1010257962815",https://www.i4consulting.com,,"Work cross-functionally with marketing, product teams, and inside sales in order to drive revenue. Initiating first level contact with existing leads in CRM…&hellip;",Glassdoor
Presales System Engineer - Networking,Hewlett Packard Enterprise | HPE,Gurgaon,N/A,"https://www.glassdoor.co.in/job-listing/presales-system-engineer-networking-hewlett-packard-enterprise-hpe-JV_IC2921225_KO0,35_KE36,66.htm?jl=1010187491653",N/A,,"We have become aware of an increase in fraudulent recruitment activities in which individuals impersonate our company or authorized recruitment agencies to…&hellip;

Skills: TCP, Data centre experience, Computer networking, Design thinking, Financial acumen",Glassdoor
Sales Development Representative (SDR) - US Market,FloData Analytics,Remote,N/A,"https://www.glassdoor.co.in/job-listing/sales-development-representative-sdr-us-market-flodata-analytics-JV_KO0,46_KE47,64.htm?jl=1010251601328",https://www.flodataanalytics.com,,"Qualify leads and schedule meetings for further discussions. FloData Analytics is looking for a confident and proactive Sales Development Representative (SDR)…&hellip;

Skills: Sales, Lead generation, English, B2B sales, Software development",Glassdoor
Sales Development Representative,DocHipo,Remote,N/A,"https://www.glassdoor.co.in/job-listing/sales-development-representative-dochipo-JV_KO0,32_KE33,40.htm?jl=1009486047013",https://www.dochipo.com,,"In this role, you will drive customer acquisition and revenue growth by targeting mid-sized to large businesses.&hellip;

Skills: Graphic design, Product development, Product demos, Enterprise sales, SaaS",Glassdoor
Sales Engineer 1,SOTI,Remote,N/A,"https://www.glassdoor.co.in/job-listing/sales-engineer-1-soti-JV_KO0,16_KE17,21.htm?jl=1010124743729",https://www.soti.com,,"Educate on and facilitate SOTI solutions that can effectively address business and technical outcomes, positioning business value to customer organizations'…&hellip;

Skills: SSO, Incident management, Multilingual, Customer service, Enterprise Software",Glassdoor
Sales Development Representative (SDR) - India/ US Market,Salescode,India,N/A,"https://www.glassdoor.co.in/job-listing/sales-development-representative-sdr-india-us-market-salescode-JV_KO0,52_KE53,62.htm?jl=1009608088930",https://www.salescode.in,,"Experience in delivering client-focused solutions based on customer needs. Proven experience building excellent client relationships, offering value-added,…&hellip;

Skills: Sales, Lead generation, Business development, Customer relationship management, Marketing automation",Glassdoor
Business Development Engineer,Gamma Technologies Inc.,India,N/A,"https://www.glassdoor.co.in/job-listing/business-development-engineer-gamma-technologies-inc-JV_KO0,29_KE30,52.htm?jl=1010236458788",https://www.gamma.com,,"This position requires an individual with strong verbal and written communication skills and a demonstrated track record of driving growth by selling a complex…&hellip;

Skills: MATLAB, Salesforce, Microsoft Office, B2B sales, Product demos",Glassdoor
Sales Development Representative,Onelab Ventures,India,N/A,"https://www.glassdoor.co.in/job-listing/sales-development-representative-turnkey-tech-solutions-JV_KO0,32_KE33,55.htm?jl=1010240466294",https://www.onelabventures.com,,"If you are proactive, thrive in a target-driven environment, and excel at translating technical value into clear business ROI for decision-makers, we’d love to…&hellip;

Skills: Salesforce, Business development, B2B, B2B sales, Product demos",Glassdoor
Sales Development Representative (Upwork),VT Netzwelt Pvt. Ltd.,Mohali,N/A,"https://www.glassdoor.co.in/job-listing/sales-development-representative-upwork-vt-netzwelt-pvt-ltd-JV_IC4469455_KO0,39_KE40,59.htm?jl=1010205456206",https://www.vtnetzwelt.com,,"Ability to understand client requirements and respond with relevant, client-focused solutions. Experience working with international clients.&hellip;

Skills: Web development, Mobile applications, Magento, Lead generation, AI",Glassdoor
Sr. Outbound Sales Development Representative,MNJ Software,India,N/A,"https://www.glassdoor.co.in/job-listing/sr-outbound-sales-development-representative-mnj-software-JV_KO0,44_KE45,57.htm?jl=1007738788572",https://www.mnjsoftware.com,,"Employees are required to have flexibility to work any of our 9-hour shift schedules during our normal business hours of (6am - 10pm IST) or (6pm to 6am IST).&hellip;

Skills: Outbound sales, Sales, English, Administrative experience, Analysis skills",Glassdoor
Sales Development Representative,AMETEK,India,N/A,"https://www.glassdoor.co.in/job-listing/sales-development-representative-ametek-JV_KO0,32_KE33,39.htm?jl=1010206796366",https://www.ametek.com,,"Minimum 2-3 years of relevant experience in business development or B2B sales including lead generation and cold calling within an international company.&hellip;

Skills: Sales, Salesforce, Lead generation, Field sales, Business development",Glassdoor
"EverPro - Sales Development Representative (Remote, US)",EverCommerce,Remote,2026-08-13,https://www.indeed.com/viewjob?jk=99b60fba4de1ce8e,https://www.evercommerce.com,,"Proactively initiate outbound conversations with small businesses to create new sales opportunities.
Continuously improve your sales skills through repetition,…",Indeed
Sales Development Representative,LogRocket,"Boston, MA 02110",2026-09-12,https://www.indeed.com/viewjob?jk=3e85476c55da90f3,https://www.logrocket.com,,"Generate qualified opportunities for the commercial sales team to convert and close.
We're solving a huge challenge for product managers and developers -…",Indeed
Sales Development Representative,ACBJ,"Philadelphia, PA 19106",2026-09-06,https://www.indeed.com/viewjob?jk=6914bd9f79dd786c,N/A,,"Book qualified product demos for our regional sales team.
Genuine interest in sales, fintech, and financial services.",Indeed
Sales Development Representative (Inbound),Simpplr,"Redwood City, CA",2026-09-08,https://www.indeed.com/viewjob?jk=fbe06a97d0ed444f,https://www.simpplr.com,,"Have an interest in sales, a sales background, or 0-6 months of SDR experience.
Achieve monthly quotas of sales accepted opportunities and sales qualified…",Indeed
Enterprise Sales Development Representative (xDR),Cerby,Remote,2026-08-13,https://www.indeed.com/viewjob?jk=d73adea8086f60f2,https://www.cerby.com,,"Participate in regular coaching, role plays, and skill development sessions.
You contribute meaningful pipeline via outbound prospecting to support the sales…",Indeed
Sales Development Representative,Eightfold.AI,"New York, NY",2026-08-25,https://www.indeed.com/viewjob?jk=d75bc1661e0d9176,N/A,,"6+ months of sales or related experience, but we’ll consider candidates looking to start their first sales role.
Bachelor's degree or relevant experience.",Indeed
Sales Development Representative,LiveRamp,"New York, NY",2026-08-13,https://www.indeed.com/viewjob?jk=63874275fd434517,https://www.liveramp.com,,"Manage top of funnel sales process.
The Sales Development team is the glue between marketing and sales, responsible for carrying the baton from marketing lead…",Indeed
Sales Development Representative,Avoca,"New York, NY 10003",2026-08-13,https://www.indeed.com/viewjob?jk=d5fd64f4b494f975,https://www.avoca.com,,"1-3 years in an SDR, BDR, or outbound sales role, ideally at a high-growth startup.
Avoca is transforming how home service companies engage with their customers…",Indeed
Customer Service Representative,Confidential,"Eagan, MN 55123",2026-08-16,https://www.indeed.com/viewjob?jk=eb1d9ec67c6f3f57,N/A,,"Basic understanding of technology sales or technical sales concepts is beneficial but not mandatory.
Strong negotiation skills with a proactive attitude toward…",Indeed
Call Center Representative,RDI Corporation,"Blue Ash, OH 45242",2026-09-08,https://www.indeed.com/viewjob?jk=8a4e59eb1446bb55,https://www.rdi.in,,"Previous experience in outbound sales, inside sales, appointment setting, or a high-volume call center preferred.",Indeed
Full Time - Call Center Representative,AHT Wisconsin Windows,"Clintonville, WI 54929",2026-08-25,https://www.indeed.com/viewjob?jk=125d2b6e160d025e,https://www.ahtwisconsinwindows.com,,"Ongoing coaching and professional development.
No experience is required—we provide complete paid training and ongoing coaching so you can excel from day one.",Indeed
Call Center Representative - Career Growth,EchoStar,"Roseland, NJ 07068",2026-08-25,https://www.indeed.com/viewjob?jk=b674a4e91ab997de,https://www.echostar.com,,"Unshakable Grit & Money Motivation: Tenacious drive to negotiate, re-evaluate customer needs, and close retention sales to maximize your commission checks.",Indeed
Sales Development Representative,Ericsson,"Plano, TX",2026-09-09,https://www.indeed.com/viewjob?jk=e21c7c04473b2982,https://www.ericsson.com,,"Your work will directly fuel our sales engine and open doors for customers to experience the power of LTE and 5G.
Relocation is not offered for this position.",Indeed
Business Development Representative,Syndic8 DMS,"Boston, MA 02111",2026-08-13,https://www.indeed.com/viewjob?jk=23f882e3613a9475,https://www.syndic8dms.com,,"Are familiar with the sales process for enterprise SaaS.
Have experience with sales tools such as HubSpot or SalesForce.",Indeed
Inside Sales Representative / Strategic Account Manager (Electronics Experience Preferred),Velocity Electronics,"Austin, TX 78758",2026-08-13,https://www.indeed.com/viewjob?jk=eb7f3ab962a7417d,https://www.velocityelectronics.com,,2+ years of experience in sales or business development (Preferably within the electronic components industry but not required).,Indeed
Sales Account Manager,Confidential,"Tulsa, OK 74108",2026-09-12,https://www.indeed.com/viewjob?jk=ed2b41fed4342c47,N/A,,"Achieve or exceed individual sales quotas by executing strategic account management and outside/inside sales techniques.
B2B sales: 5 years (Required).",Indeed
Sales Development Representative,Roger Healthcare,"San Francisco, CA",2026-08-13,https://www.indeed.com/viewjob?jk=2c99c66a9297a178,https://www.rogerhealthcare.com,,"Outbound Prospecting: Drive high-impact campaigns through phone, email, and LinkedIn to connect with home healthcare decision-makers.",Indeed
Sales Development Representative,Harvey,"San Francisco, CA 94102",2026-08-13,https://www.indeed.com/viewjob?jk=b633c7e1946a8f20,https://www.harvey.ai,,"1-2+ years of experience in a fast-growing startup, preferably in sales development or project management.
Source new sales opportunities through inbound and…",Indeed
Sales Development Representative,Overdryve Inc,"Sunnyvale, CA 94085",2026-09-12,https://www.indeed.com/viewjob?jk=8cafd1972fcdb266,N/A,,"Experience in sales development, lead generation, SaaS, and marketing is required.
Moving into an AE or sales leadership position creates a significantly larger…",Indeed
Outbound Sales Specialist,Advantage Tech,"Overland Park, KS 66211",2026-09-12,https://www.indeed.com/viewjob?jk=10833a28c11aaab0,https://www.advantage.com,,"2+ years of experience in outbound sales, merchant management, customer success, or account management.
This short-term contract outbound sales role focuses on…",Indeed
Sales Development Representative,Rundoo,United States,2026-08-13,https://www.indeed.com/viewjob?jk=dc3fed7889154abf,https://www.rundoo.ai,,"Maintain professionalism and provide excellent customer service throughout the entire sales journey.
I studied Supply Chain Management at Michigan State…",Indeed
Sales Development Representative - Americas,Sparta,"Houston, TX",2026-08-23,https://www.indeed.com/viewjob?jk=1a966c9830c8a128,https://www.sparta.com,,"Partner with marketing and sales.
We want someone who can land in week one, build a plan, and start booking meetings that move the business forward.",Indeed
Sales Development Representative,ZeroFOX,"Baltimore, MD 21230",2026-09-07,https://www.indeed.com/viewjob?jk=8a36e2a0a8c7869b,https://www.zerofox.com,,"1–2 years of B2B sales, SDR, or business development experience.
Exposure to Outreach, SalesLoft, ZoomInfo, or similar sales engagement tools.",Indeed
Sales Development Representative,SocialFind,Bengaluru,2026-08-29,https://www.jobleads.com/in/job/sales-development-representative--bengaluru--e0ba5689a4b657b2ce0339c86db3b9da2,https://www.socialfind.com,,"Work Setting: On-site | Salary: INR 300,000 - 400,000",JobLeads
Sales Development Representative,Simplilearn,Bengaluru,2026-08-30,https://www.jobleads.com/in/job/sales-development-representative--bengaluru--e3c220f7fdbfd614d39d235028b7f5668,https://www.simplilearn.com,,"Work Setting: On-site | Salary: INR 500,000 - 700,000",JobLeads
Sales Development Representative,Botree Software,"Gurugram District, Chennai District, Bengaluru",2026-08-29,https://www.jobleads.com/in/job/sales-development-representative--gurugram-district--chennai-district--bengaluru--e679f162a4565c15d9abd1320a469d6b5,https://www.botreesoftware.com,,"Work Setting: On-site | Salary: INR 600,000 - 900,000",JobLeads
Sales Development Representative (SDR),Xoxoday,Bengaluru,2026-08-29,https://www.jobleads.com/in/job/sales-development-representative-sdr--bengaluru--ec5e07554203f9f0de893d47dcc790150,https://www.xoxoday.com,,"Work Setting: On-site | Salary: INR 500,000 - 700,000",JobLeads
Sales Development Representative,Juddoc,Bengaluru,2026-08-29,https://www.jobleads.com/in/job/sales-development-representative--bengaluru--e79168bb8f555d706cd31b4971b89e0b0,https://www.juddoc.com,,"Work Setting: Hybrid | Salary: INR 400,000 - 800,000",JobLeads
Sales Development Representative,GreedyGame,Bengaluru,2026-08-29,https://www.jobleads.com/in/job/sales-development-representative--bengaluru--e28cc45fcb37242f546b271b37660cf6e,https://www.greedygame.com,,"Work Setting: Hybrid | Salary: INR 600,000 - 900,000",JobLeads
Sales Development Rep Analyst,Accenture,Bengaluru,2026-08-29,https://www.jobleads.com/in/job/sales-development-rep-analyst--bengaluru--e09f3fdb21b351cc6db17ba2eb6c694e7,https://www.accenture.com,,"Work Setting: On-site | Salary: INR 600,000 - 900,000",JobLeads
Sales Development Rep Senior Analyst,Accenture,Bengaluru,2026-08-29,https://www.jobleads.com/in/job/sales-development-rep-senior-analyst--bengaluru--ecb76076fb2e8640abec75aba2475ac7b,https://www.accenture.com,,"Work Setting: On-site | Salary: INR 700,000 - 1,000,000",JobLeads
Sales Development Representative,ClearTax for Business,Bengaluru,2026-09-09,https://www.jobleads.com/in/job/sales-development-representative--bengaluru--ee025f6fe1740d034102ff3aa056e8d37,https://www.cleartax.in,,"Work Setting: On-site | Salary: INR 600,000 - 1,100,000",JobLeads
Sales Development Representative,Appopen Technologies,Bengaluru,2026-09-05,https://www.jobleads.com/in/job/sales-development-representative--bengaluru--e230ff616d84db2809904a06fe4affbdc,https://www.appopen.io,,"Work Setting: Hybrid | Salary: INR 400,000 - 640,000",JobLeads
Sales Development Representative,DevRev,Bengaluru,2026-08-29,https://www.jobleads.com/in/job/sales-development-representative--bengaluru--edd50acd867b6cf847b61bd0f30f05678,https://www.devrev.com,,"Work Setting: On-site | Salary: INR 450,000 - 650,000",JobLeads
Sales Development Representative,Ginger Media Group,Bengaluru,2026-08-29,https://www.jobleads.com/in/job/sales-development-representative--bengaluru--eb7778f339671393a35efc9f053f70cd7,https://www.gingermedia.net,,"Work Setting: On-site | Salary: INR 500,000 - 800,000",JobLeads
Sales Development Representative SDR,Invisia,Bengaluru,2026-09-01,https://www.jobleads.com/in/job/sales-development-representative-sdr--bengaluru--eb1ca458d84dc46d86820e756e8a79e8c,https://www.invisia.com,,"Work Setting: On-site | Salary: INR 350,000 - 700,000",JobLeads
Sales Development Representative - IT Services,AVE Promagne,"Mumbai, New Delhi, Bengaluru",2026-08-29,https://www.jobleads.com/in/job/sales-development-representative-it-services--mumbai--new-delhi--bengaluru--e05001e09327c1554992847dd02e1b094,N/A,,"Work Setting: On-site | Salary: INR 250,000 - 380,000",JobLeads
Business Development Representative,Yourdost,Bengaluru,2026-08-29,https://www.jobleads.com/in/job/business-development-representative--bengaluru--ea407f7632b88ee9063ec6f5f844669b5,https://www.yourdost.com,,"Work Setting: On-site | Salary: INR 350,000 - 520,000",JobLeads
Sales Development Representative,Shopalyst,Bengaluru,2026-08-29,https://www.jobleads.com/in/job/sales-development-representative--bengaluru--e5bd17723e1b78fd7e83c39a17bdecfa4,https://www.shopalyst.com,,"Work Setting: On-site | Salary: INR 600,000 - 900,000",JobLeads
Inside Sales Representative-Sales Development Representative,CSC,Electronic City,2026-08-29,https://www.jobleads.com/in/job/inside-sales-representative-sales-development-representative--electronic-city--e9df5a5557c5f9af1d6a09276e7791123,https://www.csc.com,,"Work Setting: Hybrid | Salary: INR 600,000 - 900,000",JobLeads
Business Development Representative,Manatal,Bengaluru,2026-08-29,https://www.jobleads.com/in/job/business-development-representative--bengaluru--e94ab0717ea4a453d8db9c5ccdd9bee01,https://www.manatal.com,,"Work Setting: On-site | Salary: INR 600,000 - 800,000",JobLeads
Sales Development Representative (SDR),Aekot,Bengaluru,2026-08-29,https://www.jobleads.com/in/job/sales-development-representative-sdr--bengaluru--e6a92fb93c25cdd804a4df342137bc5ce,https://www.aekot.com,,"Work Setting: On-site | Salary: INR 300,000 - 600,000",JobLeads
Sales Development Representative,Engati,Bengaluru,2026-08-29,https://www.jobleads.com/in/job/sales-development-representative--bengaluru--ebbc1d1643a0b15f0c7e5edf721148c12,https://www.engati.in,,"Work Setting: On-site | Salary: INR 600,000 - 800,000",JobLeads
Sales Development Representative (SDR)- USA shift,Giift Inc.,Bengaluru,2026-08-29,https://www.jobleads.com/in/job/sales-development-representative-sdr-usa-shift--bengaluru--e9bbfc58c141e98badf2a55cb3448ab71,https://www.giift.org,,"Work Setting: Hybrid | Salary: INR 600,000 - 800,000",JobLeads
Sales Development Representative (SDR),TripleDart,Extended B2B SaaS Growth Team,2026-08-29,https://www.jobleads.com/in/job/sales-development-representative-sdr--bengaluru--ef0f32c91ba9149d0e11e2b17b105bf30,https://www.tripledart.com,,"Work Setting: On-site | Salary: INR 600,000 - 1,200,000",JobLeads
Sales Development Rep Analyst,Accenture in India,Bengaluru,2026-08-29,https://www.jobleads.com/in/job/sales-development-rep-analyst--bengaluru--e98ea0e9e166a60e9cc7c2c6a0b82255f,https://www.accenture.com,,"Work Setting: On-site | Salary: INR 600,000 - 1,200,000",JobLeads
Sales Development Representative,Branofy,Bengaluru,2026-09-04,https://www.jobleads.com/in/job/sales-development-representative--bengaluru--e879ba6517921f1d6dd3ebd17fd23614c,https://www.branofy.com,,"Work Setting: On-site | Salary: INR 600,000 - 900,000",JobLeads
Sales Development Representative,Volody,Bengaluru,2026-09-12,https://www.jobleads.com/in/job/sales-development-representative--bengaluru--ec0e14b6b1b9bce5398cc00fe20e8b309,https://www.volody.com,,"Work Setting: On-site | Salary: INR 350,000 - 540,000",JobLeads
Sales Development Representative - Outbound,Peoplebox.ai,Bengaluru,2026-08-29,https://www.jobleads.com/in/job/sales-development-representative-outbound--bengaluru--e8f3b8d8679f9913595573aee250d96ac,https://www.peopleboxai.com,,"Work Setting: On-site | Salary: INR 2,759,000 - 4,600,000",JobLeads
Sales Representative,Swastiks,Bengaluru,2026-08-29,https://www.jobleads.com/in/job/sales-representative--bengaluru--ed38ee6e78eb864606c6be432f0a547bb,https://www.swastiks.com,,"Work Setting: On-site | Salary: INR 300,000 - 600,000",JobLeads
Business Development Representative BY F,NoBroker,Bengaluru,2026-08-29,https://www.jobleads.com/in/job/business-development-representative-by-f--bengaluru--e1e55bf78139fae3ea8940c6c5e63a7cb,https://www.nobroker.com,,"Work Setting: On-site | Salary: INR 500,000 - 800,000",JobLeads
Sales Development Representative (SMB Account Growth Focus),Zain Group,Bengaluru,2026-08-29,https://www.jobleads.com/in/job/sales-development-representative-smb-account-growth-focus--bengaluru--e76882b6d937ae5ab06df7cd02a589bbc,https://www.zain.com,,"Work Setting: Hybrid | Salary: INR 600,000 - 900,000",JobLeads
Sales Development Representative Prospector,Business Wire,Global / Remote,2026-07-25,https://jobs.lever.co/businesswire/1f743cf8-cb9f-4809-afb1-fb6911de75c8,https://www.businesswire.io,,Workplace: Remote | Type: Full_time | Seniority: Mid_level | Salary: 6400000 - 6700000 USD (yearly),Remote.com
"Sales Development Representative Iberia Region, Madrid",Cresta,Remote,2026-07-01,https://job-boards.greenhouse.io/cresta/jobs/5287599008,https://www.cresta.com,,Workplace: Hybrid | Type: Full_time | Seniority: Entry_level | Salary: N/A,Remote.com
Sales Development Representative (SDR) Healthcare VBC,Nightingale,Global / Remote,2025-08-20,https://jobs.lever.co/florence/775953b8-63cc-4997-8ad7-13b8dc11d9a7,https://www.nightingale.com,,Workplace: Remote | Type: Full_time | Seniority: Entry_level | Salary: N/A,Remote.com
Sales Development Representative,Pactle,Bangalore,N/A,/goto?url=CAESewHrOzAVqBYJ72djS22ZrVVI1iiVR9PfynowW6bg_WjlHPV6oygHJ07-vsMAKIcNSJ7tr-jvNAlW9wm16AYVNtn8GZRUBGWnvA4FgPqWBQsq7nZlj0sWw9oqISP2rq0XrUE9T0a88cbm3ce4yoeVCNMrlESBY_hUqTkkog,https://www.pactle.com,,Sales Development Representative at Pactle,Wellfound
Sales Development Representative (SDR),SalesUP,Bangalore,N/A,/goto?url=CAESfwHrOzAVTkCOlyLcOb0fudr1o0BOUzcaLUUz0cts-UwwUj3GPntwYSHjQov8pCiJrW-dR0ygUA9gUpnnkaecIbwR4Wzuo_mIH_seIj3m-vE_OrhoK2psDnAi-6aXRtJ_5eQedjXbZne9nzStOej5qbynynIfTNkfC091RM4Gk7s,https://www.salesup.com,,Sales Development Representative (SDR) at SalesUP,Wellfound
Sales Development Representative (SDR),CredShields,Bangalore,N/A,/goto?url=CAESfwHrOzAVZ_LmMbdNasRzoYyNTwuvawK-Hdtvtxhievp3BPlRdIoLfy2Ir6i1itZJiClkds77_gNtl9YLEDUhpuWFvou8SCXQPn72vX4y-WVNsOem2Pa7JGEzXS_kUONTtJ8IRjHOoq2nnhuQekhAhr03sKG5r4xKI6epj6f3XR4,https://www.credshields.com,,Sales Development Representative (SDR) at CredShields,Wellfound
Sales Development Representative,TransportSimple,Bangalore,N/A,/goto?url=CAESewHrOzAV_FwU68m-9HDWWYQP1HcBCRThA4scFHjUAAw2w_ruEySBAxwjiPEZbmNIi2Sn6WkacNvJIeEu6xuuZCXBqQMaV7T1A5pw6ROKjN31jfezWk0_2_1xQTI2IRgqKTkreQaBVNJWpChMKifQXAmMIyeCDraA5sKXKA,https://www.transportsimple.com,,Sales Development Representative at TransportSimple,Wellfound
Sales Development Representative (SDR),...,Bangalore,N/A,/goto?url=CAESigEB6zswFX3Hvyzc94P48X0rojlPwQmlpab0_iu7O3wjNKxr4KDddjcMv1IW4uTJMcGKritvJhCJ7baRU0p5CrpIzQKN4I5siqVERyCpS7g35g0iQr-66lpNgT6jW9hXwrxjPA1OKzAXUAB6jPw7uyEwvWd58mIlYF5ROfwCxru3pe3RlcLLmGLzHM8,N/A,,Sales Development Representative (SDR) | B2B SaaS at ...,Wellfound
Sales Development Representative (Outbound),Various Employer,Bangalore,N/A,/goto?url=CAEShAEB6zswFd0IA8iXEjhk0T30ifBV0THA1K6oSWDtTqZNe8QDAeEIM1AZEsMctnlzF8Jg4PM0BXlLF52SsK0vAtQWFqne8X9oQ0reZNZZIXhd-1RE4Ll8Fr4vTAJplGT9vHU8EKS9STMdPRf9_LN4LP3w1JY041xdg_KtRoYER3LizSLXSCU,N/A,,Sales Development Representative (Outbound),Wellfound
Inside Sales Development Representative,Inside Sales Development Representative,Bangalore,N/A,/goto?url=CAESkwEB6zswFYNYQ8g027arxR5zY8Yplzivd7_6waqPPt54koBV4VgT6bBlqVvF54XMvgtcHh60VUo7DjNw8jO4DnzbQxqtiRIWKjfScgu1ltRxlXIgFYihhdmkAUuuEiUkUxKhDoaxAi7rj_t6FqCaKFTbui04n9zq25snhU0igVhpbg5wuYFwU5ec-C_YQQ9aDRUhNb4,N/A,,Inside Sales Development Representative - GlitrAI,Wellfound
SDR- Sales Development Rep,Spenza • Bengaluru,Bangalore,N/A,/goto?url=CAEScwHrOzAVMQp6Ycg1y-AIwd4OjV4gDtHL4gG3p5c-4FKG4pqWwK8jQawnGLEFIG10wW5EvfHU8hC0_IWedNhZ20J1QtEz6Tio07CSi7zFkuIFMBRC8W9O6IBqyOXlcZGdgvvplYe4Oz_JsLJoSiv9-6SbEvQ,N/A,,SDR- Sales Development Rep at Spenza • Bengaluru,Wellfound
Outbound BDR,Outbound BDR,Bangalore,N/A,/goto?url=CAESiwEB6zswFQJ7kChL6CMct7DslJngWxVp86eHZJjQuqoAxExTyvhRsCPASUD5JZB3LOLRz7xqHjacRa-uDfHAyrGRZZnwnsGfR7bpYWnvdK_yEC1TzazlLw0H0xItUvFvdzlvSnq8115i6FMYtuhvbLl5i2PwM5is5UBNub1NjIohteyJyU0DYIQgcrqy,https://www.outboundbdr.com,,Outbound BDR - Business Development Representative,Wellfound
Sales Development Representative,Cube • HSR Layout,Bangalore,N/A,/goto?url=CAESewHrOzAV-b8e3aI0dWGl5uLD0l2SvM4FcIQS6p25orqDJpH8s2FapIZV-r20z4XbB8MwqwHn3RfbfjdAwDufmLKH09peqF14OGgbdCL0MFvn7PmHeDRZ4ziwQdUqgnirZCb5C9cD04nZv6xU3TOPd01i03QS3mrEqBN1ZQ,N/A,,Sales Development Representative at Cube • HSR Layout,Wellfound
Enterprise Sales Development Representative - US,Leena AI,"Bengaluru, Karnataka, India",2026-09-11,https://jobs.workable.com/view/vXAmWVw5ZriXb1dPZTzmEU/enterprise-sales-development-representative---us-in-bengaluru-at-leena-ai,https://www.leenaai.com,,"Workplace: On_site | Type: Full-time | About Leena AI: Leena AI is a leading HR automation platform that helps enterprises streamline HR processes, enhance employee engagement, and drive productivity. We are rapidly expanding and are looking for a motivated Enterprise Sales Development Representative (SDR) to join our global team and foc",Workable
Enterprise Sales Development Representative- Europe,Leena AI,"Bengaluru, Karnataka, India",2026-09-11,https://jobs.workable.com/view/8MGKUfhBicTKujP2zLZ1DT/enterprise-sales-development-representative--europe-in-bengaluru-at-leena-ai,https://www.leenaai.com,,"Workplace: On_site | Type: Full-time | About Leena AI: Leena AI is a leading HR automation platform that helps enterprises streamline HR processes, enhance employee engagement, and drive productivity. We are rapidly expanding and are looking for a motivated Enterprise Sales Development Representative(SDR) to join our global team and focu",Workable
Inside Sales Executive - Bangalore (Bommanhalli),Rentokil Initial,"Bengaluru, Karnataka, India",2026-06-10,https://jobs.workable.com/view/9pBZc8sq6Rah6TMk6wKopc/inside-sales-executive---bangalore-(bommanhalli)-in-bengaluru-at-rentokil-initial,https://www.rentokilinitial.com,,"Workplace: On_site | Type: Full-time | Role - Inside Sales Executive Location - Bangalore - 47/2B, Kudlu Main Road, Kudlu Village,Behind TVS Godown, Bommanahalli Post,Bangalore Qualification - Any Graduate Experience - 1 - 3 Years of Experience 5 Days Working About Rentokil Initial Hygiene Rentokil Initial Hygiene India, operating in mor",Workable
Inside Sales Executive - Bangalore,Rentokil Initial,"Bengaluru, Karnataka, India",2026-06-03,https://jobs.workable.com/view/gLvqJpi7u9dknCAKBtrzdC/inside-sales-executive---bangalore-in-bengaluru-at-rentokil-initial,https://www.rentokilinitial.com,,"Workplace: On_site | Type: Full-time | Role - Inside Sales Executive Location - Bangalore - 47/2B, Kudlu Main Road, Kudlu Village,Behind TVS Godown, Bommanahalli Post,Bangalore Qualification - Any Graduate Experience - 1 - 3 Years of Experience 5 Days Working About Rentokil Initial Hygiene Rentokil Initial Hygiene India, operating in mor",Workable
Lead -Sales Development Representative - Bangalore,Apna,"Bengaluru, Karnataka, India",2026-08-04,https://jobs.workable.com/view/aTWFsm553J2AsQ7xCxiutN/lead--sales-development-representative---bangalore-in-bengaluru-at-apna,https://www.apna.ai,,"Workplace: On_site | Type: Full-time | About Apna Since 2019, apna has connected over 60 million jobseekers with more than 250,000 enterprises and small businesses across India. Founded by Nirmit Parikh, a Stanford graduate and serial entrepreneur who recognized the challenges in entry-level hiring, apna has rapidly grown to become India",Workable
Sales Development Representative,ZainTECH,"Bengaluru, Karnataka, India",2026-06-19,https://jobs.workable.com/view/wVAjwFhnh7qHi4U1yWcpUx/sales-development-representative-in-bengaluru-at-zaintech,https://www.zaintech.com,,"Workplace: On_site | Type: Full-time | The Sales Development Representative (SDR) is responsible for driving pipeline growth by identifying, engaging, and qualifying new business opportunities across target enterprise, corporate, and government segments. This role focuses on outbound prospecting, early-stage relationship building, and ge",Workable
Sales Development Representative,InVision,Remote,2018-01-02,,https://www.invision.com,,"InVision is the world’s leading design collaboration platform. We enable companies of all sizes to discover the power of design-driven product development. That’s why over three million designers, product managers, marketers and other stakeholders at so many of the world’s most loved startups, agenc...",Jobspresso
