Job Role,Company Name,Location,Date Posted,Apply Link,Company Link,No. of Applicants,Company / Job Details,Source
Data Analyst Python SQL BI - Private Equity,Client Server,"London, England, United Kingdom",22 hours ago,https://www.linkedin.com/jobs/view/4460337350,https://uk.linkedin.com/company/client-server,N/A,N/A,LinkedIn
Data Analyst,Scrumconnect Consulting,"Staines-Upon-Thames, England, United Kingdom",2 days ago,https://www.linkedin.com/jobs/view/4458377301,https://uk.linkedin.com/company/scrumconnect,N/A,N/A,LinkedIn
Senior Data Analyst - Growth,Wise,"London, England, United Kingdom",3 days ago,https://www.linkedin.com/jobs/view/4439422673,https://uk.linkedin.com/company/wiseaccount,N/A,N/A,LinkedIn
Data Analyst,Octopus Legacy,"Greater London, England, United Kingdom",2 days ago,https://www.linkedin.com/jobs/view/4449151172,https://uk.linkedin.com/company/octopus-legacy-ltd,N/A,N/A,LinkedIn
Senior Data Analyst,Morson Edge (Financial Services),"London Area, United Kingdom",3 days ago,https://www.linkedin.com/jobs/view/4457236594,https://uk.linkedin.com/company/morson-edge-financial-services,N/A,N/A,LinkedIn
Data Analyst,Mott MacDonald,"London, England, United Kingdom",1 day ago,https://www.linkedin.com/jobs/view/4459856911,https://uk.linkedin.com/company/mott-macdonald,N/A,N/A,LinkedIn
Data Analyst - Business Intelligence,Transport for London,"London, England, United Kingdom",2 days ago,https://www.linkedin.com/jobs/view/4457988159,https://uk.linkedin.com/company/transport-for-london,N/A,N/A,LinkedIn
Data Analyst,MONY Group plc,"London Area, United Kingdom",3 days ago,https://www.linkedin.com/jobs/view/4458763649,https://uk.linkedin.com/company/mony-group-plc,N/A,N/A,LinkedIn
Data Analyst,Toyota Connected Europe,"London, England, United Kingdom",1 day ago,https://www.linkedin.com/jobs/view/4458654977,https://uk.linkedin.com/company/toyota-connected-europe,N/A,N/A,LinkedIn
Enterprise Data Analyst,Salary Finance,"London Area, United Kingdom",4 days ago,https://www.linkedin.com/jobs/view/4458266209,https://uk.linkedin.com/company/salaryfinance,N/A,N/A,LinkedIn
Data Analyst - Fraud,Moniepoint Group,"London, England, United Kingdom",3 days ago,https://www.linkedin.com/jobs/view/4447984895,https://uk.linkedin.com/company/moniepoint-inc,N/A,N/A,LinkedIn
Advanced Analytics - Data Analyst - SQL,Datatech Analytics,"Greater London, England, United Kingdom",1 day ago,https://www.linkedin.com/jobs/view/4458620347,https://uk.linkedin.com/company/datatech-analytics,N/A,N/A,LinkedIn
"Senior Data Analyst, Wise Platform Pricing",Auth21,"London, England, United Kingdom",3 days ago,https://www.linkedin.com/jobs/view/4459138013,https://br.linkedin.com/company/auth21,N/A,N/A,LinkedIn
Senior Data Analyst,Gravitas Recruitment Group (Global) Ltd,"London Area, United Kingdom",1 day ago,https://www.linkedin.com/jobs/view/4458022795,https://uk.linkedin.com/company/gravitas-recruitment-group-global,N/A,N/A,LinkedIn
Data Analyst,London Borough of Sutton,"London, England, United Kingdom",1 day ago,https://www.linkedin.com/jobs/view/4460134386,https://uk.linkedin.com/company/london-borough-of-sutton,N/A,N/A,LinkedIn
Senior Data Analyst - Wise Platform Pricing,Wise,"London, England, United Kingdom",6 days ago,https://www.linkedin.com/jobs/view/4437953127,https://uk.linkedin.com/company/wiseaccount,N/A,N/A,LinkedIn
Data Analyst,Harcourt Matthews,"City Of London, England, United Kingdom",4 days ago,https://www.linkedin.com/jobs/view/4455846967,https://uk.linkedin.com/company/harcourt-matthews,N/A,N/A,LinkedIn
"Senior Data Analyst - Up to £80,000",Blu Digital,"London Area, United Kingdom",2 days ago,https://www.linkedin.com/jobs/view/4443681901,https://uk.linkedin.com/company/blu-digital-recruitment,N/A,N/A,LinkedIn
Data Analyst,Trace | Expert Accountancy & Finance Recruitment,"London Area, United Kingdom",3 days ago,https://www.linkedin.com/jobs/view/4457233815,https://uk.linkedin.com/company/trace---tracing-talent-that-fits,N/A,N/A,LinkedIn
Data Analyst,CV-BRIDGE LTD,"Greater London, England, United Kingdom",1 day ago,https://www.linkedin.com/jobs/view/4458679907,https://uk.linkedin.com/company/cv-bridge-ltd,N/A,N/A,LinkedIn
Senior Data Analyst,Clarksons Research,"London Area, United Kingdom",1 day ago,https://www.linkedin.com/jobs/view/4459815642,https://uk.linkedin.com/company/clarksons-research,N/A,N/A,LinkedIn
Senior Performance Analyst (x2),Greater London Authority,"London, England, United Kingdom",3 days ago,https://www.linkedin.com/jobs/view/4452266852,https://uk.linkedin.com/company/greater-london-authority,N/A,N/A,LinkedIn
Energy Data Analyst,PT Renewables 🌳,"Brighton, England, United Kingdom",5 days ago,https://www.linkedin.com/jobs/view/4455854365,https://uk.linkedin.com/company/pt-renewables,N/A,N/A,LinkedIn
Commercial Analyst,Forward Role Recruitment,"London Area, United Kingdom",2 days ago,https://www.linkedin.com/jobs/view/4457751367,https://uk.linkedin.com/company/forward-role-recruitment,N/A,N/A,LinkedIn
Senior Data Analyst,Harnham,"London Area, United Kingdom",18 hours ago,https://www.linkedin.com/jobs/view/4460357768,https://uk.linkedin.com/company/harnham,N/A,N/A,LinkedIn
Data Analyst / Business Intelligence Analyst,Sizewell C,"London, England, United Kingdom",23 hours ago,https://www.linkedin.com/jobs/view/4458096069,https://uk.linkedin.com/company/sizewellc,N/A,N/A,LinkedIn
Data Analyst,Centre People Appointments,"Windsor, England, United Kingdom",2 days ago,https://www.linkedin.com/jobs/view/4451552555,https://uk.linkedin.com/company/centre-people-appointments,N/A,N/A,LinkedIn
Senior Data Analyst,Adapty.io,"London, England, United Kingdom",2 days ago,https://www.linkedin.com/jobs/view/4459381294,https://www.linkedin.com/company/adaptyio,N/A,N/A,LinkedIn
Data Analyst,Xcede,"Surrey, England, United Kingdom",1 day ago,https://www.linkedin.com/jobs/view/4458950117,https://uk.linkedin.com/company/xcede,N/A,N/A,LinkedIn
Energy Data Analyst,PT Renewables 🌳,"Surrey, England, United Kingdom",5 days ago,https://www.linkedin.com/jobs/view/4455863450,https://uk.linkedin.com/company/pt-renewables,N/A,N/A,LinkedIn
Senior/Staff Data Analyst,MoonPay,"London, England, United Kingdom",19 hours ago,https://www.linkedin.com/jobs/view/4450286640,https://www.linkedin.com/company/moonpay,N/A,N/A,LinkedIn
"Lead Data Analyst, Wise Platform Pricing",Auth21,"London, England, United Kingdom",3 days ago,https://www.linkedin.com/jobs/view/4459127234,https://br.linkedin.com/company/auth21,N/A,N/A,LinkedIn
Senior Data Analyst,Elsevier,"London Area, United Kingdom",3 days ago,https://www.linkedin.com/jobs/view/4456943238,https://nl.linkedin.com/company/elsevier,N/A,N/A,LinkedIn
Graduate Data Analyst,GRAYCE,"London Area, United Kingdom",2 days ago,https://www.linkedin.com/jobs/view/4459194517,https://uk.linkedin.com/company/grayce,N/A,N/A,LinkedIn
"Ralph Lauren Data Analyst, Digital Commerce, EMEA & LATAM",BoF Careers,"London, England, United Kingdom",6 days ago,https://www.linkedin.com/jobs/view/4456800998,https://www.linkedin.com/company/bof-careers,N/A,N/A,LinkedIn
Data Analyst III (Product),Fanatics,"London, England, United Kingdom",2 days ago,https://www.linkedin.com/jobs/view/4410199907,https://www.linkedin.com/company/fanatics-inc-,N/A,N/A,LinkedIn
"Senior Data Analyst, Marketing",SheMed,"London, England, United Kingdom",3 days ago,https://www.linkedin.com/jobs/view/4457495656,https://uk.linkedin.com/company/shemed,N/A,N/A,LinkedIn
Senior Data Analyst - Customer Insight & Performance,Daily Mail,"London Area, United Kingdom",4 days ago,https://www.linkedin.com/jobs/view/4458220679,https://uk.linkedin.com/company/daily-mail,N/A,N/A,LinkedIn
Senior Data Analyst,AEGIS London,"London, England, United Kingdom",3 days ago,https://www.linkedin.com/jobs/view/4456924973,https://uk.linkedin.com/company/aegis-london,N/A,N/A,LinkedIn
Data Analyst,Chip – your wealth app,"London, England, United Kingdom",1 day ago,https://www.linkedin.com/jobs/view/4459818163,https://uk.linkedin.com/company/get-chip,N/A,N/A,LinkedIn
Data Analyst,Impellam Group,"London Area, United Kingdom",4 days ago,https://www.linkedin.com/jobs/view/4458742166,https://uk.linkedin.com/company/impellamgroup,N/A,N/A,LinkedIn
BI Analyst,easyJet,"Luton, England, United Kingdom",3 days ago,https://www.linkedin.com/jobs/view/4459166046,https://uk.linkedin.com/company/easyjet,N/A,N/A,LinkedIn
Associate Performance Analyst,HM Land Registry,"London, England, United Kingdom",1 day ago,https://www.linkedin.com/jobs/view/4458625673,https://uk.linkedin.com/company/land-registry,N/A,N/A,LinkedIn
Data Analyst,Ageas UK,"Reigate, England, United Kingdom",3 days ago,https://www.linkedin.com/jobs/view/4457610293,https://uk.linkedin.com/company/ageasuk,N/A,N/A,LinkedIn
Data Analyst,SearchWorks,"London Area, United Kingdom",1 day ago,https://www.linkedin.com/jobs/view/4460311812,https://uk.linkedin.com/company/searchworkslimited,N/A,N/A,LinkedIn
Senior Data Analyst - Content,9fin,"London, England, United Kingdom",1 day ago,https://www.linkedin.com/jobs/view/4431227458,https://uk.linkedin.com/company/9fin,N/A,N/A,LinkedIn
"Data & Forecasting Analyst (Supply Chain) – Transportation - £75,000 + Package – London (Hybrid)",Ventula Consulting,"London Area, United Kingdom",3 days ago,https://www.linkedin.com/jobs/view/4457917246,https://uk.linkedin.com/company/ventula-consulting,N/A,N/A,LinkedIn
Data & Insight Analyst,SportPursuit,"London Area, United Kingdom",22 hours ago,https://www.linkedin.com/jobs/view/4460335128,https://uk.linkedin.com/company/sportpursuit,N/A,N/A,LinkedIn
Reporting Analyst,Great Ormond Street Hospital Charity,"London, England, United Kingdom",1 day ago,https://www.linkedin.com/jobs/view/4458000527,https://uk.linkedin.com/company/great-ormond-street-hospital-charity,N/A,N/A,LinkedIn
Senior data analyst,bp,"Sunbury-On-Thames, England, United Kingdom",17 hours ago,https://www.linkedin.com/jobs/view/4458428117,https://uk.linkedin.com/company/bp,N/A,N/A,LinkedIn
Senior UK Data Analyst,Universal Music Group UK,"London, England, United Kingdom",3 days ago,https://www.linkedin.com/jobs/view/4278799725,https://uk.linkedin.com/company/universal-music-group-uk,N/A,N/A,LinkedIn
Data Analyst,Goodman Masson,"London Area, United Kingdom",3 days ago,https://www.linkedin.com/jobs/view/4457468615,https://uk.linkedin.com/company/goodman-masson,N/A,N/A,LinkedIn
Data Analyst,Sanderson,"London Area, United Kingdom",2 days ago,https://www.linkedin.com/jobs/view/4459318064,https://uk.linkedin.com/company/sandersonrecruitmentplc,N/A,N/A,LinkedIn
Data Analyst,CUBE,"London, England, United Kingdom",4 days ago,https://www.linkedin.com/jobs/view/4457457811,https://uk.linkedin.com/company/cube-global,N/A,N/A,LinkedIn
Digital Analyst,Talent,"London, England, United Kingdom",1 hour ago,https://www.linkedin.com/jobs/view/4452987626,https://uk.linkedin.com/company/talent,N/A,N/A,LinkedIn
Product Analyst,Harnham,"Greater London, England, United Kingdom",1 day ago,https://www.linkedin.com/jobs/view/4459698991,https://uk.linkedin.com/company/harnham,N/A,N/A,LinkedIn
Commercial Performance Analyst,IAG Cargo,"Hounslow, England, United Kingdom",2 days ago,https://www.linkedin.com/jobs/view/4457997114,https://uk.linkedin.com/company/iagcargo,N/A,N/A,LinkedIn
Graduate Pricing Analyst,Ageas UK,"Reigate, England, United Kingdom",2 days ago,https://www.linkedin.com/jobs/view/4457947965,https://uk.linkedin.com/company/ageasuk,N/A,N/A,LinkedIn
Business Intelligence Analyst,TUI,"Luton, England, United Kingdom",32 minutes ago,https://www.linkedin.com/jobs/view/4460801509,https://de.linkedin.com/company/tuigroup,N/A,N/A,LinkedIn
Data Analyst (Life Actuarial),Vitality,"London, England, United Kingdom",23 hours ago,https://www.linkedin.com/jobs/view/4449767036,https://uk.linkedin.com/company/vitalityuk,N/A,N/A,LinkedIn
Reporting and Analytics Analyst 2 - Government Resource Center,The Ohio State University,"Columbus, OH",30+ days ago,https://www.indeed.com/viewjob?jk=51a2396ea30b1ff2,N/A,N/A,"Beyond developing R-Shiny applications, responsibilities for the successful applicant are project-specific and may include combinations of the following:…",Indeed
Associate Data/ Metadata Analyst,OCLC,"Dublin, OH",18 days ago,https://www.indeed.com/viewjob?jk=333c0f4cd6c9be1f,N/A,N/A,Vendor Communication: Coordinate with external data providers and partner institutions regarding routine data specifications and quality issues.,Indeed
Data Analyst,Central Insurance Company,"Dublin, OH",30+ days ago,https://www.indeed.com/viewjob?jk=abb9fcc83d495266,N/A,N/A,"Partner with IT, data engineering, and other BI organizations to advance data & analytical capabilities throughout the enterprise.",Indeed
Data Analytics Specialist,State of Ohio - Public Safety,"Columbus, OH 43223",1 day ago,https://www.indeed.com/viewjob?jk=f6152620408eff8d,N/A,N/A,Identifies & validates data sets; Identifies missing or incomplete data & variables in the EMSIRS & OTR data; Analyzes relevant data to understand business…,Indeed
Operational Resilience Systems & Data Analyst - Analyst Sr.,AEP Service Corporation,"Columbus, OH 43215",Just posted,https://www.indeed.com/viewjob?jk=1019c2b64ca759da,N/A,N/A,"(Frequently: activity or condition exists from 1/3 to 2/3 of the time) to lift, carry, push, pull or otherwise move objects, including the human body.",Indeed
"Data Solutions Engineer, onsite | 1060925",Revel IT,"New Albany, OH",30+ days ago,https://www.indeed.com/viewjob?jk=b81517bee257bd5f,N/A,N/A,"Partner with data analysts and stakeholders to define source-to-target mappings, transformation rules, and ETL requirements.
M-F 8-5 No OT expected.",Indeed
Business Intelligence Analyst,"React Health Holdings, LLC","Dublin, OH 43017",8 days ago,https://www.indeed.com/viewjob?jk=eeceb7906c6106a1,N/A,N/A,"Design, build, and maintain ETL/ELT data pipelines to ensure reliable, timely, and accurate data delivery from source systems to the data warehouse or reporting…",Indeed
Healthcare Data & Analytics Consultant,"Brittany Wyche, LLC","Columbus, OH 43215",16 days ago,https://www.indeed.com/viewjob?jk=27c16ed17c224f45,N/A,N/A,"Analyze healthcare operational and process data.
Experience translating data into business recommendations.
Support data and systems-flow analysis.",Indeed
Palantir Foundry Data Engineer,Infosys,United States,24 days ago,https://www.indeed.com/viewjob?jk=3b2b6038f90fda1a,N/A,N/A,"Integrate multi-source data (SAP, Snowflake, MES, PLM) into a unified ontology-driven data model.
Ensure data quality, lineage, and auditability through built-…",Indeed
Senior Management Analyst - DoD Facilities Programs,"Golden Wolf, LLC",United States,9 days ago,https://www.indeed.com/viewjob?jk=669d1016cf1e3967,N/A,N/A,"Research and synthesize large volumes of facility program data into concise updates suitable for senior leader decision-making.
This is a remote position.",Indeed
Senior Data Analyst,EASE LOGISTICS SERVICES LLC,"Dublin, OH 43016",30+ days ago,https://www.indeed.com/viewjob?jk=048d0ab5680f684f,N/A,N/A,"Collaborate with data engineers to define data requirements, validate pipeline outputs, and ensure data quality upstream of reporting.",Indeed
Data Analyst,CapTech Consulting,"Columbus, OH",10 days ago,https://www.indeed.com/viewjob?jk=7f1f698284725984,N/A,N/A,"Implement data governance best practices by capturing data definitions, identifying data stewards, and data transformations through source-to-target mappings.",Indeed
Strategic Data Scientist,McKesson,"Columbus, OH",30+ days ago,https://www.indeed.com/viewjob?jk=9dd070f9304845ab,N/A,N/A,"5-7 years of experience in an analytics role in healthcare/Pharma industry preferred.
Experience with data mining, analysis, and providing insights.",Indeed
Principal Data Scientist - AI Trainer,DataAnnotation,"Columbus, OH",30+ days ago,https://www.indeed.com/viewjob?jk=4ece096574be705f,N/A,N/A,"Evaluate AI-generated quantitative work, including statistical analysis, predictive modeling, scientific reasoning, and data-driven insights, for technical…",Indeed
Senior Data Scientist - AI Trainer,DataAnnotation,Ohio,30+ days ago,https://www.indeed.com/viewjob?jk=6879ccfcf3f8c19e,N/A,N/A,"Evaluate AI-generated quantitative work, including statistical analysis, predictive modeling, scientific reasoning, and data-driven insights, for technical…",Indeed
Senior Azure Data Engineer - Databricks,Alchemy,United States,2 days ago,https://www.indeed.com/viewjob?jk=aabe2481c213ffb1,N/A,N/A,"Collaborate with data scientists, analysts, and software engineers to deliver high-performance data solutions.
Lakehouse Architecture: 5 years (Required).",Indeed
Procurement Data Analyst,Advanced Drainage Systems,"Hilliard, OH 43026",8 days ago,https://www.indeed.com/viewjob?jk=c287f8f16aa1dd84,N/A,N/A,"Design and implement scalable data integration solutions that connect business processes, systems, and external data sources while supporting future enterprise…",Indeed
Medical Billing Data Analyst,"North Central Mental Health Services, Inc.","Columbus, OH 43201",17 days ago,https://www.indeed.com/viewjob?jk=13bbaac751a57866,N/A,N/A,"Minimum of 5 years of demonstrated experience in medical billing, data entry and A/R analysis required.
Strong attention to detail with the ability to manage…",Indeed
Purchasing Analyst,Weidmann Electrical Technology Inc (Wicor),"Urbana, OH 43078",30+ days ago,https://www.indeed.com/viewjob?jk=c74fe4d54de57ab8,N/A,N/A,"Associates degree with 1 year of experience or 5 year of experience in procurement, supply chain management, or related field.",Indeed
DCY - Business Analyst 3/ BA3,Epitec,"Columbus, OH",29 days ago,https://www.indeed.com/viewjob?jk=342f626426ae20ad,N/A,N/A,The Business Analyst 3 is a senior-level role responsible for leading business analysis efforts supporting the modernization and full rewrite of enterprise .,Indeed
Economic Analyst - AI Trainer,DataAnnotation,"Columbus, OH",30+ days ago,https://www.indeed.com/viewjob?jk=9c621420d94b0d0c,N/A,N/A,"Evaluate AI-generated quantitative work, including statistical analysis, predictive modeling, scientific reasoning, and data-driven insights, for technical…",Indeed
Senior Quantitative Analyst - AI Trainer,DataAnnotation,Ohio,30+ days ago,https://www.indeed.com/viewjob?jk=6d562a5fe493f673,N/A,N/A,"Evaluate AI-generated quantitative work, including statistical analysis, predictive modeling, scientific reasoning, and data-driven insights, for technical…",Indeed
Senior Treasury Analyst,T&R Properties,"Dublin, OH 43017",Just posted,https://www.indeed.com/viewjob?jk=6320eff9a0151ebe,N/A,N/A,"Minimum of five (5) years of experience in treasury, accounting, finance, or a related role; or an active CPA designation with at least two (2) years of…",Indeed
Senior Financial Analyst - Financial Reporting,Lifestyle Communities,"Columbus, OH 43215",14 days ago,https://www.indeed.com/viewjob?jk=a521cd52953fd983,N/A,N/A,"3-5 combined years of public accounting and/or industry experience (public company preferred).
Manage reporting software and utilize software to produce…",Indeed
Lead Data and Analytics Developer – Customer Analytics,NiSource,"Columbus, OH 43215",3 days ago,https://www.indeed.com/viewjob?jk=bc8388962ebda890,N/A,N/A,"Experience as a data steward and knowledge of data governance.
5+ years of experience in fields related to data engineering, business intelligence (…",Indeed
Senior Data Solutions Analyst: Operational Data & Reporting team,Liberty Mutual,"Columbus, OH",4 days ago,https://www.indeed.com/viewjob?jk=9b1d9ad5019ee7de,N/A,N/A,"3-5 years experience in coding for data management, data warehousing, or other data environments, including, but not limited to, working in NoSQL implementation…",Indeed
Lead Data Visualization Designer,Central Ohio Transit Authority,"Columbus, OH 43215",4 days ago,https://www.indeed.com/viewjob?jk=5ee7322b6ee88c66,N/A,N/A,"Requires a Bachelor's Degree in Information Systems, Data Analytics, Computer Science, Business Administration, or a related field and five (5) years'…",Indeed
"Senior Data Analyst, Investment Professional",Nationwide,"Columbus, OH 43215",30+ days ago,https://www.indeed.com/viewjob?jk=0ba00a9cdf914d5c,N/A,N/A,Proven advanced SQL and data-modeling capability with experience building complex queries and robust analytical data models.,Indeed
Sr. Data Observability Analyst,Huntington Bank,"Columbus, OH",3 days ago,https://www.indeed.com/viewjob?jk=fbe7d813e3b920fa,N/A,N/A,"Monitor and improve data metrics.
Conduct complex data analysis and validation.
Develop and distribute advanced data reports.
2 years experience with SQL.",Indeed
Business Intelligence Senior Analyst,Huntington Bank,"Columbus, OH",10 days ago,https://www.indeed.com/viewjob?jk=31b5c828254824b8,N/A,N/A,"The senior analyst leverages data to gain key insight into business opportunities, and effectively presents these insights to business stakeholders.",Indeed
Digital Analyst,Sproutward,"Columbus, OH",30+ days ago,https://www.indeed.com/viewjob?jk=8af8b44947049ead,N/A,N/A,"Distill multitude of data sources through dynamic data visualization tools.
Onboard customer data pipelines for Sproutward’s data aggregation tool, DataHub.",Indeed
Sr. Digital Analyst,Sproutward,"Dublin, OH",30+ days ago,https://www.indeed.com/viewjob?jk=370905b56f43b665,N/A,N/A,"Distill multitude of data sources through dynamic data visualization tools.
Implement & enhance data collection and marketing automation tools.",Indeed
Data Management Operations Sr Analyst,Huntington Bank,"Columbus, OH",1 day ago,https://www.indeed.com/viewjob?jk=0274130dfc7a4a84,N/A,N/A,"Knowledge of data governance and data quality principles.
The Data Management Operations Senior Analyst plays a key role in ensuring the integrity and…",Indeed
Data Scientist II - Lead Population Health Analyst (PFK),Nationwide Children's Hospital,"Columbus, OH 43215",25 days ago,https://www.indeed.com/viewjob?jk=f50a523e79b3266f,N/A,N/A,"Some experience working with healthcare data, preferred.
Identifies patterns and trends in data to provide insights and recommendations.",Indeed
"Senior Specialist, Data Analytics - Category Planning",Cardinal Health,"Dublin, OH 43017",22 days ago,https://www.indeed.com/viewjob?jk=ff75f1f95d19d8e0,N/A,N/A,"Solid analytical problem-solving skills and a strict attention to detail and data hygiene.
1-3 years of experience in category management/category planning…",Indeed
Senior Investment Data & Reporting Analyst - Real Estate Investments,Nationwide,"Columbus, OH 43215",30+ days ago,https://www.indeed.com/viewjob?jk=cd26b4726f2a927f,N/A,N/A,"Experience in application of data acquisition and data wrangling.
Develop dashboards and data visualizations.
This role will primarily be focused on:",Indeed
Senior Data Product Analyst - Data Management Engineer III,Deloitte,"Columbus, OH 43215",7 days ago,https://www.indeed.com/viewjob?jk=4072dd1e7bd9b46a,N/A,N/A,"Mentor analysts and other delivery professionals on data product management, data analysis, data quality, governance, and stakeholder engagement.",Indeed
Senior Revenue Cycle Analyst,Madison County Hospital,"London, OH 43140",16 days ago,https://www.indeed.com/viewjob?jk=8042df430cb6a5f7,N/A,N/A,"Experience: Minimum 3-5 years of experience in CDM management, health information management, or hospital revenue integrity.
Paid time off and holidays.",Indeed
Data Steward,Encova Insurance,"Columbus, OH",30+ days ago,https://www.indeed.com/viewjob?jk=0a5555d39f0e40db,N/A,N/A,"This position will assist in system setups as well as data quality and record processing.
A four-year college degree is required; with a major in accounting,…",Indeed
Business Analyst,Cardinal Health,"Dublin, OH 43017",30+ days ago,https://www.indeed.com/viewjob?jk=469b60aa6ff4cf15,N/A,N/A,"Exposure to ERP, warehouse management systems, integrations, APIs, or data/reporting platforms.
This job family researches and documents relationships between…",Indeed
Senior IAM Information Security Analyst,Wells Fargo,"Columbus, OH 43215",Just posted,https://www.indeed.com/viewjob?jk=0d7c50ce60c92005,N/A,N/A,"Strong attention to detail, organization, and follow-through.
Analyze metrics and operational data to identify trends, monitor performance, and provide insights…",Indeed
IAM Senior Information Security Analyst,Wells Fargo,"Columbus, OH 43215",Just posted,https://www.indeed.com/viewjob?jk=732f17ff492c1073,N/A,N/A,"Strong attention to detail, organization, and follow-through.
Analyze metrics and operational data to identify trends, monitor performance, and provide insights…",Indeed
Health Services Policy Analyst (PN 20098779),State of Ohio - Health,"Columbus, OH 43228",Just posted,https://www.indeed.com/viewjob?jk=41552fac7f01c13c,N/A,N/A,"We are currently seeking a Health Services Policy Analyst to review data quality issues in birth and death data.
Why Work for the State of Ohio.",Indeed
Programmer Analyst,Battelle,"Columbus, OH 43201",11 days ago,https://www.indeed.com/viewjob?jk=3b721f7e0a13c5a3,N/A,N/A,"Strong understanding of enterprise application architecture, security, data modeling, governance, and platform best practices.",Indeed
Sr Data & Analytics Developer,NiSource,"Columbus, OH 43215",2 days ago,https://www.indeed.com/viewjob?jk=02b44dea756c8bea,N/A,N/A,"Experience as a data steward and knowledge of data governance.
Automates the monitoring of datasets for completeness and data quality.",Indeed
"Sales Analyst, Amazon - Minneapolis, MN, Columbus, OH, Bentonville, AR, or Cincinnati, OH",Abbott Laboratories,"Columbus, OH",9 days ago,https://www.indeed.com/viewjob?jk=840894716f4599cc,N/A,N/A,"Address and resolve data integrity, integration and system issues.
Provide sales analysis and data insights to assist in achieving eCommerce account quotas.",Indeed
Data Engineer,CVS Health,"Columbus, OH 43215",23 days ago,https://www.indeed.com/viewjob?jk=2428368179007e40,N/A,N/A,"Hands-on experience with dimensional data modeling, schema design, and data warehousing.
The Data Engineer will be responsible for delivering high quality…",Indeed
Business System Analyst,Vermeer Heartland,"Washington Court House, OH 43160",4 days ago,https://www.indeed.com/viewjob?jk=83fbd69ff43eb929,N/A,N/A,"Experience with data visualization tools preferred.
Promote data integrity, reporting accuracy, and continuous improvement.
Medical and life insurance plans.",Indeed
Google Data Specialist,Accenture,"Columbus, OH",30+ days ago,https://www.indeed.com/viewjob?jk=5348fb840051f93e,N/A,N/A,"Implement data ingestion patterns for batch and streaming data sources.
Minimum of 2 years of experience with SQL, data modeling, and building data pipelines.",Indeed
Systems Analyst - Digital Imaging,OhioHealth,"Columbus, OH 43202",22 days ago,https://www.indeed.com/viewjob?jk=be82dca8c7d8a05f,N/A,N/A,"Manage data integrity and security across systems.
Perform data analysis and generate reports as needed.
Experience with system integration and data migration…",Indeed
Functional System Analyst Sr,AEP Service Corporation,"Columbus, OH 43215",3 days ago,https://www.indeed.com/viewjob?jk=457519bdab16bb92,N/A,N/A,"(Frequently: activity or condition exists from 1/3 to 2/3 of the time) to lift, carry, push, pull or otherwise move objects, including the human body.",Indeed
Medical Economics Analyst,CVS Health,"Columbus, OH 43215",23 days ago,https://www.indeed.com/viewjob?jk=2a25802bcd0b9d09,N/A,N/A,"Experience with data governance, data stewardship, business requirements, or data management initiatives.
Translate business requirements into data solutions…",Indeed
Senior Data Engineer,Lower,"Columbus, OH",30+ days ago,https://www.indeed.com/viewjob?jk=295d5c0c3c32b524,N/A,N/A,"Partner with analysts and business stakeholders to understand data needs and translate them into reliable, scalable data solutions.",Indeed
"Consultant, Data Engineer | Databricks",Nationwide,"Columbus, OH 43215",7 days ago,https://www.indeed.com/viewjob?jk=87fd62c345b8469e,N/A,N/A,"Responsible for producing data building blocks, data models, and data flows for varying client demands such as dimensional data, standard and ad hoc reporting,…",Indeed
Business Systems Analyst & Testing Coordinato,Environmental Management Inc,"Plain City, OH 43064",4 days ago,https://www.indeed.com/viewjob?jk=40eef4c37d3634a5,N/A,N/A,"Working knowledge of APIs and integration concepts, data migration, reporting tools, and data-validation techniques.",Indeed
Data Exchange Engineer,Medical Mutual of Ohio,"Dublin, OH 43017",30+ days ago,https://www.indeed.com/viewjob?jk=faa9119731d42f84,N/A,N/A,"Plays a key role in many aspects of infrastructure engineering, including but not limited to: automation, capacity management, monitoring, scalability and…",Indeed
Systems Analyst - I,"AmNet Services, Inc.","Hilliard, OH",30+ days ago,https://www.indeed.com/viewjob?jk=003250a86547bda9,N/A,N/A,"Access and data warehouse preferred, SQL knowledge preferred.
In addition, the candidate must be detail orientated and meet the ability to perform repetitive…",Indeed
Accessibility Compliance Support Analyst - Intermittent (Software Development Specialist 1),State of Ohio - Medicaid,"Columbus, OH 43215",24 days ago,https://www.indeed.com/viewjob?jk=3bc857abe1f5bb79,N/A,N/A,"Extracting and managing data from files and databases for accessibility-related tasks.
Experience with data visualization software (e.g. Tableau, Power BI, Qlik…",Indeed
Pharmacy Program Optimization Analyst,AndHealth,"Columbus, OH 43215",16 days ago,https://www.indeed.com/viewjob?jk=5b3e7c77c151b0f4,N/A,N/A,"Nice to have: Experience with SQL for advanced data querying and analysis.
Mastery of Microsoft Excel and other analytics tools for advanced data manipulation,…",Indeed
QA Automation Analyst,Huntington Bank,"Columbus, OH",30+ days ago,https://www.indeed.com/viewjob?jk=6aba7c105e1b82d5,N/A,N/A,"Create and maintain test cases and test data using industry standard test automation tools.
Experience with Keyword, Modular and data driven framework,…",Indeed
IT Analyst (Contract-to-Hire),Blue Star Partners LLC,"Columbus, OH 43215",30+ days ago,https://www.indeed.com/viewjob?jk=692190477fb03a79,N/A,N/A,"3–4 years of experience in application services, analysis, deployment, or support.
Maintain deep understanding of application domains including processes, data…",Indeed
Sr Analyst - Finance Technology,Wendy's,"Dublin, OH 43017",30+ days ago,https://www.indeed.com/viewjob?jk=38fe82267d778af6,N/A,N/A,"3-5 years of experience with suite of Oracle Financial Products, either in Accounting, IT, or (preferred) a combination of both.",Indeed
North America Sales Strategy & Analytics Analyst,Orveon Global US LLC,"Columbus, OH 43215",29 days ago,https://www.indeed.com/viewjob?jk=94a8890099cef9bc,N/A,N/A,"Perform data validation in Alloy; monitor dashboard accuracy and flag data quality issues.
Support data validation and quality assurance; identify discrepancies…",Indeed
"Business Analyst, Legal Innovation",FBT Gibbons LLP,"Columbus, OH 43215",30+ days ago,https://www.indeed.com/viewjob?jk=63dda23859aa6c10,N/A,N/A,Flag potential data quality concerns identified during intake and requirements gathering; coordinate with technical teams as needed to address data accuracy and…,Indeed
"Sr Consultant, People Data Scientist - Human Resources",Nationwide,"Columbus, OH 43215",30+ days ago,https://www.indeed.com/viewjob?jk=6fb4ca562ac2fb49,N/A,N/A,Partners with team members to manage data demands and help facilitate the implementation of data pipelines to support critical analytics and visualization.,Indeed
Data Engineer Lead,Huntington Bank,"Columbus, OH",21 days ago,https://www.indeed.com/viewjob?jk=74c2820c67bbe80d,N/A,N/A,"This position primarily leads the building, managing and optimizing data pipelines and then moving these data pipelines effectively into production for key data…",Indeed
Business Analyst,eBusiness Solutions Inc.,"Columbus, OH",Just posted,https://www.indeed.com/viewjob?jk=a7010afa8200e5de,N/A,N/A,"Assist with data conversion activities from existing systems, ensuring accuracy and compliance.
Data analysis tools (e.g., Excel, Power BI, SQL for basic data…",Indeed
DATA SCIENCE CONSULTANT COLUMBUS,managementsolutions,"Columbus, OH",30+ days ago,https://www.indeed.com/viewjob?jk=bbe74c8bf37a8e37,N/A,N/A,"Statistical data processing (Data Mining) - Artificial Intelligence (AI), including generative AI - Predictive modeling using Machine Learning and Data Science…",Indeed
Cloud & Data Engineer,Huntington Bank,"Columbus, OH",4 days ago,https://www.indeed.com/viewjob?jk=75db88ee689f0159,N/A,N/A,"Partner with Business Analyst to confirm and define requirements for data pipelines.
The Cloud & Data Engineer provides technical and consultative support on…",Indeed
Epic ASAP Analyst,Deloitte,"Columbus, OH 43215",3 days ago,https://www.indeed.com/viewjob?jk=56045bc15ed3bb3c,N/A,N/A,We enable clients to stay ahead with the latest advancements by transforming engineering teams and modernizing technology & data platforms.,Indeed
Data Engineer,AndHealth,"Columbus, OH 43215",30+ days ago,https://www.indeed.com/viewjob?jk=af4f82d652a266ea,N/A,N/A,"Hands-on data engineering experience, with a track record of building and operating production data systems.
Own the ingestion contracts, handle schema drift,…",Indeed
Data Engineering Tech Lead,OhioHealth,"Columbus, OH 43202",18 days ago,https://www.indeed.com/viewjob?jk=b3c7644c5aa2b81f,N/A,N/A,"Must have hands on expertise dealing with data pipelines.
Must have hands on expertise dealing with data pipelines.
Support cross team technical collaboration.",Indeed
Senior Business Analyst,Cardinal Health,"Dublin, OH 43017",30+ days ago,https://www.indeed.com/viewjob?jk=95569e86ff495918,N/A,N/A,"Support regulated pharma workflows, ensuring awareness of compliance, auditability, and data accuracy requirements.
Provides solutions which may set precedent.",Indeed
Service Desk Analyst I (Columbus),RedHelm,"Columbus, OH",21 days ago,https://www.indeed.com/viewjob?jk=505533224594d989,N/A,N/A,"The ideal candidate brings a customer-first mindset, strong attention to detail, and a genuine willingness to grow their technical skills over time.",Indeed
Workday Senior HRIS Analyst,OCLC,"Dublin, OH",17 days ago,https://www.indeed.com/viewjob?jk=f75ff5a881e11248,N/A,N/A,"Monitor adherence to data management procedures.
Ensure system accuracy through regular audits, recognizing data problems or inconsistencies by understanding HR…",Indeed
Technical Analyst-Commercial,WOW!,"Columbus, OH 43215",29 days ago,https://www.indeed.com/viewjob?jk=f4317eb6296b996a,N/A,N/A,"Gather data and prepare reports to measure the effectiveness of our service and support activities as required by management.
High school diploma or equivalent.",Indeed
Technical Business Systems Analyst,CapTech Consulting,"Columbus, OH",2 days ago,https://www.indeed.com/viewjob?jk=d73280ee30293c07,N/A,N/A,"Experience performing data analysis, data mapping, and requirements traceability across multiple systems.
Analyze data to understand current-state structures,…",Indeed
Fraud Data Scientist (Credit/Debit Card Transaction & Strategy),PNC Financial Services Group,"Columbus, OH 43215",30+ days ago,https://www.indeed.com/viewjob?jk=02f54abc4e46a63a,N/A,N/A,"Applies predictive models, third party data, and other tools to develop and execute appropriate segmentation and targeting for acquisition and portfolio…",Indeed
"Epic Systems Analyst - Sched/Reg (Grand Central, Prelude, Cadence, Welcome)",OhioHealth,"Columbus, OH 43202",22 days ago,https://www.indeed.com/viewjob?jk=b6099623c6928311,N/A,N/A,"Ensure data integrity and metric definitions are consistent across modules and stakeholders.
Minimum of 1-3 years of experience in system/application analysis,…",Indeed
Data Architect,eBusiness Solutions Inc.,"Columbus, OH",16 days ago,https://www.indeed.com/viewjob?jk=b12ad877019777a0,N/A,N/A,"Experience in data architecture, database design, and data modeling — 5 Years.
Expertise with modern cloud data warehouses such as Snowflake — 5 Years.",Indeed
Manufacturing Planning Systems Analyst,"Tosoh SMD, Inc.","Grove City, OH 43123",30+ days ago,https://www.indeed.com/viewjob?jk=688004b3ac9c8a96,N/A,N/A,"Support root cause analysis of production issues using data.
Ensure data accuracy and reliability across multiple systems and sources.",Indeed
Data Analyst,Gryd Energy • London,London,N/A,/goto?url=CAESZwHrOzAVWMWYqxcSztn9DeiTvlXR1rOBmT9QFESpd_6X5I7No0xS-Hug4cIidjJRxibfNMTD8BzwPyu2TXr079qiDDFshzVx7Y1t32QrXpTPdXkGMKprxRujqd25TnJInS3uVVAzpk4,/goto?url=CAESZwHrOzAVWMWYqxcSztn9DeiTvlXR1rOBmT9QFESpd_6X5I7No0xS-Hug4cIidjJRxibfNMTD8BzwPyu2TXr079qiDDFshzVx7Y1t32QrXpTPdXkGMKprxRujqd25TnJInS3uVVAzpk4,N/A,Data Analyst at Gryd Energy • London,Wellfound
Data Analytics Consultant,Pirical • London,London,N/A,/goto?url=CAESdAHrOzAV72s5uStQheGiq2Z1vSWbSw_r34Shs_ba7BUa6jDDHLBu8etmhw_o-BKlYDXG6Jz6InOxUsJTpradKDO4BUO7EnoO93kCB5bHaDTjPr5urgI7Gt7itA3ylzF7vSqb2q2v29Y1pCDF1X2xBIxl6Ls4,/goto?url=CAESdAHrOzAV72s5uStQheGiq2Z1vSWbSw_r34Shs_ba7BUa6jDDHLBu8etmhw_o-BKlYDXG6Jz6InOxUsJTpradKDO4BUO7EnoO93kCB5bHaDTjPr5urgI7Gt7itA3ylzF7vSqb2q2v29Y1pCDF1X2xBIxl6Ls4,N/A,Data Analytics Consultant at Pirical • London,Wellfound
Senior Data Analyst,Turo • London,London,N/A,/goto?url=CAESbgHrOzAVcH1uQqXE0sBfOtHaqiDvoJmkratibq7yx4ENNqu-a75JgNuYRTS8Rto9T-2bUtJufhJgvjasx5nxdB94v7bzkN8loNWEUnOP7qFdlP_N_gECyD5t_GCdgxsK1QTBatwhq_lTqO0-qPL6,/goto?url=CAESbgHrOzAVcH1uQqXE0sBfOtHaqiDvoJmkratibq7yx4ENNqu-a75JgNuYRTS8Rto9T-2bUtJufhJgvjasx5nxdB94v7bzkN8loNWEUnOP7qFdlP_N_gECyD5t_GCdgxsK1QTBatwhq_lTqO0-qPL6,N/A,Senior Data Analyst at Turo • London,Wellfound
Product Data Scientist (Data Labs),Similarweb • London,London,N/A,/goto?url=CAESewHrOzAV1grleJlhHnlTr-TqYBq5IbeywIunYM-t9Bzn3BN27nhvqwgPN4pmSjR_oXXLEQGbZmSXRa38jTduBCdGuyfHzFmmI1xtpEmJe5PeXZiJ29YDiiyt-6yJqqN7VaSVijnK4oDk-IwbOeNZcV59fLdzxpBkuhvzDQ,/goto?url=CAESewHrOzAV1grleJlhHnlTr-TqYBq5IbeywIunYM-t9Bzn3BN27nhvqwgPN4pmSjR_oXXLEQGbZmSXRa38jTduBCdGuyfHzFmmI1xtpEmJe5PeXZiJ29YDiiyt-6yJqqN7VaSVijnK4oDk-IwbOeNZcV59fLdzxpBkuhvzDQ,N/A,Product Data Scientist (Data Labs) at Similarweb • London,Wellfound
Junior Data Engineer,CarbonChain • London,London,N/A,/goto?url=CAESbwHrOzAVwI9rA-MqLEfICngtXuvAkRedXlvplKgyf7wOcGminYy9B9dJrGrRQI2GoKJbr6hiVfrvhJctovOSYnrZofAAqkOcfhXn-drM9y6h0ESEr9zyPL3p2yPFBlA58vsKIwcW4iOHVAMV4fpd3g,/goto?url=CAESbwHrOzAVwI9rA-MqLEfICngtXuvAkRedXlvplKgyf7wOcGminYy9B9dJrGrRQI2GoKJbr6hiVfrvhJctovOSYnrZofAAqkOcfhXn-drM9y6h0ESEr9zyPL3p2yPFBlA58vsKIwcW4iOHVAMV4fpd3g,N/A,Junior Data Engineer at CarbonChain • London,Wellfound
Principal Data Engineer,ComplyAdvantage • London,London,N/A,/goto?url=CAEScgHrOzAVfw1sl7X2t_Q5dzcY5nsQkCN3geD4hK_wkj2_Hmq9KVgpvkrd-bRpeOa_LqUqdDPeSwu20kl9b5dSDdXncYzyWI-8Sdhz2Os6d1SJ9D6uTGYw0siJu3pgEHoaAFSRP_xI-1ey8NfRk9yEemMkVg,/goto?url=CAEScgHrOzAVfw1sl7X2t_Q5dzcY5nsQkCN3geD4hK_wkj2_Hmq9KVgpvkrd-bRpeOa_LqUqdDPeSwu20kl9b5dSDdXncYzyWI-8Sdhz2Os6d1SJ9D6uTGYw0siJu3pgEHoaAFSRP_xI-1ey8NfRk9yEemMkVg,N/A,Principal Data Engineer at ComplyAdvantage • London,Wellfound
Senior People Data Analyst,Intercom • Ireland • Dublin,London,N/A,/goto?url=CAESdQHrOzAVMhk35qJftJ35cYIv7eru2xzzs9B1dQTTG81xURO4Lx92UvlGS9n3L52MmX-4b3VmbivFCHKHQAwnBWJxbm6MPY6GCQaoTqcLjqgZF5Tr_ginPpyp_Ybj1V23ERbfUDAUYd-pyO2gy5nmvXeifKHd-A,/goto?url=CAESdQHrOzAVMhk35qJftJ35cYIv7eru2xzzs9B1dQTTG81xURO4Lx92UvlGS9n3L52MmX-4b3VmbivFCHKHQAwnBWJxbm6MPY6GCQaoTqcLjqgZF5Tr_ginPpyp_Ybj1V23ERbfUDAUYd-pyO2gy5nmvXeifKHd-A,N/A,Senior People Data Analyst at Intercom • Ireland • Dublin,Wellfound
Data Analyst,Artefact,London,N/A,/goto?url=CAEScgHrOzAV5mCyNAu5jitiJkagih5FiAeep0aFdNGDZAnBnT-4bz6ODDm0vaMqDfseK78gScQ6M5aY907CRphYv29vlAq2aiqwL6kmgxyDh4bBXjQFCFOFoBREXkgrP0rlq_571CembqohSaJWx7A0_VbzuQ,/goto?url=CAEScgHrOzAV5mCyNAu5jitiJkagih5FiAeep0aFdNGDZAnBnT-4bz6ODDm0vaMqDfseK78gScQ6M5aY907CRphYv29vlAq2aiqwL6kmgxyDh4bBXjQFCFOFoBREXkgrP0rlq_571CembqohSaJWx7A0_VbzuQ,N/A,Data Analyst - Casablanca at Artefact,Wellfound
Principal Data Engineer,ComplyAdvantage • London,London,N/A,/goto?url=CAEScgHrOzAViVE6qlJVQMVa-saWGFK12tgwGutJK6Se21xlzEBt_OxvLWvN4YirpCg_3ZxlgQAELP-C_LZhOx-dIC2t0vD0u47-Kh5ONCQNQXzVP3wZfBSt5TT718fv_H1VNF2AaejLv9KI22k-r5pDileh5w,/goto?url=CAEScgHrOzAViVE6qlJVQMVa-saWGFK12tgwGutJK6Se21xlzEBt_OxvLWvN4YirpCg_3ZxlgQAELP-C_LZhOx-dIC2t0vD0u47-Kh5ONCQNQXzVP3wZfBSt5TT718fv_H1VNF2AaejLv9KI22k-r5pDileh5w,N/A,Principal Data Engineer at ComplyAdvantage • London,Wellfound
Data Platform Solutions Lead,CAIS • New York City,London,N/A,/goto?url=CAESdwHrOzAVkeRH4gJXOPLlSMcXctA1VrGxskx8ZjY5Kp322vvUzdlyZ-LVFgJu5HXtN-wubdd4U9VFXegv_9XA_4yLkFY0s_BIHtzikVUx0dMtZeBlpx0LZSkW984cbdm-COFGpLm9-VZtv9MjWzZfWmFtDYgOJqB1,/goto?url=CAESdwHrOzAVkeRH4gJXOPLlSMcXctA1VrGxskx8ZjY5Kp322vvUzdlyZ-LVFgJu5HXtN-wubdd4U9VFXegv_9XA_4yLkFY0s_BIHtzikVUx0dMtZeBlpx0LZSkW984cbdm-COFGpLm9-VZtv9MjWzZfWmFtDYgOJqB1,N/A,Data Platform Solutions Lead at CAIS • New York City,Wellfound
Sr. Data Architect,UpClear • New York,London,N/A,/goto?url=CAESbAHrOzAVcBBYS_UYuV6SvrxFd6isqKYyVYDE_lPa3Kwi-aLYqg-hfBbaSta5vLS-39cCPT26KtIbnlwnabzix-iWbG30042dwgrofVdcyBZLSlZZ6kxtQgmcJ0-ClBheiTf7_IHbzg-KpqqPeQ,/goto?url=CAESbAHrOzAVcBBYS_UYuV6SvrxFd6isqKYyVYDE_lPa3Kwi-aLYqg-hfBbaSta5vLS-39cCPT26KtIbnlwnabzix-iWbG30042dwgrofVdcyBZLSlZZ6kxtQgmcJ0-ClBheiTf7_IHbzg-KpqqPeQ,N/A,Sr. Data Architect at UpClear • New York,Wellfound
Data Analyst - Business Intelligence,Transport for London,"London, England",2d,"https://www.glassdoor.co.uk/job-listing/data-analyst-business-intelligence-transport-for-london-JV_IC2671300_KO0,34_KE35,55.htm?jl=1010125122204",N/A,N/A,"Reimbursement of 75% of the cost of a standard class Ticket for National Rail travel from home. Degree in computer science, data analysis or information…&hellip;

Skills: Power BI, R, Statistical analysis, SharePoint, Management reporting",Glassdoor
Data Analyst,Royal Borough of Kingston upon Thames,"Kingston upon Thames, England",24h,"https://www.glassdoor.co.uk/job-listing/data-analyst-royal-borough-of-kingston-upon-thames-JV_IC3288244_KO0,12_KE13,50.htm?jl=1010243092742",N/A,N/A,"Kingston is a beautiful Royal borough with a historic setting on the banks of the Thames with excellent schools and a bustling retail centre, all surrounded by…&hellip;

Skills: Analysis skills, Project leadership, Analytics",Glassdoor
Data Analyst Platformer (entry level),Havas Group,"London, England",4d,"https://www.glassdoor.co.uk/job-listing/data-analyst-platformer-entry-level-havas-group-JV_IC2671300_KO0,35_KE36,47.htm?jl=1010239177079",N/A,N/A,"How to conduct audience, brand, social, cultural quantitative, qualitative and desk research. How to prototype and test new AI-powered intelligence products and…&hellip;

Skills: Market research, Presentation skills, Budgeting, Data collection, AI",Glassdoor
Data Analyst,ITV,"London, England",3d,"https://www.glassdoor.co.uk/job-listing/data-analyst-itv-JV_IC2671300_KO0,12_KE13,16.htm?jl=1010240614385",N/A,N/A,"Communicating analytics and insight to business stakeholders in a non-technical, strategically-minded and impactful manner. Contract Type: Perm Full time.&hellip;

Skills: Tableau, Statistical analysis, Analysis skills, Presentation skills, Forecasting",Glassdoor
Data Analyst,London Borough of Sutton,United Kingdom,24h,"https://www.glassdoor.co.uk/job-listing/data-analyst-london-borough-of-sutton-JV_KO0,12_KE13,37.htm?jl=1010243092214",N/A,N/A,"Kingston is a beautiful Royal borough with a historic setting on the banks of the Thames with excellent schools and a bustling retail centre, all surrounded by…&hellip;

Skills: Analysis skills, Project leadership, Analytics",Glassdoor
Data Analyst,ITV,"London, England",10d,"https://www.glassdoor.co.uk/job-listing/data-analyst-itv-JV_IC2671300_KO0,12_KE13,16.htm?jl=1010233584320",N/A,N/A,"Support: respond to inbound support queries around data products, requests and issues, offering data analytics expertise and explanations, as well as potential…&hellip;

Skills: SQL, Analysis skills, Quality assurance, Presentation skills, Product development",Glassdoor
Data Analyst,Toyota Connected,"London, England",24h,"https://www.glassdoor.co.uk/job-listing/data-analyst-toyota-connected-north-america-JV_IC2671300_KO0,12_KE13,43.htm?jl=1010243202442",N/A,N/A,"The analyst will work on a combination of reporting tools, product analytics and will be required to use emerging technologies, including AI and automation, to…&hellip;

Skills: Power BI, SQL, Data analytics, Management reporting, A/B testing",Glassdoor
Data Analyst / Business Intelligence Analyst,Sizewell C,"London, England",24h,"https://www.glassdoor.co.uk/job-listing/data-analyst-business-intelligence-analyst-sizewell-c-JV_IC2671300_KO0,42_KE43,53.htm?jl=1010244507518",N/A,N/A,"Location: Hybrid; London - 2 days per week; occasional travel to Suffolk when required. Working across a nationally significant infrastructure programme, you'll…&hellip;

Skills: Power BI, Analysis skills, Data analytics, Management reporting, Business requirements",Glassdoor
Data Analyst,UK Health Security Agency,United Kingdom,3d,"https://www.glassdoor.co.uk/job-listing/data-analyst-uk-health-security-agency-JV_KO0,12_KE13,38.htm?jl=1010240558660",N/A,N/A,"Nationals of the EU, Switzerland, Norway, Iceland or Liechtenstein and family members of those nationalities who have made a valid application for settled or…&hellip;

Skills: Laboratory information management systems, Quality management, Statistical analysis, Presentation skills, Data management",Glassdoor
CRRD Data Analyst,International Rescue Committee,"London, England",23d,"https://www.glassdoor.co.uk/job-listing/crrd-data-analyst-international-rescue-committee-JV_IC2671300_KO0,17_KE18,48.htm?jl=1010223058142",N/A,N/A,"Successful candidates will be hired on a local employment contract and according to local salary scale. They also provide strategic support implementing and…&hellip;

Skills: Power BI, Tableau, Analysis skills, Data analytics, Communication skills",Glassdoor
Data Analyst,Greenstone Advisory Group Ltd,"London, England",22d,"https://www.glassdoor.co.uk/job-listing/data-analyst-greenstone-advisory-group-ltd-JV_IC2671300_KO0,12_KE13,42.htm?jl=1010223401816",N/A,N/A,"Ensure accuracy, consistency, and integrity of data. Assist in improving data collection processes and documentation. Legal right to work in the United Kingdom.&hellip;

Skills: Power BI, English, Tableau, Analysis skills, Data management",Glassdoor
Data Analyst,Ecomcity LTD,"London, England",12d,"https://www.glassdoor.co.uk/job-listing/data-analyst-ecomcity-ltd-JV_IC2671300_KO0,12_KE13,25.htm?jl=1010231553380",N/A,N/A,"Assist in database design and maintenance using Oracle, Microsoft SQL Server, and VBA to ensure data integrity and accessibility.&hellip;

Skills: Power BI, Relational databases, Writing skills, R, Business analysis",Glassdoor
Data Analyst,Respect Services,United Kingdom,30d+,"https://www.glassdoor.co.uk/job-listing/data-analyst-respect-services-JV_KO0,12_KE13,29.htm?jl=1005812145551",N/A,N/A,"The role will involve data analysis of processes and data flows, modelling of new data flows, data integration and enrichment, management of complex data…&hellip;

Skills: Business intelligence, Data analytics, Communication skills",Glassdoor
Data Analyst,CUBE,"London, England",3d,"https://www.glassdoor.co.uk/job-listing/data-analyst-cube-JV_IC2671300_KO0,12_KE13,17.htm?jl=1010098839210",N/A,N/A,"Collaborate with subject matter experts to deliver high-quality, accurate data insights for customers while continuously improving your own expertise in risk…&hellip;

Skills: Power BI, Tableau, Analysis skills, Quality control, Mentoring",Glassdoor
Data Analyst (London-based),Diginius,"London, England",10d,"https://www.glassdoor.co.uk/job-listing/data-analyst-london-based-diginius-JV_IC2671300_KO0,25_KE26,34.htm?jl=1010233769005",N/A,N/A,"Strong organizational skills with ability to effectively multi-task in a high pressure, fast-pasted environment to manage significant workload under time…&hellip;

Skills: Microsoft Powerpoint, Power BI, Financial modelling, Software deployment, Financial report writing",Glassdoor
Junior Data Analyst,Qualient Solutions,"London, England",30d+,"https://www.glassdoor.co.uk/job-listing/junior-data-analyst-qualient-solutions-JV_IC2671300_KO0,19_KE20,38.htm?jl=1008662367909",N/A,N/A,"Knowledge of digital analytics solutions (ie Adobe Analytics or Google Analytics) and other traditional analytics solutions.&hellip;

Skills: Data analytics, Google Analytics, Adobe Analytics",Glassdoor
People Data & Reward Analyst,Tokio Marine Holdings,"London, England",4d,"https://www.glassdoor.co.uk/job-listing/people-data-reward-analyst-tokio-marine-holdings-JV_IC2671300_KO0,26_KE27,48.htm?jl=1010239686101",N/A,N/A,"Supporting salary and bonus benchmarking activities, reward analysis and the annual pay and bonus review cycle.&hellip;

Skills: Power BI, Data modelling, Microsoft Excel, Data analysis skills, Research",Glassdoor
Data Analyst,Just Eat Takeaway.com,"London, England",30d+,"https://www.glassdoor.co.uk/job-listing/data-analyst-just-eat-takeaway-com-JV_IC2671300_KO0,12_KE13,34.htm?jl=1009814468444",N/A,N/A,"Working closely with stakeholders from our employed courier model and coordinating cross-functional initiatives (working closely with the strategic account…&hellip;

Skills: Tableau, Analysis skills, Continuous improvement, Data collection, Root cause analysis",Glassdoor
Data Analyst,Ageas,"Reigate, England",3d,"https://www.glassdoor.co.uk/job-listing/data-analyst-ageas-JV_IC3294475_KO0,12_KE13,18.htm?jl=1010240987720",N/A,N/A,"We show this in the service we provide to over four million customers. We are one of the largest car and home insurers in the UK.&hellip;

Skills: Business intelligence, Git, Presentation skills, Machine learning, Data analytics",Glassdoor
Graduate Technical/Data Analyst | London,SeaChange,"London, England",4d,"https://www.glassdoor.co.uk/job-listing/graduate-technical-data-analyst-london-seachange-JV_IC2671300_KO0,38_KE39,48.htm?jl=1010239179361",N/A,N/A,"As a Graduate Data Analyst, you’ll be deployed onsite with their team, supporting data-driven decision-making and emerging technology initiatives.&hellip;

Skills: Tableau, Machine learning, Distributed systems, Data analytics, Fraud prevention and detection",Glassdoor
Data Business Analyst,NTT DATA,United Kingdom,30d+,"https://www.glassdoor.co.uk/job-listing/data-business-analyst-ntt-data-JV_KO0,21_KE22,30.htm?jl=1010175827002",N/A,N/A,"You’ll be responsible for collecting and analysing business use cases, collecting requirements and relevant data that can be translated into insights to build…&hellip;

Skills: Data mining, Business intelligence, Business analysis, Analysis skills, Data management",Glassdoor
Data Analyst,Munich Re,"London, England",7d,"https://www.glassdoor.co.uk/job-listing/data-analyst-munich-re-JV_IC2671300_KO0,12_KE13,22.htm?jl=1010237251507",N/A,N/A,"You will treat your colleagues and sales and business partners fairly and with respect. We recognise diversity can be multi-dimensional, intersectional, and…&hellip;

Skills: Process improvement, Git, Analysis skills, Data management, Root cause analysis",Glassdoor
Associate Data Analyst,CDP,United Kingdom,30d+,"https://www.glassdoor.co.uk/job-listing/associate-data-analyst-cdp-JV_KO0,22_KE23,26.htm?jl=1010154153815",N/A,N/A,"External stakeholders include: Data product customers, partner organisations. Some experience with applied data analytics and/or data science, working with…&hellip;

Skills: Power BI, English, Product management, Data analytics, Marketing automation",Glassdoor
BI & Data Analyst,Clece Care Services,"London, England",2d,"https://www.glassdoor.co.uk/job-listing/bi-data-analyst-clece-care-services-JV_IC2671300_KO0,15_KE16,35.htm?jl=1010241922012",N/A,N/A,"Experience within healthcare, social care or multi-site organisations. Data Analytics, Business Intelligence or Reporting: 3 years (required).&hellip;

Skills: Power BI, Microsoft SQL Server, Analysis skills, Data analytics, APIs",Glassdoor
Data Insight Analyst,SportPursuit,"London, England",24h,"https://www.glassdoor.co.uk/job-listing/data-insight-analyst-sportpursuit-JV_IC2671300_KO0,20_KE21,33.htm?jl=1010244151053",N/A,N/A,"Creating Data Models & Building Consistent Centralised Reporting. Montpellier, France:* Hybrid (minimum 3 days per week in the office).&hellip;

Skills: French, Business intelligence, R, English, E-commerce",Glassdoor
Data Analyst - Fraud,Moniepoint,United Kingdom,25d,"https://www.glassdoor.co.uk/job-listing/data-analyst-fraud-moniepoint-JV_KO0,18_KE19,29.htm?jl=1010220200765",N/A,N/A,"Technical take-home task (SQL test). Moniepoint Inc. is Africa’s all-in-one financial platform, helping 20 million businesses and individuals access seamless…&hellip;

Skills: Git, Risk management, Scripting, Data analytics, Fraud prevention and detection",Glassdoor
"Graduate Technical Business Analyst, Data & Automation, London",Acturis,"London, England",30d+,"https://www.glassdoor.co.uk/job-listing/graduate-technical-business-analyst-data-automation-london-acturis-JV_IC2671300_KO0,58_KE59,66.htm?jl=1010145842673",N/A,N/A,"Support the testing, implementation and continuous improvement of innovative solutions, including document automation, machine learning models and LLM-powered…&hellip;

Skills: Business analysis, Process improvement, Machine learning, Business requirements",Glassdoor
Data Analyst - 6 Month FTC,FDJ UNITED,"London, England",21d,"https://www.glassdoor.co.uk/job-listing/data-analyst-6-month-ftc-fdj-la-française-des-jeux-JV_IC2671300_KO0,24_KE25,50.htm?jl=1010225411033",N/A,N/A,"Knowledge of the online gambling industry, gambling products and marketing strategies. A degree in a numerate or analytical subject, though we're equally…&hellip;

Skills: Power BI, Analysis skills, Data analytics, Data visualisation, AI",Glassdoor
Data Operations Analyst,Houlihan Lokey,United Kingdom,30d,"https://www.glassdoor.co.uk/job-listing/data-operations-analyst-houlihan-lokey-JV_KO0,23_KE24,38.htm?jl=1010213354342",N/A,N/A,"1-3 years of industry experience, with a preference towards operational and / or research roles. Knowledge Development: leverage and build your understanding of…&hellip;

Skills: Operations management, Incident management, Process improvement, Analysis skills, Root cause analysis",Glassdoor
Data Analyst,Burford Capital,United Kingdom,30d+,"https://www.glassdoor.co.uk/job-listing/data-analyst-burford-capital-JV_KO0,12_KE13,28.htm?jl=1010183793403",N/A,N/A,"The Data Analyst will be involved in a wide variety of areas within the Strategy and Quantitative Analytics team, with a particular focus on the development and…&hellip;

Skills: Financial modelling, Business analysis, Functional testing, Technical writing, Business requirements",Glassdoor
Graduate Programme 2027: Data Scientist and Analyst,Revolut,"London, England",30d+,"https://www.glassdoor.co.uk/job-listing/graduate-programme-2027-data-scientist-and-analyst-revolut-JV_IC2671300_KO0,50_KE51,58.htm?jl=1010147293121",N/A,N/A,"Data Scientists and Analysts work directly with product teams to uncover insights, guide decisions, and improve how customers experience Revolut.&hellip;

Skills: English, Maths, Data analytics, Data science, Communication skills",Glassdoor
Data Analyst,EveryMatrix,United Kingdom,30d+,"https://www.glassdoor.co.uk/job-listing/data-analyst-everymatrix-JV_KO0,12_KE13,24.htm?jl=1010201208953",N/A,N/A,"4 weeks of paternity leave, plus the flexibility to work from home full-time until your child is 13 weeks old.&hellip;

Skills: Tableau, Customer segmentation, Scripting, Data analytics, Management reporting",Glassdoor
Data Analyst Intern,Eaton,"Slough, Berkshire, South East England, England",2d,"https://www.glassdoor.co.uk/job-listing/data-analyst-intern-eaton-JV_IC2675166_KO0,19_KE20,25.htm?jl=1010241702021",N/A,N/A,"Prepare large data set using the latest low code Data Science Applications. Train and support end users on the reports you create.&hellip;

Skills: Microsoft Powerpoint, Microsoft Word, Microsoft Excel, Computer literacy, Writing skills",Glassdoor
The Data School UK - Data Analyst/Consultant,The Information Lab,United Kingdom,30d+,"https://www.glassdoor.co.uk/job-listing/the-data-school-uk-data-analyst-consultant-the-information-lab-JV_KO0,42_KE43,62.htm?jl=1009149766442",N/A,N/A,"We typically recruit 8 people every 2 months, with the option for applicants to specify a particular intake. Salary: £35k during training and placements 1 and 2…&hellip;

Skills: Presentation skills, Data analytics",Glassdoor
Data Analyst,Redcentric,"London, England",23d,"https://www.glassdoor.co.uk/job-listing/data-analyst-redcentric-JV_IC2671300_KO0,12_KE13,23.htm?jl=1010222028504",N/A,N/A,"Ensure data accuracy and integrity through regular audits and validation processes. Assist in the development and implementation of data management systems.&hellip;

Skills: Business intelligence, Analysis skills, Data management, Data analytics, Communication skills",Glassdoor
Data Analyst (Compute Science Graduate Opportunity ),AMS,"London, England",17d,"https://www.glassdoor.co.uk/job-listing/data-analyst-compute-science-graduate-opportunity-ams-JV_IC2671300_KO0,49_KE50,53.htm?jl=1010227531872",N/A,N/A,Next steps This client will only accept workers operating via an Umbrella or PAYE engagement model. If you are interested in applying for this position and…&hellip;,Glassdoor
Data Analyst,Fortray Global Services,"London, England",30d+,"https://www.glassdoor.co.uk/job-listing/data-analyst-fortray-global-services-ltd-JV_IC2671300_KO0,12_KE13,40.htm?jl=1009031306672",N/A,N/A,"A minimum of 1-2 years’ experience in a Data related role. Hands on experience designing, building pipelines, and supporting data platforms across Google data…&hellip;

Skills: Microsoft Powerpoint, Relational databases, Google Cloud Platform, Management reporting, Data visualisation",Glassdoor
HR Data Analyst,QA,"London, England",30d+,"https://www.glassdoor.co.uk/job-listing/hr-data-analyst-qa-JV_IC2671300_KO0,15_KE16,18.htm?jl=1010178621421",N/A,N/A,"The role will play a key part in strengthening consistency, visibility, and data-driven decision-making across regions, driving continuous improvement in HR…&hellip;

Skills: Incident management, Data structures, Analysis skills, HRIS, Management reporting",Glassdoor
Data Analyst,Reply,"London, England",30d+,"https://www.glassdoor.co.uk/job-listing/data-analyst-reply-JV_IC2671300_KO0,12_KE13,18.htm?jl=1009971566264",N/A,N/A,"As an equal opportunities employer, we are committed to encouraging equality, diversity, and social mobility, while creating opportunities for our teams to work…&hellip;

Skills: Power BI, Google Tag Manager, Alteryx, NoSQL, Test-driven development",Glassdoor
Data Analyst - Routing & Sortation,Relay Technology (UK),"London, England",30d+,"https://www.glassdoor.co.uk/job-listing/data-analyst-routing-sortation-relay-technology-uk-JV_IC2671300_KO0,30_KE31,50.htm?jl=1009683740814",N/A,N/A,"You have at least 3 years experience, ideally with some exposure to logistics or another physical operation. Sortation is the physical side: warehouse teams and…&hellip;

Skills: Management reporting, Root cause analysis, Analytics",Glassdoor
Market Data Analyst,Intercontinental Exchange,"London, England",21d,"https://www.glassdoor.co.uk/job-listing/market-data-analyst-intercontinental-exchange-JV_IC2671300_KO0,19_KE20,45.htm?jl=1010225217775",N/A,N/A,"Assist in audit reviews of ICE customers, including analysis of technical data flows and entitlement controls.&hellip;

Skills: CRM software, Operations management, Process improvement, Compliance management, Organisational skills",Glassdoor
Position: Data Analyst,1 Stop Data,"Epsom, England",30d+,"https://www.glassdoor.co.uk/job-listing/position-data-analyst-1-stop-data-JV_IC3294608_KO0,21_KE22,33.htm?jl=1008961627867",N/A,N/A,"Advanced knowledge in writing queries and reports to standardise and transform data. At 1 Stop Data, new processes, products and services are usually developed…&hellip;

Skills: Statistical software, Relational databases, Google Cloud Platform, Analysis skills, Data analytics",Glassdoor
Data Quality Analyst- London,FDM Group,United Kingdom,24d,"https://www.glassdoor.co.uk/job-listing/data-quality-analyst-london-fdm-group-JV_KO0,27_KE28,37.htm?jl=1010221233250",N/A,N/A,"Execute daily data quality validation checks across SFRC batch processing activities. Our client is seeking a data-focused analyst to support the Strategic Full…&hellip;

Skills: Regulatory reporting, Data analysis skills, Management reporting, Pivot tables, Communication skills",Glassdoor
GTM Data Analyst,Sunday,"London, England",10d,"https://www.glassdoor.co.uk/job-listing/gtm-data-analyst-sunday-JV_IC2671300_KO0,16_KE17,23.htm?jl=1010233772645",N/A,N/A,"Build and own the reporting standard used in sales leadership’s regular GTM performance reviews. Exposure to go-to-market, sales, or revenue operations…&hellip;

Skills: Business intelligence, Business analysis, Management reporting, AI, Data warehouse",Glassdoor
Energy Data Analyst,Veolia,"London, England",17d,"https://www.glassdoor.co.uk/job-listing/energy-data-analyst-veolia-JV_IC2671300_KO0,19_KE20,26.htm?jl=1010227352629",N/A,N/A,"Responding to incoming queries on reports and various data requests. One paid days leave every year to volunteer and support your community.&hellip;

Skills: Data management",Glassdoor
Data Analyst FTC 23 months,Buckinghamshire New University,"High Wycombe, England",8d,"https://www.glassdoor.co.uk/job-listing/data-analyst-ftc-23-months-buckinghamshire-new-university-JV_IC2681375_KO0,26_KE27,57.htm?jl=1010236092486",N/A,N/A,"Beyond migration activities, the postholder will support ongoing data quality initiatives, helping to identify, investigate and resolve data quality issues and…&hellip;

Skills: Business intelligence, Relational databases, Analysis skills, Data analytics",Glassdoor
Data Analyst,Sportradar,"London, England",15d,"https://www.glassdoor.co.uk/job-listing/data-analyst-sportradar-JV_IC2671300_KO0,12_KE13,23.htm?jl=1010229442100",N/A,N/A,"Train and empower business users to leverage the business intelligence tools and analytics solutions for driving data-driven decisions and insights.&hellip;

Skills: Power BI, Relational databases, QlikView, Business analysis, English",Glassdoor
Risk Technology Data Analyst,Cantor Fitzgerald,United Kingdom,29d,"https://www.glassdoor.co.uk/job-listing/risk-technology-data-analyst-cantor-fitzgerald-JV_KO0,28_KE29,46.htm?jl=1010214736436",N/A,N/A,"The Risk Technology Data Analyst will be a key member of the Risk Management Technology team, contributing to the development and enhancement of risk systems.&hellip;

Skills: Risk management",Glassdoor
Financial Data and Cost Analyst,Titan Trailers,"Tillsonburg, ON",N/A,https://www.ziprecruiter.com/jobs-search?search=Data%20Analyst&location=London&lk=FYxIgrcoQFWCMFhtbBGDbA,"https://www.ziprecruiter.com/co/Titan-Trailers/Jobs/-in-Tillsonburg,ON?uuid=OvrT6afvvNXW2cZ2FP940ibqlBc%3D&radius=25",N/A,"Company: Titan Trailers | Location: Tillsonburg, ON",ZipRecruiter (ziprecruiter.com)
Senior Data Analyst,CarePartners,"London, ON",N/A,https://www.ziprecruiter.com/jobs-search?search=Data%20Analyst&location=London&lk=B-xEPis0CDAmFZjANcj2Hg,"https://www.ziprecruiter.com/co/CarePartners/Jobs/-in-London,ON?uuid=ICYVgAGSn0u7MzxY97gW9TKMvhM%3D&radius=25",N/A,"Company: CarePartners | Location: London, ON",ZipRecruiter (ziprecruiter.com)
Clinical Data Analyst,Alimentiv,"London, ON",N/A,https://www.ziprecruiter.com/jobs-search?search=Data%20Analyst&location=London&lk=3GcpKjxt_yvnVhHHUVraQQ,https://www.ziprecruiter.com/co/Alimentiv/Jobs?uuid=&radius=25,N/A,"Company: Alimentiv | Location: London, ON",ZipRecruiter (ziprecruiter.com)
Senior Data Analyst,The Canada Life Assurance Company,"London, ON",N/A,https://www.ziprecruiter.com/jobs-search?search=Data%20Analyst&location=London&lk=mjsUeCmaDjoT52Y9AJ6VtQ,"https://www.ziprecruiter.com/co/The-Canada-Life-Assurance-Company/Jobs/-in-London,ON?uuid=&radius=25",N/A,"Company: The Canada Life Assurance Company | Location: London, ON",ZipRecruiter (ziprecruiter.com)
Senior Data Analyst,CARFAX,"London, ON",N/A,https://www.ziprecruiter.com/jobs-search?search=Data%20Analyst&location=London&lk=sBdQq2EA_2m9ze9biHiI2Q,"https://www.ziprecruiter.com/co/CARFAX/Jobs/-in-London,ON?uuid=rEp7h4oVJAvc0fohP%2B9LtbhFKvs%3D&radius=25",N/A,"Company: CARFAX | Location: London, ON",ZipRecruiter (ziprecruiter.com)
Data Analyst,RoseHarbor Publishing,"London, ON",N/A,https://www.ziprecruiter.com/jobs-search?search=Data%20Analyst&location=London&lk=sLcnHx397JVug_tMoFOG6A,"https://www.ziprecruiter.com/co/RoseHarbor-Publishing/Jobs/-in-London,ON?uuid=&radius=25",N/A,"Company: RoseHarbor Publishing | Location: London, ON",ZipRecruiter (ziprecruiter.com)
"Senior Data Analyst, Business Intelligence",Turo,"London, ON",N/A,https://www.ziprecruiter.com/jobs-search?search=Data%20Analyst&location=London&lk=9xzs1NNldM2GGBHYOi9o9Q,"https://www.ziprecruiter.com/co/Turo/Jobs/-in-London,ON?uuid=oqmxiZYo0pFjjftaQf11x6cffi4%3D&radius=25",N/A,"Company: Turo | Location: London, ON",ZipRecruiter (ziprecruiter.com)
"Junior Data Analyst, People Analytics",BDO Canada,"London, ON",N/A,https://www.ziprecruiter.com/jobs-search?search=Data%20Analyst&location=London&lk=XZbuCzHdnU4Q1GZoPboe8Q,"https://www.ziprecruiter.com/co/BDO-Canada/Jobs/-in-London,ON?uuid=&radius=25",N/A,"Company: BDO Canada | Location: London, ON",ZipRecruiter (ziprecruiter.com)
"Data Protection Analyst, Office of General Counsel",KPMG,"London, ON",N/A,https://www.ziprecruiter.com/jobs-search?search=Data%20Analyst&location=London&lk=9Zmy2s85VPMmiGhEgajMTQ,"https://www.ziprecruiter.com/co/KPMG/Jobs/-in-London,ON?uuid=QFksI0PXBxnzULKJ0pJ5xHvORUg%3D&radius=25",N/A,"Company: KPMG | Location: London, ON",ZipRecruiter (ziprecruiter.com)
"Analyst, Data Analytics- Retail Financing (Fixed Term Contract)",Fairstone,"London, ON",N/A,https://www.ziprecruiter.com/jobs-search?search=Data%20Analyst&location=London&lk=-smz3VDgYXFMpptGOKOmqA,"https://www.ziprecruiter.com/co/Fairstone/Jobs/-in-London,ON?uuid=&radius=25",N/A,"Company: Fairstone | Location: London, ON",ZipRecruiter (ziprecruiter.com)
Senior Data Scientist,9nexus,Remote,3 weeks ago,https://www.naukri.com/job-listings-senior-data-scientist-9nexus-london-6-to-10-years-040826028174,N/A,N/A,The ideal candidate should be passionate about solving business problems using data and...,Naukri
Data Analyst,Global One,Greater London,14 days+,https://www.jobleads.com/gb/job/data-analyst--greater-london--e66fb97c021047c81433bf572fe8a2df7,N/A,N/A,"Work Setting: On-site | Salary: GBP 35,000 - 50,000",JobLeads
Data Analyst,Netcompany,Greater London,14 days+,https://www.jobleads.com/gb/job/data-analyst--greater-london--e0bb20cd33512354d1eba2a74e63bcd6c,N/A,N/A,"Work Setting: Hybrid | Salary: GBP 35,000 - 48,000",JobLeads
Data Analyst,ivee,Greater London,14 days+,https://www.jobleads.com/gb/job/data-analyst--greater-london--e700dfed5d3d30f4158ef23fcd312abeb,N/A,N/A,"Work Setting: On-site | Salary: GBP 35,000 - 55,000",JobLeads
Data Analyst,Redcentric,"City Of London, Harrogate",14 days+,https://www.jobleads.com/gb/job/data-analyst--city-of-london--harrogate--e73f3740c88d69932f69367e0b5b0dd20,N/A,N/A,"Work Setting: On-site | Salary: GBP 35,000 - 55,000",JobLeads
Data Analyst,HireMap,Greater London,14 days+,https://www.jobleads.com/gb/job/data-analyst--greater-london--e8e7a5ec1ef34dff7331c3c4bbdbd1952,N/A,N/A,"Work Setting: On-site | Salary: GBP 30,000 - 52,000",JobLeads
Data Analyst,Redcentric Plc,City of Westminster,2 days ago,https://www.jobleads.com/gb/job/data-analyst--city-of-westminster--ed8161df0004ea075dbe803a358499bc6,N/A,N/A,"Work Setting: On-site | Salary: GBP 28,000 - 48,000",JobLeads
Data Analyst – Data Transition,Tech Contracts Online,Greater London,14 days+,https://www.jobleads.com/gb/job/data-analyst-data-transition--greater-london--e4d0d2936bdb887a5c3c3097a2ad2fa3d,N/A,N/A,"Work Setting: On-site | Salary: GBP 45,000 - 65,000",JobLeads
Data Analyst - Drive Data-Driven Insights & Solutions,SDG Group UK,Milton Keynes,14 days+,https://www.jobleads.com/gb/job/data-analyst-drive-data-driven-insights-solutions--milton-keynes--ea15eae27d157e9a0b58530b7324b64bc,N/A,N/A,"Work Setting: On-site | Salary: GBP 29,000 - 42,000",JobLeads
Data Analyst (Banking Domain),Natobotics,Greater London,14 days+,https://www.jobleads.com/gb/job/data-analyst-banking-domain--greater-london--e1b92a94688b0062aaf289ec0682d2f01,N/A,N/A,"Work Setting: Hybrid | Salary: GBP 50,000 - 70,000",JobLeads
Data Operations Analyst II - Insights-Driven Dashboards,0026 Checkout Technology Ltd,Greater London,14 days+,https://www.jobleads.com/gb/job/data-operations-analyst-ii-insights-driven-dashboards--greater-london--e123eca98f33fd3f2678235e3f829950b,N/A,N/A,"Work Setting: On-site | Salary: GBP 45,000 - 65,000",JobLeads
Data Insights Analyst — Dashboards & BI,HireMap,Greater London,14 days+,https://www.jobleads.com/gb/job/data-insights-analyst-dashboards-bi--greater-london--e0aad26c9af4434c437afa375c1a5fdaa,N/A,N/A,"Work Setting: On-site | Salary: GBP 30,000 - 52,000",JobLeads
Data Insight Analyst: Turn Data Into Decisions,Global One,Greater London,14 days+,https://www.jobleads.com/gb/job/data-insight-analyst-turn-data-into-decisions--greater-london--e0e571487f84a737ee239b7d59914a7cc,N/A,N/A,"Work Setting: On-site | Salary: GBP 35,000 - 50,000",JobLeads
Data Insights Analyst: Unlock Patterns & Impact,"The Education Group London, Ltd.",City Of London,14 days+,https://www.jobleads.com/gb/job/data-insights-analyst-unlock-patterns-impact--city-of-london--e2cf87e49362cae3546a5c1590f19e477,N/A,N/A,"Work Setting: On-site | Salary: GBP 32,000 - 62,000",JobLeads
"Data Analyst - Hybrid, Advanced Analytics Impact",Datatech Analytics,Greater London,14 days+,https://www.jobleads.com/gb/job/data-analyst-hybrid-advanced-analytics-impact--greater-london--e18728fd59ede8a20f251c65bdedf0ee0,N/A,N/A,"Work Setting: Hybrid | Salary: GBP 40,000 - 60,000",JobLeads
Junior Data Analyst: AI & Analytics Growth,Anson McCade,Greater London,14 days+,https://www.jobleads.com/gb/job/junior-data-analyst-ai-analytics-growth--greater-london--e4b7972e880e417b1df17f0cbfb555545,N/A,N/A,"Work Setting: On-site | Salary: GBP 25,000 - 35,000",JobLeads
Data Analyst – SQL Server & SSIS for Regulatory Insights,Jas Gujral,Greater London,14 days+,https://www.jobleads.com/gb/job/data-analyst-sql-server-ssis-for-regulatory-insights--greater-london--e850d37a27568f28e372ee4f711f1d53c,N/A,N/A,"Work Setting: On-site | Salary: GBP 40,000 - 45,000",JobLeads
Data Analyst III: BI Dashboards & Governance,Fanatics,Greater London,14 days+,https://www.jobleads.com/gb/job/data-analyst-iii-bi-dashboards-governance--greater-london--e63e586ef3cf977a53578653dde487311,N/A,N/A,"Work Setting: On-site | Salary: GBP 76,000 - 96,000",JobLeads
Senior Data Analyst - Data Strategy & Visualization Lead,Made Tech Limited,Greater London,14 days+,https://www.jobleads.com/gb/job/senior-data-analyst-data-strategy-visualization-lead--greater-london--e42baa1d692f58d23d22240e30bb80718,N/A,N/A,"Work Setting: On-site | Salary: GBP 60,000 - 80,000",JobLeads
Data Analyst: Drive Patient Outcomes with Insight (Hybrid),MANUAL,Greater London,14 days+,https://www.jobleads.com/gb/job/data-analyst-drive-patient-outcomes-with-insight-hybrid--greater-london--e49a8ce066350604f553bdb3dbc72920e,N/A,N/A,"Work Setting: Hybrid | Salary: GBP 45,000 - 65,000",JobLeads
Senior Data Analyst – Build Impactful Dashboards & AI,KDR Talent Solutions,Greater London,14 days+,https://www.jobleads.com/gb/job/senior-data-analyst--greater-london--e03f62e662dd06218cf96c8a8a8f31a60,N/A,N/A,"Work Setting: Hybrid | Salary: GBP 50,000 - 70,000",JobLeads
Data Analyst,PULL UP LTD,Greater London,14 days+,https://www.jobleads.com/gb/job/data-analyst--greater-london--e42135e6c4a1fc1f23bff463e0933d830,N/A,N/A,"Work Setting: Hybrid | Salary: GBP 40,000 - 60,000",JobLeads
"Digital Analyst: Data to Impact—GA4, SQL & Experiments",Transform,Greater London,14 days+,https://www.jobleads.com/gb/job/digital-analyst-data-to-impact-ga4-sql-experiments--greater-london--e233d7964f9088ae2bc29355ec1283ffe,N/A,N/A,"Work Setting: On-site | Salary: GBP 40,000 - 55,000",JobLeads
Data Analyst,SDG Group UK,Milton Keynes,14 days+,https://www.jobleads.com/gb/job/data-analyst--milton-keynes--e3b40af0b624b9badcf48cb79daa33b70,N/A,N/A,"Work Setting: On-site | Salary: GBP 29,000 - 42,000",JobLeads
Data Analyst & Tableau Visualisation Expert,Digital Data Foundation,Greater London,14 days+,https://www.jobleads.com/gb/job/data-analyst-tableau-visualisation-expert--greater-london--eb7ce5adf732e1b30dce48f961969f545,N/A,N/A,"Work Setting: On-site | Salary: GBP 45,000 - 65,000",JobLeads
"Data Analyst, Commercial Analytics - Insight Driver",FDJ UNITED,Greater London,2 days ago,https://www.jobleads.com/gb/job/data-analyst-commercial-analytics-insight-driver--greater-london--e8c558c872f2acf2a3870d9f53b4e84d5,N/A,N/A,"Work Setting: On-site | Salary: GBP 35,000 - 55,000",JobLeads
Data Analyst,Hypercreate Ltd,Greater London,14 days+,https://www.jobleads.com/gb/job/data-analyst--greater-london--ebfc2d8d47ebe5c5c2baff836543e6c3f,N/A,N/A,"Work Setting: On-site | Salary: GBP 42,000 - 64,000",JobLeads
Data Analyst: Actionable Insights for Risk & Growth,Specialist Risk Group,Greater London,14 days+,https://www.jobleads.com/gb/job/data-analyst-actionable-insights-for-risk-growth--greater-london--ec70fbe023bd00d16f43e15198997895e,N/A,N/A,"Work Setting: On-site | Salary: GBP 42,000 - 56,000",JobLeads
Data Analyst: Build Dashboards & Drive Insights (Hybrid),Octopus Legacy,Greater London,14 days+,https://www.jobleads.com/gb/job/data-analyst-build-dashboards-drive-insights-hybrid--greater-london--e40c75274e7d616424a295aaa23a77f90,N/A,N/A,"Work Setting: Hybrid | Salary: GBP 42,000 - 60,000",JobLeads
Data Analyst,Hollybank Trustees Ltd,Greater London,14 days+,https://www.jobleads.com/gb/job/data-analyst--greater-london--e6cef18e7539573001c815714447cc25b,N/A,N/A,"Work Setting: Hybrid | Salary: GBP 35,000 - 50,000",JobLeads
Hybrid Data Analyst — BI & Visualization Expert,Sportradar,Greater London,14 days+,https://www.jobleads.com/gb/job/hybrid-data-analyst-bi-visualization-expert--greater-london--ef1dff6738e36516c3402bd5e18b2bce4,N/A,N/A,"Work Setting: Hybrid | Salary: GBP 55,000 - 75,000",JobLeads
Data Analyst,Skills Alliance,Greater London,14 days+,https://www.jobleads.com/gb/job/data-analyst--greater-london--e56aa0d2a271e022ee438455fb39e8846,N/A,N/A,"Work Setting: On-site | Salary: USD 53,000 - 94,000",JobLeads
Data Insights Analyst: Power BI & Dashboards,Corehr,Oxford,10 days ago,https://www.jobleads.com/gb/job/data-insights-analyst-power-bi-dashboards--oxford--e9c40d0e29610f61056ba529dd5c4c70f,N/A,N/A,"Work Setting: On-site | Salary: GBP 45,000 - 65,000",JobLeads
"Data Insights Analyst — Hybrid (SQL, Python, BI)",Ageas UK,Reigate,37 hours ago,https://www.jobleads.com/gb/job/data-insights-analyst-hybrid-sql-python-bi--reigate--eeddaf8d6604658ad1b90da854350d1a0,N/A,N/A,"Work Setting: Hybrid | Salary: GBP 50,000 - 65,000",JobLeads
Data Analyst | Build Dashboards & Actionable Insights,Specialist Risk Group,Greater London,14 days+,https://www.jobleads.com/gb/job/data-analyst--greater-london--ef2219657ebe6a7964e596152b5d02930,N/A,N/A,"Work Setting: On-site | Salary: GBP 30,000 - 40,000",JobLeads
Data Analyst,Goodman Masson,Greater London,37 hours ago,https://www.jobleads.com/gb/job/data-analyst--greater-london--e6521428c98593a7215816c04a0848517,N/A,N/A,"Work Setting: On-site | Salary: GBP 32,000 - 52,000",JobLeads
"Data Analyst: Power BI, SQL & Insights Dashboards",Price Bailey,Cambridge,14 days+,https://www.jobleads.com/gb/job/data-analyst-power-bi-sql-insights-dashboards--cambridge--e0b4eb0690c5e1e715240d822c882f594,N/A,N/A,"Work Setting: On-site | Salary: GBP 35,000 - 55,000",JobLeads
Data Analyst: AI-Powered Insights for Growth (Remote),173tech,London,14 days+,https://www.jobleads.com/gb/job/data-analyst-ai-powered-insights-for-growth-remote--london--eeb600b5c49c456fafdaab5f94891595a,N/A,N/A,"Work Setting: Hybrid | Salary: GBP 45,000 - 65,000",JobLeads
Principal Data Analyst,AWTG Ltd,Greater London,14 days+,https://www.jobleads.com/gb/job/principal-data-analyst--greater-london--e3bc8c14fa70aabd5e1087726224f80fd,N/A,N/A,"Work Setting: On-site | Salary: GBP 60,000 - 80,000",JobLeads
Data Analyst - Build Impactful Dashboards & Data Quality,Fintech Farm Ltd,Greater London,14 days+,https://www.jobleads.com/gb/job/data-analyst-build-impactful-dashboards-data-quality--greater-london--ecff02d14307c32c601c70e5e0ca7963f,N/A,N/A,"Work Setting: On-site | Salary: GBP 45,000 - 60,000",JobLeads
Data Analyst,Proactive Appointments,Greater London,11 days ago,https://www.jobleads.com/gb/job/data-analyst--greater-london--e60f000c28059428d60f1452e53e70618,N/A,N/A,"Work Setting: On-site | Salary: GBP 45,000 - 65,000",JobLeads
MMM Analytics Lead — Data Modeling & Client Insights,Gain Theory,Greater London,14 days+,https://www.jobleads.com/gb/job/mmm-analytics-lead-data-modeling-client-insights--greater-london--e76d542ada5bfbef8f091e291b4335ac5,N/A,N/A,"Work Setting: On-site | Salary: GBP 45,000 - 60,000",JobLeads
Analytics Engineer: Data Pipelines & Insights (Hybrid),Utility Warehouse,Greater London,14 days+,https://www.jobleads.com/gb/job/analytics-engineer-data-pipelines-insights-hybrid--greater-london--ee6da3e521648de3715ad33e11b3806e7,N/A,N/A,"Work Setting: Hybrid | Salary: GBP 55,000 - 75,000",JobLeads
Data Analyst,Harnham,Greater London,14 days+,https://www.jobleads.com/gb/job/data-analyst--england--ea2ed4a40f77eaf3e97779d7e6ead49b3,N/A,N/A,"Work Setting: Hybrid | Salary: GBP 35,000 - 50,000",JobLeads
Data Transition Analyst: Legacy-to-Future Data Mapping,Tech Contracts Online,Greater London,14 days+,https://www.jobleads.com/gb/job/data-transition-analyst-legacy-to-future-data-mapping--greater-london--ec7074468cb592853a05498e4a7a77398,N/A,N/A,"Work Setting: On-site | Salary: GBP 45,000 - 65,000",JobLeads
Junior Data Analyst: Power BI & SQL Dashboards,Ashdown Group,Tiptree,14 days+,https://www.jobleads.com/gb/job/junior-data-analyst-power-bi-sql-dashboards--tiptree--ee2477801bb7e5b49a3eaf736f03ec5d4,N/A,N/A,"Work Setting: On-site | Salary: GBP 30,000 - 32,000",JobLeads
Business Analyst - Data Focused,IQVIA Holdings Inc.,City of Westminster,3 days ago,https://www.jobleads.com/gb/job/business-analyst-data-focused--city-of-westminster--eede64a3799fb705a5390dcf7beffd2bc,N/A,N/A,"Work Setting: On-site | Salary: GBP 35,000 - 52,000",JobLeads
Data Insights Analyst: Turn Data into Decisions,Redcentric,"City Of London, Harrogate",14 days+,https://www.jobleads.com/gb/job/data-insights-analyst-turn-data-into-decisions--city-of-london--harrogate--e669eaf0e90f0a9db6b954fc8e58f7baa,N/A,N/A,"Work Setting: On-site | Salary: GBP 35,000 - 55,000",JobLeads
Data Operations Analyst - Automate & Elevate Investment Data,Orlaroseassociates,Greater London,14 days+,https://www.jobleads.com/gb/job/data-operations-analyst-automate-elevate-investment-data--greater-london--ebab010d5efe800f1f9ceeb75cbc0a098,N/A,N/A,"Work Setting: On-site | Salary: GBP 35,000 - 45,000",JobLeads
Data Analyst,Experis,ManpowerGroup,14 days+,https://www.jobleads.com/gb/job/data-analyst--greater-london--e5f15620e5330270a71df155afe85eaea,N/A,N/A,"Work Setting: Hybrid | Salary: GBP 32,000 - 46,000",JobLeads
Data Analyst,Experis,City Of London,14 days+,https://www.jobleads.com/gb/job/data-analyst--city-of-london--ea1e4dfda313bba6da1ca8a7c40a89059,N/A,N/A,"Work Setting: Hybrid | Salary: GBP 46,000 - 77,000",JobLeads
Data Analyst — Workday HCM & Finance Implementation (Hybrid),ABC,Greater London,14 days+,https://www.jobleads.com/gb/job/data-analyst-workday-hcm-finance-implementation-hybrid--greater-london--efcfe95c30c4cbd3393d4b43b926f210e,N/A,N/A,"Work Setting: Hybrid | Salary: GBP 50,000 - 70,000",JobLeads
Graduate Data Analyst: BI Dashboards & Insights,Workman LLP,City of Westminster,2 days ago,https://www.jobleads.com/gb/job/graduate-data-analyst-bi-dashboards-insights--city-of-westminster--e9906865271a8378d89fc95bcf891325d,N/A,N/A,"Work Setting: Hybrid | Salary: GBP 30,000 - 45,000",JobLeads
Hybrid Data-Driven Product Analyst,Simply Business,Greater London,13 days ago,https://www.jobleads.com/gb/job/hybrid-data-driven-product-analyst--greater-london--ec6f5ae20242c3def2508867ae226448e,N/A,N/A,"Work Setting: Hybrid | Salary: GBP 70,000 - 90,000",JobLeads
Analytics Engineer: Build Self-Serve Data Products,Immediate Media Co.,Greater London,14 days+,https://www.jobleads.com/gb/job/analytics-engineer-build-self-serve-data-products--greater-london--e42a2a8b50dc35f3af45625da363d049c,N/A,N/A,"Work Setting: Hybrid | Salary: GBP 30,000 - 50,000",JobLeads
Data Insights Analyst - GDPR & Compliance Champion,London Academy for Applied Technology,City Of London,14 days+,https://www.jobleads.com/gb/job/data-insights-analyst-gdpr-compliance-champion--city-of-london--e911e7f758ab840afe69152a6313c7845,N/A,N/A,"Work Setting: On-site | Salary: GBP 40,000 - 55,000",JobLeads
Data Analyst / Tableau Developer,Digital Data Foundation,Greater London,14 days+,https://www.jobleads.com/gb/job/data-analyst-tableau-developer--greater-london--e533ddb2a6296f9df5dca29732ff4a53b,N/A,N/A,"Work Setting: On-site | Salary: GBP 45,000 - 65,000",JobLeads
Data Insights Lead (Power BI & Databricks),Aon,Chelmsford,6 days ago,https://www.jobleads.com/gb/job/data-insights-lead-power-bi-databricks--chelmsford--e6edecbc253c8eefadede6633b67647c3,N/A,N/A,"Work Setting: On-site | Salary: GBP 55,000 - 75,000",JobLeads
"Data Analyst — Luxury Automotive (Hybrid, 6-Month)",RAPP,Greater London,14 days+,https://www.jobleads.com/gb/job/data-analyst-luxury-automotive-hybrid-6-month--greater-london--ea9c0d557e2a39eaf841ee2f08400171c,N/A,N/A,"Work Setting: Hybrid | Salary: GBP 30,000 - 40,000",JobLeads
Senior Data Analyst: Data-Driven Dashboards (London),Jefferson Frank,Greater London,14 days+,https://www.jobleads.com/gb/job/senior-data-analyst-data-driven-dashboards-london--greater-london--ebd184bcf61335e49ca25a5578d46c45f,N/A,N/A,"Work Setting: On-site | Salary: GBP 48,000 - 80,000",JobLeads
Data-Driven Strategy & Analytics Analyst (Entry Level),AlphaSights,Greater London,14 days+,https://www.jobleads.com/gb/job/data-driven-strategy-analytics-analyst-entry-level--greater-london--e245a42495f4ad4effb94f168ab91d217,N/A,N/A,"Work Setting: On-site | Salary: GBP 32,000 - 52,000",JobLeads
Hybrid Data Analyst: Global Insights with Excel/Python/SQL,Centre People Appointments,Maidenhead,14 days+,https://www.jobleads.com/gb/job/hybrid-data-analyst-global-insights-with-excel-python-sql--maidenhead--e2accc03aae86cec4194556d703a8f256,N/A,N/A,"Work Setting: Hybrid | Salary: GBP 35,000 - 52,000",JobLeads
Data Analyst,Data Science Festival,Greater London,14 days+,https://www.jobleads.com/gb/job/data-analyst--greater-london--e015f91112afcb36ece16c5f9f1480363,N/A,N/A,"Work Setting: Remote | Salary: GBP 50,000 - 70,000",JobLeads
Data Analyst: AI-Driven Insights & Self-Serve Dashboards,Huel,Tring,14 days+,https://www.jobleads.com/gb/job/data-analyst-ai-driven-insights-self-serve-dashboards--tring--eb81478499f0fb68a6ce0f94472d5eb1e,N/A,N/A,"Work Setting: Hybrid | Salary: GBP 40,000 - 60,000",JobLeads
Banking Data Analyst: Insights & Dashboards (Hybrid),Natobotics,Greater London,14 days+,https://www.jobleads.com/gb/job/banking-data-analyst-insights-dashboards-hybrid--greater-london--e6691ebea87954027dc07989450c84c20,N/A,N/A,"Work Setting: Hybrid | Salary: GBP 50,000 - 70,000",JobLeads
Commercial Analytics Data Analyst — Drive Impact,Kindred (London) Limited,Greater London,14 days+,https://www.jobleads.com/gb/job/commercial-analytics-data-analyst-drive-impact--greater-london--ef352b4d4a97985f4d3989b03bdc98700,N/A,N/A,"Work Setting: On-site | Salary: GBP 45,000 - 65,000",JobLeads
Data Analyst: Build Insights & Drive Growth in a Hybrid Role,Octopus Legacy Limited,Greater London,14 days+,https://www.jobleads.com/gb/job/data-analyst-build-insights-drive-growth-in-a-hybrid-role--greater-london--e505e3a39ae2873e5d631d7dc2cdb9d8e,N/A,N/A,"Work Setting: Hybrid | Salary: GBP 42,000 - 70,000",JobLeads
"Data & Infrastructure Analyst: SQL, Power BI, Networking",Onyx-Conseil,Greater London,7 days ago,https://www.jobleads.com/gb/job/data-infrastructure-analyst-sql-power-bi-networking--greater-london--ea94ed9ab7020a5df423d7f3e6b5b4ed0,N/A,N/A,"Work Setting: On-site | Salary: GBP 60,000 - 75,000",JobLeads
BI Analyst - Data-driven Insights & Dashboards (Hybrid),Kodak Alaris Inc.,Hemel Hempstead,11 days ago,https://www.jobleads.com/gb/job/bi-analyst-data-driven-insights-dashboards-hybrid--hemel-hempstead--e2b66dfb956b336c84568b23456ed81cd,N/A,N/A,"Work Setting: Hybrid | Salary: GBP 45,000 - 65,000",JobLeads
"Senior Data & Insight Analyst — Power BI, Python & ML",GEDU CAREERS,Greater London,14 days+,https://www.jobleads.com/gb/job/senior-data-insight-analyst-power-bi-python-ml--greater-london--eab62ca80ecda00ac0ed26ebbe7ef23e3,N/A,N/A,"Work Setting: On-site | Salary: GBP 40,000 - 60,000",JobLeads
"Hybrid Data Analyst: Power BI, SQL & Automation",Pod Talent Ltd,City Of London,10 days ago,https://www.jobleads.com/gb/job/hybrid-data-analyst-power-bi-sql-automation--city-of-london--eb4973846ed11caa926e7289a85ca4c60,N/A,N/A,"Work Setting: Hybrid | Salary: GBP 45,000 - 65,000",JobLeads
Data Analyst,Webspherehub,Greater London,14 days+,https://www.jobleads.com/gb/job/data-analyst--greater-london--ed7da4b492e3e1427a2cf2c349a1f6b5b,N/A,N/A,"Work Setting: Hybrid | Salary: GBP 40,000 - 55,000",JobLeads
Data Analyst (Banking Domain),N Consulting Limited,Greater London,14 days+,https://www.jobleads.com/gb/job/data-analyst-banking-domain--greater-london--e4c3e3a4e7193a0aeee6df8aec721a92d,N/A,N/A,Work Setting: Hybrid,JobLeads
Data Analyst,TXP,Dunstable,14 days+,https://www.jobleads.com/gb/job/data-analyst--dunstable--e256b21f19a0639db3feb8cc23a68ab14,N/A,N/A,"Work Setting: On-site | Salary: GBP 120,000 - 128,000",JobLeads
Analytics Developer: AI & Data Solutions,Digital Data Foundation,Greater London,14 days+,https://www.jobleads.com/gb/job/analytics-developer-ai-data-solutions--greater-london--ea394b58aa040e3f65019b0eb5af87da9,N/A,N/A,"Work Setting: On-site | Salary: GBP 50,000 - 70,000",JobLeads
Data Analyst,N Consulting Limited,Greater London,14 days+,https://www.jobleads.com/gb/job/data-analyst--greater-london--ecb0a29fe9649281420b8f044eee124dd,N/A,N/A,Work Setting: Hybrid,JobLeads
Data Insights Analyst: Dashboards & Decision Support,Redcentric Plc,City of Westminster,2 days ago,https://www.jobleads.com/gb/job/data-insights-analyst-dashboards-decision-support--city-of-westminster--e3974cfcdbe06e3cd2d6d5df7c0f2bb88,N/A,N/A,"Work Setting: On-site | Salary: GBP 28,000 - 48,000",JobLeads
Hybrid Banking Data Analyst - SQL & Dashboards (London),N Consulting Limited,Greater London,14 days+,https://www.jobleads.com/gb/job/hybrid-banking-data-analyst-sql-dashboards-london--greater-london--ecfc23505a0759e563c043fcf513fa4f3,N/A,N/A,Work Setting: Hybrid,JobLeads
Graduate Data Analyst - Mentored in Power BI & Azure,Movar Limited,Greater London,14 days+,https://www.jobleads.com/gb/job/graduate-data-analyst-mentored-in-power-bi-azure--greater-london--e63a31b59b4cc9e43c4afeeebae671a65,N/A,N/A,"Work Setting: On-site | Salary: GBP 28,000 - 35,000",JobLeads
Data Insights Analyst - Dashboards & Stakeholder Impact,Moneysupermarket Group,Greater London,14 days+,https://www.jobleads.com/gb/job/data-insights-analyst-dashboards-stakeholder-impact--greater-london--eaf1c3fcf0c0d52b1507eac4ebfc3ed66,N/A,N/A,"Work Setting: Remote | Salary: GBP 45,000 - 65,000",JobLeads
"Data Insights Analyst – Hybrid, London",Hollybank Trustees Ltd,Greater London,14 days+,https://www.jobleads.com/gb/job/data-insights-analyst-hybrid-london--greater-london--ecc28b12e69df5ce5f17478de62775425,N/A,N/A,"Work Setting: Hybrid | Salary: GBP 35,000 - 50,000",JobLeads
"Data Analyst: SQL, Python & AWS for Sports Data Insights",Jobtailor,Greater London,14 days+,https://www.jobleads.com/gb/job/data-analyst-sql-python-aws-for-sports-data-insights--greater-london--e9a74ed2cf2de083f9b8721fb25632b79,N/A,N/A,"Work Setting: On-site | Salary: GBP 55,000 - 75,000",JobLeads
Data Analyst,Experis,ManpowerGroup,8 days ago,https://www.jobleads.com/gb/job/data-analyst--crawley--ed205bad891930b49a17603e379f87faa,N/A,N/A,"Work Setting: Hybrid | Salary: GBP 38,000 - 56,000",JobLeads
Data Analyst — BI & Analytics for Real-World Impact,Solirius Ltd.,Greater London,14 days+,https://www.jobleads.com/gb/job/data-analyst-bi-analytics-for-real-world-impact--greater-london--e57ff8dad29354c34790a8508db45ceda,N/A,N/A,"Work Setting: Hybrid | Salary: GBP 45,000 - 70,000",JobLeads
Data & BI Automation Analyst,Goodman Masson,Greater London,37 hours ago,https://www.jobleads.com/gb/job/data-bi-automation-analyst--greater-london--e5d4b08be4fbc748b9d6ad3128d17a9dd,N/A,N/A,"Work Setting: On-site | Salary: GBP 32,000 - 52,000",JobLeads
Senior Data Analyst: Drive Decisions with SQL & BI,FDJ UNITED,Greater London,14 days+,https://www.jobleads.com/gb/job/senior-data-analyst-drive-decisions-with-sql-bi--greater-london--e83806294bcae1567afa05955755da59e,N/A,N/A,"Work Setting: On-site | Salary: GBP 42,000 - 64,000",JobLeads
Operations Data Analyst: Drive Efficiency with Data,InvestEngine,Greater London,14 days+,https://www.jobleads.com/gb/job/operations-data-analyst-drive-efficiency-with-data--greater-london--e598a6d04d37e9e9f6726c1b319f212e9,N/A,N/A,"Work Setting: Remote | Salary: GBP 40,000 - 60,000",JobLeads
Senior Data Analyst — Hybrid Power BI & Cloud Analytics,CDP,Greater London,14 days+,https://www.jobleads.com/gb/job/senior-data-analyst-hybrid-power-bi-cloud-analytics--greater-london--e829558c5b0197db6bd649a91c7a2ed3d,N/A,N/A,"Work Setting: Hybrid | Salary: GBP 39,000 - 50,000",JobLeads
Data Analyst — Power BI & Insights (Hybrid UK),Pod Talent,Greater London,11 days ago,https://www.jobleads.com/gb/job/data-analyst-power-bi-insights-hybrid-uk--greater-london--e138e7779d2a40afd904c3b8af2517f53,N/A,N/A,"Work Setting: Hybrid | Salary: GBP 45,000 - 60,000",JobLeads
Hybrid Senior Data Analytics Lead,THE·TEAM,Greater London,14 days+,https://www.jobleads.com/gb/job/hybrid-senior-data-analytics-lead--greater-london--e6a23b5e34add96858fdf5400d2ea1eb6,N/A,N/A,"Work Setting: Hybrid | Salary: GBP 60,000 - 90,000",JobLeads
AI-Enhanced BI Data Analyst — Dashboards & Insights,Jackalope Digital LLC,Greater London,9 days ago,https://www.jobleads.com/gb/job/ai-enhanced-bi-data-analyst-dashboards-insights--greater-london--ed625d5bdaac80ba464a938d795609db8,N/A,N/A,"Work Setting: Hybrid | Salary: GBP 50,000 - 70,000",JobLeads
Operations Data Analyst – SQL & Automation,Chip UK,Greater London,46 hours ago,https://www.jobleads.com/gb/job/operations-data-analyst-sql-automation--greater-london--e05e54c45a8e0295e2b6586640655dcca,N/A,N/A,"Work Setting: Hybrid | Salary: GBP 34,000 - 45,000",JobLeads
Data Analyst Data Science · London ·,TOYOTA Connected,Greater London,46 hours ago,https://www.jobleads.com/gb/job/data-analyst-data-science-london--greater-london--e4a58cf651b4c346d67b1fb53f7243e2a,N/A,N/A,"Work Setting: Hybrid | Salary: GBP 40,000 - 60,000",JobLeads
Data Analyst: ERP & Product Data Transformation,Charlotte Tilbury Beauty Inc.,Greater London,14 days+,https://www.jobleads.com/gb/job/data-analyst-erp-product-data-transformation--greater-london--efc29ecc768194e72ca40eeaee24ad001,N/A,N/A,"Work Setting: Hybrid | Salary: GBP 45,000 - 65,000",JobLeads
"Data Analyst: Insights, Personalisation & Impact",MONY Group,City of Westminster,14 days+,https://www.jobleads.com/gb/job/data-analyst-insights-personalisation-impact--city-of-westminster--e41f93aec2519db98dd2867fb0e3ba289,N/A,N/A,"Work Setting: On-site | Salary: GBP 32,000 - 52,000",JobLeads
Data Quality Analyst — Insight-Driven QC Specialist,Fifty5Blue,Greater London,14 days+,https://www.jobleads.com/gb/job/data-quality-analyst-insight-driven-qc-specialist--greater-london--e8ac0cba785d0542025fb8755fef8f077,N/A,N/A,"Work Setting: Hybrid | Salary: GBP 35,000 - 45,000",JobLeads
Data Analyst - Hybrid: BI Dashboards & Data Insights,Ageas,Reigate and Banstead,5 days ago,https://www.jobleads.com/gb/job/data-analyst-hybrid-bi-dashboards-data-insights--reigate-and-banstead--e04e06219a05e165ac920a9cddf2fcc09,N/A,N/A,"Work Setting: Hybrid | Salary: GBP 50,000 - 65,000",JobLeads
People Analytics Analyst — Hybrid & Data-Driven Insights,Howden Group Services Limited,City Of London,14 days+,https://www.jobleads.com/gb/job/people-analytics-analyst-hybrid-data-driven-insights--city-of-london--eb89adddac6d6dcc9411f5285be3afc32,N/A,N/A,"Work Setting: Hybrid | Salary: GBP 45,000 - 65,000",JobLeads
Senior Data Analyst - Insights & Analytics Lead,THE,Greater London,14 days+,https://www.jobleads.com/gb/job/senior-data-analyst-insights-analytics-lead--greater-london--e7dfdfef5ed0d7f349be04fb2eafc63dc,N/A,N/A,"Work Setting: Hybrid | Salary: GBP 60,000 - 90,000",JobLeads
Principal Data Analytics Lead — Hybrid & Insights,Digital Futures,Greater London,14 days+,https://www.jobleads.com/gb/job/principal-data-analytics-lead-hybrid-insights--greater-london--ea737a038274ee2164ddc478bb6eb5489,N/A,N/A,"Work Setting: Hybrid | Salary: GBP 55,000 - 75,000",JobLeads
Data Analyst,Talentedge Recruitment Limited,Greater London,14 days+,https://www.jobleads.com/gb/job/data-analyst--greater-london--e4d0a861d1f84dbebde842bd02d643793,N/A,N/A,"Work Setting: Hybrid | Salary: GBP 70,000 - 80,000",JobLeads
Data & AI Analyst — Fast-Track Growth & Impact,Story Terrace Inc.,Greater London,14 days+,https://www.jobleads.com/gb/job/data-ai-analyst-fast-track-growth-impact--greater-london--e46724532cc62a5b6afab53186684362b,N/A,N/A,"Work Setting: Hybrid | Salary: GBP 35,000 - 52,000",JobLeads
Data Insights Architect (Power BI & Analytics),innocent drinks,Greater London,14 days+,https://www.jobleads.com/gb/job/data-insights-architect-power-bi-analytics--greater-london--e4941cf58a83506c07f0aab52a4ce2793,N/A,N/A,"Work Setting: On-site | Salary: GBP 55,000 - 75,000",JobLeads
"Senior Data Analyst: Power BI, SQL & Python Insights",Proactive Appointments,Greater London,11 days ago,https://www.jobleads.com/gb/job/senior-data-analyst-power-bi-sql-python-insights--greater-london--e77a58c480bd8eef861b34bd367b9e056,N/A,N/A,"Work Setting: On-site | Salary: GBP 45,000 - 65,000",JobLeads
Data Analyst,Pod Talent Ltd,City Of London,10 days ago,https://www.jobleads.com/gb/job/data-analyst--city-of-london--e882c9efbe7bb82ed702ee6bb140f6100,N/A,N/A,"Work Setting: Hybrid | Salary: GBP 45,000 - 65,000",JobLeads
"Data Analyst, Reference Data & Quality",Aplaro Ltd,Greater London,14 days+,https://www.jobleads.com/gb/job/data-analyst-reference-data-quality--greater-london--e6e82aa1d255f8211c199adcdc260825c,N/A,N/A,"Work Setting: On-site | Salary: GBP 65,000 - 95,000",JobLeads
Data Operations Analyst: Build Trusted Data Pipelines,Brainlabs,Greater London,14 days+,https://www.jobleads.com/gb/job/data-operations-analyst-build-trusted-data-pipelines--greater-london--e97ba7d04a7f08f93be4ad5d8ceeb3231,N/A,N/A,"Work Setting: On-site | Salary: GBP 45,000 - 65,000",JobLeads
Analytics Engineer: Build Scalable Data Models & Dashboards,0026 Checkout Technology Ltd,Greater London,14 days+,https://www.jobleads.com/gb/job/analytics-engineer-build-scalable-data-models-dashboards--greater-london--e2e475807fc4ced63470ba7a15d1b34da,N/A,N/A,"Work Setting: On-site | Salary: GBP 60,000 - 80,000",JobLeads
Data Analyst: Insight & Automated Reporting,Experis,ManpowerGroup,4 days ago,https://www.jobleads.com/gb/job/data-analyst-insight-automated-reporting--milton-keynes--e7daeabffa85ef8e6bd47d41eb15a30e2,N/A,N/A,"Work Setting: Hybrid | Salary: GBP 47,000 - 79,000",JobLeads
Senior Data Analyst - SQL & Data Modeling - Remote,Tenth Revolution Group,Brighton,14 days+,https://www.jobleads.com/gb/job/senior-data-analyst-sql-data-modeling-remote--brighton--e353a1793d91c614dec3704821d635fc2,N/A,N/A,"Work Setting: Hybrid | Salary: GBP 58,000 - 68,000",JobLeads
Data Analytics Consultant — Stakeholder Engagement & Insights,Aquent,London,14 days+,https://www.jobleads.com/gb/job/data-analytics-consultant-stakeholder-engagement-insights--london--e40a493da88a006fc38762cc87d91831c,N/A,N/A,"Work Setting: Hybrid | Salary: GBP 45,000 - 60,000",JobLeads
Market Data Analyst,"Intercontinental Exchange Holdings, Inc.",City Of London,14 days+,https://www.jobleads.com/gb/job/market-data-analyst--city-of-london--eebfc081552a74f05638fccaa6ee551a6,N/A,N/A,"Work Setting: On-site | Salary: GBP 55,000 - 75,000",JobLeads
Senior Analytics Engineer: Data Products & Insights Lead,0026 Checkout Technology Ltd,Greater London,14 days+,https://www.jobleads.com/gb/job/senior-analytics-engineer-data-products-insights-lead--greater-london--ef18f84ca2965668886dd784ce25fc86b,N/A,N/A,"Work Setting: On-site | Salary: GBP 50,000 - 70,000",JobLeads
Analytics Engineer: Data Products & Self-Serve Insights (Hybrid),Immediate Live Co,Greater London,14 days+,https://www.jobleads.com/gb/job/analytics-engineer-data-products-self-serve-insights-hybrid--greater-london--e37d995d284368c9b35813b3815d4f443,N/A,N/A,"Work Setting: Hybrid | Salary: GBP 30,000 - 50,000",JobLeads
Data Analyst: Transforming Data into Product Growth,ARQ,Greater London,14 days+,https://www.jobleads.com/gb/job/data-analyst-transforming-data-into-product-growth--greater-london--e99404819fb27fdee53b92630bee5ddbb,N/A,N/A,"Work Setting: On-site | Salary: GBP 30,000 - 45,000",JobLeads
Business Intelligence Analyst,Jobtailor,Shoreham-by-Sea,7 days ago,https://www.jobleads.com/gb/job/business-intelligence-analyst--shoreham-by-sea--ea1a8d83b4e4cb0c7d3305e79dc07d212,N/A,N/A,"Work Setting: On-site | Salary: GBP 40,000 - 60,000",JobLeads
Data & Insights Analyst — Tableau Dashboards & SQL,Christie's,Greater London,11 days ago,https://www.jobleads.com/gb/job/data-insights-analyst-tableau-dashboards-sql--greater-london--eeaa931fc71155723fddfac31e1054f86,N/A,N/A,"Work Setting: On-site | Salary: GBP 55,000 - 60,000",JobLeads
Data Engineer,Jobtailor,Greater London,14 days+,https://www.jobleads.com/gb/job/data-engineer--greater-london--ee9e463393aba7b0a559db7064bea3271,N/A,N/A,"Work Setting: On-site | Salary: GBP 90,000 - 120,000",JobLeads
Senior Product Analyst — Data-Driven Insights & Growth,MOTORS,Greater London,14 days+,https://www.jobleads.com/gb/job/product-analyst--greater-london--e9701d04d7002a608ed190212a8869268,N/A,N/A,"Work Setting: Hybrid | Salary: GBP 45,000 - 65,000",JobLeads
"BI Analyst: Dashboards, Analytics & Data Quality",Soldo,Greater London,14 days+,https://www.jobleads.com/gb/job/bi-analyst-dashboards-analytics-data-quality--greater-london--e9c5d8b666391fba12808b3764e6a9870,N/A,N/A,"Work Setting: Hybrid | Salary: GBP 45,000 - 75,000",JobLeads
Korean-Speaking Data Analyst: Dashboards & AI Evaluation,Grid Dynamics,Greater London,14 days+,https://www.jobleads.com/gb/job/korean-speaking-data-analyst-dashboards-ai-evaluation--greater-london--eb4f1f9c46091c9e15aa0d77786126503,N/A,N/A,"Work Setting: Hybrid | Salary: GBP 40,000 - 55,000",JobLeads
Data Analyst,Experis,Crawley,8 days ago,https://www.jobleads.com/gb/job/data-analyst--crawley--edcc40d2206372e90c46d7415d121e1dd,N/A,N/A,"Work Setting: Hybrid | Salary: GBP 28,000 - 42,000",JobLeads
Senior Data Analyst: Power BI & Data Transformation,Cyber Security training courses,Greater London,5 days ago,https://www.jobleads.com/gb/job/senior-data-analyst-power-bi-data-transformation--greater-london--e8b949203cc930168a7eff80b8f1593b7,N/A,N/A,"Work Setting: Hybrid | Salary: GBP 50,000 - 61,000",JobLeads
Senior Data Analytics Business Analyst — Hybrid,Infomedia,Cambridge,14 days+,https://www.jobleads.com/gb/job/senior-data-analytics-business-analyst-hybrid--cambridge--ed41fe812c3b3b466182fdbb765bd253b,N/A,N/A,"Work Setting: Hybrid | Salary: GBP 50,000 - 70,000",JobLeads
Senior Data Insights & MI Analyst — Hybrid Role,Vanquis,Chatham,14 days+,https://www.jobleads.com/gb/job/data-insights-mi-senior-analyst--chatham--ebe7d47b7ce6fbee64e67c1d5168d74b1,N/A,N/A,"Work Setting: Hybrid | Salary: GBP 50,000 - 65,000",JobLeads
Data Analyst: SAP SuccessFactors & Power BI Insights,Allscreens Nationwide Ltd,Reading,9 days ago,https://www.jobleads.com/gb/job/data-analyst-sap-successfactors-power-bi-insights--reading--e7279fd5d89d0769086b4783e25c57e0a,N/A,N/A,"Work Setting: Hybrid | Salary: GBP 44,000 - 74,000",JobLeads
Insight-Driven Data Analyst — Hybrid (Sports Betting),Igbaffiliate,Greater London,14 days+,https://www.jobleads.com/gb/job/insight-driven-data-analyst-hybrid-sports-betting--greater-london--e92917a3cc87619227bd67d2c517f90ac,N/A,N/A,"Work Setting: Hybrid | Salary: GBP 45,000 - 60,000",JobLeads
"Data Analyst: ETL, Data Pipelines & Insights (UK Travel)",School Result,London,14 days+,https://www.jobleads.com/gb/job/data-analyst-etl-data-pipelines-insights-uk-travel--london--ef6748a4010126c51ee812ee8c66b3b28,N/A,N/A,"Work Setting: On-site | Salary: GBP 35,000 - 40,000",JobLeads
Data Operations Analyst,GB.540 Houlihan Lokey UK Limited,Greater London,14 days+,https://www.jobleads.com/gb/job/data-operations-analyst--greater-london--e68991ac2598dd9caf6acae8b08898484,N/A,N/A,"Work Setting: On-site | Salary: GBP 40,000 - 60,000",JobLeads
"Hybrid Data Analyst, Graduate – Data Modeling & Governance",EMEA3 Recruitment,Greater London,10 days ago,https://www.jobleads.com/gb/job/hybrid-data-analyst-graduate-data-modeling-governance--greater-london--ebf2c761657006a8bafbcfb05f5ae859c,N/A,N/A,"Work Setting: Hybrid | Salary: GBP 45,000 - 55,000",JobLeads
Data Analyst,173tech,London,14 days+,https://www.jobleads.com/gb/job/data-analyst--london--e4a33f6ab1d0ff5a1f4c45809fbe0546f,N/A,N/A,"Work Setting: Hybrid | Salary: GBP 45,000 - 65,000",JobLeads
Market Data Analyst,ICE Clear Europe Limited,Greater London,14 days+,https://www.jobleads.com/gb/job/market-data-analyst--greater-london--ecfc85f8149b73118e0acd7600e0ec908,N/A,N/A,"Work Setting: On-site | Salary: GBP 50,000 - 80,000",JobLeads
BI Analyst (Contract),Jefferson Frank,City Of London,14 days+,https://www.jobleads.com/gb/job/bi-analyst-contract--city-of-london--e28d702175f8b3a74898895154c084a5f,N/A,N/A,Work Setting: Hybrid,JobLeads
"Senior BI Analyst: Power BI, SQL & Azure Data Factory Lead",Hereweare,Brighton,14 days+,https://www.jobleads.com/gb/job/senior-bi-analyst-power-bi-sql-azure-data-factory-lead--brighton--e6387eba437bf2fc637a5f5b1f7080d2d,N/A,N/A,"Work Setting: Hybrid | Salary: GBP 55,000 - 75,000",JobLeads
Fully Remote Data Analyst: Own Analytics & Strategy,Data Science Festival,Greater London,14 days+,https://www.jobleads.com/gb/job/fully-remote-data-analyst-own-analytics-strategy--greater-london--eb7f36ca627411df76c046877b60abfa5,N/A,N/A,"Work Setting: Remote | Salary: GBP 50,000 - 70,000",JobLeads
Senior Data Analyst — Equity & Executive Exposure,Jack & Jill,Greater London,14 days+,https://www.jobleads.com/gb/job/senior-data-analyst-50k-75k-equity-at-boutique-high-growth-data-consultancy--greater-london--e0f79f1b51c0a24ce48f6f8d029655a09,N/A,N/A,"Work Setting: On-site | Salary: GBP 50,000 - 75,000",JobLeads
Data Analyst,ITV,Greater London,4 days ago,https://www.jobleads.com/gb/job/data-analyst--greater-london--e0c3505a585558fd7d815bc836d87ca9f,N/A,N/A,"Work Setting: Hybrid | Salary: GBP 52,000 - 76,000",JobLeads
Graduate Data & AI Analyst — Low-Code Digital Solutions,Pi Digital Solutions,Greater London,14 days+,https://www.jobleads.com/gb/job/graduate-data-ai-analyst-low-code-digital-solutions--greater-london--ef4d8c14b107fb1aa83f3276acd40e896,N/A,N/A,"Work Setting: On-site | Salary: GBP 40,000 - 60,000",JobLeads
Commercial Data Analyst - Power BI & Automation (Hybrid),StepStone Group,Greater London,14 days+,https://www.jobleads.com/gb/job/commercial-data-analyst-power-bi-automation-hybrid--greater-london--e8efb6025dad887e140b989053d00796c,N/A,N/A,"Work Setting: Hybrid | Salary: GBP 40,000 - 65,000",JobLeads
Senior Data Analyst: Data Governance & BI Solutions,Saffery,Greater London,14 days+,https://www.jobleads.com/gb/job/senior-data-analyst-data-governance-bi-solutions--greater-london--ed69c8c80c7ba255d97b3c9dd454d8576,N/A,N/A,"Work Setting: Hybrid | Salary: GBP 50,000 - 80,000",JobLeads
Data & MI Business Analyst,Expleo UK LTD,Milton Keynes,12 days ago,https://www.jobleads.com/gb/job/data-mi-business-analyst--milton-keynes--ece78fdddf24bac7cea6f8e32e19e1697,N/A,N/A,"Work Setting: On-site | Salary: GBP 42,000 - 64,000",JobLeads
Data Analyst & Engineer — Power BI & Data Pipelines,Chartered Insurance Institute,Greater London,14 days+,https://www.jobleads.com/gb/job/data-analyst-engineer-power-bi-data-pipelines--greater-london--e0fe1c0db126bc7681944afc8378cd24a,N/A,N/A,"Work Setting: Hybrid | Salary: GBP 60,000 - 75,000",JobLeads
Data Analyst - Heathrow,Datatech Analytics,Greater London,14 days+,https://www.jobleads.com/gb/job/data-analyst-heathrow--greater-london--ec28f44dd2797de8004bb99e2c40b39cc,N/A,N/A,"Work Setting: Hybrid | Salary: GBP 40,000 - 60,000",JobLeads
Senior Data & Analytics Analyst - Portfolio Insights Lead,McCabe & Barton,London,14 days+,https://www.jobleads.com/gb/job/senior-data-analytics-analyst-portfolio-insights-lead--london--eb2343e9b6be7d1ade1a01b71993c4fbd,N/A,N/A,"Work Setting: On-site | Salary: GBP 80,000 - 90,000",JobLeads
Data Analyst,London Academy for Applied Technology,City Of London,14 days+,https://www.jobleads.com/gb/job/data-analyst--city-of-london--e001574f80552252a71ef808945ec81f2,N/A,N/A,"Work Setting: On-site | Salary: GBP 40,000 - 55,000",JobLeads
"Hybrid Data Analyst: SQL, Migration & BI Insights",Buckinghamshire New University,High Wycombe,2 days ago,https://www.jobleads.com/gb/job/hybrid-data-analyst-sql-migration-bi-insights--high-wycombe--e727ff34921fb74fcfb2810a9c2a1e94a,N/A,N/A,"Work Setting: Hybrid | Salary: GBP 39,000 - 43,000",JobLeads
AI Solutions Lead — Data & Analytics,"Equifax, Inc.",Greater London,14 days+,https://www.jobleads.com/gb/job/ai-solutions-lead-data-analytics--greater-london--e0781301a7824f90908855c248f840828,N/A,N/A,"Work Setting: On-site | Salary: GBP 45,000 - 65,000",JobLeads
Senior Data Analyst: AI-Driven Analytics & BI,AEGIS London,Greater London,4 days ago,https://www.jobleads.com/gb/job/senior-data-analyst-ai-driven-analytics-bi--greater-london--e2b9e68279c4594ce847c09bbf69a25d1,N/A,N/A,"Work Setting: Hybrid | Salary: GBP 65,000 - 90,000",JobLeads
"Data Analyst (SQL, PySpark, Python)",Halian,London,14 days+,https://www.jobleads.com/gb/job/data-analyst-sql-pyspark-python--london--ef19fe1dd1513237c1fab927cef4c8c4e,N/A,N/A,"Work Setting: On-site | Salary: GBP 39,000 - 45,000",JobLeads
Hybrid Data Insights Analyst: Dashboards & Growth,PULL UP LTD,Greater London,14 days+,https://www.jobleads.com/gb/job/hybrid-data-insights-analyst-dashboards-growth--greater-london--e7f7e7e0172170efc1080de3dfa10f6d7,N/A,N/A,"Work Setting: Hybrid | Salary: GBP 40,000 - 60,000",JobLeads
Analytics Engineer: Scalable Data Models & ELT,Lendable,Greater London,14 days+,https://www.jobleads.com/gb/job/analytics-engineer-scalable-data-models-elt--greater-london--e9dee6c20e1b4435dfff0492cc7767d59,N/A,N/A,"Work Setting: Hybrid | Salary: GBP 50,000 - 70,000",JobLeads
Junior Systems & Data Analyst for AI-Driven Transformation,Octopus Group,City Of London,14 days+,https://www.jobleads.com/gb/job/junior-systems-data-analyst-for-ai-driven-transformation--city-of-london--e575ca7a48a9e02b41425e916bb7b8e5c,N/A,N/A,"Work Setting: Hybrid | Salary: GBP 25,000 - 38,000",JobLeads
Growth-Focused Data Analyst & Insights Builder,ivee,Greater London,14 days+,https://www.jobleads.com/gb/job/growth-focused-data-analyst-insights-builder--greater-london--ee24a07d4a48b3a0cecf7f6cd7aa8550a,N/A,N/A,"Work Setting: On-site | Salary: GBP 35,000 - 55,000",JobLeads
Data-Driven Business Analyst: Insights & Solutions,IQVIA Holdings Inc.,City of Westminster,3 days ago,https://www.jobleads.com/gb/job/data-driven-business-analyst-insights-solutions--city-of-westminster--e36ed7a2c5b517b0ab7649f75cb7f0152,N/A,N/A,"Work Setting: On-site | Salary: GBP 35,000 - 52,000",JobLeads
Data Engineer,Medpace,Greater London,14 days+,https://www.jobleads.com/gb/job/data-engineer--greater-london--e616ebb8eb453ad40e65b3419e2e7c0f9,N/A,N/A,"Work Setting: On-site | Salary: GBP 45,000 - 65,000",JobLeads
Data Analyst,Burns Sheehan,Greater London,2 days ago,https://www.jobleads.com/gb/job/data-analyst--greater-london--e1870c07d7560020844f7c88713f2b84d,N/A,N/A,"Work Setting: Hybrid | Salary: GBP 55,000 - 65,000",JobLeads
Data Analytics Specialist - Power BI & KPI Dashboards,Paterson Simons & Co.,Brighton,11 days ago,https://www.jobleads.com/gb/job/data-analytics-specialist-power-bi-kpi-dashboards--brighton--e7ed8a7df6b59f6548e8aa22b7beec1a3,N/A,N/A,"Work Setting: Hybrid | Salary: GBP 32,000 - 38,000",JobLeads
Analytics Engineer: Build Self-Serve Data on Databricks,Immediate,Greater London,11 days ago,https://www.jobleads.com/gb/job/analytics-engineer-build-self-serve-data-on-databricks--greater-london--e487a1ab887a0cfea54b82cf5cb44f104,N/A,N/A,"Work Setting: Hybrid | Salary: GBP 42,000 - 50,000",JobLeads
"London Banking Data Analyst – Hybrid, SQL & Tableau",N Consulting Limited,Greater London,14 days+,https://www.jobleads.com/gb/job/london-banking-data-analyst-hybrid-sql-tableau--greater-london--e57d328e78596858b46444b2be2c6f5d9,N/A,N/A,Work Setting: Hybrid,JobLeads
Data Analyst/Engineer,Chartered Insurance Institute,Greater London,14 days+,https://www.jobleads.com/gb/job/data-analyst-engineer--greater-london--e5902167169f8ba4109709879e91a9f0d,N/A,N/A,"Work Setting: Hybrid | Salary: GBP 60,000 - 75,000",JobLeads
Data Scientist: Power BI & AI for Accessible Transport,Motability Foundation,Harlow,14 days+,https://www.jobleads.com/gb/job/data-scientist-power-bi-ai-for-accessible-transport--harlow--e688e2ec5574ac9bc5e0d5132c4f44a9d,N/A,N/A,"Work Setting: Hybrid | Salary: GBP 55,000 - 61,000",JobLeads
"HR Data Insights Analyst | Hybrid, Power BI Dashboards",Commercial Services Group,West Malling,2 days ago,https://www.jobleads.com/gb/job/hr-data-insights-analyst-hybrid-power-bi-dashboards--west-malling--ef39f2c86dca8f6476b45675c20ece107,N/A,N/A,"Work Setting: Hybrid | Salary: GBP 36,000 - 44,000",JobLeads
Data Insight Manager for Research & Policy,King's College London,Greater London,14 days+,https://www.jobleads.com/gb/job/data-insight-manager-for-research-policy--greater-london--e6903292a29beb49c9d3cbc99ea7bc910,N/A,N/A,"Work Setting: On-site | Salary: GBP 60,000 - 80,000",JobLeads
Data Analyst: Pricing & Insights for Student Housing,Student Castle,London,14 days+,https://www.jobleads.com/gb/job/data-analyst-pricing-insights-for-student-housing--london--e15b972c59fcc9472f9e039e9adb8dacd,N/A,N/A,"Work Setting: On-site | Salary: GBP 30,000 - 45,000",JobLeads
Insight-Driven Data Analyst for Commercial Growth,FDJ UNITED,Greater London,2 days ago,https://www.jobleads.com/gb/job/insight-driven-data-analyst-for-commercial-growth--greater-london--eddff777f6e12dc02df7bb1f327d8c1d5,N/A,N/A,"Work Setting: On-site | Salary: GBP 35,000 - 55,000",JobLeads
Data Analyst with SQL Server SSIS,Jas Gujral,Greater London,14 days+,https://www.jobleads.com/gb/job/data-analyst-with-sql-server-ssis--greater-london--ece1a0eb38bb300f3381fb6108e1d8d1e,N/A,N/A,"Work Setting: On-site | Salary: GBP 40,000 - 45,000",JobLeads
Data Analyst - Public Sector Insights & Dashboards (Remote),Made Tech Limited,Greater London,14 days+,https://www.jobleads.com/gb/job/data-analyst-public-sector-insights-dashboards-remote--greater-london--ed01ae5a37f0b2370c1261ab5cbc6cd01,N/A,N/A,"Work Setting: On-site | Salary: GBP 35,000 - 55,000",JobLeads
Data and Analytics Specialist,innocent drinks,Greater London,14 days+,https://www.jobleads.com/gb/job/data-and-analytics-specialist--greater-london--ebdc127ee2d96462c99d3d2fdbe923f11,N/A,N/A,"Work Setting: On-site | Salary: GBP 55,000 - 75,000",JobLeads
Data Insights Analyst,Proactive Appointments,Staines-upon-Thames,7 days ago,https://www.jobleads.com/gb/job/data-insights-analyst--staines-upon-thames--e7e28b444a0e882ceb3f01663832d4036,N/A,N/A,"Work Setting: On-site | Salary: GBP 33,000 - 55,000",JobLeads
"Data Analyst FinTech, Path to Data Science (4-Day Week)",Burns Sheehan,Greater London,2 days ago,https://www.jobleads.com/gb/job/data-analyst-fintech-path-to-data-science-4-day-week--greater-london--e74b253cc164c49ae25dc77285b624271,N/A,N/A,"Work Setting: Hybrid | Salary: GBP 55,000 - 65,000",JobLeads
Hybrid Senior Data Analyst (London/Bristol) Power BI & SQL,E-Resourcing,Greater London,14 days+,https://www.jobleads.com/gb/job/hybrid-senior-data-analyst-london-bristol-power-bi-sql--greater-london--ee519dd5d2df9a6e3f34de6381ceade15,N/A,N/A,"Work Setting: Hybrid | Salary: GBP 70,000 - 78,000",JobLeads
"Power BI Data Analyst — Hybrid, Flexible, Impactful Insights",Experis,Crawley,8 days ago,https://www.jobleads.com/gb/job/power-bi-data-analyst-hybrid-flexible-impactful-insights--crawley--ebb698938695a9dd679034f5f9d42d834,N/A,N/A,"Work Setting: Hybrid | Salary: GBP 28,000 - 42,000",JobLeads
Business Intelligence Analyst,"The Education Group London, Ltd.",City Of London,14 days+,https://www.jobleads.com/gb/job/business-intelligence-analyst--city-of-london--eaf427b746beafbb59b9aea9641fd5ba9,N/A,N/A,"Work Setting: On-site | Salary: GBP 32,000 - 62,000",JobLeads
Senior Data Analyst – Impact Analytics & Growth,Save the Children UK,Greater London,14 days+,https://www.jobleads.com/gb/job/senior-data-analyst-impact-analytics-growth--greater-london--e63762e77dbc818c3ecc4a53f4460d3fa,N/A,N/A,"Work Setting: Hybrid | Salary: GBP 50,000 - 70,000",JobLeads
Hybrid BI Analyst: Shape Strategy with Power BI & Azure,Datatech Analytics,Frimley,14 days+,https://www.jobleads.com/gb/job/hybrid-bi-analyst-shape-strategy-with-power-bi-azure--frimley--ef671c5cb5f256439d5a2ca57e5d8e50b,N/A,N/A,"Work Setting: Hybrid | Salary: GBP 30,000 - 50,000",JobLeads
Sports Data & Insights Analyst (BI & Visualization),Sportradar AG,Greater London,12 days ago,https://www.jobleads.com/gb/job/sports-data-insights-analyst-bi-visualization--greater-london--ec2026e0db3709781d7263a90dfe6efcb,N/A,N/A,"Work Setting: Hybrid | Salary: GBP 50,000 - 80,000",JobLeads
"Junior Data Engineer: Python, SQL & Dashboards",Information Tech Consultants,Greater London,12 days ago,https://www.jobleads.com/gb/job/junior-data-engineer-python-sql-dashboards--greater-london--e2061f08efdd185bd2bb16d414373fcf1,N/A,N/A,"Work Setting: On-site | Salary: GBP 38,000 - 52,000",JobLeads
Senior Data Engineer: Real-Time Dashboards & Forecasting,Morgansholding,Greater London,14 days+,https://www.jobleads.com/gb/job/senior-data-engineer-real-time-dashboards-forecasting--greater-london--e8b82f1fe62ff731d7a9fe73b69483224,N/A,N/A,"Work Setting: On-site | Salary: GBP 65,000 - 90,000",JobLeads
"Senior Data Analyst & Analytics Engineer (Hybrid, UK)",Templeton & Partners,Innovative & Inclusive Hiring Solutions,14 days+,https://www.jobleads.com/gb/job/senior-data-analyst-analytics-engineer-hybrid-uk--greater-london--e4d71e699fc547488a630c5ff1dd95ee4,N/A,N/A,"Work Setting: Hybrid | Salary: GBP 60,000 - 90,000",JobLeads
Senior Data Systems Engineer: AI-Driven Analytics,United States Digital Space LLC,Greater London,14 days+,https://www.jobleads.com/gb/job/senior-data-systems-engineer-ai-driven-analytics--greater-london--e96993b941e7c8e6fc785ea85aeb340b4,N/A,N/A,"Work Setting: On-site | Salary: GBP 67,000 - 98,000",JobLeads
Remote Business & Data Analyst – Data Quality & Governance,Myn,City Of London,14 days+,https://www.jobleads.com/gb/job/remote-business-data-analyst-data-quality-governance--city-of-london--e53d6a0563932528670d528731f607bde,N/A,N/A,"Work Setting: Remote | Salary: GBP 60,000 - 80,000",JobLeads
Analytics Engineer: Build Self-Serve Data on Databricks,Immediate Media Co,Greater London,14 days+,https://www.jobleads.com/gb/job/analytics-engineer-build-self-serve-data-on-databricks--greater-london--ea3b515ee946a63bb31b24ffbf016ca5e,N/A,N/A,"Work Setting: Hybrid | Salary: GBP 30,000 - 50,000",JobLeads
Data Analyst,Praxis Tech,Greater London,14 days+,https://www.jobleads.com/gb/job/data-analyst--greater-london--e8573d0c2d9bca7271100b46d59b03512,N/A,N/A,"Work Setting: Hybrid | Salary: GBP 45,000 - 65,000",JobLeads
Senior Analytics Engineer: Build Scalable Data Products,Viasat,Greater London,14 days+,https://www.jobleads.com/gb/job/senior-analytics-engineer-build-scalable-data-products--greater-london--e689ad12e5be3376da033415b63d65763,N/A,N/A,"Work Setting: On-site | Salary: GBP 60,000 - 80,000",JobLeads
Data Analyst - Newcastle,Datatech Analytics,Greater London,14 days+,https://www.jobleads.com/gb/job/data-analyst-newcastle--greater-london--e238b0f19f602d4a4b47d0e7cd6181e54,N/A,N/A,"Work Setting: Hybrid | Salary: GBP 40,000 - 60,000",JobLeads
Senior Data Analyst - Analytics Engineer,Templeton & Partners,Innovative & Inclusive Hiring Solutions,14 days+,https://www.jobleads.com/gb/job/senior-data-analyst-analytics-engineer--greater-london--e50ab5c01140ba1c12f2635f77a4caddf,N/A,N/A,"Work Setting: Hybrid | Salary: GBP 60,000 - 90,000",JobLeads
"Junior Data Analyst: Learn SQL, Python & Dashboards",EasyInfoBlog.com LLC,Dunstable,14 days+,https://www.jobleads.com/gb/job/junior-data-analyst-learn-sql-python-dashboards--dunstable--e3fdfb2f254920753afd77b677301c31a,N/A,N/A,"Work Setting: On-site | Salary: GBP 25,000 - 35,000",JobLeads
Data Analyst - Product Analytics & A/B Testing (Remote),Startup Talents,Greater London,14 days+,https://www.jobleads.com/gb/job/data-analyst-product-analytics-a-b-testing-remote--greater-london--e1a263bd9e9e8876d01753c3e31664991,N/A,N/A,Work Setting: Hybrid,JobLeads
Strategic Data Analyst - Growth Insights & Dashboards,Soho House & Co.,Greater London,14 days+,https://www.jobleads.com/gb/job/strategic-data-analyst-growth-insights-dashboards--greater-london--eaf68b6441b714a63bb0565d5d3e373a5,N/A,N/A,"Work Setting: On-site | Salary: GBP 50,000 - 70,000",JobLeads
Data Analyst & Production Planner — Global Forecasting,ManpowerGroup,Cambourne,14 days+,https://www.jobleads.com/gb/job/data-analyst-production-planner-global-forecasting--cambourne--e1719e3ca7c4a9c3b8a3ee830c96a5a49,N/A,N/A,"Work Setting: On-site | Salary: GBP 40,000 - 60,000",JobLeads
Placement Data Analyst — AI-Driven Insights & Dashboards,"HR Duo, Ltd.",Greater London,14 days+,https://www.jobleads.com/gb/job/placement-data-analyst-ai-driven-insights-dashboards--greater-london--e7ce11d7892e327c10c8ecd55f81af83f,N/A,N/A,"Work Setting: Hybrid | Salary: GBP 35,000 - 45,000",JobLeads
Lead Tableau & BI Data Architect,BRITISH MEDICAL ASSOCIATION,City Of London,8 days ago,https://www.jobleads.com/gb/job/lead-tableau-bi-data-architect--city-of-london--e0401ea55e69afe9d477d7c771a05fd88,N/A,N/A,"Work Setting: Hybrid | Salary: GBP 57,000 - 60,000",JobLeads
Senior Commercial Data Analyst - AI-Driven Growth Insights,Blu Digital,Greater London,14 days+,https://www.jobleads.com/gb/job/senior-commercial-data-analyst-ai-driven-growth-insights--greater-london--e1e9e1a570f74a61af8f05b8b5db4b7e4,N/A,N/A,"Work Setting: On-site | Salary: GBP 70,000 - 100,000",JobLeads
Data Engineer,Global One,Greater London,14 days+,https://www.jobleads.com/gb/job/data-engineer--greater-london--eaf6efc95e1ac4b57403f7b708550dc5f,N/A,N/A,"Work Setting: On-site | Salary: GBP 50,000 - 70,000",JobLeads
Data Commercial Analyst - Shape the Data Function (Hybrid),La Fosse,Greater London,2 days ago,https://www.jobleads.com/gb/job/data-commercial-analyst-shape-the-data-function-hybrid--greater-london--e0fa5ca49ad5a5f0a5f7ea5388557979e,N/A,N/A,"Work Setting: Hybrid | Salary: GBP 45,000 - 65,000",JobLeads
Finance Data Analyst – Power BI & SQL | Hybrid & Growth,Marc Daniels,City Of London,14 days+,https://www.jobleads.com/gb/job/finance-data-analyst-power-bi-sql-hybrid-growth--city-of-london--ee6fc9f773c662b08f64e42031cbe87e4,N/A,N/A,"Work Setting: Hybrid | Salary: GBP 50,000 - 70,000",JobLeads
Data & Insights Analyst - Tableau & SQL,Christie´s,Greater London,14 days+,https://www.jobleads.com/gb/job/data-insights-analyst-tableau-sql--greater-london--ea33d3ab160a1ad82f096d8b63713e557,N/A,N/A,"Work Setting: Hybrid | Salary: GBP 55,000 - 60,000",JobLeads
Data Analyst III (Product),Fanatics,Greater London,14 days+,https://www.jobleads.com/gb/job/data-analyst-iii--greater-london--eb53620cd856f3663ec83317d76bc000d,N/A,N/A,"Work Setting: On-site | Salary: GBP 76,000 - 96,000",JobLeads
"Data Analyst, FinTech Insights & Strategy (Hybrid)",Talentedge Recruitment Limited,Greater London,14 days+,https://www.jobleads.com/gb/job/data-analyst-fintech-insights-strategy-hybrid--greater-london--e48856b95a99e68f889e34c5232d899a9,N/A,N/A,"Work Setting: Hybrid | Salary: GBP 70,000 - 80,000",JobLeads
Data Engineer,TRIA,London,14 days+,https://www.jobleads.com/gb/job/data-engineer--london--ef84ae254a84f3b48f568d4c4963bb9ee,N/A,N/A,"Work Setting: On-site | Salary: GBP 50,000 - 70,000",JobLeads
Analytics Engineer: Build AI-Driven Data Platforms,G-Research,Greater London,14 days+,https://www.jobleads.com/gb/job/analytics-engineer-build-ai-driven-data-platforms--greater-london--e3038c2b85717f25b873eb042e8e1f891,N/A,N/A,"Work Setting: On-site | Salary: GBP 60,000 - 80,000",JobLeads
Data Analyst,Proactive.IT Appointments Ltd.,Harrow,2 days ago,https://www.jobleads.com/gb/job/data-analyst--harrow--e50dd99de66fcb3cb0ece572a7561e8f1,N/A,N/A,"Work Setting: On-site | Salary: GBP 50,000 - 80,000",JobLeads
Data & Insights Analyst: Dashboards & KPIs (Hybrid UK),Octopus Computer Associates,Greater London,14 days+,https://www.jobleads.com/gb/job/data-insights-analyst-dashboards-kpis-hybrid-uk--greater-london--e352c940a45746772ad4a1824e898c4cb,N/A,N/A,"Work Setting: Hybrid | Salary: GBP 40,000 - 60,000",JobLeads
"Data Analyst – Fintech SaaS | Hybrid, Onboard & Drive Growth",Debt Register,Epsom,14 days+,https://www.jobleads.com/gb/job/data-analyst-fintech-saas-hybrid-onboard-drive-growth--epsom--e070e2a417ef6bcca828a1f95fa0e682d,N/A,N/A,"Work Setting: Hybrid | Salary: GBP 35,000 - 52,000",JobLeads
"Senior Data Analyst: Dashboards, Quality & Share Options",Fintech Farm Ltd,Greater London,14 days+,https://www.jobleads.com/gb/job/senior-data-analyst-dashboards-quality-share-options--greater-london--efd83428b09752c668e458f915422fb6b,N/A,N/A,"Work Setting: On-site | Salary: GBP 40,000 - 62,000",JobLeads
Senior Data Consultant: Analytics Engineering Lead,Harnham,Greater London,14 days+,https://www.jobleads.com/gb/job/senior-data-consultant--greater-london--e6d830087d9d3515fa1540f33d71f5513,N/A,N/A,"Work Setting: On-site | Salary: GBP 45,000 - 80,000",JobLeads
"Analytics Engineer: DBT, Data Architecture & Quality",Swap,Greater London,14 days+,https://www.jobleads.com/gb/job/analytics-engineer-dbt-data-architecture-quality--greater-london--ee48410036d63c36c9d797a8893ae7587,N/A,N/A,"Work Setting: On-site | Salary: GBP 60,000 - 90,000",JobLeads
Analytics Engineer: Data Platform & AI Workflows,Alastair LLP,Greater London,14 days+,https://www.jobleads.com/gb/job/analytics-engineer-data-platform-ai-workflows--greater-london--e5e36ad3b72ee3948711fdfe4d9fa6246,N/A,N/A,"Work Setting: On-site | Salary: GBP 60,000 - 80,000",JobLeads
Data Platform Developer & Analyst,ReliefWeb,Greater London,11 days ago,https://www.jobleads.com/gb/job/data-platform-developer-analyst--greater-london--e714644a674948e2295a3513df9561dad,N/A,N/A,"Work Setting: Hybrid | Salary: GBP 46,000 - 54,000",JobLeads
Hybrid Data Analyst: AI-Driven Insights & Dashboards,TOYOTA Connected,Greater London,46 hours ago,https://www.jobleads.com/gb/job/hybrid-data-analyst-ai-driven-insights-dashboards--greater-london--eec464a3544dc01ff7c2141686c3d6b96,N/A,N/A,"Work Setting: Hybrid | Salary: GBP 40,000 - 60,000",JobLeads
Senior Performance Analyst - Data Leader (Hybrid),Netcompany,Greater London,14 days+,https://www.jobleads.com/gb/job/senior-performance-analyst-data-leader-hybrid--greater-london--e64eff7b6da1ef3f36d820e6b37ae0775,N/A,N/A,"Work Setting: Hybrid | Salary: GBP 65,000 - 90,000",JobLeads
Senior Data Analyst,Cyber Security training courses,Greater London,5 days ago,https://www.jobleads.com/gb/job/senior-data-analyst--greater-london--e9cc315c9201fce2c8136975c76db5e78,N/A,N/A,"Work Setting: Hybrid | Salary: GBP 50,000 - 61,000",JobLeads
Senior Data Analyst,Jefferson Frank,City Of London,14 days+,https://www.jobleads.com/gb/job/senior-data-analyst--city-of-london--e8c0bfd09dcbeca57f74275cbe11a61bc,N/A,N/A,"Work Setting: Hybrid | Salary: GBP 33,000 - 55,000",JobLeads
Finance Data Analyst — Entry Level (London),School Result,Greater London,14 days+,https://www.jobleads.com/gb/job/finance-data-analyst-entry-level-london--greater-london--e9b37e46fd343e4efe217298dbf391567,N/A,N/A,"Work Setting: Hybrid | Salary: GBP 35,000 - 40,000",JobLeads
Senior Data Analyst Lead Data & Insight with Flexible Hours,London Borough of Camden,Camden Town,14 days+,https://www.jobleads.com/gb/job/senior-data-analysts--camden-town--e43634032a4289074b436af7b500eede1,N/A,N/A,"Work Setting: On-site | Salary: GBP 80,000 - 100,000",JobLeads
Financial Data Analyst,Stott and May,Greater London,2 days ago,https://www.jobleads.com/gb/job/financial-data-analyst--greater-london--e18462b9d875d2fab732c78aa99c409b5,N/A,N/A,"Work Setting: On-site | Salary: GBP 60,000 - 90,000",JobLeads
Senior Data Business Analyst – Strategy & Insights,The Nippon Telegraph and Telephone Corporation (NTT),City Of London,2 days ago,https://www.jobleads.com/gb/job/senior-data-business-analyst-strategy-insights--city-of-london--e6aa785c44d35e9f873c18cc5d60647f0,N/A,N/A,"Work Setting: On-site | Salary: GBP 52,000 - 68,000",JobLeads
Senior Analytics Engineer - AI-Ready Data Modeling & Scale,MANUAL,Greater London,14 days+,https://www.jobleads.com/gb/job/senior-analytics-engineer-ai-ready-data-modeling-scale--greater-london--e338ec760bd49a8c756590daeba02fbb3,N/A,N/A,"Work Setting: On-site | Salary: GBP 60,000 - 80,000",JobLeads
"Senior Data Analyst: SQL Server, SSIS & Networking",Onyx-Conseil,City of Westminster,7 days ago,https://www.jobleads.com/gb/job/senior-data-analyst-sql-server-ssis-networking--city-of-westminster--eeb059027c68d2a6857bb5e058892504d,N/A,N/A,"Work Setting: On-site | Salary: GBP 60,000 - 75,000",JobLeads
Data & AI Analyst for Defence (DV Clearance),HM Revenue & Customs (HMRC),"Greater London, Manchester, Bristol",14 days+,https://www.jobleads.com/gb/job/data-ai-analyst-for-defence-dv-clearance--greater-london--manchester--bristol--ed06cb5b083071f912124d5aafc158d31,N/A,N/A,"Work Setting: Hybrid | Salary: GBP 60,000 - 90,000",JobLeads
Remote Power BI Analyst - Business Operations Insights,Adecco,Greater London,39 hours ago,https://www.jobleads.com/gb/job/remote-power-bi-analyst-business-operations-insights--greater-london--e4a06d38581c77653318d6928a5ae2bae,N/A,N/A,"Work Setting: On-site | Salary: GBP 45,000 - 75,000",JobLeads
Senior Finance Data Analyst - Strategic Analytics,Relay Technologies,City Of London,14 days+,https://www.jobleads.com/gb/job/senior-finance-data-analyst-strategic-analytics--city-of-london--edb157d7df9945911cc874c10c11ab463,N/A,N/A,"Work Setting: Hybrid | Salary: GBP 50,000 - 70,000",JobLeads
Data Insights Analyst - Power BI & SQL Specialist,Lockton,Greater London,14 days+,https://www.jobleads.com/gb/job/data-insights-analyst-power-bi-sql-specialist--greater-london--ed273c1d4abbf059c0ce7b3ec8aa6aa85,N/A,N/A,"Work Setting: On-site | Salary: GBP 42,000 - 64,000",JobLeads
"Junior Data Analyst: Dashboards & Insights (London, Hybrid)",Monica Vinader,Greater London,14 days+,https://www.jobleads.com/gb/job/junior-data-analyst-dashboards-insights-london-hybrid--greater-london--e13f65455c8781b1443ebb794debc2475,N/A,N/A,"Work Setting: Hybrid | Salary: GBP 30,000 - 40,000",JobLeads
Senior Business Analyst: Data-Driven Transformation,UBDS Digital,Greater London,14 days+,https://www.jobleads.com/gb/job/senior-business-analyst-data-driven-transformation--greater-london--e73331e320661e711b1832113abcbc45f,N/A,N/A,"Work Setting: On-site | Salary: GBP 55,000 - 75,000",JobLeads
Graduate Analyst Developer: Data & AI Innovator,Reply,Alton,14 days+,https://www.jobleads.com/gb/job/graduate-analyst-developer-data-ai-innovator--alton--e06c42485e89358cf3d809496915a401a,N/A,N/A,"Work Setting: Hybrid | Salary: GBP 25,000 - 35,000",JobLeads
"Associate Director, Data Analytics & Strategy",Movar Limited,Greater London,14 days+,https://www.jobleads.com/gb/job/associate-director-data-analytics-strategy--greater-london--e27bb449a875568617ce1457cac26943e,N/A,N/A,"Work Setting: On-site | Salary: GBP 80,000 - 100,000",JobLeads
Senior Analytics Engineering Leader — Self-Serve Data at Scale,Taptap Send,Greater London,14 days+,https://www.jobleads.com/gb/job/senior-analytics-engineering-leader-self-serve-data-at-scale--greater-london--e2291b9b825f2e5eaf6e67d8be005e0b2,N/A,N/A,"Work Setting: On-site | Salary: GBP 85,000 - 120,000",JobLeads
Senior Analytics Engineer: Databricks & Dimensional Modeling,Synapri,Greater London,2 days ago,https://www.jobleads.com/gb/job/senior-analytics-engineer-databricks-dimensional-modeling--greater-london--e4c66755f25cf0ddb7147a91bc1ed3f02,N/A,N/A,"Work Setting: On-site | Salary: GBP 85,000 - 110,000",JobLeads
Taiwanese Mandarin Data Analyst: Insights & Dashboards,Grid Dynamics,Greater London,14 days+,https://www.jobleads.com/gb/job/taiwanese-mandarin-data-analyst-insights-dashboards--greater-london--e40f133ed03b4d2c47d257975d6e0a99f,N/A,N/A,"Work Setting: Hybrid | Salary: GBP 40,000 - 60,000",JobLeads
Senior Tableau BI Analyst – Data & Cloud Transformation,Harnham,Greater London,2 days ago,https://www.jobleads.com/gb/job/senior-tableau-bi-analyst-data-cloud-transformation--greater-london--ee6d4e4720cd079171dd3c0beb27e0d88,N/A,N/A,"Work Setting: On-site | Salary: GBP 54,000 - 66,000",JobLeads
Hybrid Data Analyst: ERP Transformation & Product Data,Charlotte Tilbury Beauty,Greater London,13 days ago,https://www.jobleads.com/gb/job/hybrid-data-analyst-erp-transformation-product-data--greater-london--e89ecb2d0047a98c346ffe7b7a29e3777,N/A,N/A,"Work Setting: Hybrid | Salary: GBP 45,000 - 65,000",JobLeads
Data Analyst (Compute Science Graduate Opportunity ),EMEA3 Recruitment,Greater London,10 days ago,https://www.jobleads.com/gb/job/data-analyst-compute-science-graduate-opportunity--greater-london--e01ce4115f6af251bb73444d6ddb9b9e1,N/A,N/A,"Work Setting: Hybrid | Salary: GBP 45,000 - 55,000",JobLeads
Data Analyst / BI Engineer — LLM‑Powered Insights,Magentic,Greater London,14 days+,https://www.jobleads.com/gb/job/data-analyst-bi-engineer-llm-powered-insights--greater-london--e859e4ca4eab5cdb395f2d5749bab287c,N/A,N/A,"Work Setting: Hybrid | Salary: GBP 60,000 - 70,000",JobLeads
Data Analytics Governance Analyst Banking,Huxley,City Of London,14 days+,https://www.jobleads.com/gb/job/data-analytics-governance-analyst-banking--city-of-london--ea9f4741a7ed5a3c5dec3ddfed5a31e3f,N/A,N/A,"Work Setting: Hybrid | Salary: GBP 70,000 - 85,000",JobLeads
Power BI Analyst,Understanding Recruitment NFP,Greater London,14 days+,https://www.jobleads.com/gb/job/power-bi-analyst--greater-london--e8e0df774b973430e5b10e2887f621b49,N/A,N/A,"Work Setting: Hybrid | Salary: GBP 50,000 - 70,000",JobLeads
Hybrid Data Analyst - Last Mile Marketplace Analytics,Relay Technologies,City Of London,14 days+,https://www.jobleads.com/gb/job/hybrid-data-analyst-last-mile-marketplace-analytics--city-of-london--e1553696d8eb0c8b1d88254623cacd636,N/A,N/A,"Work Setting: On-site | Salary: GBP 50,000 - 70,000",JobLeads
"Operations Data Analyst – Salesforce & Kantata, AI-minded",Indicium,Greater London,14 days+,https://www.jobleads.com/gb/job/operations-data-analyst-salesforce-kantata-ai-minded--greater-london--e452d55f6e08bbe7025bb352ce07acb8e,N/A,N/A,"Work Setting: Hybrid | Salary: GBP 40,000 - 60,000",JobLeads
Principal Data Analyst,Digital Futures,Greater London,14 days+,https://www.jobleads.com/gb/job/principal-data-analyst--greater-london--eb744ac67f813c2dd7e01f50a6cf1447a,N/A,N/A,"Work Setting: Hybrid | Salary: GBP 55,000 - 75,000",JobLeads
Data Analytics Engineer: Turn Data Into Actionable Insights,Jobtailor,Milton Keynes,11 days ago,https://www.jobleads.com/gb/job/data-analytics-engineer-turn-data-into-actionable-insights--milton-keynes--e04b8c4ff88db437a834cf2c0028cabd8,N/A,N/A,"Work Setting: Hybrid | Salary: GBP 42,000 - 62,000",JobLeads
Data Analytics Intern — Build Insights & Growth,TikTok,Greater London,14 days+,https://www.jobleads.com/gb/job/data-analytics-intern-build-insights-growth--greater-london--ed4aa9f8111845058c8ff9d8a4f444104,N/A,N/A,"Work Setting: On-site | Salary: GBP 20,000 - 30,000",JobLeads
Hybrid BI Analyst: Looker Dashboards & Data Integrity,iProov,Greater London,14 days+,https://www.jobleads.com/gb/job/hybrid-bi-analyst-looker-dashboards-data-integrity--greater-london--e6a6b503888831de998df932d011e5973,N/A,N/A,"Work Setting: Hybrid | Salary: GBP 65,000 - 95,000",JobLeads
Data Engineering Consultant,Avanade,Greater London,14 days+,https://www.jobleads.com/gb/job/data-engineering-consultant--greater-london--e2d2eaec0ba6c41f82f29c3f4cdc97a4e,N/A,N/A,"Work Setting: On-site | Salary: GBP 50,000 - 70,000",JobLeads
Data Operations Analyst,Orlaroseassociates,Greater London,14 days+,https://www.jobleads.com/gb/job/data-operations-analyst--greater-london--e0670615e87f631087ab35f43f639f8a9,N/A,N/A,"Work Setting: On-site | Salary: GBP 35,000 - 45,000",JobLeads
"Senior Data Analyst, Growth & Strategy Insights",Wise,Greater London,14 days+,https://www.jobleads.com/gb/job/senior-data-analyst-growth-strategy-insights--greater-london--e7d0b3cd950986de079263bdcfe127589,N/A,N/A,"Work Setting: On-site | Salary: GBP 60,000 - 85,000",JobLeads
Senior Data Analyst,FDM Group,London,4 days ago,https://www.reed.co.uk/jobs/senior-data-analyst/56212211?source=searchResults&q=data%20analyst&filter=%2Fjobs%2Fdata-analyst-jobs-in-london%3Fq%3Ddata%2Banalyst,https://www.reed.co.uk/jobs/fdm-group/p4784,N/A,"Salary: Salary negotiable | Type: Permanent, full-time | Badges: Promoted",Reed.co.uk
Data and Insights Analyst,Newlon Housing Trust,London,Yesterday,https://www.reed.co.uk/jobs/data-and-insights-analyst/57283025?source=searchResults&q=data%20analyst&filter=%2Fjobs%2Fdata-analyst-jobs-in-london%3Fq%3Ddata%2Banalyst,https://www.reed.co.uk/jobs/newlon-housing-trust-98152/p98152,N/A,"Salary: £41,380 per annum | Type: Permanent, full-time | Badges: Featured, New",Reed.co.uk
Insights Data Analyst Apprentice,QA,London,5 days ago,https://www.reed.co.uk/jobs/insights-data-analyst-apprentice/57268090?source=searchResults&q=data%20analyst&filter=%2Fjobs%2Fdata-analyst-jobs-in-london%3Fq%3Ddata%2Banalyst,https://www.reed.co.uk/jobs/qa-ltd/p31199,N/A,"Salary: £18,000 - £21,000 per annum | Type: Permanent, full-time or part-time | Badges: Featured",Reed.co.uk
Data Analyst,Trace | Expert Accountancy & Finance Recruitment,London,3 days ago,https://www.reed.co.uk/jobs/data-analyst/57276378?source=searchResults&q=data%20analyst&filter=%2Fjobs%2Fdata-analyst-jobs-in-london%3Fq%3Ddata%2Banalyst,https://www.reed.co.uk/jobs/trace-recruit-ltd/p7894,N/A,"Salary: AUD$35,000 - AUD$45,000 per annum | Type: Permanent, full-time | Badges: Featured, Easy Apply",Reed.co.uk
Data Analyst,Proactive Appointments,"North Acton, London",17 August,https://www.reed.co.uk/jobs/data-analyst/57244628?source=searchResults&q=data%20analyst&filter=%2Fjobs%2Fdata-analyst-jobs-in-london%3Fq%3Ddata%2Banalyst,https://www.reed.co.uk/jobs/proactive-appointments-72728/p72728,N/A,"Salary: £400 - £475 per day | Type: Contract, full-time | Badges: Featured, Easy Apply",Reed.co.uk
Data Analyst,Harnham - Data & Analytics Recruitment,London,18 August,https://www.reed.co.uk/jobs/data-analyst/57252421?source=searchResults&q=data%20analyst&filter=%2Fjobs%2Fdata-analyst-jobs-in-london%3Fq%3Ddata%2Banalyst,https://www.reed.co.uk/jobs/harnham-search-selection/p9243,N/A,"Salary: £350 - £400 per day | Type: Contract, full-time, Work from home",Reed.co.uk
Data Analyst,Reed,"City of London, London",7 August,https://www.reed.co.uk/jobs/data-analyst/57209685?source=searchResults&q=data%20analyst&filter=%2Fjobs%2Fdata-analyst-jobs-in-london%3Fq%3Ddata%2Banalyst,https://www.reed.co.uk/jobs/reed/p1342,N/A,"Salary: £57,500 - £62,500 per annum | Type: Permanent, full-time | Badges: Featured, Easy Apply",Reed.co.uk
Data Analyst,Proactive Appointments,"North Acton, London",17 August,https://www.reed.co.uk/jobs/data-analyst/57247528?source=searchResults&q=data%20analyst&filter=%2Fjobs%2Fdata-analyst-jobs-in-london%3Fq%3Ddata%2Banalyst,https://www.reed.co.uk/jobs/proactive-appointments-72728/p72728,N/A,"Salary: £40,000 - £60,000 per annum | Type: Permanent, full-time | Badges: Featured, Easy Apply",Reed.co.uk
Data Analyst,Sphere Digital Recruitment,London,28 July,https://www.reed.co.uk/jobs/data-analyst/57169866?source=searchResults&q=data%20analyst&filter=%2Fjobs%2Fdata-analyst-jobs-in-london%3Fq%3Ddata%2Banalyst,https://www.reed.co.uk/jobs/sphere-digital-recruitment-limited/p14161,N/A,"Salary: £50,000 per annum | Type: Permanent, full-time | Badges: Easy Apply",Reed.co.uk
Data Analyst,Harnham - Data & Analytics Recruitment,London,20 August,https://www.reed.co.uk/jobs/data-analyst/57260576?source=searchResults&q=data%20analyst&filter=%2Fjobs%2Fdata-analyst-jobs-in-london%3Fq%3Ddata%2Banalyst,https://www.reed.co.uk/jobs/harnham-search-selection/p9243,N/A,"Salary: £350 - £400 per day | Type: Contract, full-time, Work from home",Reed.co.uk
Data Analyst,Robert Half,London,4 days ago,https://www.reed.co.uk/jobs/data-analyst/57271010?source=searchResults&q=data%20analyst&filter=%2Fjobs%2Fdata-analyst-jobs-in-london%3Fq%3Ddata%2Banalyst,https://www.reed.co.uk/jobs/robert-half-92729/p92729,N/A,"Salary: Salary negotiable | Type: Contract, full-time | Badges: Featured, Easy Apply",Reed.co.uk
Data Analyst,Harnham - Data & Analytics Recruitment,London,27 July,https://www.reed.co.uk/jobs/data-analyst/57165187?source=searchResults&q=data%20analyst&filter=%2Fjobs%2Fdata-analyst-jobs-in-london%3Fq%3Ddata%2Banalyst,https://www.reed.co.uk/jobs/harnham-search-selection/p9243,N/A,"Salary: £50,000 - £54,000 per annum | Type: Permanent, full-time",Reed.co.uk
Data Analyst,Harnham - Data & Analytics Recruitment,London,19 August,https://www.reed.co.uk/jobs/data-analyst/57257198?source=searchResults&q=data%20analyst&filter=%2Fjobs%2Fdata-analyst-jobs-in-london%3Fq%3Ddata%2Banalyst,https://www.reed.co.uk/jobs/harnham-search-selection/p9243,N/A,"Salary: £350 - £400 per day | Type: Contract, full-time | Badges: Easy Apply",Reed.co.uk
Data Analyst,Addition,London,21 August,https://www.reed.co.uk/jobs/data-analyst/57265515?source=searchResults&q=data%20analyst&filter=%2Fjobs%2Fdata-analyst-jobs-in-london%3Fq%3Ddata%2Banalyst,https://www.reed.co.uk/jobs/addition-solutions-ltd/p27273,N/A,"Salary: £600 per day | Type: Contract, full-time | Badges: Featured, Easy Apply",Reed.co.uk
Data Analyst,Elevate Recruitment Limited,London,29 July,https://www.reed.co.uk/jobs/data-analyst/57174507?source=searchResults&q=data%20analyst&filter=%2Fjobs%2Fdata-analyst-jobs-in-london%3Fq%3Ddata%2Banalyst,https://www.reed.co.uk/jobs/elevate-recruitment-limited/p16038,N/A,"Salary: £30,000 - £39,000 per annum | Type: Permanent, full-time | Badges: Featured",Reed.co.uk
Data Analyst,4Recruitment Services,"Harlow, Essex",11 August,https://www.reed.co.uk/jobs/data-analyst/57223600?source=searchResults&q=data%20analyst&filter=%2Fjobs%2Fdata-analyst-jobs-in-london%3Fq%3Ddata%2Banalyst,https://www.reed.co.uk/jobs/4social-work/p10521,N/A,"Salary: £350 per day | Type: Contract, full-time | Badges: Featured, Easy Apply",Reed.co.uk
Trainee Data Analyst,ITOL Recruit,London,5 days ago,https://www.reed.co.uk/jobs/trainee-data-analyst/57267856?source=searchResults&q=data%20analyst&filter=%2Fjobs%2Fdata-analyst-jobs-in-london%3Fq%3Ddata%2Banalyst,https://www.reed.co.uk/jobs/itonlinelearning-0/p57826,N/A,"Salary: Training Course | Type: Permanent, full-time",Reed.co.uk
Trainee Data Analyst,ITOL Recruit,"North London, London",3 days ago,https://www.reed.co.uk/jobs/trainee-data-analyst/57277444?source=searchResults&q=data%20analyst&filter=%2Fjobs%2Fdata-analyst-jobs-in-london%3Fq%3Ddata%2Banalyst,https://www.reed.co.uk/jobs/itonlinelearning-0/p57826,N/A,"Salary: Training Course | Type: Permanent, full-time",Reed.co.uk
Trainee Data Analyst,ITOL Recruit,"East London, London",3 days ago,https://www.reed.co.uk/jobs/trainee-data-analyst/57277391?source=searchResults&q=data%20analyst&filter=%2Fjobs%2Fdata-analyst-jobs-in-london%3Fq%3Ddata%2Banalyst,https://www.reed.co.uk/jobs/itonlinelearning-0/p57826,N/A,"Salary: Training Course | Type: Permanent, full-time",Reed.co.uk
Trainee Data Analyst,ITOL Recruit,London,10 August,https://www.reed.co.uk/jobs/trainee-data-analyst/57215010?source=searchResults&q=data%20analyst&filter=%2Fjobs%2Fdata-analyst-jobs-in-london%3Fq%3Ddata%2Banalyst,https://www.reed.co.uk/jobs/itonlinelearning-0/p57826,N/A,"Salary: Training Course | Type: Permanent, full-time",Reed.co.uk
Trainee Data Analyst,ITOL Recruit,United Kingdom,6 August,https://www.reed.co.uk/jobs/trainee-data-analyst/57205497?source=searchResults&q=data%20analyst&filter=%2Fjobs%2Fdata-analyst-jobs-in-london%3Fq%3Ddata%2Banalyst,https://www.reed.co.uk/jobs/itonlinelearning-0/p57826,N/A,"Salary: Training Course | Type: Permanent, full-time | Badges: Featured",Reed.co.uk
Data Analyst - FTC,Harnham - Data & Analytics Recruitment,London,22 July,https://www.reed.co.uk/jobs/data-analyst-ftc/57149487?source=searchResults&q=data%20analyst&filter=%2Fjobs%2Fdata-analyst-jobs-in-london%3Fq%3Ddata%2Banalyst,https://www.reed.co.uk/jobs/harnham-search-selection/p9243,N/A,"Salary: £50,000 - £55,000 per annum | Type: Permanent, full-time",Reed.co.uk
Data Analyst Trainee,ITOL Recruit,London,4 days ago,https://www.reed.co.uk/jobs/data-analyst-trainee/57271885?source=searchResults&q=data%20analyst&filter=%2Fjobs%2Fdata-analyst-jobs-in-london%3Fq%3Ddata%2Banalyst,https://www.reed.co.uk/jobs/itonlinelearning-0/p57826,N/A,"Salary: Training Course | Type: Permanent, full-time",Reed.co.uk
Data Analyst Trainee,ITOL Recruit,London,17 August,https://www.reed.co.uk/jobs/data-analyst-trainee/57243928?source=searchResults&q=data%20analyst&filter=%2Fjobs%2Fdata-analyst-jobs-in-london%3Fq%3Ddata%2Banalyst,https://www.reed.co.uk/jobs/itonlinelearning-0/p57826,N/A,"Salary: Training Course | Type: Permanent, full-time",Reed.co.uk
Trainee Data Analyst,ITOL Recruit,London,4 days ago,https://www.reed.co.uk/jobs/trainee-data-analyst/57271950?source=searchResults&q=data%20analyst&filter=%2Fjobs%2Fdata-analyst-jobs-in-london%3Fq%3Ddata%2Banalyst,https://www.reed.co.uk/jobs/itonlinelearning-0/p57826,N/A,"Salary: Training Course | Type: Permanent, full-time",Reed.co.uk
Data and Insights Analyst,Newlon Housing Trust,London,Yesterday,https://www.reed.co.uk/jobs/data-and-insights-analyst/57283025?source=searchResults&q=data%20analyst&filter=%2Fjobs%2Fdata-analyst-jobs-in-london%3Fq%3Ddata%2Banalyst%26pageno%3D2,https://www.reed.co.uk/jobs/newlon-housing-trust-98152/p98152,N/A,"Salary: £41,380 per annum | Type: Permanent, full-time | Badges: Promoted, New",Reed.co.uk
Senior Data Analyst,FDM Group,London,4 days ago,https://www.reed.co.uk/jobs/senior-data-analyst/56212211?source=searchResults&q=data%20analyst&filter=%2Fjobs%2Fdata-analyst-jobs-in-london%3Fq%3Ddata%2Banalyst%26pageno%3D2,https://www.reed.co.uk/jobs/fdm-group/p4784,N/A,"Salary: Salary negotiable | Type: Permanent, full-time | Badges: Promoted",Reed.co.uk
Trainee Data Analyst,ITOL Recruit,London,5 days ago,https://www.reed.co.uk/jobs/trainee-data-analyst/57267938?source=searchResults&q=data%20analyst&filter=%2Fjobs%2Fdata-analyst-jobs-in-london%3Fq%3Ddata%2Banalyst%26pageno%3D2,https://www.reed.co.uk/jobs/itonlinelearning-0/p57826,N/A,"Salary: Training Course | Type: Permanent, full-time",Reed.co.uk
Trainee Data Analyst,ITOL Recruit,London,5 days ago,https://www.reed.co.uk/jobs/trainee-data-analyst/57267800?source=searchResults&q=data%20analyst&filter=%2Fjobs%2Fdata-analyst-jobs-in-london%3Fq%3Ddata%2Banalyst%26pageno%3D2,https://www.reed.co.uk/jobs/itonlinelearning-0/p57826,N/A,"Salary: Training Course | Type: Permanent, full-time",Reed.co.uk
Data Analyst Trainee,ITOL Recruit,London,18 August,https://www.reed.co.uk/jobs/data-analyst-trainee/57248734?source=searchResults&q=data%20analyst&filter=%2Fjobs%2Fdata-analyst-jobs-in-london%3Fq%3Ddata%2Banalyst%26pageno%3D2,https://www.reed.co.uk/jobs/itonlinelearning-0/p57826,N/A,"Salary: Training Course | Type: Permanent, full-time",Reed.co.uk
Data Analyst Trainee,ITOL Recruit,London,12 August,https://www.reed.co.uk/jobs/data-analyst-trainee/57225795?source=searchResults&q=data%20analyst&filter=%2Fjobs%2Fdata-analyst-jobs-in-london%3Fq%3Ddata%2Banalyst%26pageno%3D2,https://www.reed.co.uk/jobs/itonlinelearning-0/p57826,N/A,"Salary: Training Course | Type: Permanent, full-time",Reed.co.uk
Data Analyst Trainee,ITOL Recruit,London,5 August,https://www.reed.co.uk/jobs/data-analyst-trainee/57197856?source=searchResults&q=data%20analyst&filter=%2Fjobs%2Fdata-analyst-jobs-in-london%3Fq%3Ddata%2Banalyst%26pageno%3D2,https://www.reed.co.uk/jobs/itonlinelearning-0/p57826,N/A,"Salary: Training Course | Type: Permanent, full-time",Reed.co.uk
Data Analyst Trainee,ITOL Recruit,London,12 August,https://www.reed.co.uk/jobs/data-analyst-trainee/57225806?source=searchResults&q=data%20analyst&filter=%2Fjobs%2Fdata-analyst-jobs-in-london%3Fq%3Ddata%2Banalyst%26pageno%3D2,https://www.reed.co.uk/jobs/itonlinelearning-0/p57826,N/A,"Salary: Training Course | Type: Permanent, full-time",Reed.co.uk
Data Analyst Trainee,ITOL Recruit,London,11 August,https://www.reed.co.uk/jobs/data-analyst-trainee/57221851?source=searchResults&q=data%20analyst&filter=%2Fjobs%2Fdata-analyst-jobs-in-london%3Fq%3Ddata%2Banalyst%26pageno%3D2,https://www.reed.co.uk/jobs/itonlinelearning-0/p57826,N/A,"Salary: Training Course | Type: Permanent, full-time",Reed.co.uk
Trainee Data Analyst,Newto Training,United Kingdom,6 August,https://www.reed.co.uk/jobs/trainee-data-analyst/57189396?source=searchResults&q=data%20analyst&filter=%2Fjobs%2Fdata-analyst-jobs-in-london%3Fq%3Ddata%2Banalyst%26pageno%3D2,https://www.reed.co.uk/jobs/newto-training1/p90206,N/A,"Salary: Training Course | Type: Permanent, full-time",Reed.co.uk
Technical Data Analyst,Adecco,London,12 August,https://www.reed.co.uk/jobs/technical-data-analyst/57226826?source=searchResults&q=data%20analyst&filter=%2Fjobs%2Fdata-analyst-jobs-in-london%3Fq%3Ddata%2Banalyst%26pageno%3D2,https://www.reed.co.uk/jobs/adecco-uk-limited-45420/p45420,N/A,"Salary: £500 - £600 per day | Type: Contract, full-time | Badges: Easy Apply",Reed.co.uk
Trainee Data Analyst,ITOL Recruit,London,5 days ago,https://www.reed.co.uk/jobs/trainee-data-analyst/57267902?source=searchResults&q=data%20analyst&filter=%2Fjobs%2Fdata-analyst-jobs-in-london%3Fq%3Ddata%2Banalyst%26pageno%3D2,https://www.reed.co.uk/jobs/itonlinelearning-0/p57826,N/A,"Salary: Training Course | Type: Permanent, full-time",Reed.co.uk
Finance Data Analyst,Marc Daniels,London,24 July,https://www.reed.co.uk/jobs/finance-data-analyst/57159615?source=searchResults&q=data%20analyst&filter=%2Fjobs%2Fdata-analyst-jobs-in-london%3Fq%3Ddata%2Banalyst%26pageno%3D2,https://www.reed.co.uk/jobs/marc-daniels/p7415,N/A,"Salary: £60,000 - £70,000 per annum | Type: Permanent, full-time | Badges: Easy Apply",Reed.co.uk
Data Analyst Trainee,ITOL Recruit,London,17 August,https://www.reed.co.uk/jobs/data-analyst-trainee/57243902?source=searchResults&q=data%20analyst&filter=%2Fjobs%2Fdata-analyst-jobs-in-london%3Fq%3Ddata%2Banalyst%26pageno%3D2,https://www.reed.co.uk/jobs/itonlinelearning-0/p57826,N/A,"Salary: Training Course | Type: Permanent, full-time",Reed.co.uk
Data Analyst Trainee,ITOL Recruit,London,4 days ago,https://www.reed.co.uk/jobs/data-analyst-trainee/57272109?source=searchResults&q=data%20analyst&filter=%2Fjobs%2Fdata-analyst-jobs-in-london%3Fq%3Ddata%2Banalyst%26pageno%3D2,https://www.reed.co.uk/jobs/itonlinelearning-0/p57826,N/A,"Salary: Training Course | Type: Permanent, full-time",Reed.co.uk
Data Analyst Trainee,ITOL Recruit,London,3 days ago,https://www.reed.co.uk/jobs/data-analyst-trainee/57277450?source=searchResults&q=data%20analyst&filter=%2Fjobs%2Fdata-analyst-jobs-in-london%3Fq%3Ddata%2Banalyst%26pageno%3D2,https://www.reed.co.uk/jobs/itonlinelearning-0/p57826,N/A,"Salary: Training Course | Type: Permanent, full-time",Reed.co.uk
Data Analyst Trainee,ITOL Recruit,London,3 days ago,https://www.reed.co.uk/jobs/data-analyst-trainee/57277405?source=searchResults&q=data%20analyst&filter=%2Fjobs%2Fdata-analyst-jobs-in-london%3Fq%3Ddata%2Banalyst%26pageno%3D2,https://www.reed.co.uk/jobs/itonlinelearning-0/p57826,N/A,"Salary: Training Course | Type: Permanent, full-time",Reed.co.uk
Data Analyst Trainee,ITOL Recruit,London,12 August,https://www.reed.co.uk/jobs/data-analyst-trainee/57225782?source=searchResults&q=data%20analyst&filter=%2Fjobs%2Fdata-analyst-jobs-in-london%3Fq%3Ddata%2Banalyst%26pageno%3D2,https://www.reed.co.uk/jobs/itonlinelearning-0/p57826,N/A,"Salary: Training Course | Type: Permanent, full-time",Reed.co.uk
Data Analyst Trainee,ITOL Recruit,London,12 August,https://www.reed.co.uk/jobs/data-analyst-trainee/57225736?source=searchResults&q=data%20analyst&filter=%2Fjobs%2Fdata-analyst-jobs-in-london%3Fq%3Ddata%2Banalyst%26pageno%3D2,https://www.reed.co.uk/jobs/itonlinelearning-0/p57826,N/A,"Salary: Training Course | Type: Permanent, full-time",Reed.co.uk
Data Analyst Trainee,ITOL Recruit,London,11 August,https://www.reed.co.uk/jobs/data-analyst-trainee/57221850?source=searchResults&q=data%20analyst&filter=%2Fjobs%2Fdata-analyst-jobs-in-london%3Fq%3Ddata%2Banalyst%26pageno%3D2,https://www.reed.co.uk/jobs/itonlinelearning-0/p57826,N/A,"Salary: Training Course | Type: Permanent, full-time",Reed.co.uk
Data Analyst Trainee,ITOL Recruit,United Kingdom,20 July,https://www.reed.co.uk/jobs/data-analyst-trainee/57140475?source=searchResults&q=data%20analyst&filter=%2Fjobs%2Fdata-analyst-jobs-in-london%3Fq%3Ddata%2Banalyst%26pageno%3D2,https://www.reed.co.uk/jobs/itonlinelearning-0/p57826,N/A,"Salary: Training Course | Type: Permanent, full-time | Badges: Featured",Reed.co.uk
Trainee Data Analyst,ITOL Recruit,London,19 August,https://www.reed.co.uk/jobs/trainee-data-analyst/57253404?source=searchResults&q=data%20analyst&filter=%2Fjobs%2Fdata-analyst-jobs-in-london%3Fq%3Ddata%2Banalyst%26pageno%3D2,https://www.reed.co.uk/jobs/itonlinelearning-0/p57826,N/A,"Salary: Training Course | Type: Permanent, full-time",Reed.co.uk
Graduate Data Analyst,Consula Group LTD,London,Yesterday,https://www.reed.co.uk/jobs/graduate-data-analyst/57286167?source=searchResults&q=data%20analyst&filter=%2Fjobs%2Fdata-analyst-jobs-in-london%3Fq%3Ddata%2Banalyst%26pageno%3D2,https://www.reed.co.uk/jobs/consula-group-ltd-112861/p112861,N/A,"Salary: £48,000 - £52,000 per annum | Type: Permanent, full-time | Badges: Featured, New",Reed.co.uk
Commercial Data Analyst,Forward Role,London,21 August,https://www.reed.co.uk/jobs/commercial-data-analyst/57265793?source=searchResults&q=data%20analyst&filter=%2Fjobs%2Fdata-analyst-jobs-in-london%3Fq%3Ddata%2Banalyst%26pageno%3D2,https://www.reed.co.uk/jobs/forward-role-recruitment-ltd/p13510,N/A,"Salary: £45,000 - £55,000 per annum | Type: Permanent, full-time | Badges: Easy Apply",Reed.co.uk
Graduate Data Analyst,Consula Group LTD,London,21 July,https://www.reed.co.uk/jobs/graduate-data-analyst/57147270?source=searchResults&q=data%20analyst&filter=%2Fjobs%2Fdata-analyst-jobs-in-london%3Fq%3Ddata%2Banalyst%26pageno%3D2,https://www.reed.co.uk/jobs/consula-group-ltd-112861/p112861,N/A,"Salary: £45,000 per annum | Type: Permanent, full-time | Badges: Featured",Reed.co.uk
Data Analyst Trainee,ITOL Recruit,London,19 August,https://www.reed.co.uk/jobs/data-analyst-trainee/57253388?source=searchResults&q=data%20analyst&filter=%2Fjobs%2Fdata-analyst-jobs-in-london%3Fq%3Ddata%2Banalyst%26pageno%3D2,https://www.reed.co.uk/jobs/itonlinelearning-0/p57826,N/A,"Salary: Training Course | Type: Permanent, full-time",Reed.co.uk
Data Analyst Trainee,ITOL Recruit,London,19 August,https://www.reed.co.uk/jobs/data-analyst-trainee/57253383?source=searchResults&q=data%20analyst&filter=%2Fjobs%2Fdata-analyst-jobs-in-london%3Fq%3Ddata%2Banalyst%26pageno%3D2,https://www.reed.co.uk/jobs/itonlinelearning-0/p57826,N/A,"Salary: Training Course | Type: Permanent, full-time",Reed.co.uk
Data and Insights Analyst,Newlon Housing Trust,London,Yesterday,https://www.reed.co.uk/jobs/data-and-insights-analyst/57283025?source=searchResults&q=data%20analyst&filter=%2Fjobs%2Fdata-analyst-jobs-in-london%3Fq%3Ddata%2Banalyst%26pageno%3D6,https://www.reed.co.uk/jobs/newlon-housing-trust-98152/p98152,N/A,"Salary: £41,380 per annum | Type: Permanent, full-time | Badges: Promoted, New",Reed.co.uk
Senior Data Analyst,FDM Group,London,4 days ago,https://www.reed.co.uk/jobs/senior-data-analyst/56212211?source=searchResults&q=data%20analyst&filter=%2Fjobs%2Fdata-analyst-jobs-in-london%3Fq%3Ddata%2Banalyst%26pageno%3D6,https://www.reed.co.uk/jobs/fdm-group/p4784,N/A,"Salary: Salary negotiable | Type: Permanent, full-time | Badges: Promoted",Reed.co.uk
Senior Data Analyst - Marketing Science,Harnham - Data & Analytics Recruitment,London,19 August,https://www.reed.co.uk/jobs/senior-data-analyst-marketing-science/57257070?source=searchResults&q=data%20analyst&filter=%2Fjobs%2Fdata-analyst-jobs-in-london%3Fq%3Ddata%2Banalyst%26pageno%3D6,https://www.reed.co.uk/jobs/harnham-search-selection/p9243,N/A,"Salary: £60,000 - £75,000 per annum | Type: Permanent, full-time | Badges: Easy Apply",Reed.co.uk
Senior Product Data Scientist / Product Data Analyst,Harnham - Data & Analytics Recruitment,London,4 August,https://www.reed.co.uk/jobs/senior-product-data-scientist-product-data-analyst/57193469?source=searchResults&q=data%20analyst&filter=%2Fjobs%2Fdata-analyst-jobs-in-london%3Fq%3Ddata%2Banalyst%26pageno%3D6,https://www.reed.co.uk/jobs/harnham-search-selection/p9243,N/A,"Salary: £400 - £500 per day | Type: Contract, full-time | Badges: Easy Apply",Reed.co.uk
Systems Data Analyst – SQL / NoSQL / Data Migration,Precise Placements,London,5 August,https://www.reed.co.uk/jobs/systems-data-analyst--sql-nosql-data-migration/57199607?source=searchResults&q=data%20analyst&filter=%2Fjobs%2Fdata-analyst-jobs-in-london%3Fq%3Ddata%2Banalyst%26pageno%3D6,https://www.reed.co.uk/jobs/precise-placements/p65691,N/A,"Salary: £350 - £420 per day | Type: Contract, full-time | Badges: Easy Apply",Reed.co.uk
Data Analyst Associate - no experience necessary,Newto Training,United Kingdom,6 August,https://www.reed.co.uk/jobs/data-analyst-associate-no-experience-necessary/57189538?source=searchResults&q=data%20analyst&filter=%2Fjobs%2Fdata-analyst-jobs-in-london%3Fq%3Ddata%2Banalyst%26pageno%3D6,https://www.reed.co.uk/jobs/newto-training1/p90206,N/A,"Salary: Training Course | Type: Permanent, full-time",Reed.co.uk
Trainee Data Analyst Associate - job guarantee,Newto Training,United Kingdom,6 August,https://www.reed.co.uk/jobs/trainee-data-analyst-associate-job-guarantee/57189540?source=searchResults&q=data%20analyst&filter=%2Fjobs%2Fdata-analyst-jobs-in-london%3Fq%3Ddata%2Banalyst%26pageno%3D6,https://www.reed.co.uk/jobs/newto-training1/p90206,N/A,"Salary: Training Course | Type: Permanent, full-time",Reed.co.uk
Senior Product Data Scientist/ Product Data Analyst,Harnham - Data & Analytics Recruitment,London,4 August,https://www.reed.co.uk/jobs/senior-product-data-scientist-product-data-analyst/57193569?source=searchResults&q=data%20analyst&filter=%2Fjobs%2Fdata-analyst-jobs-in-london%3Fq%3Ddata%2Banalyst%26pageno%3D6,https://www.reed.co.uk/jobs/harnham-search-selection/p9243,N/A,"Salary: £500 per day | Type: Contract, full-time, Work from home | Badges: Easy Apply",Reed.co.uk
Remediation Data Analyst | 18-Month Contract | Hybrid London,Marks Sattin,London,20 August,https://www.reed.co.uk/jobs/remediation-data-analyst--18-month-contract--hybrid-london/57257675?source=searchResults&q=data%20analyst&filter=%2Fjobs%2Fdata-analyst-jobs-in-london%3Fq%3Ddata%2Banalyst%26pageno%3D6,https://www.reed.co.uk/jobs/marks-sattin/p8753,N/A,"Salary: Salary not specified | Type: Permanent, full-time | Badges: Featured, Easy Apply",Reed.co.uk
Data Analyst - No experience needed - job guarantee,Newto Training,United Kingdom,6 August,https://www.reed.co.uk/jobs/data-analyst-no-experience-needed-job-guarantee/57189520?source=searchResults&q=data%20analyst&filter=%2Fjobs%2Fdata-analyst-jobs-in-london%3Fq%3Ddata%2Banalyst%26pageno%3D6,https://www.reed.co.uk/jobs/newto-training1/p90206,N/A,"Salary: Training Course | Type: Permanent, full-time",Reed.co.uk
IT Data Analyst / IT Data Migration Specialist,Adecco,"East London, London",14 August,https://www.reed.co.uk/jobs/it-data-analyst-it-data-migration-specialist/57238009?source=searchResults&q=data%20analyst&filter=%2Fjobs%2Fdata-analyst-jobs-in-london%3Fq%3Ddata%2Banalyst%26pageno%3D6,https://www.reed.co.uk/jobs/adecco-uk-limited-45420/p45420,N/A,"Salary: £41.31 - £54.22 per hour | Type: Temporary, full-time | Badges: Easy Apply",Reed.co.uk
Graduate Investment Data Analyst Programme Central London,Regal Brooke Limited,London,5 August,https://www.reed.co.uk/jobs/graduate-investment-data-analyst-programme-central-london/57013467?source=searchResults&q=data%20analyst&filter=%2Fjobs%2Fdata-analyst-jobs-in-london%3Fq%3Ddata%2Banalyst%26pageno%3D6,https://www.reed.co.uk/jobs/regal-brooke-limited-101438/p101438,N/A,"Salary: £42,000 - £50,000 per annum | Type: Permanent, full-time | Badges: Easy Apply",Reed.co.uk
Data Analyst / Asset Intelligence - Housing Sector Exp,Lorien,London,4 August,https://www.reed.co.uk/jobs/data-analyst-asset-intelligence-housing-sector-exp/57196703?source=searchResults&q=data%20analyst&filter=%2Fjobs%2Fdata-analyst-jobs-in-london%3Fq%3Ddata%2Banalyst%26pageno%3D6,https://www.reed.co.uk/jobs/lorien-resourcing-limited/p22735,N/A,"Salary: £375 per day | Type: Contract, full-time | Badges: Easy Apply",Reed.co.uk
Data Analyst Associate - no experience necessary - job guarantee,Newto Training,United Kingdom,6 August,https://www.reed.co.uk/jobs/data-analyst-associate-no-experience-necessary-job-guarantee/57189449?source=searchResults&q=data%20analyst&filter=%2Fjobs%2Fdata-analyst-jobs-in-london%3Fq%3Ddata%2Banalyst%26pageno%3D6,https://www.reed.co.uk/jobs/newto-training1/p90206,N/A,"Salary: Training Course | Type: Permanent, full-time",Reed.co.uk
Senior Data Analyst - London - Tableau - Snowflake - £80K,Tenth Revolution Group,London,23 July,https://www.reed.co.uk/jobs/senior-data-analyst-london-tableau-snowflake-80k/57152344?source=searchResults&q=data%20analyst&filter=%2Fjobs%2Fdata-analyst-jobs-in-london%3Fq%3Ddata%2Banalyst%26pageno%3D6,https://www.reed.co.uk/jobs/tenth-revolution-group-91770/p91770,N/A,"Salary: £70,000 - £80,000 per annum | Type: Permanent, full-time | Badges: Easy Apply",Reed.co.uk
Data Engineer Apprentice,QA,London,5 days ago,https://www.reed.co.uk/jobs/data-engineer-apprentice/57268164?source=searchResults&q=data%20analyst&filter=%2Fjobs%2Fdata-analyst-jobs-in-london%3Fq%3Ddata%2Banalyst%26pageno%3D6,https://www.reed.co.uk/jobs/qa-ltd/p31199,N/A,"Salary: £28,860 per annum | Type: Permanent, full-time or part-time | Badges: Featured",Reed.co.uk
"Data Insight Analyst, Supply Chain, Logistics",Sanderson,London,19 July,https://www.reed.co.uk/jobs/data-insight-analyst-supply-chain-logistics/57137589?source=searchResults&q=data%20analyst&filter=%2Fjobs%2Fdata-analyst-jobs-in-london%3Fq%3Ddata%2Banalyst%26pageno%3D6,https://www.reed.co.uk/jobs/sanderson-35038/p35038,N/A,"Salary: £450 - £550 per day | Type: Contract, full-time | Badges: Ending soon, Easy Apply",Reed.co.uk
Data Business Analyst - AUM/Fund Data - Asset Management,Robert Walters,London,Yesterday,https://www.reed.co.uk/jobs/data-business-analyst-aum-fund-data-asset-management/57286500?source=searchResults&q=data%20analyst&filter=%2Fjobs%2Fdata-analyst-jobs-in-london%3Fq%3Ddata%2Banalyst%26pageno%3D6,https://www.reed.co.uk/jobs/robert-walters-18673/p18673,N/A,"Salary: £80,000 - £95,000 per annum | Type: Permanent, full-time | Badges: New, Easy Apply",Reed.co.uk
Data Quality Assurance Analyst,Michael Page Technology,London,9 August,https://www.reed.co.uk/jobs/data-quality-assurance-analyst/57214297?source=searchResults&q=data%20analyst&filter=%2Fjobs%2Fdata-analyst-jobs-in-london%3Fq%3Ddata%2Banalyst%26pageno%3D6,https://www.reed.co.uk/jobs/michael-page-technology-59782/p59782,N/A,"Salary: £55,000 - £60,000 per annum | Type: Contract, full-time | Badges: Featured, Easy Apply",Reed.co.uk
Data Administration Apprentice,QA,London,18 August,https://www.reed.co.uk/jobs/data-administration-apprentice/57251592?source=searchResults&q=data%20analyst&filter=%2Fjobs%2Fdata-analyst-jobs-in-london%3Fq%3Ddata%2Banalyst%26pageno%3D6,https://www.reed.co.uk/jobs/qa-ltd/p31199,N/A,"Salary: £23,132 per annum | Type: Permanent, full-time or part-time | Badges: Featured",Reed.co.uk
Pricing Analyst - Data & Pricing Program,Morgan McKinley,London,Yesterday,https://www.reed.co.uk/jobs/pricing-analyst-data-pricing-program/57224849?source=searchResults&q=data%20analyst&filter=%2Fjobs%2Fdata-analyst-jobs-in-london%3Fq%3Ddata%2Banalyst%26pageno%3D6,https://www.reed.co.uk/jobs/morgan-mckinley/p2210,N/A,"Salary: £70,000 - £90,000 per annum | Type: Permanent, full-time",Reed.co.uk
Data Analytics Governance Analyst (AVP),Venn Group,London,23 July,https://www.reed.co.uk/jobs/data-analytics-governance-analyst-avp/57155115?source=searchResults&q=data%20analyst&filter=%2Fjobs%2Fdata-analyst-jobs-in-london%3Fq%3Ddata%2Banalyst%26pageno%3D6,https://www.reed.co.uk/jobs/venn-group/p4170,N/A,"Salary: £405 - £690 per day | Type: Contract, full-time | Badges: Easy Apply",Reed.co.uk
Data Science Trainee,ITOL Recruit,United Kingdom,6 August,https://www.reed.co.uk/jobs/data-science-trainee/57204889?source=searchResults&q=data%20analyst&filter=%2Fjobs%2Fdata-analyst-jobs-in-london%3Fq%3Ddata%2Banalyst%26pageno%3D6,https://www.reed.co.uk/jobs/itonlinelearning-0/p57826,N/A,"Salary: Training Course | Type: Permanent, full-time | Badges: Featured",Reed.co.uk
Trainee Data Admin - job guarantee,Newto Training,United Kingdom,3 August,https://www.reed.co.uk/jobs/trainee-data-admin-job-guarantee/57189503?source=searchResults&q=data%20analyst&filter=%2Fjobs%2Fdata-analyst-jobs-in-london%3Fq%3Ddata%2Banalyst%26pageno%3D6,https://www.reed.co.uk/jobs/newto-training1/p90206,N/A,"Salary: Training Course | Type: Permanent, full-time",Reed.co.uk
Senior Data Analyst,FDM Group,London,4 days ago,https://www.reed.co.uk/jobs/senior-data-analyst/56212211?source=searchResults&q=data%20analyst&filter=%2Fjobs%2Fdata-analyst-jobs-in-london%3Fq%3Ddata%2Banalyst%26pageno%3D8,https://www.reed.co.uk/jobs/fdm-group/p4784,N/A,"Salary: Salary negotiable | Type: Permanent, full-time | Badges: Promoted",Reed.co.uk
Data and Insights Analyst,Newlon Housing Trust,London,Yesterday,https://www.reed.co.uk/jobs/data-and-insights-analyst/57283025?source=searchResults&q=data%20analyst&filter=%2Fjobs%2Fdata-analyst-jobs-in-london%3Fq%3Ddata%2Banalyst%26pageno%3D8,https://www.reed.co.uk/jobs/newlon-housing-trust-98152/p98152,N/A,"Salary: £41,380 per annum | Type: Permanent, full-time | Badges: Promoted, New",Reed.co.uk
Senior Data Scientist,Executive Facilities,London,Yesterday,https://www.reed.co.uk/jobs/senior-data-scientist/57282429?source=searchResults&q=data%20analyst&filter=%2Fjobs%2Fdata-analyst-jobs-in-london%3Fq%3Ddata%2Banalyst%26pageno%3D8,https://www.reed.co.uk/jobs/executive-facilities/p55194,N/A,"Salary: £500 per day | Type: Contract, full-time | Badges: New",Reed.co.uk
Data Engineer (Snowflake & Kafka),Lorien,London,12 August,https://www.reed.co.uk/jobs/data-engineer-snowflake-kafka/57226543?source=searchResults&q=data%20analyst&filter=%2Fjobs%2Fdata-analyst-jobs-in-london%3Fq%3Ddata%2Banalyst%26pageno%3D8,https://www.reed.co.uk/jobs/lorien-resourcing-limited/p22735,N/A,"Salary: Salary not specified | Type: Contract, full-time | Badges: Easy Apply",Reed.co.uk
Senior Data Scientist,Harnham - Data & Analytics Recruitment,London,27 July,https://www.reed.co.uk/jobs/senior-data-scientist/57162477?source=searchResults&q=data%20analyst&filter=%2Fjobs%2Fdata-analyst-jobs-in-london%3Fq%3Ddata%2Banalyst%26pageno%3D8,https://www.reed.co.uk/jobs/harnham-search-selection/p9243,N/A,"Salary: £70,000 - £75,000 per annum | Type: Permanent, full-time",Reed.co.uk
Data Protection and Privacy Analyst,Adecco,London,30 July,https://www.reed.co.uk/jobs/data-protection-and-privacy-analyst/57179686?source=searchResults&q=data%20analyst&filter=%2Fjobs%2Fdata-analyst-jobs-in-london%3Fq%3Ddata%2Banalyst%26pageno%3D8,https://www.reed.co.uk/jobs/adecco-uk-limited-45420/p45420,N/A,"Salary: Salary negotiable | Type: Permanent, full-time | Badges: Easy Apply",Reed.co.uk
Data Engineering Lead,Elevate Recruitment Limited,London,19 July,https://www.reed.co.uk/jobs/data-engineering-lead/57137630?source=searchResults&q=data%20analyst&filter=%2Fjobs%2Fdata-analyst-jobs-in-london%3Fq%3Ddata%2Banalyst%26pageno%3D8,https://www.reed.co.uk/jobs/elevate-recruitment-limited/p16038,N/A,"Salary: £38,000 - £50,000 per annum | Type: Permanent, full-time | Badges: Featured, Ending soon, Easy Apply",Reed.co.uk
"Global Data Governance Senior Manager, Head of Data, CDO, Governance, London",Carrington Recruitment Solutions Ltd,London,28 July,https://www.reed.co.uk/jobs/global-data-governance-senior-manager-head-of-data-cdo-governance-london/57166566?source=searchResults&q=data%20analyst&filter=%2Fjobs%2Fdata-analyst-jobs-in-london%3Fq%3Ddata%2Banalyst%26pageno%3D8,https://www.reed.co.uk/jobs/carrington-knight-associates/p38603,N/A,"Salary: £110,000 - £130,000 per annum, negotiable | Type: Permanent, full-time | Badges: Easy Apply",Reed.co.uk
Data Engineer,Oscar Technology,London,5 August,https://www.reed.co.uk/jobs/data-engineer/57199418?source=searchResults&q=data%20analyst&filter=%2Fjobs%2Fdata-analyst-jobs-in-london%3Fq%3Ddata%2Banalyst%26pageno%3D8,https://www.reed.co.uk/jobs/oscar-associates/p20715,N/A,"Salary: £60,000 - £80,000 per annum | Type: Permanent, full-time | Badges: Easy Apply",Reed.co.uk
Data Science Trainee,ITOL Recruit,"Watford, Hertfordshire",11 August,https://www.reed.co.uk/jobs/data-science-trainee/57221406?source=searchResults&q=data%20analyst&filter=%2Fjobs%2Fdata-analyst-jobs-in-london%3Fq%3Ddata%2Banalyst%26pageno%3D8,https://www.reed.co.uk/jobs/itonlinelearning-0/p57826,N/A,"Salary: Training Course | Type: Permanent, full-time",Reed.co.uk
SL Transformation-Senior Data Engineer,Hays Specialist Recruitment Limited,London,17 August,https://www.reed.co.uk/jobs/sl-transformation-senior-data-engineer/57246088?source=searchResults&q=data%20analyst&filter=%2Fjobs%2Fdata-analyst-jobs-in-london%3Fq%3Ddata%2Banalyst%26pageno%3D8,https://www.reed.co.uk/jobs/hays-specialist-recruitment-limited/p36210,N/A,"Salary: £430 - £443 per day | Type: Contract, full-time | Badges: Easy Apply",Reed.co.uk
Senior Data Scientist,Eden James Consulting Limited,London,2 days ago,https://www.reed.co.uk/jobs/senior-data-scientist/57280058?source=searchResults&q=data%20analyst&filter=%2Fjobs%2Fdata-analyst-jobs-in-london%3Fq%3Ddata%2Banalyst%26pageno%3D8,https://www.reed.co.uk/jobs/eden-james-consulting-ltd/p45167,N/A,"Salary: Salary negotiable | Type: Permanent, full-time | Badges: Easy Apply",Reed.co.uk
Data Modeller,Harnham - Data & Analytics Recruitment,London,14 August,https://www.reed.co.uk/jobs/data-modeller/57239534?source=searchResults&q=data%20analyst&filter=%2Fjobs%2Fdata-analyst-jobs-in-london%3Fq%3Ddata%2Banalyst%26pageno%3D8,https://www.reed.co.uk/jobs/harnham-search-selection/p9243,N/A,"Salary: £60,000 - £65,000 per annum | Type: Permanent, full-time | Badges: Easy Apply",Reed.co.uk
Lead Data Engineer (Databricks),Tenth Revolution Group,London,20 August,https://www.reed.co.uk/jobs/lead-data-engineer-databricks/57259459?source=searchResults&q=data%20analyst&filter=%2Fjobs%2Fdata-analyst-jobs-in-london%3Fq%3Ddata%2Banalyst%26pageno%3D8,https://www.reed.co.uk/jobs/tenth-revolution-group-91770/p91770,N/A,"Salary: £85,000 - £110,000 per annum | Type: Permanent, full-time | Badges: Easy Apply",Reed.co.uk
Senior Data Engineer (Databricks),Tenth Revolution Group,London,20 August,https://www.reed.co.uk/jobs/senior-data-engineer-databricks/57259393?source=searchResults&q=data%20analyst&filter=%2Fjobs%2Fdata-analyst-jobs-in-london%3Fq%3Ddata%2Banalyst%26pageno%3D8,https://www.reed.co.uk/jobs/tenth-revolution-group-91770/p91770,N/A,"Salary: £55,000 - £85,000 per annum | Type: Permanent, full-time | Badges: Easy Apply",Reed.co.uk
"Finance Business Analyst (Data, SQL, Banking)",Hays Specialist Recruitment Limited,London,Yesterday,https://www.reed.co.uk/jobs/finance-business-analyst-data-sql-banking/57283628?source=searchResults&q=data%20analyst&filter=%2Fjobs%2Fdata-analyst-jobs-in-london%3Fq%3Ddata%2Banalyst%26pageno%3D8,https://www.reed.co.uk/jobs/hays-specialist-recruitment-limited/p36210,N/A,"Salary: £700 per day | Type: Contract, full-time | Badges: New, Easy Apply",Reed.co.uk
Market Data and Trade Systems Analyst,Pontoon,London,14 August,https://www.reed.co.uk/jobs/market-data-and-trade-systems-analyst/57240054?source=searchResults&q=data%20analyst&filter=%2Fjobs%2Fdata-analyst-jobs-in-london%3Fq%3Ddata%2Banalyst%26pageno%3D8,https://www.reed.co.uk/jobs/pontoon-45427/p45427,N/A,"Salary: £539 per day | Type: Contract, full-time | Badges: Easy Apply",Reed.co.uk
Senior Data Engineer,Tenth Revolution Group,London,Yesterday,https://www.reed.co.uk/jobs/senior-data-engineer/57285974?source=searchResults&q=data%20analyst&filter=%2Fjobs%2Fdata-analyst-jobs-in-london%3Fq%3Ddata%2Banalyst%26pageno%3D8,https://www.reed.co.uk/jobs/tenth-revolution-group-91770/p91770,N/A,"Salary: £75,000 - £85,000 per annum | Type: Permanent, full-time | Badges: New, Easy Apply",Reed.co.uk
Data Modeller,Harnham - Data & Analytics Recruitment,London,18 August,https://www.reed.co.uk/jobs/data-modeller/57252420?source=searchResults&q=data%20analyst&filter=%2Fjobs%2Fdata-analyst-jobs-in-london%3Fq%3Ddata%2Banalyst%26pageno%3D8,https://www.reed.co.uk/jobs/harnham-search-selection/p9243,N/A,"Salary: £65,000 per annum | Type: Permanent, full-time",Reed.co.uk
Contract Databricks Data Engineer Role - Remote - £400/pd,Tenth Revolution Group,London,17 August,https://www.reed.co.uk/jobs/contract-databricks-data-engineer-role-remote-400-pd/57244643?source=searchResults&q=data%20analyst&filter=%2Fjobs%2Fdata-analyst-jobs-in-london%3Fq%3Ddata%2Banalyst%26pageno%3D8,https://www.reed.co.uk/jobs/tenth-revolution-group-91770/p91770,N/A,"Salary: £400 per day | Type: Permanent, full-time | Badges: Easy Apply",Reed.co.uk
Data Modeller (Graduate Opportunity),AMS Contingent,London,11 August,https://www.reed.co.uk/jobs/data-modeller-graduate-opportunity/57224225?source=searchResults&q=data%20analyst&filter=%2Fjobs%2Fdata-analyst-jobs-in-london%3Fq%3Ddata%2Banalyst%26pageno%3D8,https://www.reed.co.uk/jobs/ams-contingent/o659232,N/A,"Salary: Salary negotiable | Type: Contract, full-time",Reed.co.uk
Senior Data Analyst,FDM Group,London,4 days ago,https://www.reed.co.uk/jobs/senior-data-analyst/56212211?source=searchResults&q=data%20analyst&filter=%2Fjobs%2Fdata-analyst-jobs-in-london%3Fq%3Ddata%2Banalyst%26pageno%3D9,https://www.reed.co.uk/jobs/fdm-group/p4784,N/A,"Salary: Salary negotiable | Type: Permanent, full-time | Badges: Promoted",Reed.co.uk
Data and Insights Analyst,Newlon Housing Trust,London,Yesterday,https://www.reed.co.uk/jobs/data-and-insights-analyst/57283025?source=searchResults&q=data%20analyst&filter=%2Fjobs%2Fdata-analyst-jobs-in-london%3Fq%3Ddata%2Banalyst%26pageno%3D9,https://www.reed.co.uk/jobs/newlon-housing-trust-98152/p98152,N/A,"Salary: £41,380 per annum | Type: Permanent, full-time | Badges: Promoted, New",Reed.co.uk
"Finance Business Analyst - Data, SQL, Banking, Money markets",Hays Specialist Recruitment Limited,London,Yesterday,https://www.reed.co.uk/jobs/finance-business-analyst-data-sql-banking-money-markets/57283749?source=searchResults&q=data%20analyst&filter=%2Fjobs%2Fdata-analyst-jobs-in-london%3Fq%3Ddata%2Banalyst%26pageno%3D9,https://www.reed.co.uk/jobs/hays-specialist-recruitment-limited/p36210,N/A,"Salary: £700 per day | Type: Contract, full-time | Badges: New, Easy Apply",Reed.co.uk
Interim Temporary Accommodation Data & Performance Analyst,Adecco,"East London, London",31 July,https://www.reed.co.uk/jobs/interim-temporary-accommodation-data-performance-analyst/57181280?source=searchResults&q=data%20analyst&filter=%2Fjobs%2Fdata-analyst-jobs-in-london%3Fq%3Ddata%2Banalyst%26pageno%3D9,https://www.reed.co.uk/jobs/adecco-uk-limited-45420/p45420,N/A,"Salary: £300 per day | Type: Temporary, full-time | Badges: Easy Apply",Reed.co.uk
Market Data Analyst,eFinancialCareers,London,3 days ago,https://www.reed.co.uk/jobs/market-data-analyst/57274826?source=searchResults&q=data%20analyst&filter=%2Fjobs%2Fdata-analyst-jobs-in-london%3Fq%3Ddata%2Banalyst%26pageno%3D9,https://www.reed.co.uk/jobs/efinancial-careers/p74850,N/A,"Salary: Competitive salary | Type: Permanent, full-time",Reed.co.uk
Data Analyst / Business Intelligence Analyst,Sizewell C,"City of London, London",Yesterday,https://www.reed.co.uk/jobs/data-analyst-business-intelligence-analyst/57285633?source=searchResults&q=data%20analyst&filter=%2Fjobs%2Fdata-analyst-jobs-in-london%3Fq%3Ddata%2Banalyst%26pageno%3D9,https://www.reed.co.uk/jobs/sizewell-c/o701057,N/A,"Salary: £45 - £50,000 per annum | Type: Permanent, full-time | Badges: New",Reed.co.uk
Senior Data Analyst,FDM Group,London,4 days ago,https://www.reed.co.uk/jobs/senior-data-analyst/56212211?source=searchResults&q=data%20analyst&filter=%2Fjobs%2Fdata-analyst-jobs-in-london%3Fq%3Ddata%2Banalyst%26pageno%3D17,https://www.reed.co.uk/jobs/fdm-group/p4784,N/A,"Salary: Salary negotiable | Type: Permanent, full-time | Badges: Promoted",Reed.co.uk
Data Engineering Lead,Adecco,London,24 July,https://www.reed.co.uk/jobs/data-engineering-lead/57158431?source=searchResults&q=data%20analyst&filter=%2Fjobs%2Fdata-analyst-jobs-in-london%3Fq%3Ddata%2Banalyst%26pageno%3D17,https://www.reed.co.uk/jobs/adecco-uk-limited-45420/p45420,N/A,"Salary: Salary negotiable | Type: Contract, full-time | Badges: Easy Apply",Reed.co.uk
Data Modeler,Harnham - Data & Analytics Recruitment,London,30 July,https://www.reed.co.uk/jobs/data-modeler/57179574?source=searchResults&q=data%20analyst&filter=%2Fjobs%2Fdata-analyst-jobs-in-london%3Fq%3Ddata%2Banalyst%26pageno%3D17,https://www.reed.co.uk/jobs/harnham-search-selection/p9243,N/A,"Salary: £600 - £700 per day | Type: Contract, full-time | Badges: Easy Apply",Reed.co.uk
Senior Data Analyst,FDM Group,London,4 days ago,https://www.reed.co.uk/jobs/senior-data-analyst/56212211?source=searchResults&q=data%20analyst&filter=%2Fjobs%2Fdata-analyst-jobs-in-london%3Fq%3Ddata%2Banalyst%26pageno%3D18,https://www.reed.co.uk/jobs/fdm-group/p4784,N/A,"Salary: Salary negotiable | Type: Permanent, full-time | Badges: Promoted",Reed.co.uk
Data and Insights Analyst,Newlon Housing Trust,London,Yesterday,https://www.reed.co.uk/jobs/data-and-insights-analyst/57283025?source=searchResults&q=data%20analyst&filter=%2Fjobs%2Fdata-analyst-jobs-in-london%3Fq%3Ddata%2Banalyst%26pageno%3D18,https://www.reed.co.uk/jobs/newlon-housing-trust-98152/p98152,N/A,"Salary: £41,380 per annum | Type: Permanent, full-time | Badges: Promoted, New",Reed.co.uk
Data Modeler,Harnham - Data & Analytics Recruitment,London,30 July,https://www.reed.co.uk/jobs/data-modeler/57179574?source=searchResults&q=data%20analyst&filter=%2Fjobs%2Fdata-analyst-jobs-in-london%3Fq%3Ddata%2Banalyst%26pageno%3D18,https://www.reed.co.uk/jobs/harnham-search-selection/p9243,N/A,"Salary: £600 - £700 per day | Type: Contract, full-time | Badges: Easy Apply",Reed.co.uk
Data Engineer,Advanced Resource Managers Limited,London,19 August,https://www.reed.co.uk/jobs/data-engineer/57255245?source=searchResults&q=data%20analyst&filter=%2Fjobs%2Fdata-analyst-jobs-in-london%3Fq%3Ddata%2Banalyst%26pageno%3D18,https://www.reed.co.uk/jobs/advanced-resource-managers-limited-62309/p62309,N/A,"Salary: £450 - £490 per day | Type: Contract, full-time | Badges: Easy Apply",Reed.co.uk
Data Engineer/Developer,Advanced Resource Managers Limited,London,4 days ago,https://www.reed.co.uk/jobs/data-engineer-developer/57272142?source=searchResults&q=data%20analyst&filter=%2Fjobs%2Fdata-analyst-jobs-in-london%3Fq%3Ddata%2Banalyst%26pageno%3D18,https://www.reed.co.uk/jobs/advanced-resource-managers-limited-62309/p62309,N/A,"Salary: £450 - £490 per day | Type: Contract, full-time | Badges: Easy Apply",Reed.co.uk
Data and Insights Analyst,Newlon Housing Trust,London,Yesterday,https://www.reed.co.uk/jobs/data-and-insights-analyst/57283025?source=searchResults&q=data%20analyst&filter=%2Fjobs%2Fdata-analyst-jobs-in-london%3Fq%3Ddata%2Banalyst%26pageno%3D19,https://www.reed.co.uk/jobs/newlon-housing-trust-98152/p98152,N/A,"Salary: £41,380 per annum | Type: Permanent, full-time | Badges: Promoted, New",Reed.co.uk
Senior Data Analyst,FDM Group,London,4 days ago,https://www.reed.co.uk/jobs/senior-data-analyst/56212211?source=searchResults&q=data%20analyst&filter=%2Fjobs%2Fdata-analyst-jobs-in-london%3Fq%3Ddata%2Banalyst%26pageno%3D19,https://www.reed.co.uk/jobs/fdm-group/p4784,N/A,"Salary: Salary negotiable | Type: Permanent, full-time | Badges: Promoted",Reed.co.uk
Data Engineer/Developer,Advanced Resource Managers Limited,London,4 days ago,https://www.reed.co.uk/jobs/data-engineer-developer/57272142?source=searchResults&q=data%20analyst&filter=%2Fjobs%2Fdata-analyst-jobs-in-london%3Fq%3Ddata%2Banalyst%26pageno%3D19,https://www.reed.co.uk/jobs/advanced-resource-managers-limited-62309/p62309,N/A,"Salary: £450 - £490 per day | Type: Contract, full-time | Badges: Easy Apply",Reed.co.uk
Senior Data Scientist,Harnham - Data & Analytics Recruitment,London,Yesterday,https://www.reed.co.uk/jobs/senior-data-scientist/57284502?source=searchResults&q=data%20analyst&filter=%2Fjobs%2Fdata-analyst-jobs-in-london%3Fq%3Ddata%2Banalyst%26pageno%3D19,https://www.reed.co.uk/jobs/harnham-search-selection/p9243,N/A,"Salary: £65,000 - £75,000 per annum | Type: Permanent, full-time | Badges: New, Easy Apply",Reed.co.uk
Data and Insights Analyst,Newlon Housing Trust,London,Yesterday,https://www.reed.co.uk/jobs/data-and-insights-analyst/57283025?source=searchResults&q=data%20analyst&filter=%2Fjobs%2Fdata-analyst-jobs-in-london%3Fq%3Ddata%2Banalyst%26pageno%3D20,https://www.reed.co.uk/jobs/newlon-housing-trust-98152/p98152,N/A,"Salary: £41,380 per annum | Type: Permanent, full-time | Badges: Promoted, New",Reed.co.uk
Senior Data Analyst,FDM Group,London,4 days ago,https://www.reed.co.uk/jobs/senior-data-analyst/56212211?source=searchResults&q=data%20analyst&filter=%2Fjobs%2Fdata-analyst-jobs-in-london%3Fq%3Ddata%2Banalyst%26pageno%3D20,https://www.reed.co.uk/jobs/fdm-group/p4784,N/A,"Salary: Salary negotiable | Type: Permanent, full-time | Badges: Promoted",Reed.co.uk
Senior Data Scientist,Harnham - Data & Analytics Recruitment,London,12 August,https://www.reed.co.uk/jobs/senior-data-scientist/57226118?source=searchResults&q=data%20analyst&filter=%2Fjobs%2Fdata-analyst-jobs-in-london%3Fq%3Ddata%2Banalyst%26pageno%3D20,https://www.reed.co.uk/jobs/harnham-search-selection/p9243,N/A,"Salary: £65,000 - £75,000 per annum | Type: Permanent, full-time | Badges: Easy Apply",Reed.co.uk
Risk Data Analyst Intern - Lorien Impellam,eFinancialCareers,London,3 days ago,https://www.reed.co.uk/jobs/risk-data-analyst-intern-lorien-impellam/57277079?source=searchResults&q=data%20analyst&filter=%2Fjobs%2Fdata-analyst-jobs-in-london%3Fq%3Ddata%2Banalyst%26pageno%3D20,https://www.reed.co.uk/jobs/efinancial-careers/p74850,N/A,"Salary: Competitive salary | Type: Permanent, full-time",Reed.co.uk
Data Consultant,Harnham - Data & Analytics Recruitment,London,Yesterday,https://www.reed.co.uk/jobs/data-consultant/57284348?source=searchResults&q=data%20analyst&filter=%2Fjobs%2Fdata-analyst-jobs-in-london%3Fq%3Ddata%2Banalyst%26pageno%3D20,https://www.reed.co.uk/jobs/harnham-search-selection/p9243,N/A,"Salary: £45,000 - £50,000 per annum | Type: Permanent, full-time | Badges: New, Easy Apply",Reed.co.uk
Senior Data Analyst,FDM Group,London,4 days ago,https://www.reed.co.uk/jobs/senior-data-analyst/56212211?source=searchResults&q=data%20analyst&filter=%2Fjobs%2Fdata-analyst-jobs-in-london%3Fq%3Ddata%2Banalyst%26pageno%3D21,https://www.reed.co.uk/jobs/fdm-group/p4784,N/A,"Salary: Salary negotiable | Type: Permanent, full-time | Badges: Promoted",Reed.co.uk
Senior Data Analyst,FDM Group,London,4 days ago,https://www.reed.co.uk/jobs/senior-data-analyst/56212211?source=searchResults&q=data%20analyst&filter=%2Fjobs%2Fdata-analyst-jobs-in-london%3Fq%3Ddata%2Banalyst%26pageno%3D22,https://www.reed.co.uk/jobs/fdm-group/p4784,N/A,"Salary: Salary negotiable | Type: Permanent, full-time | Badges: Promoted",Reed.co.uk
Senior Data Analyst,FDM Group,London,4 days ago,https://www.reed.co.uk/jobs/senior-data-analyst/56212211?source=searchResults&q=data%20analyst&filter=%2Fjobs%2Fdata-analyst-jobs-in-london%3Fq%3Ddata%2Banalyst%26pageno%3D23,https://www.reed.co.uk/jobs/fdm-group/p4784,N/A,"Salary: Salary negotiable | Type: Permanent, full-time | Badges: Promoted",Reed.co.uk
Senior Data Analyst,FDM Group,London,4 days ago,https://www.reed.co.uk/jobs/senior-data-analyst/56212211?source=searchResults&q=data%20analyst&filter=%2Fjobs%2Fdata-analyst-jobs-in-london%3Fq%3Ddata%2Banalyst%26pageno%3D24,https://www.reed.co.uk/jobs/fdm-group/p4784,N/A,"Salary: Salary negotiable | Type: Permanent, full-time | Badges: Promoted",Reed.co.uk
Senior Data Analyst,FDM Group,London,4 days ago,https://www.reed.co.uk/jobs/senior-data-analyst/56212211?source=searchResults&q=data%20analyst&filter=%2Fjobs%2Fdata-analyst-jobs-in-london%3Fq%3Ddata%2Banalyst%26pageno%3D26,https://www.reed.co.uk/jobs/fdm-group/p4784,N/A,"Salary: Salary negotiable | Type: Permanent, full-time | Badges: Promoted",Reed.co.uk
Business Intelligence Analyst,Live Nation,London,3 days ago,https://www.reed.co.uk/jobs/business-intelligence-analyst/57273251?source=searchResults&q=data%20analyst&filter=%2Fjobs%2Fdata-analyst-jobs-in-london%3Fq%3Ddata%2Banalyst%26pageno%3D26,https://www.reed.co.uk/jobs/livenation/p31782,N/A,"Salary: Competitive salary | Type: Permanent, full-time | Badges: Featured",Reed.co.uk
Analyst Client and Data,eFinancialCareers,London,12 August,https://www.reed.co.uk/jobs/analyst-client-and-data/57230846?source=searchResults&q=data%20analyst&filter=%2Fjobs%2Fdata-analyst-jobs-in-london%3Fq%3Ddata%2Banalyst%26pageno%3D26,https://www.reed.co.uk/jobs/efinancial-careers/p74850,N/A,"Salary: Competitive salary | Type: Permanent, full-time",Reed.co.uk
Data Engineer/Integration Analyst Python,eFinancialCareers,London,3 days ago,https://www.reed.co.uk/jobs/data-engineer-integration-analyst-python/57275826?source=searchResults&q=data%20analyst&filter=%2Fjobs%2Fdata-analyst-jobs-in-london%3Fq%3Ddata%2Banalyst%26pageno%3D26,https://www.reed.co.uk/jobs/efinancial-careers/p74850,N/A,"Salary: Competitive salary | Type: Permanent, full-time",Reed.co.uk
"Senior Analyst - Model, Data and AI Risk Internal Audit - Macquarie Group",eFinancialCareers,London,3 days ago,https://www.reed.co.uk/jobs/senior-analyst-model-data-and-ai-risk-internal-audit-macquarie-group/57275461?source=searchResults&q=data%20analyst&filter=%2Fjobs%2Fdata-analyst-jobs-in-london%3Fq%3Ddata%2Banalyst%26pageno%3D26,https://www.reed.co.uk/jobs/efinancial-careers/p74850,N/A,"Salary: Competitive salary | Type: Permanent, full-time",Reed.co.uk
Business analyst - Market data and analytics - CRISIL,eFinancialCareers,London,3 days ago,https://www.reed.co.uk/jobs/business-analyst-market-data-and-analytics-crisil/57275823?source=searchResults&q=data%20analyst&filter=%2Fjobs%2Fdata-analyst-jobs-in-london%3Fq%3Ddata%2Banalyst%26pageno%3D26,https://www.reed.co.uk/jobs/efinancial-careers/p74850,N/A,"Salary: Competitive salary | Type: Permanent, full-time",Reed.co.uk
Senior Analyst-Accounting & Data Services - Northern Trust,eFinancialCareers,London,3 days ago,https://www.reed.co.uk/jobs/senior-analyst-accounting-data-services-northern-trust/57274795?source=searchResults&q=data%20analyst&filter=%2Fjobs%2Fdata-analyst-jobs-in-london%3Fq%3Ddata%2Banalyst%26pageno%3D26,https://www.reed.co.uk/jobs/efinancial-careers/p74850,N/A,"Salary: Competitive salary | Type: Permanent, full-time",Reed.co.uk
Senior Data Scientist,Harnham - Data & Analytics Recruitment,London,27 July,https://www.reed.co.uk/jobs/senior-data-scientist/57161791?source=searchResults&q=data%20analyst&filter=%2Fjobs%2Fdata-analyst-jobs-in-london%3Fq%3Ddata%2Banalyst%26pageno%3D26,https://www.reed.co.uk/jobs/harnham-search-selection/p9243,N/A,"Salary: £70,000 - £90,000 per annum | Type: Permanent, full-time | Badges: Easy Apply",Reed.co.uk
Head of Data and AI,Harnham - Data & Analytics Recruitment,London,Yesterday,https://www.reed.co.uk/jobs/head-of-data-and-ai/57287102?source=searchResults&q=data%20analyst&filter=%2Fjobs%2Fdata-analyst-jobs-in-london%3Fq%3Ddata%2Banalyst%26pageno%3D26,https://www.reed.co.uk/jobs/harnham-search-selection/p9243,N/A,"Salary: £900 - £1,100 per day | Type: Contract, full-time | Badges: New",Reed.co.uk
Senior Data Analyst,FDM Group,London,4 days ago,https://www.reed.co.uk/jobs/senior-data-analyst/56212211?source=searchResults&q=data%20analyst&filter=%2Fjobs%2Fdata-analyst-jobs-in-london%3Fq%3Ddata%2Banalyst%26pageno%3D28,https://www.reed.co.uk/jobs/fdm-group/p4784,N/A,"Salary: Salary negotiable | Type: Permanent, full-time | Badges: Promoted",Reed.co.uk
Data Scientist,Harnham - Data & Analytics Recruitment,London,20 August,https://www.reed.co.uk/jobs/data-scientist/57259332?source=searchResults&q=data%20analyst&filter=%2Fjobs%2Fdata-analyst-jobs-in-london%3Fq%3Ddata%2Banalyst%26pageno%3D28,https://www.reed.co.uk/jobs/harnham-search-selection/p9243,N/A,"Salary: £400 per day | Type: Contract, full-time | Badges: Easy Apply",Reed.co.uk
Junior Data Scientist,Reed,"City of London, London",7 August,https://www.reed.co.uk/jobs/junior-data-scientist/57210409?source=searchResults&q=data%20analyst&filter=%2Fjobs%2Fdata-analyst-jobs-in-london%3Fq%3Ddata%2Banalyst%26pageno%3D28,https://www.reed.co.uk/jobs/reed/p1342,N/A,"Salary: £70,000 - £80,000 per annum | Type: Permanent, full-time | Badges: Featured, Easy Apply",Reed.co.uk
Senior Data Scientist,Harnham - Data & Analytics Recruitment,London,31 July,https://www.reed.co.uk/jobs/senior-data-scientist/57180310?source=searchResults&q=data%20analyst&filter=%2Fjobs%2Fdata-analyst-jobs-in-london%3Fq%3Ddata%2Banalyst%26pageno%3D28,https://www.reed.co.uk/jobs/harnham-search-selection/p9243,N/A,"Salary: £400 - £500 per day | Type: Contract, full-time, Work from home | Badges: Easy Apply",Reed.co.uk
Senior Data Scientist,Harnham - Data & Analytics Recruitment,London,27 July,https://www.reed.co.uk/jobs/senior-data-scientist/57165303?source=searchResults&q=data%20analyst&filter=%2Fjobs%2Fdata-analyst-jobs-in-london%3Fq%3Ddata%2Banalyst%26pageno%3D28,https://www.reed.co.uk/jobs/harnham-search-selection/p9243,N/A,"Salary: £60,000 - £75,000 per annum | Type: Permanent, full-time",Reed.co.uk
Data Scientist,Harnham - Data & Analytics Recruitment,London,20 August,https://www.reed.co.uk/jobs/data-scientist/57258680?source=searchResults&q=data%20analyst&filter=%2Fjobs%2Fdata-analyst-jobs-in-london%3Fq%3Ddata%2Banalyst%26pageno%3D28,https://www.reed.co.uk/jobs/harnham-search-selection/p9243,N/A,"Salary: £400 - £450 per day | Type: Contract, full-time | Badges: Easy Apply",Reed.co.uk
Junior Data Engineer,Rise Technical Recruitment Limited,London,27 July,https://www.reed.co.uk/jobs/junior-data-engineer/57161565?source=searchResults&q=data%20analyst&filter=%2Fjobs%2Fdata-analyst-jobs-in-london%3Fq%3Ddata%2Banalyst%26pageno%3D28,https://www.reed.co.uk/jobs/rise-technical-recruitment-limited/p19642,N/A,"Salary: £35,000 - £50,000 per annum | Type: Permanent, full-time | Badges: Easy Apply",Reed.co.uk
Business & Marketing Data Scientist,Adecco,London,23 July,https://www.reed.co.uk/jobs/business-marketing-data-scientist/57152646?source=searchResults&q=data%20analyst&filter=%2Fjobs%2Fdata-analyst-jobs-in-london%3Fq%3Ddata%2Banalyst%26pageno%3D28,https://www.reed.co.uk/jobs/adecco-uk-limited-45420/p45420,N/A,"Salary: £54.81 per hour | Type: Contract, full-time | Badges: Easy Apply",Reed.co.uk
Data and Insights Analyst,Newlon Housing Trust,London,Yesterday,https://www.reed.co.uk/jobs/data-and-insights-analyst/57283025?source=searchResults&q=data%20analyst&filter=%2Fjobs%2Fdata-analyst-jobs-in-london%3Fq%3Ddata%2Banalyst%26pageno%3D31,https://www.reed.co.uk/jobs/newlon-housing-trust-98152/p98152,N/A,"Salary: £41,380 per annum | Type: Permanent, full-time | Badges: Promoted, New",Reed.co.uk
Senior Data Analyst,FDM Group,London,4 days ago,https://www.reed.co.uk/jobs/senior-data-analyst/56212211?source=searchResults&q=data%20analyst&filter=%2Fjobs%2Fdata-analyst-jobs-in-london%3Fq%3Ddata%2Banalyst%26pageno%3D31,https://www.reed.co.uk/jobs/fdm-group/p4784,N/A,"Salary: Salary negotiable | Type: Permanent, full-time | Badges: Promoted",Reed.co.uk
Data Modeller Sparx EA - Alexander Mann Solutions Contingent,eFinancialCareers,London,7 August,https://www.reed.co.uk/jobs/data-modeller-sparx-ea-alexander-mann-solutions-contingent/57212995?source=searchResults&q=data%20analyst&filter=%2Fjobs%2Fdata-analyst-jobs-in-london%3Fq%3Ddata%2Banalyst%26pageno%3D31,https://www.reed.co.uk/jobs/efinancial-careers/p74850,N/A,"Salary: Competitive salary | Type: Permanent, full-time, Work from home",Reed.co.uk
Senior Data Analyst,FDM Group,London,4 days ago,https://www.reed.co.uk/jobs/senior-data-analyst/56212211?source=searchResults&q=data%20analyst&filter=%2Fjobs%2Fdata-analyst-jobs-in-london%3Fq%3Ddata%2Banalyst%26pageno%3D33,https://www.reed.co.uk/jobs/fdm-group/p4784,N/A,"Salary: Salary negotiable | Type: Permanent, full-time | Badges: Promoted",Reed.co.uk
Technical Product Owner - Fixed Income Data,eFinancialCareers,London,2 days ago,https://www.reed.co.uk/jobs/technical-product-owner-fixed-income-data/57274905?source=searchResults&q=data%20analyst&filter=%2Fjobs%2Fdata-analyst-jobs-in-london%3Fq%3Ddata%2Banalyst%26pageno%3D33,https://www.reed.co.uk/jobs/efinancial-careers/p74850,N/A,"Salary: Competitive salary | Type: Permanent, full-time",Reed.co.uk
Lead Product Manager Data,eFinancialCareers,London,3 days ago,https://www.reed.co.uk/jobs/lead-product-manager-data/57274629?source=searchResults&q=data%20analyst&filter=%2Fjobs%2Fdata-analyst-jobs-in-london%3Fq%3Ddata%2Banalyst%26pageno%3D33,https://www.reed.co.uk/jobs/efinancial-careers/p74850,N/A,"Salary: Competitive salary | Type: Permanent, full-time",Reed.co.uk
Lead Data Engineer - Multi Strat Hedge Fund - Selby Jennings,eFinancialCareers,London,3 days ago,https://www.reed.co.uk/jobs/lead-data-engineer-multi-strat-hedge-fund-selby-jennings/57275656?source=searchResults&q=data%20analyst&filter=%2Fjobs%2Fdata-analyst-jobs-in-london%3Fq%3Ddata%2Banalyst%26pageno%3D33,https://www.reed.co.uk/jobs/efinancial-careers/p74850,N/A,"Salary: Competitive salary | Type: Permanent, full-time",Reed.co.uk
Principal Product Manager Data,eFinancialCareers,London,3 days ago,https://www.reed.co.uk/jobs/principal-product-manager-data/57275858?source=searchResults&q=data%20analyst&filter=%2Fjobs%2Fdata-analyst-jobs-in-london%3Fq%3Ddata%2Banalyst%26pageno%3D33,https://www.reed.co.uk/jobs/efinancial-careers/p74850,N/A,"Salary: Competitive salary | Type: Permanent, full-time",Reed.co.uk
Senior Data Analyst,FDM Group,London,4 days ago,https://www.reed.co.uk/jobs/senior-data-analyst/56212211?source=searchResults&q=data%20analyst&filter=%2Fjobs%2Fdata-analyst-jobs-in-london%3Fq%3Ddata%2Banalyst%26pageno%3D34,https://www.reed.co.uk/jobs/fdm-group/p4784,N/A,"Salary: Salary negotiable | Type: Permanent, full-time | Badges: Promoted",Reed.co.uk
Data Engineer- Global Quant Firm,eFinancialCareers,London,3 days ago,https://www.reed.co.uk/jobs/data-engineer-global-quant-firm/57275784?source=searchResults&q=data%20analyst&filter=%2Fjobs%2Fdata-analyst-jobs-in-london%3Fq%3Ddata%2Banalyst%26pageno%3D34,https://www.reed.co.uk/jobs/efinancial-careers/p74850,N/A,"Salary: Competitive salary | Type: Permanent, full-time",Reed.co.uk
FinDataTech - Corporate Banking - Strategy Analyst/Associate,eFinancialCareers,London,3 days ago,https://www.reed.co.uk/jobs/findatatech-corporate-banking-strategy-analyst-associate/57274646?source=searchResults&q=data%20analyst&filter=%2Fjobs%2Fdata-analyst-jobs-in-london%3Fq%3Ddata%2Banalyst%26pageno%3D34,https://www.reed.co.uk/jobs/efinancial-careers/p74850,N/A,"Salary: Competitive salary | Type: Permanent, full-time",Reed.co.uk
Senior Data Analyst,FDM Group,London,4 days ago,https://www.reed.co.uk/jobs/senior-data-analyst/56212211?source=searchResults&q=data%20analyst&filter=%2Fjobs%2Fdata-analyst-jobs-in-london%3Fq%3Ddata%2Banalyst%26pageno%3D35,https://www.reed.co.uk/jobs/fdm-group/p4784,N/A,"Salary: Salary negotiable | Type: Permanent, full-time | Badges: Promoted",Reed.co.uk
Data and Insights Analyst,Newlon Housing Trust,London,Yesterday,https://www.reed.co.uk/jobs/data-and-insights-analyst/57283025?source=searchResults&q=data%20analyst&filter=%2Fjobs%2Fdata-analyst-jobs-in-london%3Fq%3Ddata%2Banalyst%26pageno%3D35,https://www.reed.co.uk/jobs/newlon-housing-trust-98152/p98152,N/A,"Salary: £41,380 per annum | Type: Permanent, full-time | Badges: Promoted, New",Reed.co.uk
Senior Data Analyst,FDM Group,London,4 days ago,https://www.reed.co.uk/jobs/senior-data-analyst/56212211?source=searchResults&q=data%20analyst&filter=%2Fjobs%2Fdata-analyst-jobs-in-london%3Fq%3Ddata%2Banalyst%26pageno%3D36,https://www.reed.co.uk/jobs/fdm-group/p4784,N/A,"Salary: Salary negotiable | Type: Permanent, full-time | Badges: Promoted",Reed.co.uk
Senior Data Analyst,FDM Group,London,4 days ago,https://www.reed.co.uk/jobs/senior-data-analyst/56212211?source=searchResults&q=data%20analyst&filter=%2Fjobs%2Fdata-analyst-jobs-in-london%3Fq%3Ddata%2Banalyst%26pageno%3D37,https://www.reed.co.uk/jobs/fdm-group/p4784,N/A,"Salary: Salary negotiable | Type: Permanent, full-time | Badges: Promoted",Reed.co.uk
Data Platform Solution Architect - M&G plc.,eFinancialCareers,London,3 days ago,https://www.reed.co.uk/jobs/data-platform-solution-architect-m-g-plc/57274828?source=searchResults&q=data%20analyst&filter=%2Fjobs%2Fdata-analyst-jobs-in-london%3Fq%3Ddata%2Banalyst%26pageno%3D37,https://www.reed.co.uk/jobs/efinancial-careers/p74850,N/A,"Salary: Competitive salary | Type: Permanent, full-time",Reed.co.uk
Data and Insights Analyst,Newlon Housing Trust,London,Yesterday,https://www.reed.co.uk/jobs/data-and-insights-analyst/57283025?source=searchResults&q=data%20analyst&filter=%2Fjobs%2Fdata-analyst-jobs-in-london%3Fq%3Ddata%2Banalyst%26pageno%3D38,https://www.reed.co.uk/jobs/newlon-housing-trust-98152/p98152,N/A,"Salary: £41,380 per annum | Type: Permanent, full-time | Badges: Promoted, New",Reed.co.uk
Senior Data Analyst,FDM Group,London,4 days ago,https://www.reed.co.uk/jobs/senior-data-analyst/56212211?source=searchResults&q=data%20analyst&filter=%2Fjobs%2Fdata-analyst-jobs-in-london%3Fq%3Ddata%2Banalyst%26pageno%3D38,https://www.reed.co.uk/jobs/fdm-group/p4784,N/A,"Salary: Salary negotiable | Type: Permanent, full-time | Badges: Promoted",Reed.co.uk
Data Scientist,eFinancialCareers,London,3 days ago,https://www.reed.co.uk/jobs/data-scientist/57275222?source=searchResults&q=data%20analyst&filter=%2Fjobs%2Fdata-analyst-jobs-in-london%3Fq%3Ddata%2Banalyst%26pageno%3D38,https://www.reed.co.uk/jobs/efinancial-careers/p74850,N/A,"Salary: Competitive salary | Type: Permanent, full-time",Reed.co.uk
Data and Insights Analyst,Newlon Housing Trust,London,Yesterday,https://www.reed.co.uk/jobs/data-and-insights-analyst/57283025?source=searchResults&q=data%20analyst&filter=%2Fjobs%2Fdata-analyst-jobs-in-london%3Fq%3Ddata%2Banalyst%26pageno%3D39,https://www.reed.co.uk/jobs/newlon-housing-trust-98152/p98152,N/A,"Salary: £41,380 per annum | Type: Permanent, full-time | Badges: Promoted, New",Reed.co.uk
Senior Data Analyst,FDM Group,London,4 days ago,https://www.reed.co.uk/jobs/senior-data-analyst/56212211?source=searchResults&q=data%20analyst&filter=%2Fjobs%2Fdata-analyst-jobs-in-london%3Fq%3Ddata%2Banalyst%26pageno%3D39,https://www.reed.co.uk/jobs/fdm-group/p4784,N/A,"Salary: Salary negotiable | Type: Permanent, full-time | Badges: Promoted",Reed.co.uk
Senior Data Scientist- Innovative AI Start-Up,eFinancialCareers,London,3 days ago,https://www.reed.co.uk/jobs/senior-data-scientist-innovative-ai-start-up/57275336?source=searchResults&q=data%20analyst&filter=%2Fjobs%2Fdata-analyst-jobs-in-london%3Fq%3Ddata%2Banalyst%26pageno%3D39,https://www.reed.co.uk/jobs/efinancial-careers/p74850,N/A,"Salary: Competitive salary | Type: Permanent, full-time",Reed.co.uk
Senior Data Scientist- Innovative AI Start-Up,eFinancialCareers,London,3 days ago,https://www.reed.co.uk/jobs/senior-data-scientist-innovative-ai-start-up/57275172?source=searchResults&q=data%20analyst&filter=%2Fjobs%2Fdata-analyst-jobs-in-london%3Fq%3Ddata%2Banalyst%26pageno%3D39,https://www.reed.co.uk/jobs/efinancial-careers/p74850,N/A,"Salary: Competitive salary | Type: Permanent, full-time",Reed.co.uk
