Job Role,Company Name,Location,Date Posted,Apply Link,Company Link,No. of Applicants,Job Description,Source,website,apply_link_url
Senior Devops Engineer- London,FDM Group,London,2026-07-16,https://www.reed.co.uk/jobs/senior-devops-engineer-london/57129031?source=searchResults&q=devops&filter=%2Fjobs%2Fdevops-jobs-in-london%3Fq%3Ddevops,https://www.reed.co.uk/jobs/fdm-group/p4784,Actively Hiring,"Salary: £80,000 - £95,000 per annum | Type: Permanent, full-time | Badges: Promoted, Easy Apply",Reed.co.uk,https://www.reed.co.uk/jobs/fdm-group/p4784,https://www.reed.co.uk/jobs/senior-devops-engineer-london/57129031?source=searchResults&q=devops&filter=%2Fjobs%2Fdevops-jobs-in-london%3Fq%3Ddevops
Senior DevOps Engineer,Chambers and Partners,London,2026-09-11,https://www.reed.co.uk/jobs/senior-devops-engineer/57111329?source=searchResults&q=devops&filter=%2Fjobs%2Fdevops-jobs-in-london%3Fq%3Ddevops,https://www.reed.co.uk/jobs/chambers-and-partners/p83320,Actively Hiring,"Salary: Competitive salary | Type: Permanent, full-time | Badges: Promoted",Reed.co.uk,https://www.reed.co.uk/jobs/chambers-and-partners/p83320,https://www.reed.co.uk/jobs/senior-devops-engineer/57111329?source=searchResults&q=devops&filter=%2Fjobs%2Fdevops-jobs-in-london%3Fq%3Ddevops
Trainee DevOps Engineer | No experience needed (Ref: 7501),Qualify Nation Recruitment,London,2026-09-12,https://www.reed.co.uk/jobs/trainee-devops-engineer--no-experience-needed-ref-7501/57266480?source=searchResults&q=devops&filter=%2Fjobs%2Fdevops-jobs-in-london%3Fq%3Ddevops,https://www.reed.co.uk/jobs/group-everest-ltd-t-a-qualify-nation-111378/p111378,Actively Hiring,"Salary: Training Course | Type: Permanent, full-time, Work from home | Badges: Featured, New, EarlyBirdEarly bird",Reed.co.uk,https://www.reed.co.uk/jobs/group-everest-ltd-t-a-qualify-nation-111378/p111378,https://www.reed.co.uk/jobs/trainee-devops-engineer--no-experience-needed-ref-7501/57266480?source=searchResults&q=devops&filter=%2Fjobs%2Fdevops-jobs-in-london%3Fq%3Ddevops
DevOps Engineer,Noir,London,2026-08-10,https://www.reed.co.uk/jobs/devops-engineer/57214334?source=searchResults&q=devops&filter=%2Fjobs%2Fdevops-jobs-in-london%3Fq%3Ddevops,https://www.reed.co.uk/jobs/noir/p10319,Actively Hiring,"Salary: £60,000 - £75,000 per annum | Type: Permanent, full-time | Badges: Easy Apply",Reed.co.uk,https://www.reed.co.uk/jobs/noir/p10319,https://www.reed.co.uk/jobs/devops-engineer/57214334?source=searchResults&q=devops&filter=%2Fjobs%2Fdevops-jobs-in-london%3Fq%3Ddevops
DevOps Engineer,Pulse IT Recruitment Ltd,London,2026-07-21,https://www.reed.co.uk/jobs/devops-engineer/57142852?source=searchResults&q=devops&filter=%2Fjobs%2Fdevops-jobs-in-london%3Fq%3Ddevops,https://www.reed.co.uk/jobs/pulse-it-recruitment-ltd/p22003,Actively Hiring,"Salary: £38,000 - £55,000 per annum | Type: Permanent, full-time | Badges: Easy Apply",Reed.co.uk,https://www.reed.co.uk/jobs/pulse-it-recruitment-ltd/p22003,https://www.reed.co.uk/jobs/devops-engineer/57142852?source=searchResults&q=devops&filter=%2Fjobs%2Fdevops-jobs-in-london%3Fq%3Ddevops
DevOps / Platform Engineer,Hays Specialist Recruitment Limited,London,2026-08-10,https://www.reed.co.uk/jobs/devops-platform-engineer/57217510?source=searchResults&q=devops&filter=%2Fjobs%2Fdevops-jobs-in-london%3Fq%3Ddevops,https://www.reed.co.uk/jobs/hays-specialist-recruitment-limited/p36210,Actively Hiring,"Salary: £550 per day | Type: Contract, full-time, Work from home",Reed.co.uk,https://www.reed.co.uk/jobs/hays-specialist-recruitment-limited/p36210,https://www.reed.co.uk/jobs/devops-platform-engineer/57217510?source=searchResults&q=devops&filter=%2Fjobs%2Fdevops-jobs-in-london%3Fq%3Ddevops
Lead DevOps Engineer,Bristow Holland,London,2026-06-06,https://www.reed.co.uk/jobs/lead-devops-engineer/56993065?source=searchResults&q=devops&filter=%2Fjobs%2Fdevops-jobs-in-london%3Fq%3Ddevops,https://www.reed.co.uk/jobs/bristow-holland/p18659,Actively Hiring,"Salary: £90,000 - £100,000 per annum | Type: Permanent, full-time, Work from home | Badges: Easy Apply",Reed.co.uk,https://www.reed.co.uk/jobs/bristow-holland/p18659,https://www.reed.co.uk/jobs/lead-devops-engineer/56993065?source=searchResults&q=devops&filter=%2Fjobs%2Fdevops-jobs-in-london%3Fq%3Ddevops
GCP DevOps Engineer,Harnham - Data & Analytics Recruitment,London,2026-08-13,https://www.reed.co.uk/jobs/gcp-devops-engineer/57235883?source=searchResults&q=devops&filter=%2Fjobs%2Fdevops-jobs-in-london%3Fq%3Ddevops,https://www.reed.co.uk/jobs/harnham-search-selection/p9243,Actively Hiring,"Salary: £550 - £650 per day | Type: Contract, full-time, Work from home | Badges: Easy Apply",Reed.co.uk,https://www.reed.co.uk/jobs/harnham-search-selection/p9243,https://www.reed.co.uk/jobs/gcp-devops-engineer/57235883?source=searchResults&q=devops&filter=%2Fjobs%2Fdevops-jobs-in-london%3Fq%3Ddevops
DevOps Engineer GCP,MLC Partners,London,2026-08-14,https://www.reed.co.uk/jobs/devops-engineer-gcp/57237954?source=searchResults&q=devops&filter=%2Fjobs%2Fdevops-jobs-in-london%3Fq%3Ddevops,https://www.reed.co.uk/jobs/mlc-partners-limited/p27788,Actively Hiring,"Salary: £500 per day | Type: Temporary, full-time, Work from home | Badges: Easy Apply",Reed.co.uk,https://www.reed.co.uk/jobs/mlc-partners-limited/p27788,https://www.reed.co.uk/jobs/devops-engineer-gcp/57237954?source=searchResults&q=devops&filter=%2Fjobs%2Fdevops-jobs-in-london%3Fq%3Ddevops
DevOps Engineer (AWS),Morgan McKinley,London,2026-07-13,https://www.reed.co.uk/jobs/devops-engineer-aws/57119239?source=searchResults&q=devops&filter=%2Fjobs%2Fdevops-jobs-in-london%3Fq%3Ddevops,https://www.reed.co.uk/jobs/morgan-mckinley/p2210,Actively Hiring,"Salary: Competitive salary | Type: Permanent, full-time",Reed.co.uk,https://www.reed.co.uk/jobs/morgan-mckinley/p2210,https://www.reed.co.uk/jobs/devops-engineer-aws/57119239?source=searchResults&q=devops&filter=%2Fjobs%2Fdevops-jobs-in-london%3Fq%3Ddevops
SC Cleared DevOps Engineer,VIQU IT Recruitment,London,2026-09-08,https://www.reed.co.uk/jobs/sc-cleared-devops-engineer/57252194?source=searchResults&q=devops&filter=%2Fjobs%2Fdevops-jobs-in-london%3Fq%3Ddevops,https://www.reed.co.uk/jobs/viqu-limited-86416/p86416,Actively Hiring,"Salary: £650 - £800 per day | Type: Contract, full-time | Badges: Easy Apply",Reed.co.uk,https://www.reed.co.uk/jobs/viqu-limited-86416/p86416,https://www.reed.co.uk/jobs/sc-cleared-devops-engineer/57252194?source=searchResults&q=devops&filter=%2Fjobs%2Fdevops-jobs-in-london%3Fq%3Ddevops
Senior Azure DevOps Engineer,Revybe IT Recruitment Ltd,London,2026-07-18,https://www.reed.co.uk/jobs/senior-azure-devops-engineer/57137038?source=searchResults&q=devops&filter=%2Fjobs%2Fdevops-jobs-in-london%3Fq%3Ddevops,https://www.reed.co.uk/jobs/revybe-it-recruitment-ltd-112429/p112429,Actively Hiring,"Salary: £80,000 - £100,000 per annum | Type: Permanent, full-time | Badges: Easy Apply",Reed.co.uk,https://www.reed.co.uk/jobs/revybe-it-recruitment-ltd-112429/p112429,https://www.reed.co.uk/jobs/senior-azure-devops-engineer/57137038?source=searchResults&q=devops&filter=%2Fjobs%2Fdevops-jobs-in-london%3Fq%3Ddevops
Senior Azure DevOps Engineer,Sanderson,London,2026-07-29,https://www.reed.co.uk/jobs/senior-azure-devops-engineer/57171524?source=searchResults&q=devops&filter=%2Fjobs%2Fdevops-jobs-in-london%3Fq%3Ddevops,https://www.reed.co.uk/jobs/sanderson-35038/p35038,Actively Hiring,"Salary: £550 - £600 per day | Type: Contract, full-time, Work from home | Badges: Easy Apply",Reed.co.uk,https://www.reed.co.uk/jobs/sanderson-35038/p35038,https://www.reed.co.uk/jobs/senior-azure-devops-engineer/57171524?source=searchResults&q=devops&filter=%2Fjobs%2Fdevops-jobs-in-london%3Fq%3Ddevops
Senior DevOps Engineer,Parkside Office Professional,"Watford, Hertfordshire",2026-07-27,https://www.reed.co.uk/jobs/senior-devops-engineer/57163113?source=searchResults&q=devops&filter=%2Fjobs%2Fdevops-jobs-in-london%3Fq%3Ddevops,https://www.reed.co.uk/jobs/parkside-office-professional/p2314,Actively Hiring,"Salary: £50,000 - £51,000 per annum | Type: Permanent, full-time | Badges: Easy Apply",Reed.co.uk,https://www.reed.co.uk/jobs/parkside-office-professional/p2314,https://www.reed.co.uk/jobs/senior-devops-engineer/57163113?source=searchResults&q=devops&filter=%2Fjobs%2Fdevops-jobs-in-london%3Fq%3Ddevops
Lead AI DevOps Engineer,Lorien,London,2026-08-03,https://www.reed.co.uk/jobs/lead-ai-devops-engineer/57191472?source=searchResults&q=devops&filter=%2Fjobs%2Fdevops-jobs-in-london%3Fq%3Ddevops,https://www.reed.co.uk/jobs/lorien-resourcing-limited/p22735,Actively Hiring,"Salary: Salary negotiable | Type: Contract, full-time | Badges: Easy Apply",Reed.co.uk,https://www.reed.co.uk/jobs/lorien-resourcing-limited/p22735,https://www.reed.co.uk/jobs/lead-ai-devops-engineer/57191472?source=searchResults&q=devops&filter=%2Fjobs%2Fdevops-jobs-in-london%3Fq%3Ddevops
"DevOps Engineer - Active SC, NPPV3",Hays Specialist Recruitment Limited,London,2026-07-30,https://www.reed.co.uk/jobs/devops-engineer-active-sc-nppv3/57179114?source=searchResults&q=devops&filter=%2Fjobs%2Fdevops-jobs-in-london%3Fq%3Ddevops,https://www.reed.co.uk/jobs/hays-specialist-recruitment-limited/p36210,Actively Hiring,"Salary: £400 - £420 per day | Type: Contract, full-time, Work from home | Badges: Easy Apply",Reed.co.uk,https://www.reed.co.uk/jobs/hays-specialist-recruitment-limited/p36210,https://www.reed.co.uk/jobs/devops-engineer-active-sc-nppv3/57179114?source=searchResults&q=devops&filter=%2Fjobs%2Fdevops-jobs-in-london%3Fq%3Ddevops
SC Cleared DevOps Engineer (On-prem),VIQU IT Recruitment,London,2026-08-10,https://www.reed.co.uk/jobs/sc-cleared-devops-engineer-on-prem/57215923?source=searchResults&q=devops&filter=%2Fjobs%2Fdevops-jobs-in-london%3Fq%3Ddevops,https://www.reed.co.uk/jobs/viqu-limited-86416/p86416,Actively Hiring,"Salary: £600 - £800 per day | Type: Contract, full-time | Badges: Easy Apply",Reed.co.uk,https://www.reed.co.uk/jobs/viqu-limited-86416/p86416,https://www.reed.co.uk/jobs/sc-cleared-devops-engineer-on-prem/57215923?source=searchResults&q=devops&filter=%2Fjobs%2Fdevops-jobs-in-london%3Fq%3Ddevops
SC Cleared DevOps Engineer (EKS AWS),Hays Specialist Recruitment Limited,London,2026-09-09,https://www.reed.co.uk/jobs/sc-cleared-devops-engineer-eks-aws/57252376?source=searchResults&q=devops&filter=%2Fjobs%2Fdevops-jobs-in-london%3Fq%3Ddevops,https://www.reed.co.uk/jobs/hays-specialist-recruitment-limited/p36210,Actively Hiring,"Salary: £420 per day | Type: Contract, full-time, Work from home",Reed.co.uk,https://www.reed.co.uk/jobs/hays-specialist-recruitment-limited/p36210,https://www.reed.co.uk/jobs/sc-cleared-devops-engineer-eks-aws/57252376?source=searchResults&q=devops&filter=%2Fjobs%2Fdevops-jobs-in-london%3Fq%3Ddevops
Senior Release Manager (Agile / DevOps / Financial Services),Salt Search,London,2026-08-04,https://www.reed.co.uk/jobs/senior-release-manager-agile-devops-financial-services/57195966?source=searchResults&q=devops&filter=%2Fjobs%2Fdevops-jobs-in-london%3Fq%3Ddevops,https://www.reed.co.uk/jobs/salt-search-70274/p70274,Actively Hiring,"Salary: Salary negotiable | Type: Contract, full-time | Badges: Easy Apply",Reed.co.uk,https://www.reed.co.uk/jobs/salt-search-70274/p70274,https://www.reed.co.uk/jobs/senior-release-manager-agile-devops-financial-services/57195966?source=searchResults&q=devops&filter=%2Fjobs%2Fdevops-jobs-in-london%3Fq%3Ddevops
DevOps & Platform Engineer - German Speaking - Remote Work - 6 Month Rolling Contract,The Huntsmith Limited,London,2026-07-23,https://www.reed.co.uk/jobs/devops-platform-engineer-german-speaking-remote-work-6-month-rolling-contract/57153115?source=searchResults&q=devops&filter=%2Fjobs%2Fdevops-jobs-in-london%3Fq%3Ddevops,https://www.reed.co.uk/jobs/the-huntsmith-limited/o638189,Actively Hiring,"Salary: Salary negotiable | Type: Contract, full-time, Work from home",Reed.co.uk,https://www.reed.co.uk/jobs/the-huntsmith-limited/o638189,https://www.reed.co.uk/jobs/devops-platform-engineer-german-speaking-remote-work-6-month-rolling-contract/57153115?source=searchResults&q=devops&filter=%2Fjobs%2Fdevops-jobs-in-london%3Fq%3Ddevops
Senior Dev Ops Engineer,Hays Specialist Recruitment Limited,London,2026-09-07,https://www.reed.co.uk/jobs/senior-dev-ops-engineer/57245340?source=searchResults&q=devops&filter=%2Fjobs%2Fdevops-jobs-in-london%3Fq%3Ddevops,https://www.reed.co.uk/jobs/hays-specialist-recruitment-limited/p36210,Actively Hiring,"Salary: Salary negotiable | Type: Permanent, full-time | Badges: Easy Apply",Reed.co.uk,https://www.reed.co.uk/jobs/hays-specialist-recruitment-limited/p36210,https://www.reed.co.uk/jobs/senior-dev-ops-engineer/57245340?source=searchResults&q=devops&filter=%2Fjobs%2Fdevops-jobs-in-london%3Fq%3Ddevops
Platform Engineer,TXP Technology x People,London,2026-07-13,https://www.reed.co.uk/jobs/platform-engineer/57118999?source=searchResults&q=devops&filter=%2Fjobs%2Fdevops-jobs-in-london%3Fq%3Ddevops,https://www.reed.co.uk/jobs/concept-it-20220/p20220,Actively Hiring,"Salary: £450 - £500 per day | Type: Contract, full-time, Work from home | Badges: Featured, Easy Apply",Reed.co.uk,https://www.reed.co.uk/jobs/concept-it-20220/p20220,https://www.reed.co.uk/jobs/platform-engineer/57118999?source=searchResults&q=devops&filter=%2Fjobs%2Fdevops-jobs-in-london%3Fq%3Ddevops
AWS Cloud Engineer,Understanding Recruitment,"North London, London",2026-09-09,https://www.reed.co.uk/jobs/aws-cloud-engineer/57254353?source=searchResults&q=devops&filter=%2Fjobs%2Fdevops-jobs-in-london%3Fq%3Ddevops,https://www.reed.co.uk/jobs/understanding-recruitment/p7454,Actively Hiring,"Salary: £70,000 - £80,000 per annum | Type: Permanent, full-time, Work from home | Badges: Featured, Easy Apply",Reed.co.uk,https://www.reed.co.uk/jobs/understanding-recruitment/p7454,https://www.reed.co.uk/jobs/aws-cloud-engineer/57254353?source=searchResults&q=devops&filter=%2Fjobs%2Fdevops-jobs-in-london%3Fq%3Ddevops
Lead Platform Engineer,Lorien,London,2026-08-03,https://www.reed.co.uk/jobs/lead-platform-engineer/57191464?source=searchResults&q=devops&filter=%2Fjobs%2Fdevops-jobs-in-london%3Fq%3Ddevops,https://www.reed.co.uk/jobs/lorien-resourcing-limited/p22735,Actively Hiring,"Salary: Salary negotiable | Type: Contract, full-time | Badges: Easy Apply",Reed.co.uk,https://www.reed.co.uk/jobs/lorien-resourcing-limited/p22735,https://www.reed.co.uk/jobs/lead-platform-engineer/57191464?source=searchResults&q=devops&filter=%2Fjobs%2Fdevops-jobs-in-london%3Fq%3Ddevops
Senior DevOps Engineer,Chambers and Partners,London,2026-09-11,https://www.reed.co.uk/jobs/senior-devops-engineer/57111329?source=searchResults&q=devops&filter=%2Fjobs%2Fdevops-jobs-in-london%3Fq%3Ddevops%26pageno%3D2,https://www.reed.co.uk/jobs/chambers-and-partners/p83320,Actively Hiring,"Salary: Competitive salary | Type: Permanent, full-time | Badges: Promoted",Reed.co.uk,https://www.reed.co.uk/jobs/chambers-and-partners/p83320,https://www.reed.co.uk/jobs/senior-devops-engineer/57111329?source=searchResults&q=devops&filter=%2Fjobs%2Fdevops-jobs-in-london%3Fq%3Ddevops%26pageno%3D2
Senior Devops Engineer- London,FDM Group,London,2026-07-16,https://www.reed.co.uk/jobs/senior-devops-engineer-london/57129031?source=searchResults&q=devops&filter=%2Fjobs%2Fdevops-jobs-in-london%3Fq%3Ddevops%26pageno%3D2,https://www.reed.co.uk/jobs/fdm-group/p4784,Actively Hiring,"Salary: £80,000 - £95,000 per annum | Type: Permanent, full-time | Badges: Promoted, Easy Apply",Reed.co.uk,https://www.reed.co.uk/jobs/fdm-group/p4784,https://www.reed.co.uk/jobs/senior-devops-engineer-london/57129031?source=searchResults&q=devops&filter=%2Fjobs%2Fdevops-jobs-in-london%3Fq%3Ddevops%26pageno%3D2
Platform Engineer,Method Resourcing,London,2026-08-10,https://www.reed.co.uk/jobs/platform-engineer/57216322?source=searchResults&q=devops&filter=%2Fjobs%2Fdevops-jobs-in-london%3Fq%3Ddevops%26pageno%3D2,https://www.reed.co.uk/jobs/method-resourcing/p111586,Actively Hiring,"Salary: £550 per day | Type: Contract, full-time | Badges: Easy Apply",Reed.co.uk,https://www.reed.co.uk/jobs/method-resourcing/p111586,https://www.reed.co.uk/jobs/platform-engineer/57216322?source=searchResults&q=devops&filter=%2Fjobs%2Fdevops-jobs-in-london%3Fq%3Ddevops%26pageno%3D2
Lead Platform Engineer,Searchability NS&D,London,2026-07-15,https://www.reed.co.uk/jobs/lead-platform-engineer/57128366?source=searchResults&q=devops&filter=%2Fjobs%2Fdevops-jobs-in-london%3Fq%3Ddevops%26pageno%3D2,https://www.reed.co.uk/jobs/searchability-ns-d/p106970,Actively Hiring,"Salary: £95,000 - £110,000 per annum | Type: Permanent, full-time | Badges: Easy Apply",Reed.co.uk,https://www.reed.co.uk/jobs/searchability-ns-d/p106970,https://www.reed.co.uk/jobs/lead-platform-engineer/57128366?source=searchResults&q=devops&filter=%2Fjobs%2Fdevops-jobs-in-london%3Fq%3Ddevops%26pageno%3D2
Senior Azure Platform Engineer,Revybe IT Recruitment Ltd,London,2026-08-07,https://www.reed.co.uk/jobs/senior-azure-platform-engineer/57209422?source=searchResults&q=devops&filter=%2Fjobs%2Fdevops-jobs-in-london%3Fq%3Ddevops%26pageno%3D2,https://www.reed.co.uk/jobs/revybe-it-recruitment-ltd-112429/p112429,Actively Hiring,"Salary: £75,000 - £100,000 per annum | Type: Permanent, full-time, Work from home | Badges: Easy Apply",Reed.co.uk,https://www.reed.co.uk/jobs/revybe-it-recruitment-ltd-112429/p112429,https://www.reed.co.uk/jobs/senior-azure-platform-engineer/57209422?source=searchResults&q=devops&filter=%2Fjobs%2Fdevops-jobs-in-london%3Fq%3Ddevops%26pageno%3D2
Cloud Engineering Manager,Salt Search,London,2026-07-23,https://www.reed.co.uk/jobs/cloud-engineering-manager/57154105?source=searchResults&q=devops&filter=%2Fjobs%2Fdevops-jobs-in-london%3Fq%3Ddevops%26pageno%3D2,https://www.reed.co.uk/jobs/salt-search-70274/p70274,Actively Hiring,"Salary: £79,000 - £88,000 per annum | Type: Permanent, full-time | Badges: Easy Apply",Reed.co.uk,https://www.reed.co.uk/jobs/salt-search-70274/p70274,https://www.reed.co.uk/jobs/cloud-engineering-manager/57154105?source=searchResults&q=devops&filter=%2Fjobs%2Fdevops-jobs-in-london%3Fq%3Ddevops%26pageno%3D2
Principal Platform Engineer,Sanderson,London,2026-07-14,https://www.reed.co.uk/jobs/principal-platform-engineer/57123687?source=searchResults&q=devops&filter=%2Fjobs%2Fdevops-jobs-in-london%3Fq%3Ddevops%26pageno%3D2,https://www.reed.co.uk/jobs/sanderson-35038/p35038,Actively Hiring,"Salary: £100,000 - £140,000 per annum, inc benefits | Type: Permanent, full-time | Badges: Easy Apply",Reed.co.uk,https://www.reed.co.uk/jobs/sanderson-35038/p35038,https://www.reed.co.uk/jobs/principal-platform-engineer/57123687?source=searchResults&q=devops&filter=%2Fjobs%2Fdevops-jobs-in-london%3Fq%3Ddevops%26pageno%3D2
AWS Platform Engineer (Contract),Method Resourcing,London,2026-09-07,https://www.reed.co.uk/jobs/aws-platform-engineer-contract/57245093?source=searchResults&q=devops&filter=%2Fjobs%2Fdevops-jobs-in-london%3Fq%3Ddevops%26pageno%3D2,https://www.reed.co.uk/jobs/method-resourcing/p111586,Actively Hiring,"Salary: £550 per day | Type: Contract, full-time | Badges: Easy Apply",Reed.co.uk,https://www.reed.co.uk/jobs/method-resourcing/p111586,https://www.reed.co.uk/jobs/aws-platform-engineer-contract/57245093?source=searchResults&q=devops&filter=%2Fjobs%2Fdevops-jobs-in-london%3Fq%3Ddevops%26pageno%3D2
Senior Azure Platform Engineer,Opus Recruitment Solutions Ltd,London,2026-07-27,https://www.reed.co.uk/jobs/senior-azure-platform-engineer/57165233?source=searchResults&q=devops&filter=%2Fjobs%2Fdevops-jobs-in-london%3Fq%3Ddevops%26pageno%3D2,https://www.reed.co.uk/jobs/opus-recruitment-solutions-ltd/p9311,Actively Hiring,"Salary: £500 - £600 per day | Type: Contract, full-time | Badges: Easy Apply",Reed.co.uk,https://www.reed.co.uk/jobs/opus-recruitment-solutions-ltd/p9311,https://www.reed.co.uk/jobs/senior-azure-platform-engineer/57165233?source=searchResults&q=devops&filter=%2Fjobs%2Fdevops-jobs-in-london%3Fq%3Ddevops%26pageno%3D2
DevOps Engineer,E-Solutions IT Services UK Ltd,London,2026-09-11,https://www.reed.co.uk/jobs/devops-engineer/57262135?source=searchResults&q=devops&filter=%2Fjobs%2Fdevops-jobs-in-london%3Fq%3Ddevops%26pageno%3D2,https://www.reed.co.uk/jobs/e-solutions-it-services-uk-ltd-89398/p89398,Actively Hiring,"Salary: £300 - £350 per day | Type: Contract, full-time | Badges: New",Reed.co.uk,https://www.reed.co.uk/jobs/e-solutions-it-services-uk-ltd-89398/p89398,https://www.reed.co.uk/jobs/devops-engineer/57262135?source=searchResults&q=devops&filter=%2Fjobs%2Fdevops-jobs-in-london%3Fq%3Ddevops%26pageno%3D2
Senior AWS Platform Engineer,Revybe IT Recruitment Ltd,London,2026-07-29,https://www.reed.co.uk/jobs/senior-aws-platform-engineer/57174077?source=searchResults&q=devops&filter=%2Fjobs%2Fdevops-jobs-in-london%3Fq%3Ddevops%26pageno%3D2,https://www.reed.co.uk/jobs/revybe-it-recruitment-ltd-112429/p112429,Actively Hiring,"Salary: £85,000 - £90,000 per annum | Type: Permanent, full-time | Badges: Easy Apply",Reed.co.uk,https://www.reed.co.uk/jobs/revybe-it-recruitment-ltd-112429/p112429,https://www.reed.co.uk/jobs/senior-aws-platform-engineer/57174077?source=searchResults&q=devops&filter=%2Fjobs%2Fdevops-jobs-in-london%3Fq%3Ddevops%26pageno%3D2
Cloud Infrastructure Engineer,Arc IT Recruitment,London,2026-09-07,https://www.reed.co.uk/jobs/cloud-infrastructure-engineer/57144091?source=searchResults&q=devops&filter=%2Fjobs%2Fdevops-jobs-in-london%3Fq%3Ddevops%26pageno%3D2,https://www.reed.co.uk/jobs/arc-it-recruitment/p5850,Actively Hiring,"Salary: £85,000 per annum | Type: Permanent, full-time | Badges: Easy Apply",Reed.co.uk,https://www.reed.co.uk/jobs/arc-it-recruitment/p5850,https://www.reed.co.uk/jobs/cloud-infrastructure-engineer/57144091?source=searchResults&q=devops&filter=%2Fjobs%2Fdevops-jobs-in-london%3Fq%3Ddevops%26pageno%3D2
Systems & Cloud Engineer,Xist4,London,2026-07-28,https://www.reed.co.uk/jobs/systems-cloud-engineer/57168904?source=searchResults&q=devops&filter=%2Fjobs%2Fdevops-jobs-in-london%3Fq%3Ddevops%26pageno%3D2,https://www.reed.co.uk/jobs/xist4-recruitment-ltd/p5710,Actively Hiring,"Salary: £50,000 - £55,000 per annum | Type: Permanent, full-time | Badges: Featured",Reed.co.uk,https://www.reed.co.uk/jobs/xist4-recruitment-ltd/p5710,https://www.reed.co.uk/jobs/systems-cloud-engineer/57168904?source=searchResults&q=devops&filter=%2Fjobs%2Fdevops-jobs-in-london%3Fq%3Ddevops%26pageno%3D2
Platform Engineer,Michael Page Technology,London,2026-09-07,https://www.reed.co.uk/jobs/platform-engineer/57244138?source=searchResults&q=devops&filter=%2Fjobs%2Fdevops-jobs-in-london%3Fq%3Ddevops%26pageno%3D2,https://www.reed.co.uk/jobs/michael-page-technology-59782/p59782,Actively Hiring,"Salary: £65,000 - £75,000 per annum | Type: Permanent, full-time | Badges: Featured, Easy Apply",Reed.co.uk,https://www.reed.co.uk/jobs/michael-page-technology-59782/p59782,https://www.reed.co.uk/jobs/platform-engineer/57244138?source=searchResults&q=devops&filter=%2Fjobs%2Fdevops-jobs-in-london%3Fq%3Ddevops%26pageno%3D2
Platform Engineer - 12m FTC,Michael Page Technology,London,2026-08-14,https://www.reed.co.uk/jobs/platform-engineer-12m-ftc/57236805?source=searchResults&q=devops&filter=%2Fjobs%2Fdevops-jobs-in-london%3Fq%3Ddevops%26pageno%3D2,https://www.reed.co.uk/jobs/michael-page-technology-59782/p59782,Actively Hiring,"Salary: £70,000 - £80,000 per annum | Type: Contract, full-time | Badges: Featured, Easy Apply",Reed.co.uk,https://www.reed.co.uk/jobs/michael-page-technology-59782/p59782,https://www.reed.co.uk/jobs/platform-engineer-12m-ftc/57236805?source=searchResults&q=devops&filter=%2Fjobs%2Fdevops-jobs-in-london%3Fq%3Ddevops%26pageno%3D2
Senior Platform Engineer,LMA Recruitment,London,2026-09-07,https://www.reed.co.uk/jobs/senior-platform-engineer/57245848?source=searchResults&q=devops&filter=%2Fjobs%2Fdevops-jobs-in-london%3Fq%3Ddevops%26pageno%3D2,https://www.reed.co.uk/jobs/empresaria-uk/p5462,Actively Hiring,"Salary: £80,000 - £85,000 per annum | Type: Permanent, full-time | Badges: Featured, Easy Apply",Reed.co.uk,https://www.reed.co.uk/jobs/empresaria-uk/p5462,https://www.reed.co.uk/jobs/senior-platform-engineer/57245848?source=searchResults&q=devops&filter=%2Fjobs%2Fdevops-jobs-in-london%3Fq%3Ddevops%26pageno%3D2
Azure Platform Engineer,VIQU IT Recruitment,London,2026-08-11,https://www.reed.co.uk/jobs/azure-platform-engineer/57224889?source=searchResults&q=devops&filter=%2Fjobs%2Fdevops-jobs-in-london%3Fq%3Ddevops%26pageno%3D2,https://www.reed.co.uk/jobs/viqu-limited-86416/p86416,Actively Hiring,"Salary: £550 - £650 per day | Type: Contract, full-time, Work from home | Badges: Easy Apply",Reed.co.uk,https://www.reed.co.uk/jobs/viqu-limited-86416/p86416,https://www.reed.co.uk/jobs/azure-platform-engineer/57224889?source=searchResults&q=devops&filter=%2Fjobs%2Fdevops-jobs-in-london%3Fq%3Ddevops%26pageno%3D2
Azure Platform Engineer,VIQU IT Recruitment,London,2026-07-28,https://www.reed.co.uk/jobs/azure-platform-engineer/57169800?source=searchResults&q=devops&filter=%2Fjobs%2Fdevops-jobs-in-london%3Fq%3Ddevops%26pageno%3D2,https://www.reed.co.uk/jobs/viqu-limited-86416/p86416,Actively Hiring,"Salary: £550 - £650 per day | Type: Contract, full-time, Work from home | Badges: Easy Apply",Reed.co.uk,https://www.reed.co.uk/jobs/viqu-limited-86416/p86416,https://www.reed.co.uk/jobs/azure-platform-engineer/57169800?source=searchResults&q=devops&filter=%2Fjobs%2Fdevops-jobs-in-london%3Fq%3Ddevops%26pageno%3D2
Senior DevOps Engineer,Chambers and Partners,London,2026-09-11,https://www.reed.co.uk/jobs/senior-devops-engineer/57111329?source=searchResults&q=devops&filter=%2Fjobs%2Fdevops-jobs-in-london%3Fq%3Ddevops%26pageno%3D3,https://www.reed.co.uk/jobs/chambers-and-partners/p83320,Actively Hiring,"Salary: Competitive salary | Type: Permanent, full-time | Badges: Promoted",Reed.co.uk,https://www.reed.co.uk/jobs/chambers-and-partners/p83320,https://www.reed.co.uk/jobs/senior-devops-engineer/57111329?source=searchResults&q=devops&filter=%2Fjobs%2Fdevops-jobs-in-london%3Fq%3Ddevops%26pageno%3D3
Senior Devops Engineer- London,FDM Group,London,2026-07-16,https://www.reed.co.uk/jobs/senior-devops-engineer-london/57129031?source=searchResults&q=devops&filter=%2Fjobs%2Fdevops-jobs-in-london%3Fq%3Ddevops%26pageno%3D3,https://www.reed.co.uk/jobs/fdm-group/p4784,Actively Hiring,"Salary: £80,000 - £95,000 per annum | Type: Permanent, full-time | Badges: Promoted, Easy Apply",Reed.co.uk,https://www.reed.co.uk/jobs/fdm-group/p4784,https://www.reed.co.uk/jobs/senior-devops-engineer-london/57129031?source=searchResults&q=devops&filter=%2Fjobs%2Fdevops-jobs-in-london%3Fq%3Ddevops%26pageno%3D3
Azure Platform Engineer,VIQU IT Recruitment,London,2026-07-28,https://www.reed.co.uk/jobs/azure-platform-engineer/57169800?source=searchResults&q=devops&filter=%2Fjobs%2Fdevops-jobs-in-london%3Fq%3Ddevops%26pageno%3D3,https://www.reed.co.uk/jobs/viqu-limited-86416/p86416,Actively Hiring,"Salary: £550 - £650 per day | Type: Contract, full-time, Work from home | Badges: Easy Apply",Reed.co.uk,https://www.reed.co.uk/jobs/viqu-limited-86416/p86416,https://www.reed.co.uk/jobs/azure-platform-engineer/57169800?source=searchResults&q=devops&filter=%2Fjobs%2Fdevops-jobs-in-london%3Fq%3Ddevops%26pageno%3D3
SC cleared GCP Cloud engineer,Opus Recruitment Solutions Ltd,London,2026-08-04,https://www.reed.co.uk/jobs/sc-cleared-gcp-cloud-engineer/57195884?source=searchResults&q=devops&filter=%2Fjobs%2Fdevops-jobs-in-london%3Fq%3Ddevops%26pageno%3D3,https://www.reed.co.uk/jobs/opus-recruitment-solutions-ltd/p9311,Actively Hiring,"Salary: £450 - £500 per day | Type: Permanent, full-time | Badges: Easy Apply",Reed.co.uk,https://www.reed.co.uk/jobs/opus-recruitment-solutions-ltd/p9311,https://www.reed.co.uk/jobs/sc-cleared-gcp-cloud-engineer/57195884?source=searchResults&q=devops&filter=%2Fjobs%2Fdevops-jobs-in-london%3Fq%3Ddevops%26pageno%3D3
VMWare Platform Engineer,Context Recruitment Limited,London,2026-07-31,https://www.reed.co.uk/jobs/vmware-platform-engineer/57181218?source=searchResults&q=devops&filter=%2Fjobs%2Fdevops-jobs-in-london%3Fq%3Ddevops%26pageno%3D3,https://www.reed.co.uk/jobs/context-recruitment-limited/p39150,Actively Hiring,"Salary: £55,000 - £60,000 per annum | Type: Temporary, full-time, Work from home | Badges: Easy Apply",Reed.co.uk,https://www.reed.co.uk/jobs/context-recruitment-limited/p39150,https://www.reed.co.uk/jobs/vmware-platform-engineer/57181218?source=searchResults&q=devops&filter=%2Fjobs%2Fdevops-jobs-in-london%3Fq%3Ddevops%26pageno%3D3
Infrastructure Cloud Engineer,Arc IT Recruitment,London,2026-09-09,https://www.reed.co.uk/jobs/infrastructure-cloud-engineer/57254728?source=searchResults&q=devops&filter=%2Fjobs%2Fdevops-jobs-in-london%3Fq%3Ddevops%26pageno%3D3,https://www.reed.co.uk/jobs/arc-it-recruitment/p5850,Actively Hiring,"Salary: £65,000 per annum | Type: Permanent, full-time | Badges: Easy Apply",Reed.co.uk,https://www.reed.co.uk/jobs/arc-it-recruitment/p5850,https://www.reed.co.uk/jobs/infrastructure-cloud-engineer/57254728?source=searchResults&q=devops&filter=%2Fjobs%2Fdevops-jobs-in-london%3Fq%3Ddevops%26pageno%3D3
Salesforce Solution & DevOps Architect,Michael Page Technology,"City of London, London",2026-09-08,https://www.reed.co.uk/jobs/salesforce-solution-devops-architect/57249784?source=searchResults&q=devops&filter=%2Fjobs%2Fdevops-jobs-in-london%3Fq%3Ddevops%26pageno%3D3,https://www.reed.co.uk/jobs/michael-page-technology-59782/p59782,Actively Hiring,"Salary: Salary negotiable | Type: Permanent, full-time | Badges: Featured, Easy Apply",Reed.co.uk,https://www.reed.co.uk/jobs/michael-page-technology-59782/p59782,https://www.reed.co.uk/jobs/salesforce-solution-devops-architect/57249784?source=searchResults&q=devops&filter=%2Fjobs%2Fdevops-jobs-in-london%3Fq%3Ddevops%26pageno%3D3
Senior Platform Engineer,WeDo Technology Solutions Limited,"Croydon, Surrey",2026-09-11,https://www.reed.co.uk/jobs/senior-platform-engineer/57265205?source=searchResults&q=devops&filter=%2Fjobs%2Fdevops-jobs-in-london%3Fq%3Ddevops%26pageno%3D3,https://www.reed.co.uk/jobs/wedo-technology-solutions-limited/p92779,Actively Hiring,"Salary: £85,000 - £95,000 per annum | Type: Permanent, full-time | Badges: Featured, New, Easy Apply",Reed.co.uk,https://www.reed.co.uk/jobs/wedo-technology-solutions-limited/p92779,https://www.reed.co.uk/jobs/senior-platform-engineer/57265205?source=searchResults&q=devops&filter=%2Fjobs%2Fdevops-jobs-in-london%3Fq%3Ddevops%26pageno%3D3
Azure Infrastructure Engineer,Isio,"Croydon, Surrey",2026-07-28,https://www.reed.co.uk/jobs/azure-infrastructure-engineer/57168568?source=searchResults&q=devops&filter=%2Fjobs%2Fdevops-jobs-in-london%3Fq%3Ddevops%26pageno%3D3,https://www.reed.co.uk/jobs/isio/p101269,Actively Hiring,"Salary: Competitive salary | Type: Contract, full-time | Badges: Featured",Reed.co.uk,https://www.reed.co.uk/jobs/isio/p101269,https://www.reed.co.uk/jobs/azure-infrastructure-engineer/57168568?source=searchResults&q=devops&filter=%2Fjobs%2Fdevops-jobs-in-london%3Fq%3Ddevops%26pageno%3D3
Data Analyst,Sagacity,London,2026-08-07,https://www.reed.co.uk/jobs/data-analyst/56815207?source=searchResults&q=data%20analyst&filter=%2Fjobs%2Fdata-analyst-jobs-in-london%3Fq%3Ddata%2Banalyst,https://www.reed.co.uk/jobs/sagacity-solutions-ltd/p37370,Actively Hiring,"Salary: Competitive salary | Type: Permanent, full-time | Badges: Promoted",Reed.co.uk,https://www.reed.co.uk/jobs/sagacity-solutions-ltd/p37370,https://www.reed.co.uk/jobs/data-analyst/56815207?source=searchResults&q=data%20analyst&filter=%2Fjobs%2Fdata-analyst-jobs-in-london%3Fq%3Ddata%2Banalyst
Senior Data Analyst,FDM Group,London,2026-09-08,https://www.reed.co.uk/jobs/senior-data-analyst/56212211?source=searchResults&q=data%20analyst&filter=%2Fjobs%2Fdata-analyst-jobs-in-london%3Fq%3Ddata%2Banalyst,https://www.reed.co.uk/jobs/fdm-group/p4784,Actively Hiring,"Salary: Salary negotiable | Type: Permanent, full-time | Badges: Featured",Reed.co.uk,https://www.reed.co.uk/jobs/fdm-group/p4784,https://www.reed.co.uk/jobs/senior-data-analyst/56212211?source=searchResults&q=data%20analyst&filter=%2Fjobs%2Fdata-analyst-jobs-in-london%3Fq%3Ddata%2Banalyst
Data Analyst,Harnham - Data & Analytics Recruitment,London,2026-09-11,https://www.reed.co.uk/jobs/data-analyst/57265274?source=searchResults&q=data%20analyst&filter=%2Fjobs%2Fdata-analyst-jobs-in-london%3Fq%3Ddata%2Banalyst,https://www.reed.co.uk/jobs/harnham-search-selection/p9243,Actively Hiring,"Salary: £70,000 - £75,000 per annum | Type: Permanent, full-time | Badges: New",Reed.co.uk,https://www.reed.co.uk/jobs/harnham-search-selection/p9243,https://www.reed.co.uk/jobs/data-analyst/57265274?source=searchResults&q=data%20analyst&filter=%2Fjobs%2Fdata-analyst-jobs-in-london%3Fq%3Ddata%2Banalyst
Data Analyst,Robert Half,London,2026-07-17,https://www.reed.co.uk/jobs/data-analyst/57136004?source=searchResults&q=data%20analyst&filter=%2Fjobs%2Fdata-analyst-jobs-in-london%3Fq%3Ddata%2Banalyst,https://www.reed.co.uk/jobs/robert-half-92729/p92729,Actively Hiring,"Salary: Salary negotiable | Type: Contract, full-time | Badges: Featured, Easy Apply",Reed.co.uk,https://www.reed.co.uk/jobs/robert-half-92729/p92729,https://www.reed.co.uk/jobs/data-analyst/57136004?source=searchResults&q=data%20analyst&filter=%2Fjobs%2Fdata-analyst-jobs-in-london%3Fq%3Ddata%2Banalyst
Data Analyst,Proactive Appointments,"North Acton, London",2026-09-07,https://www.reed.co.uk/jobs/data-analyst/57244628?source=searchResults&q=data%20analyst&filter=%2Fjobs%2Fdata-analyst-jobs-in-london%3Fq%3Ddata%2Banalyst,https://www.reed.co.uk/jobs/proactive-appointments-72728/p72728,Actively Hiring,"Salary: £400 - £475 per day | Type: Contract, full-time | Badges: Featured, Easy Apply",Reed.co.uk,https://www.reed.co.uk/jobs/proactive-appointments-72728/p72728,https://www.reed.co.uk/jobs/data-analyst/57244628?source=searchResults&q=data%20analyst&filter=%2Fjobs%2Fdata-analyst-jobs-in-london%3Fq%3Ddata%2Banalyst
Data Analyst,Harnham - Data & Analytics Recruitment,London,2026-09-09,https://www.reed.co.uk/jobs/data-analyst/57252421?source=searchResults&q=data%20analyst&filter=%2Fjobs%2Fdata-analyst-jobs-in-london%3Fq%3Ddata%2Banalyst,https://www.reed.co.uk/jobs/harnham-search-selection/p9243,Actively Hiring,"Salary: £350 - £400 per day | Type: Contract, full-time, Work from home",Reed.co.uk,https://www.reed.co.uk/jobs/harnham-search-selection/p9243,https://www.reed.co.uk/jobs/data-analyst/57252421?source=searchResults&q=data%20analyst&filter=%2Fjobs%2Fdata-analyst-jobs-in-london%3Fq%3Ddata%2Banalyst
Data Analyst,Reed,"City of London, London",2026-08-07,https://www.reed.co.uk/jobs/data-analyst/57209685?source=searchResults&q=data%20analyst&filter=%2Fjobs%2Fdata-analyst-jobs-in-london%3Fq%3Ddata%2Banalyst,https://www.reed.co.uk/jobs/reed/p1342,Actively Hiring,"Salary: £57,500 - £62,500 per annum | Type: Permanent, full-time | Badges: Featured, Easy Apply",Reed.co.uk,https://www.reed.co.uk/jobs/reed/p1342,https://www.reed.co.uk/jobs/data-analyst/57209685?source=searchResults&q=data%20analyst&filter=%2Fjobs%2Fdata-analyst-jobs-in-london%3Fq%3Ddata%2Banalyst
Data Analyst,Harnham - Data & Analytics Recruitment,London,2026-07-15,https://www.reed.co.uk/jobs/data-analyst/57128401?source=searchResults&q=data%20analyst&filter=%2Fjobs%2Fdata-analyst-jobs-in-london%3Fq%3Ddata%2Banalyst,https://www.reed.co.uk/jobs/harnham-search-selection/p9243,Actively Hiring,"Salary: £40,000 - £50,000 per annum | Type: Permanent, full-time | Badges: Easy Apply",Reed.co.uk,https://www.reed.co.uk/jobs/harnham-search-selection/p9243,https://www.reed.co.uk/jobs/data-analyst/57128401?source=searchResults&q=data%20analyst&filter=%2Fjobs%2Fdata-analyst-jobs-in-london%3Fq%3Ddata%2Banalyst
Data Analyst,Sphere Digital Recruitment,London,2026-07-28,https://www.reed.co.uk/jobs/data-analyst/57169866?source=searchResults&q=data%20analyst&filter=%2Fjobs%2Fdata-analyst-jobs-in-london%3Fq%3Ddata%2Banalyst,https://www.reed.co.uk/jobs/sphere-digital-recruitment-limited/p14161,Actively Hiring,"Salary: £50,000 per annum | Type: Permanent, full-time | Badges: Easy Apply",Reed.co.uk,https://www.reed.co.uk/jobs/sphere-digital-recruitment-limited/p14161,https://www.reed.co.uk/jobs/data-analyst/57169866?source=searchResults&q=data%20analyst&filter=%2Fjobs%2Fdata-analyst-jobs-in-london%3Fq%3Ddata%2Banalyst
Data Analyst,Harnham - Data & Analytics Recruitment,London,2026-09-10,https://www.reed.co.uk/jobs/data-analyst/57260576?source=searchResults&q=data%20analyst&filter=%2Fjobs%2Fdata-analyst-jobs-in-london%3Fq%3Ddata%2Banalyst,https://www.reed.co.uk/jobs/harnham-search-selection/p9243,Actively Hiring,"Salary: £350 - £400 per day | Type: Contract, full-time, Work from home",Reed.co.uk,https://www.reed.co.uk/jobs/harnham-search-selection/p9243,https://www.reed.co.uk/jobs/data-analyst/57260576?source=searchResults&q=data%20analyst&filter=%2Fjobs%2Fdata-analyst-jobs-in-london%3Fq%3Ddata%2Banalyst
Data Analyst,Harnham - Data & Analytics Recruitment,London,2026-07-16,https://www.reed.co.uk/jobs/data-analyst/57130483?source=searchResults&q=data%20analyst&filter=%2Fjobs%2Fdata-analyst-jobs-in-london%3Fq%3Ddata%2Banalyst,https://www.reed.co.uk/jobs/harnham-search-selection/p9243,Actively Hiring,"Salary: £45,000 per annum | Type: Permanent, full-time",Reed.co.uk,https://www.reed.co.uk/jobs/harnham-search-selection/p9243,https://www.reed.co.uk/jobs/data-analyst/57130483?source=searchResults&q=data%20analyst&filter=%2Fjobs%2Fdata-analyst-jobs-in-london%3Fq%3Ddata%2Banalyst
Data Analyst,Harnham - Data & Analytics Recruitment,London,2026-07-27,https://www.reed.co.uk/jobs/data-analyst/57165187?source=searchResults&q=data%20analyst&filter=%2Fjobs%2Fdata-analyst-jobs-in-london%3Fq%3Ddata%2Banalyst,https://www.reed.co.uk/jobs/harnham-search-selection/p9243,Actively Hiring,"Salary: £50,000 - £54,000 per annum | Type: Permanent, full-time",Reed.co.uk,https://www.reed.co.uk/jobs/harnham-search-selection/p9243,https://www.reed.co.uk/jobs/data-analyst/57165187?source=searchResults&q=data%20analyst&filter=%2Fjobs%2Fdata-analyst-jobs-in-london%3Fq%3Ddata%2Banalyst
Data Analyst,Harnham - Data & Analytics Recruitment,London,2026-09-10,https://www.reed.co.uk/jobs/data-analyst/57257198?source=searchResults&q=data%20analyst&filter=%2Fjobs%2Fdata-analyst-jobs-in-london%3Fq%3Ddata%2Banalyst,https://www.reed.co.uk/jobs/harnham-search-selection/p9243,Actively Hiring,"Salary: £350 - £400 per day | Type: Contract, full-time | Badges: Easy Apply",Reed.co.uk,https://www.reed.co.uk/jobs/harnham-search-selection/p9243,https://www.reed.co.uk/jobs/data-analyst/57257198?source=searchResults&q=data%20analyst&filter=%2Fjobs%2Fdata-analyst-jobs-in-london%3Fq%3Ddata%2Banalyst
Data Analyst,Addition,London,2026-09-11,https://www.reed.co.uk/jobs/data-analyst/57265515?source=searchResults&q=data%20analyst&filter=%2Fjobs%2Fdata-analyst-jobs-in-london%3Fq%3Ddata%2Banalyst,https://www.reed.co.uk/jobs/addition-solutions-ltd/p27273,Actively Hiring,"Salary: £600 per day | Type: Contract, full-time | Badges: Featured, New, Easy Apply",Reed.co.uk,https://www.reed.co.uk/jobs/addition-solutions-ltd/p27273,https://www.reed.co.uk/jobs/data-analyst/57265515?source=searchResults&q=data%20analyst&filter=%2Fjobs%2Fdata-analyst-jobs-in-london%3Fq%3Ddata%2Banalyst
Data Analyst,Elevate Recruitment Limited,London,2026-07-29,https://www.reed.co.uk/jobs/data-analyst/57174507?source=searchResults&q=data%20analyst&filter=%2Fjobs%2Fdata-analyst-jobs-in-london%3Fq%3Ddata%2Banalyst,https://www.reed.co.uk/jobs/elevate-recruitment-limited/p16038,Actively Hiring,"Salary: £30,000 - £39,000 per annum | Type: Permanent, full-time | Badges: Featured",Reed.co.uk,https://www.reed.co.uk/jobs/elevate-recruitment-limited/p16038,https://www.reed.co.uk/jobs/data-analyst/57174507?source=searchResults&q=data%20analyst&filter=%2Fjobs%2Fdata-analyst-jobs-in-london%3Fq%3Ddata%2Banalyst
Data Analyst,4Recruitment Services,"Harlow, Essex",2026-08-11,https://www.reed.co.uk/jobs/data-analyst/57223600?source=searchResults&q=data%20analyst&filter=%2Fjobs%2Fdata-analyst-jobs-in-london%3Fq%3Ddata%2Banalyst,https://www.reed.co.uk/jobs/4social-work/p10521,Actively Hiring,"Salary: £350 per day | Type: Contract, full-time | Badges: Featured, Easy Apply",Reed.co.uk,https://www.reed.co.uk/jobs/4social-work/p10521,https://www.reed.co.uk/jobs/data-analyst/57223600?source=searchResults&q=data%20analyst&filter=%2Fjobs%2Fdata-analyst-jobs-in-london%3Fq%3Ddata%2Banalyst
Trainee Data Analyst,ITOL Recruit,"North West London, London",2026-08-10,https://www.reed.co.uk/jobs/trainee-data-analyst/57214972?source=searchResults&q=data%20analyst&filter=%2Fjobs%2Fdata-analyst-jobs-in-london%3Fq%3Ddata%2Banalyst,https://www.reed.co.uk/jobs/itonlinelearning-0/p57826,Actively Hiring,"Salary: Training Course | Type: Permanent, full-time",Reed.co.uk,https://www.reed.co.uk/jobs/itonlinelearning-0/p57826,https://www.reed.co.uk/jobs/trainee-data-analyst/57214972?source=searchResults&q=data%20analyst&filter=%2Fjobs%2Fdata-analyst-jobs-in-london%3Fq%3Ddata%2Banalyst
Trainee Data Analyst,ITOL Recruit,"North London, London",2026-08-05,https://www.reed.co.uk/jobs/trainee-data-analyst/57197705?source=searchResults&q=data%20analyst&filter=%2Fjobs%2Fdata-analyst-jobs-in-london%3Fq%3Ddata%2Banalyst,https://www.reed.co.uk/jobs/itonlinelearning-0/p57826,Actively Hiring,"Salary: Training Course | Type: Permanent, full-time",Reed.co.uk,https://www.reed.co.uk/jobs/itonlinelearning-0/p57826,https://www.reed.co.uk/jobs/trainee-data-analyst/57197705?source=searchResults&q=data%20analyst&filter=%2Fjobs%2Fdata-analyst-jobs-in-london%3Fq%3Ddata%2Banalyst
Trainee Data Analyst,ITOL Recruit,London,2026-08-04,https://www.reed.co.uk/jobs/trainee-data-analyst/57192873?source=searchResults&q=data%20analyst&filter=%2Fjobs%2Fdata-analyst-jobs-in-london%3Fq%3Ddata%2Banalyst,https://www.reed.co.uk/jobs/itonlinelearning-0/p57826,Actively Hiring,"Salary: Training Course | Type: Permanent, full-time",Reed.co.uk,https://www.reed.co.uk/jobs/itonlinelearning-0/p57826,https://www.reed.co.uk/jobs/trainee-data-analyst/57192873?source=searchResults&q=data%20analyst&filter=%2Fjobs%2Fdata-analyst-jobs-in-london%3Fq%3Ddata%2Banalyst
Trainee Data Analyst,ITOL Recruit,London,2026-08-03,https://www.reed.co.uk/jobs/trainee-data-analyst/57187760?source=searchResults&q=data%20analyst&filter=%2Fjobs%2Fdata-analyst-jobs-in-london%3Fq%3Ddata%2Banalyst,https://www.reed.co.uk/jobs/itonlinelearning-0/p57826,Actively Hiring,"Salary: Training Course | Type: Permanent, full-time",Reed.co.uk,https://www.reed.co.uk/jobs/itonlinelearning-0/p57826,https://www.reed.co.uk/jobs/trainee-data-analyst/57187760?source=searchResults&q=data%20analyst&filter=%2Fjobs%2Fdata-analyst-jobs-in-london%3Fq%3Ddata%2Banalyst
Trainee Data Analyst,ITOL Recruit,London,2026-08-03,https://www.reed.co.uk/jobs/trainee-data-analyst/57187665?source=searchResults&q=data%20analyst&filter=%2Fjobs%2Fdata-analyst-jobs-in-london%3Fq%3Ddata%2Banalyst,https://www.reed.co.uk/jobs/itonlinelearning-0/p57826,Actively Hiring,"Salary: Training Course | Type: Permanent, full-time",Reed.co.uk,https://www.reed.co.uk/jobs/itonlinelearning-0/p57826,https://www.reed.co.uk/jobs/trainee-data-analyst/57187665?source=searchResults&q=data%20analyst&filter=%2Fjobs%2Fdata-analyst-jobs-in-london%3Fq%3Ddata%2Banalyst
Trainee Data Analyst,ITOL Recruit,London,2026-08-03,https://www.reed.co.uk/jobs/trainee-data-analyst/57187605?source=searchResults&q=data%20analyst&filter=%2Fjobs%2Fdata-analyst-jobs-in-london%3Fq%3Ddata%2Banalyst,https://www.reed.co.uk/jobs/itonlinelearning-0/p57826,Actively Hiring,"Salary: Training Course | Type: Permanent, full-time",Reed.co.uk,https://www.reed.co.uk/jobs/itonlinelearning-0/p57826,https://www.reed.co.uk/jobs/trainee-data-analyst/57187605?source=searchResults&q=data%20analyst&filter=%2Fjobs%2Fdata-analyst-jobs-in-london%3Fq%3Ddata%2Banalyst
Trainee Data Analyst,ITOL Recruit,London,2026-08-03,https://www.reed.co.uk/jobs/trainee-data-analyst/57187464?source=searchResults&q=data%20analyst&filter=%2Fjobs%2Fdata-analyst-jobs-in-london%3Fq%3Ddata%2Banalyst,https://www.reed.co.uk/jobs/itonlinelearning-0/p57826,Actively Hiring,"Salary: Training Course | Type: Permanent, full-time",Reed.co.uk,https://www.reed.co.uk/jobs/itonlinelearning-0/p57826,https://www.reed.co.uk/jobs/trainee-data-analyst/57187464?source=searchResults&q=data%20analyst&filter=%2Fjobs%2Fdata-analyst-jobs-in-london%3Fq%3Ddata%2Banalyst
Data Analyst Trainee,ITOL Recruit,London,2026-08-12,https://www.reed.co.uk/jobs/data-analyst-trainee/57225736?source=searchResults&q=data%20analyst&filter=%2Fjobs%2Fdata-analyst-jobs-in-london%3Fq%3Ddata%2Banalyst,https://www.reed.co.uk/jobs/itonlinelearning-0/p57826,Actively Hiring,"Salary: Training Course | Type: Permanent, full-time",Reed.co.uk,https://www.reed.co.uk/jobs/itonlinelearning-0/p57826,https://www.reed.co.uk/jobs/data-analyst-trainee/57225736?source=searchResults&q=data%20analyst&filter=%2Fjobs%2Fdata-analyst-jobs-in-london%3Fq%3Ddata%2Banalyst
Data Analyst Trainee,ITOL Recruit,London,2026-08-03,https://www.reed.co.uk/jobs/data-analyst-trainee/57187571?source=searchResults&q=data%20analyst&filter=%2Fjobs%2Fdata-analyst-jobs-in-london%3Fq%3Ddata%2Banalyst,https://www.reed.co.uk/jobs/itonlinelearning-0/p57826,Actively Hiring,"Salary: Training Course | Type: Permanent, full-time",Reed.co.uk,https://www.reed.co.uk/jobs/itonlinelearning-0/p57826,https://www.reed.co.uk/jobs/data-analyst-trainee/57187571?source=searchResults&q=data%20analyst&filter=%2Fjobs%2Fdata-analyst-jobs-in-london%3Fq%3Ddata%2Banalyst
Data Analyst,Sagacity,London,2026-08-07,https://www.reed.co.uk/jobs/data-analyst/56815207?source=searchResults&q=data%20analyst&filter=%2Fjobs%2Fdata-analyst-jobs-in-london%3Fq%3Ddata%2Banalyst%26pageno%3D2,https://www.reed.co.uk/jobs/sagacity-solutions-ltd/p37370,Actively Hiring,"Salary: Competitive salary | Type: Permanent, full-time | Badges: Promoted",Reed.co.uk,https://www.reed.co.uk/jobs/sagacity-solutions-ltd/p37370,https://www.reed.co.uk/jobs/data-analyst/56815207?source=searchResults&q=data%20analyst&filter=%2Fjobs%2Fdata-analyst-jobs-in-london%3Fq%3Ddata%2Banalyst%26pageno%3D2
Commercial Data Analyst,Forward Role,London,2026-09-11,https://www.reed.co.uk/jobs/commercial-data-analyst/57265793?source=searchResults&q=data%20analyst&filter=%2Fjobs%2Fdata-analyst-jobs-in-london%3Fq%3Ddata%2Banalyst%26pageno%3D2,https://www.reed.co.uk/jobs/forward-role-recruitment-ltd/p13510,Actively Hiring,"Salary: £45,000 - £55,000 per annum | Type: Permanent, full-time | Badges: New, Easy Apply",Reed.co.uk,https://www.reed.co.uk/jobs/forward-role-recruitment-ltd/p13510,https://www.reed.co.uk/jobs/commercial-data-analyst/57265793?source=searchResults&q=data%20analyst&filter=%2Fjobs%2Fdata-analyst-jobs-in-london%3Fq%3Ddata%2Banalyst%26pageno%3D2
Data Analyst Trainee,Newto Training,London,2026-08-06,https://www.reed.co.uk/jobs/data-analyst-trainee/57189294?source=searchResults&q=data%20analyst&filter=%2Fjobs%2Fdata-analyst-jobs-in-london%3Fq%3Ddata%2Banalyst%26pageno%3D2,https://www.reed.co.uk/jobs/newto-training1/p90206,Actively Hiring,"Salary: Training Course | Type: Permanent, full-time",Reed.co.uk,https://www.reed.co.uk/jobs/newto-training1/p90206,https://www.reed.co.uk/jobs/data-analyst-trainee/57189294?source=searchResults&q=data%20analyst&filter=%2Fjobs%2Fdata-analyst-jobs-in-london%3Fq%3Ddata%2Banalyst%26pageno%3D2
Trainee Data Analyst,ITOL Recruit,London,2026-08-10,https://www.reed.co.uk/jobs/trainee-data-analyst/57215010?source=searchResults&q=data%20analyst&filter=%2Fjobs%2Fdata-analyst-jobs-in-london%3Fq%3Ddata%2Banalyst%26pageno%3D2,https://www.reed.co.uk/jobs/itonlinelearning-0/p57826,Actively Hiring,"Salary: Training Course | Type: Permanent, full-time",Reed.co.uk,https://www.reed.co.uk/jobs/itonlinelearning-0/p57826,https://www.reed.co.uk/jobs/trainee-data-analyst/57215010?source=searchResults&q=data%20analyst&filter=%2Fjobs%2Fdata-analyst-jobs-in-london%3Fq%3Ddata%2Banalyst%26pageno%3D2
Trainee Data Analyst,ITOL Recruit,United Kingdom,2026-08-06,https://www.reed.co.uk/jobs/trainee-data-analyst/57205497?source=searchResults&q=data%20analyst&filter=%2Fjobs%2Fdata-analyst-jobs-in-london%3Fq%3Ddata%2Banalyst%26pageno%3D2,https://www.reed.co.uk/jobs/itonlinelearning-0/p57826,Actively Hiring,"Salary: Training Course | Type: Permanent, full-time | Badges: Featured",Reed.co.uk,https://www.reed.co.uk/jobs/itonlinelearning-0/p57826,https://www.reed.co.uk/jobs/trainee-data-analyst/57205497?source=searchResults&q=data%20analyst&filter=%2Fjobs%2Fdata-analyst-jobs-in-london%3Fq%3Ddata%2Banalyst%26pageno%3D2
Trainee Data Analyst,ITOL Recruit,"East London, London",2026-08-04,https://www.reed.co.uk/jobs/trainee-data-analyst/57192853?source=searchResults&q=data%20analyst&filter=%2Fjobs%2Fdata-analyst-jobs-in-london%3Fq%3Ddata%2Banalyst%26pageno%3D2,https://www.reed.co.uk/jobs/itonlinelearning-0/p57826,Actively Hiring,"Salary: Training Course | Type: Permanent, full-time",Reed.co.uk,https://www.reed.co.uk/jobs/itonlinelearning-0/p57826,https://www.reed.co.uk/jobs/trainee-data-analyst/57192853?source=searchResults&q=data%20analyst&filter=%2Fjobs%2Fdata-analyst-jobs-in-london%3Fq%3Ddata%2Banalyst%26pageno%3D2
Trainee Data Analyst,ITOL Recruit,London,2026-08-04,https://www.reed.co.uk/jobs/trainee-data-analyst/57192473?source=searchResults&q=data%20analyst&filter=%2Fjobs%2Fdata-analyst-jobs-in-london%3Fq%3Ddata%2Banalyst%26pageno%3D2,https://www.reed.co.uk/jobs/itonlinelearning-0/p57826,Actively Hiring,"Salary: Training Course | Type: Permanent, full-time",Reed.co.uk,https://www.reed.co.uk/jobs/itonlinelearning-0/p57826,https://www.reed.co.uk/jobs/trainee-data-analyst/57192473?source=searchResults&q=data%20analyst&filter=%2Fjobs%2Fdata-analyst-jobs-in-london%3Fq%3Ddata%2Banalyst%26pageno%3D2
Trainee Data Analyst,ITOL Recruit,London,2026-08-03,https://www.reed.co.uk/jobs/trainee-data-analyst/57187889?source=searchResults&q=data%20analyst&filter=%2Fjobs%2Fdata-analyst-jobs-in-london%3Fq%3Ddata%2Banalyst%26pageno%3D2,https://www.reed.co.uk/jobs/itonlinelearning-0/p57826,Actively Hiring,"Salary: Training Course | Type: Permanent, full-time",Reed.co.uk,https://www.reed.co.uk/jobs/itonlinelearning-0/p57826,https://www.reed.co.uk/jobs/trainee-data-analyst/57187889?source=searchResults&q=data%20analyst&filter=%2Fjobs%2Fdata-analyst-jobs-in-london%3Fq%3Ddata%2Banalyst%26pageno%3D2
Data Analyst - FTC,Harnham - Data & Analytics Recruitment,London,2026-07-22,https://www.reed.co.uk/jobs/data-analyst-ftc/57149487?source=searchResults&q=data%20analyst&filter=%2Fjobs%2Fdata-analyst-jobs-in-london%3Fq%3Ddata%2Banalyst%26pageno%3D2,https://www.reed.co.uk/jobs/harnham-search-selection/p9243,Actively Hiring,"Salary: £50,000 - £55,000 per annum | Type: Permanent, full-time",Reed.co.uk,https://www.reed.co.uk/jobs/harnham-search-selection/p9243,https://www.reed.co.uk/jobs/data-analyst-ftc/57149487?source=searchResults&q=data%20analyst&filter=%2Fjobs%2Fdata-analyst-jobs-in-london%3Fq%3Ddata%2Banalyst%26pageno%3D2
Data Analyst Trainee,ITOL Recruit,London,2026-08-03,https://www.reed.co.uk/jobs/data-analyst-trainee/57187932?source=searchResults&q=data%20analyst&filter=%2Fjobs%2Fdata-analyst-jobs-in-london%3Fq%3Ddata%2Banalyst%26pageno%3D2,https://www.reed.co.uk/jobs/itonlinelearning-0/p57826,Actively Hiring,"Salary: Training Course | Type: Permanent, full-time",Reed.co.uk,https://www.reed.co.uk/jobs/itonlinelearning-0/p57826,https://www.reed.co.uk/jobs/data-analyst-trainee/57187932?source=searchResults&q=data%20analyst&filter=%2Fjobs%2Fdata-analyst-jobs-in-london%3Fq%3Ddata%2Banalyst%26pageno%3D2
Data Analyst Trainee,ITOL Recruit,London,2026-09-08,https://www.reed.co.uk/jobs/data-analyst-trainee/57248734?source=searchResults&q=data%20analyst&filter=%2Fjobs%2Fdata-analyst-jobs-in-london%3Fq%3Ddata%2Banalyst%26pageno%3D2,https://www.reed.co.uk/jobs/itonlinelearning-0/p57826,Actively Hiring,"Salary: Training Course | Type: Permanent, full-time",Reed.co.uk,https://www.reed.co.uk/jobs/itonlinelearning-0/p57826,https://www.reed.co.uk/jobs/data-analyst-trainee/57248734?source=searchResults&q=data%20analyst&filter=%2Fjobs%2Fdata-analyst-jobs-in-london%3Fq%3Ddata%2Banalyst%26pageno%3D2
Data Analyst Trainee,ITOL Recruit,London,2026-08-12,https://www.reed.co.uk/jobs/data-analyst-trainee/57225795?source=searchResults&q=data%20analyst&filter=%2Fjobs%2Fdata-analyst-jobs-in-london%3Fq%3Ddata%2Banalyst%26pageno%3D2,https://www.reed.co.uk/jobs/itonlinelearning-0/p57826,Actively Hiring,"Salary: Training Course | Type: Permanent, full-time",Reed.co.uk,https://www.reed.co.uk/jobs/itonlinelearning-0/p57826,https://www.reed.co.uk/jobs/data-analyst-trainee/57225795?source=searchResults&q=data%20analyst&filter=%2Fjobs%2Fdata-analyst-jobs-in-london%3Fq%3Ddata%2Banalyst%26pageno%3D2
Data Analyst Trainee,ITOL Recruit,"East London, London",2026-08-12,https://www.reed.co.uk/jobs/data-analyst-trainee/57225724?source=searchResults&q=data%20analyst&filter=%2Fjobs%2Fdata-analyst-jobs-in-london%3Fq%3Ddata%2Banalyst%26pageno%3D2,https://www.reed.co.uk/jobs/itonlinelearning-0/p57826,Actively Hiring,"Salary: Training Course | Type: Permanent, full-time",Reed.co.uk,https://www.reed.co.uk/jobs/itonlinelearning-0/p57826,https://www.reed.co.uk/jobs/data-analyst-trainee/57225724?source=searchResults&q=data%20analyst&filter=%2Fjobs%2Fdata-analyst-jobs-in-london%3Fq%3Ddata%2Banalyst%26pageno%3D2
Data Analyst Trainee,ITOL Recruit,London,2026-08-05,https://www.reed.co.uk/jobs/data-analyst-trainee/57197725?source=searchResults&q=data%20analyst&filter=%2Fjobs%2Fdata-analyst-jobs-in-london%3Fq%3Ddata%2Banalyst%26pageno%3D2,https://www.reed.co.uk/jobs/itonlinelearning-0/p57826,Actively Hiring,"Salary: Training Course | Type: Permanent, full-time",Reed.co.uk,https://www.reed.co.uk/jobs/itonlinelearning-0/p57826,https://www.reed.co.uk/jobs/data-analyst-trainee/57197725?source=searchResults&q=data%20analyst&filter=%2Fjobs%2Fdata-analyst-jobs-in-london%3Fq%3Ddata%2Banalyst%26pageno%3D2
Data Analyst Trainee,ITOL Recruit,London,2026-08-04,https://www.reed.co.uk/jobs/data-analyst-trainee/57192862?source=searchResults&q=data%20analyst&filter=%2Fjobs%2Fdata-analyst-jobs-in-london%3Fq%3Ddata%2Banalyst%26pageno%3D2,https://www.reed.co.uk/jobs/itonlinelearning-0/p57826,Actively Hiring,"Salary: Training Course | Type: Permanent, full-time",Reed.co.uk,https://www.reed.co.uk/jobs/itonlinelearning-0/p57826,https://www.reed.co.uk/jobs/data-analyst-trainee/57192862?source=searchResults&q=data%20analyst&filter=%2Fjobs%2Fdata-analyst-jobs-in-london%3Fq%3Ddata%2Banalyst%26pageno%3D2
Data Analyst Trainee,ITOL Recruit,London,2026-08-05,https://www.reed.co.uk/jobs/data-analyst-trainee/57197856?source=searchResults&q=data%20analyst&filter=%2Fjobs%2Fdata-analyst-jobs-in-london%3Fq%3Ddata%2Banalyst%26pageno%3D2,https://www.reed.co.uk/jobs/itonlinelearning-0/p57826,Actively Hiring,"Salary: Training Course | Type: Permanent, full-time",Reed.co.uk,https://www.reed.co.uk/jobs/itonlinelearning-0/p57826,https://www.reed.co.uk/jobs/data-analyst-trainee/57197856?source=searchResults&q=data%20analyst&filter=%2Fjobs%2Fdata-analyst-jobs-in-london%3Fq%3Ddata%2Banalyst%26pageno%3D2
Marketing Data Analyst,Morgan Hunt Recruitment,"City of London, London",2026-09-07,https://www.reed.co.uk/jobs/marketing-data-analyst/57247082?source=searchResults&q=data%20analyst&filter=%2Fjobs%2Fdata-analyst-jobs-in-london%3Fq%3Ddata%2Banalyst%26pageno%3D2,https://www.reed.co.uk/jobs/morgan-hunt-limited/p15346,Actively Hiring,"Salary: £212.11 per day | Type: Contract, full-time, Work from home | Badges: Easy Apply",Reed.co.uk,https://www.reed.co.uk/jobs/morgan-hunt-limited/p15346,https://www.reed.co.uk/jobs/marketing-data-analyst/57247082?source=searchResults&q=data%20analyst&filter=%2Fjobs%2Fdata-analyst-jobs-in-london%3Fq%3Ddata%2Banalyst%26pageno%3D2
Technical Data Analyst,Adecco,London,2026-08-12,https://www.reed.co.uk/jobs/technical-data-analyst/57226826?source=searchResults&q=data%20analyst&filter=%2Fjobs%2Fdata-analyst-jobs-in-london%3Fq%3Ddata%2Banalyst%26pageno%3D2,https://www.reed.co.uk/jobs/adecco-uk-limited-45420/p45420,Actively Hiring,"Salary: £500 - £600 per day | Type: Contract, full-time | Badges: Easy Apply",Reed.co.uk,https://www.reed.co.uk/jobs/adecco-uk-limited-45420/p45420,https://www.reed.co.uk/jobs/technical-data-analyst/57226826?source=searchResults&q=data%20analyst&filter=%2Fjobs%2Fdata-analyst-jobs-in-london%3Fq%3Ddata%2Banalyst%26pageno%3D2
Finance Data Analyst,Marc Daniels,London,2026-07-24,https://www.reed.co.uk/jobs/finance-data-analyst/57159615?source=searchResults&q=data%20analyst&filter=%2Fjobs%2Fdata-analyst-jobs-in-london%3Fq%3Ddata%2Banalyst%26pageno%3D2,https://www.reed.co.uk/jobs/marc-daniels/p7415,Actively Hiring,"Salary: £60,000 - £70,000 per annum | Type: Permanent, full-time | Badges: Easy Apply",Reed.co.uk,https://www.reed.co.uk/jobs/marc-daniels/p7415,https://www.reed.co.uk/jobs/finance-data-analyst/57159615?source=searchResults&q=data%20analyst&filter=%2Fjobs%2Fdata-analyst-jobs-in-london%3Fq%3Ddata%2Banalyst%26pageno%3D2
Senior Data Analyst,Tenth Revolution Group,London,2026-08-04,https://www.reed.co.uk/jobs/senior-data-analyst/57196714?source=searchResults&q=data%20analyst&filter=%2Fjobs%2Fdata-analyst-jobs-in-london%3Fq%3Ddata%2Banalyst%26pageno%3D2,https://www.reed.co.uk/jobs/tenth-revolution-group-91770/p91770,Actively Hiring,"Salary: £50,000 - £55,000 per annum | Type: Permanent, full-time | Badges: Easy Apply",Reed.co.uk,https://www.reed.co.uk/jobs/tenth-revolution-group-91770/p91770,https://www.reed.co.uk/jobs/senior-data-analyst/57196714?source=searchResults&q=data%20analyst&filter=%2Fjobs%2Fdata-analyst-jobs-in-london%3Fq%3Ddata%2Banalyst%26pageno%3D2
Trainee Data Analyst,ITOL Recruit,London,2026-09-09,https://www.reed.co.uk/jobs/trainee-data-analyst/57253404?source=searchResults&q=data%20analyst&filter=%2Fjobs%2Fdata-analyst-jobs-in-london%3Fq%3Ddata%2Banalyst%26pageno%3D2,https://www.reed.co.uk/jobs/itonlinelearning-0/p57826,Actively Hiring,"Salary: Training Course | Type: Permanent, full-time",Reed.co.uk,https://www.reed.co.uk/jobs/itonlinelearning-0/p57826,https://www.reed.co.uk/jobs/trainee-data-analyst/57253404?source=searchResults&q=data%20analyst&filter=%2Fjobs%2Fdata-analyst-jobs-in-london%3Fq%3Ddata%2Banalyst%26pageno%3D2
Data Analyst Trainee,ITOL Recruit,London,2026-09-09,https://www.reed.co.uk/jobs/data-analyst-trainee/57253388?source=searchResults&q=data%20analyst&filter=%2Fjobs%2Fdata-analyst-jobs-in-london%3Fq%3Ddata%2Banalyst%26pageno%3D2,https://www.reed.co.uk/jobs/itonlinelearning-0/p57826,Actively Hiring,"Salary: Training Course | Type: Permanent, full-time",Reed.co.uk,https://www.reed.co.uk/jobs/itonlinelearning-0/p57826,https://www.reed.co.uk/jobs/data-analyst-trainee/57253388?source=searchResults&q=data%20analyst&filter=%2Fjobs%2Fdata-analyst-jobs-in-london%3Fq%3Ddata%2Banalyst%26pageno%3D2
Data Analyst Trainee,ITOL Recruit,London,2026-08-12,https://www.reed.co.uk/jobs/data-analyst-trainee/57225806?source=searchResults&q=data%20analyst&filter=%2Fjobs%2Fdata-analyst-jobs-in-london%3Fq%3Ddata%2Banalyst%26pageno%3D2,https://www.reed.co.uk/jobs/itonlinelearning-0/p57826,Actively Hiring,"Salary: Training Course | Type: Permanent, full-time",Reed.co.uk,https://www.reed.co.uk/jobs/itonlinelearning-0/p57826,https://www.reed.co.uk/jobs/data-analyst-trainee/57225806?source=searchResults&q=data%20analyst&filter=%2Fjobs%2Fdata-analyst-jobs-in-london%3Fq%3Ddata%2Banalyst%26pageno%3D2
Data Analyst Trainee,ITOL Recruit,London,2026-08-11,https://www.reed.co.uk/jobs/data-analyst-trainee/57221851?source=searchResults&q=data%20analyst&filter=%2Fjobs%2Fdata-analyst-jobs-in-london%3Fq%3Ddata%2Banalyst%26pageno%3D2,https://www.reed.co.uk/jobs/itonlinelearning-0/p57826,Actively Hiring,"Salary: Training Course | Type: Permanent, full-time",Reed.co.uk,https://www.reed.co.uk/jobs/itonlinelearning-0/p57826,https://www.reed.co.uk/jobs/data-analyst-trainee/57221851?source=searchResults&q=data%20analyst&filter=%2Fjobs%2Fdata-analyst-jobs-in-london%3Fq%3Ddata%2Banalyst%26pageno%3D2
Data Analyst Trainee,ITOL Recruit,London,2026-08-04,https://www.reed.co.uk/jobs/data-analyst-trainee/57192594?source=searchResults&q=data%20analyst&filter=%2Fjobs%2Fdata-analyst-jobs-in-london%3Fq%3Ddata%2Banalyst%26pageno%3D2,https://www.reed.co.uk/jobs/itonlinelearning-0/p57826,Actively Hiring,"Salary: Training Course | Type: Permanent, full-time",Reed.co.uk,https://www.reed.co.uk/jobs/itonlinelearning-0/p57826,https://www.reed.co.uk/jobs/data-analyst-trainee/57192594?source=searchResults&q=data%20analyst&filter=%2Fjobs%2Fdata-analyst-jobs-in-london%3Fq%3Ddata%2Banalyst%26pageno%3D2
Trainee Data Analyst,Newto Training,United Kingdom,2026-08-06,https://www.reed.co.uk/jobs/trainee-data-analyst/57189396?source=searchResults&q=data%20analyst&filter=%2Fjobs%2Fdata-analyst-jobs-in-london%3Fq%3Ddata%2Banalyst%26pageno%3D2,https://www.reed.co.uk/jobs/newto-training1/p90206,Actively Hiring,"Salary: Training Course | Type: Permanent, full-time",Reed.co.uk,https://www.reed.co.uk/jobs/newto-training1/p90206,https://www.reed.co.uk/jobs/trainee-data-analyst/57189396?source=searchResults&q=data%20analyst&filter=%2Fjobs%2Fdata-analyst-jobs-in-london%3Fq%3Ddata%2Banalyst%26pageno%3D2
Data Analyst,Sagacity,London,2026-08-07,https://www.reed.co.uk/jobs/data-analyst/56815207?source=searchResults&q=data%20analyst&filter=%2Fjobs%2Fdata-analyst-jobs-in-london%3Fq%3Ddata%2Banalyst%26pageno%3D3,https://www.reed.co.uk/jobs/sagacity-solutions-ltd/p37370,Actively Hiring,"Salary: Competitive salary | Type: Permanent, full-time | Badges: Promoted",Reed.co.uk,https://www.reed.co.uk/jobs/sagacity-solutions-ltd/p37370,https://www.reed.co.uk/jobs/data-analyst/56815207?source=searchResults&q=data%20analyst&filter=%2Fjobs%2Fdata-analyst-jobs-in-london%3Fq%3Ddata%2Banalyst%26pageno%3D3
Graduate Data Analyst,Consula Group LTD,London,2026-07-21,https://www.reed.co.uk/jobs/graduate-data-analyst/57147270?source=searchResults&q=data%20analyst&filter=%2Fjobs%2Fdata-analyst-jobs-in-london%3Fq%3Ddata%2Banalyst%26pageno%3D3,https://www.reed.co.uk/jobs/consula-group-ltd-112861/p112861,Actively Hiring,"Salary: £45,000 per annum | Type: Permanent, full-time | Badges: Featured",Reed.co.uk,https://www.reed.co.uk/jobs/consula-group-ltd-112861/p112861,https://www.reed.co.uk/jobs/graduate-data-analyst/57147270?source=searchResults&q=data%20analyst&filter=%2Fjobs%2Fdata-analyst-jobs-in-london%3Fq%3Ddata%2Banalyst%26pageno%3D3
Trainee Data Analyst,ITOL Recruit,"Uxbridge, Middlesex",2026-08-10,https://www.reed.co.uk/jobs/trainee-data-analyst/57214894?source=searchResults&q=data%20analyst&filter=%2Fjobs%2Fdata-analyst-jobs-in-london%3Fq%3Ddata%2Banalyst%26pageno%3D3,https://www.reed.co.uk/jobs/itonlinelearning-0/p57826,Actively Hiring,"Salary: Training Course | Type: Permanent, full-time",Reed.co.uk,https://www.reed.co.uk/jobs/itonlinelearning-0/p57826,https://www.reed.co.uk/jobs/trainee-data-analyst/57214894?source=searchResults&q=data%20analyst&filter=%2Fjobs%2Fdata-analyst-jobs-in-london%3Fq%3Ddata%2Banalyst%26pageno%3D3
Trainee Data Analyst,ITOL Recruit,"Ilford, Essex",2026-08-10,https://www.reed.co.uk/jobs/trainee-data-analyst/57214826?source=searchResults&q=data%20analyst&filter=%2Fjobs%2Fdata-analyst-jobs-in-london%3Fq%3Ddata%2Banalyst%26pageno%3D3,https://www.reed.co.uk/jobs/itonlinelearning-0/p57826,Actively Hiring,"Salary: Training Course | Type: Permanent, full-time",Reed.co.uk,https://www.reed.co.uk/jobs/itonlinelearning-0/p57826,https://www.reed.co.uk/jobs/trainee-data-analyst/57214826?source=searchResults&q=data%20analyst&filter=%2Fjobs%2Fdata-analyst-jobs-in-london%3Fq%3Ddata%2Banalyst%26pageno%3D3
Trainee Data Analyst,ITOL Recruit,"Crayford, Kent",2026-08-10,https://www.reed.co.uk/jobs/trainee-data-analyst/57214755?source=searchResults&q=data%20analyst&filter=%2Fjobs%2Fdata-analyst-jobs-in-london%3Fq%3Ddata%2Banalyst%26pageno%3D3,https://www.reed.co.uk/jobs/itonlinelearning-0/p57826,Actively Hiring,"Salary: Training Course | Type: Permanent, full-time",Reed.co.uk,https://www.reed.co.uk/jobs/itonlinelearning-0/p57826,https://www.reed.co.uk/jobs/trainee-data-analyst/57214755?source=searchResults&q=data%20analyst&filter=%2Fjobs%2Fdata-analyst-jobs-in-london%3Fq%3Ddata%2Banalyst%26pageno%3D3
Trainee Data Analyst,ITOL Recruit,"Kingston Upon Thames, Surrey",2026-08-05,https://www.reed.co.uk/jobs/trainee-data-analyst/57197703?source=searchResults&q=data%20analyst&filter=%2Fjobs%2Fdata-analyst-jobs-in-london%3Fq%3Ddata%2Banalyst%26pageno%3D3,https://www.reed.co.uk/jobs/itonlinelearning-0/p57826,Actively Hiring,"Salary: Training Course | Type: Permanent, full-time",Reed.co.uk,https://www.reed.co.uk/jobs/itonlinelearning-0/p57826,https://www.reed.co.uk/jobs/trainee-data-analyst/57197703?source=searchResults&q=data%20analyst&filter=%2Fjobs%2Fdata-analyst-jobs-in-london%3Fq%3Ddata%2Banalyst%26pageno%3D3
Trainee Data Analyst,ITOL Recruit,"Twickenham, Middlesex",2026-08-04,https://www.reed.co.uk/jobs/trainee-data-analyst/57192509?source=searchResults&q=data%20analyst&filter=%2Fjobs%2Fdata-analyst-jobs-in-london%3Fq%3Ddata%2Banalyst%26pageno%3D3,https://www.reed.co.uk/jobs/itonlinelearning-0/p57826,Actively Hiring,"Salary: Training Course | Type: Permanent, full-time",Reed.co.uk,https://www.reed.co.uk/jobs/itonlinelearning-0/p57826,https://www.reed.co.uk/jobs/trainee-data-analyst/57192509?source=searchResults&q=data%20analyst&filter=%2Fjobs%2Fdata-analyst-jobs-in-london%3Fq%3Ddata%2Banalyst%26pageno%3D3
Trainee Data Analyst,ITOL Recruit,"Bath Road, Middlesex",2026-08-04,https://www.reed.co.uk/jobs/trainee-data-analyst/57192420?source=searchResults&q=data%20analyst&filter=%2Fjobs%2Fdata-analyst-jobs-in-london%3Fq%3Ddata%2Banalyst%26pageno%3D3,https://www.reed.co.uk/jobs/itonlinelearning-0/p57826,Actively Hiring,"Salary: Training Course | Type: Permanent, full-time",Reed.co.uk,https://www.reed.co.uk/jobs/itonlinelearning-0/p57826,https://www.reed.co.uk/jobs/trainee-data-analyst/57192420?source=searchResults&q=data%20analyst&filter=%2Fjobs%2Fdata-analyst-jobs-in-london%3Fq%3Ddata%2Banalyst%26pageno%3D3
Trainee Data Analyst,ITOL Recruit,"Harrow On The Hill, Middlesex",2026-08-10,https://www.reed.co.uk/jobs/trainee-data-analyst/57214823?source=searchResults&q=data%20analyst&filter=%2Fjobs%2Fdata-analyst-jobs-in-london%3Fq%3Ddata%2Banalyst%26pageno%3D3,https://www.reed.co.uk/jobs/itonlinelearning-0/p57826,Actively Hiring,"Salary: Training Course | Type: Permanent, full-time",Reed.co.uk,https://www.reed.co.uk/jobs/itonlinelearning-0/p57826,https://www.reed.co.uk/jobs/trainee-data-analyst/57214823?source=searchResults&q=data%20analyst&filter=%2Fjobs%2Fdata-analyst-jobs-in-london%3Fq%3Ddata%2Banalyst%26pageno%3D3
Data Analyst Trainee,ITOL Recruit,"Romford, Essex",2026-08-03,https://www.reed.co.uk/jobs/data-analyst-trainee/57188072?source=searchResults&q=data%20analyst&filter=%2Fjobs%2Fdata-analyst-jobs-in-london%3Fq%3Ddata%2Banalyst%26pageno%3D3,https://www.reed.co.uk/jobs/itonlinelearning-0/p57826,Actively Hiring,"Salary: Training Course | Type: Permanent, full-time",Reed.co.uk,https://www.reed.co.uk/jobs/itonlinelearning-0/p57826,https://www.reed.co.uk/jobs/data-analyst-trainee/57188072?source=searchResults&q=data%20analyst&filter=%2Fjobs%2Fdata-analyst-jobs-in-london%3Fq%3Ddata%2Banalyst%26pageno%3D3
Data Analyst Trainee,ITOL Recruit,"Harlow, Essex",2026-08-03,https://www.reed.co.uk/jobs/data-analyst-trainee/57188035?source=searchResults&q=data%20analyst&filter=%2Fjobs%2Fdata-analyst-jobs-in-london%3Fq%3Ddata%2Banalyst%26pageno%3D3,https://www.reed.co.uk/jobs/itonlinelearning-0/p57826,Actively Hiring,"Salary: Training Course | Type: Permanent, full-time",Reed.co.uk,https://www.reed.co.uk/jobs/itonlinelearning-0/p57826,https://www.reed.co.uk/jobs/data-analyst-trainee/57188035?source=searchResults&q=data%20analyst&filter=%2Fjobs%2Fdata-analyst-jobs-in-london%3Fq%3Ddata%2Banalyst%26pageno%3D3
Trainee Data Analyst,ITOL Recruit,"Enfield, Middlesex",2026-09-07,https://www.reed.co.uk/jobs/trainee-data-analyst/57243921?source=searchResults&q=data%20analyst&filter=%2Fjobs%2Fdata-analyst-jobs-in-london%3Fq%3Ddata%2Banalyst%26pageno%3D3,https://www.reed.co.uk/jobs/itonlinelearning-0/p57826,Actively Hiring,"Salary: Training Course | Type: Permanent, full-time",Reed.co.uk,https://www.reed.co.uk/jobs/itonlinelearning-0/p57826,https://www.reed.co.uk/jobs/trainee-data-analyst/57243921?source=searchResults&q=data%20analyst&filter=%2Fjobs%2Fdata-analyst-jobs-in-london%3Fq%3Ddata%2Banalyst%26pageno%3D3
Data Analyst Trainee,ITOL Recruit,"Enfield, Middlesex",2026-08-11,https://www.reed.co.uk/jobs/data-analyst-trainee/57221571?source=searchResults&q=data%20analyst&filter=%2Fjobs%2Fdata-analyst-jobs-in-london%3Fq%3Ddata%2Banalyst%26pageno%3D3,https://www.reed.co.uk/jobs/itonlinelearning-0/p57826,Actively Hiring,"Salary: Training Course | Type: Permanent, full-time",Reed.co.uk,https://www.reed.co.uk/jobs/itonlinelearning-0/p57826,https://www.reed.co.uk/jobs/data-analyst-trainee/57221571?source=searchResults&q=data%20analyst&filter=%2Fjobs%2Fdata-analyst-jobs-in-london%3Fq%3Ddata%2Banalyst%26pageno%3D3
Trainee Data Analyst,ITOL Recruit,"Widmore, Kent",2026-09-09,https://www.reed.co.uk/jobs/trainee-data-analyst/57253622?source=searchResults&q=data%20analyst&filter=%2Fjobs%2Fdata-analyst-jobs-in-london%3Fq%3Ddata%2Banalyst%26pageno%3D3,https://www.reed.co.uk/jobs/itonlinelearning-0/p57826,Actively Hiring,"Salary: Training Course | Type: Permanent, full-time",Reed.co.uk,https://www.reed.co.uk/jobs/itonlinelearning-0/p57826,https://www.reed.co.uk/jobs/trainee-data-analyst/57253622?source=searchResults&q=data%20analyst&filter=%2Fjobs%2Fdata-analyst-jobs-in-london%3Fq%3Ddata%2Banalyst%26pageno%3D3
Data Analyst Trainee,ITOL Recruit,"Sutton, Surrey",2026-08-05,https://www.reed.co.uk/jobs/data-analyst-trainee/57198434?source=searchResults&q=data%20analyst&filter=%2Fjobs%2Fdata-analyst-jobs-in-london%3Fq%3Ddata%2Banalyst%26pageno%3D3,https://www.reed.co.uk/jobs/itonlinelearning-0/p57826,Actively Hiring,"Salary: Training Course | Type: Permanent, full-time",Reed.co.uk,https://www.reed.co.uk/jobs/itonlinelearning-0/p57826,https://www.reed.co.uk/jobs/data-analyst-trainee/57198434?source=searchResults&q=data%20analyst&filter=%2Fjobs%2Fdata-analyst-jobs-in-london%3Fq%3Ddata%2Banalyst%26pageno%3D3
Trainee Data Analyst,Recruitment Solutions,"Westerham, Kent",2026-08-02,https://www.reed.co.uk/jobs/trainee-data-analyst/57171563?source=searchResults&q=data%20analyst&filter=%2Fjobs%2Fdata-analyst-jobs-in-london%3Fq%3Ddata%2Banalyst%26pageno%3D3,https://www.reed.co.uk/jobs/recruitment-solutions-recsol/p6924,Actively Hiring,"Salary: £27,000 per annum | Type: Permanent, full-time",Reed.co.uk,https://www.reed.co.uk/jobs/recruitment-solutions-recsol/p6924,https://www.reed.co.uk/jobs/trainee-data-analyst/57171563?source=searchResults&q=data%20analyst&filter=%2Fjobs%2Fdata-analyst-jobs-in-london%3Fq%3Ddata%2Banalyst%26pageno%3D3
Trainee Data Analyst,ITOL Recruit,"Croydon, Surrey",2026-08-10,https://www.reed.co.uk/jobs/trainee-data-analyst/57214822?source=searchResults&q=data%20analyst&filter=%2Fjobs%2Fdata-analyst-jobs-in-london%3Fq%3Ddata%2Banalyst%26pageno%3D3,https://www.reed.co.uk/jobs/itonlinelearning-0/p57826,Actively Hiring,"Salary: Training Course | Type: Permanent, full-time",Reed.co.uk,https://www.reed.co.uk/jobs/itonlinelearning-0/p57826,https://www.reed.co.uk/jobs/trainee-data-analyst/57214822?source=searchResults&q=data%20analyst&filter=%2Fjobs%2Fdata-analyst-jobs-in-london%3Fq%3Ddata%2Banalyst%26pageno%3D3
Trainee Data Analyst,ITOL Recruit,"Barking, Essex",2026-08-03,https://www.reed.co.uk/jobs/trainee-data-analyst/57187669?source=searchResults&q=data%20analyst&filter=%2Fjobs%2Fdata-analyst-jobs-in-london%3Fq%3Ddata%2Banalyst%26pageno%3D3,https://www.reed.co.uk/jobs/itonlinelearning-0/p57826,Actively Hiring,"Salary: Training Course | Type: Permanent, full-time",Reed.co.uk,https://www.reed.co.uk/jobs/itonlinelearning-0/p57826,https://www.reed.co.uk/jobs/trainee-data-analyst/57187669?source=searchResults&q=data%20analyst&filter=%2Fjobs%2Fdata-analyst-jobs-in-london%3Fq%3Ddata%2Banalyst%26pageno%3D3
Trainee Data Analyst,ITOL Recruit,"Croydon, Surrey",2026-08-04,https://www.reed.co.uk/jobs/trainee-data-analyst/57192526?source=searchResults&q=data%20analyst&filter=%2Fjobs%2Fdata-analyst-jobs-in-london%3Fq%3Ddata%2Banalyst%26pageno%3D3,https://www.reed.co.uk/jobs/itonlinelearning-0/p57826,Actively Hiring,"Salary: Training Course | Type: Permanent, full-time",Reed.co.uk,https://www.reed.co.uk/jobs/itonlinelearning-0/p57826,https://www.reed.co.uk/jobs/trainee-data-analyst/57192526?source=searchResults&q=data%20analyst&filter=%2Fjobs%2Fdata-analyst-jobs-in-london%3Fq%3Ddata%2Banalyst%26pageno%3D3
Data Analyst Trainee,ITOL Recruit,"Watford, Hertfordshire",2026-08-12,https://www.reed.co.uk/jobs/data-analyst-trainee/57225791?source=searchResults&q=data%20analyst&filter=%2Fjobs%2Fdata-analyst-jobs-in-london%3Fq%3Ddata%2Banalyst%26pageno%3D3,https://www.reed.co.uk/jobs/itonlinelearning-0/p57826,Actively Hiring,"Salary: Training Course | Type: Permanent, full-time",Reed.co.uk,https://www.reed.co.uk/jobs/itonlinelearning-0/p57826,https://www.reed.co.uk/jobs/data-analyst-trainee/57225791?source=searchResults&q=data%20analyst&filter=%2Fjobs%2Fdata-analyst-jobs-in-london%3Fq%3Ddata%2Banalyst%26pageno%3D3
Trainee Data Analyst,ITOL Recruit,"Twickenham, Middlesex",2026-08-11,https://www.reed.co.uk/jobs/trainee-data-analyst/57221564?source=searchResults&q=data%20analyst&filter=%2Fjobs%2Fdata-analyst-jobs-in-london%3Fq%3Ddata%2Banalyst%26pageno%3D3,https://www.reed.co.uk/jobs/itonlinelearning-0/p57826,Actively Hiring,"Salary: Training Course | Type: Permanent, full-time",Reed.co.uk,https://www.reed.co.uk/jobs/itonlinelearning-0/p57826,https://www.reed.co.uk/jobs/trainee-data-analyst/57221564?source=searchResults&q=data%20analyst&filter=%2Fjobs%2Fdata-analyst-jobs-in-london%3Fq%3Ddata%2Banalyst%26pageno%3D3
Data Analyst Trainee,ITOL Recruit,"Widmore, Kent",2026-08-11,https://www.reed.co.uk/jobs/data-analyst-trainee/57221563?source=searchResults&q=data%20analyst&filter=%2Fjobs%2Fdata-analyst-jobs-in-london%3Fq%3Ddata%2Banalyst%26pageno%3D3,https://www.reed.co.uk/jobs/itonlinelearning-0/p57826,Actively Hiring,"Salary: Training Course | Type: Permanent, full-time",Reed.co.uk,https://www.reed.co.uk/jobs/itonlinelearning-0/p57826,https://www.reed.co.uk/jobs/data-analyst-trainee/57221563?source=searchResults&q=data%20analyst&filter=%2Fjobs%2Fdata-analyst-jobs-in-london%3Fq%3Ddata%2Banalyst%26pageno%3D3
Data Analyst,No1 Legal and Professional,"East London, London",2026-08-10,https://www.reed.co.uk/jobs/data-analyst/57218005?source=searchResults&q=data%20analyst&filter=%2Fjobs%2Fdata-analyst-jobs-in-london%3Fq%3Ddata%2Banalyst%26pageno%3D3,https://www.reed.co.uk/jobs/no1-legal-limited/p15180,Actively Hiring,"Salary: Salary negotiable | Type: Permanent, full-time",Reed.co.uk,https://www.reed.co.uk/jobs/no1-legal-limited/p15180,https://www.reed.co.uk/jobs/data-analyst/57218005?source=searchResults&q=data%20analyst&filter=%2Fjobs%2Fdata-analyst-jobs-in-london%3Fq%3Ddata%2Banalyst%26pageno%3D3
Data Analyst,Harnham - Data & Analytics Recruitment,London,2026-07-22,https://www.reed.co.uk/jobs/data-analyst/57151100?source=searchResults&q=data%20analyst&filter=%2Fjobs%2Fdata-analyst-jobs-in-london%3Fq%3Ddata%2Banalyst%26pageno%3D3,https://www.reed.co.uk/jobs/harnham-search-selection/p9243,Actively Hiring,"Salary: £50,000 - £55,000 per annum | Type: Permanent, full-time | Badges: Easy Apply",Reed.co.uk,https://www.reed.co.uk/jobs/harnham-search-selection/p9243,https://www.reed.co.uk/jobs/data-analyst/57151100?source=searchResults&q=data%20analyst&filter=%2Fjobs%2Fdata-analyst-jobs-in-london%3Fq%3Ddata%2Banalyst%26pageno%3D3
Data Analyst,Trace | Expert Accountancy & Finance Recruitment,London,2026-08-05,https://www.reed.co.uk/jobs/data-analyst/57202161?source=searchResults&q=data%20analyst&filter=%2Fjobs%2Fdata-analyst-jobs-in-london%3Fq%3Ddata%2Banalyst%26pageno%3D3,https://www.reed.co.uk/jobs/trace-recruit-ltd/p7894,Actively Hiring,"Salary: AUD$50,000 - AUD$60,000 per annum | Type: Permanent, full-time | Badges: Featured, Easy Apply",Reed.co.uk,https://www.reed.co.uk/jobs/trace-recruit-ltd/p7894,https://www.reed.co.uk/jobs/data-analyst/57202161?source=searchResults&q=data%20analyst&filter=%2Fjobs%2Fdata-analyst-jobs-in-london%3Fq%3Ddata%2Banalyst%26pageno%3D3
Data Analyst,Harnham - Data & Analytics Recruitment,London,2026-07-15,https://www.reed.co.uk/jobs/data-analyst/57128388?source=searchResults&q=data%20analyst&filter=%2Fjobs%2Fdata-analyst-jobs-in-london%3Fq%3Ddata%2Banalyst%26pageno%3D3,https://www.reed.co.uk/jobs/harnham-search-selection/p9243,Actively Hiring,"Salary: £40,000 - £45,000 per annum | Type: Permanent, full-time | Badges: Easy Apply",Reed.co.uk,https://www.reed.co.uk/jobs/harnham-search-selection/p9243,https://www.reed.co.uk/jobs/data-analyst/57128388?source=searchResults&q=data%20analyst&filter=%2Fjobs%2Fdata-analyst-jobs-in-london%3Fq%3Ddata%2Banalyst%26pageno%3D3
Data Analyst,Sagacity,London,2026-08-07,https://www.reed.co.uk/jobs/data-analyst/56815207?source=searchResults&q=data%20analyst&filter=%2Fjobs%2Fdata-analyst-jobs-in-london%3Fq%3Ddata%2Banalyst%26pageno%3D4,https://www.reed.co.uk/jobs/sagacity-solutions-ltd/p37370,Actively Hiring,"Salary: Competitive salary | Type: Permanent, full-time | Badges: Promoted",Reed.co.uk,https://www.reed.co.uk/jobs/sagacity-solutions-ltd/p37370,https://www.reed.co.uk/jobs/data-analyst/56815207?source=searchResults&q=data%20analyst&filter=%2Fjobs%2Fdata-analyst-jobs-in-london%3Fq%3Ddata%2Banalyst%26pageno%3D4
Data Analyst,Harnham - Data & Analytics Recruitment,London,2026-07-15,https://www.reed.co.uk/jobs/data-analyst/57128388?source=searchResults&q=data%20analyst&filter=%2Fjobs%2Fdata-analyst-jobs-in-london%3Fq%3Ddata%2Banalyst%26pageno%3D4,https://www.reed.co.uk/jobs/harnham-search-selection/p9243,Actively Hiring,"Salary: £40,000 - £45,000 per annum | Type: Permanent, full-time | Badges: Easy Apply",Reed.co.uk,https://www.reed.co.uk/jobs/harnham-search-selection/p9243,https://www.reed.co.uk/jobs/data-analyst/57128388?source=searchResults&q=data%20analyst&filter=%2Fjobs%2Fdata-analyst-jobs-in-london%3Fq%3Ddata%2Banalyst%26pageno%3D4
Data Analyst,Harnham - Data & Analytics Recruitment,London,2026-08-11,https://www.reed.co.uk/jobs/data-analyst/57225110?source=searchResults&q=data%20analyst&filter=%2Fjobs%2Fdata-analyst-jobs-in-london%3Fq%3Ddata%2Banalyst%26pageno%3D4,https://www.reed.co.uk/jobs/harnham-search-selection/p9243,Actively Hiring,"Salary: £45,000 - £55,000 per annum | Type: Contract, full-time | Badges: Easy Apply",Reed.co.uk,https://www.reed.co.uk/jobs/harnham-search-selection/p9243,https://www.reed.co.uk/jobs/data-analyst/57225110?source=searchResults&q=data%20analyst&filter=%2Fjobs%2Fdata-analyst-jobs-in-london%3Fq%3Ddata%2Banalyst%26pageno%3D4
Data Analyst,Proactive Appointments,"North Acton, London",2026-09-07,https://www.reed.co.uk/jobs/data-analyst/57247528?source=searchResults&q=data%20analyst&filter=%2Fjobs%2Fdata-analyst-jobs-in-london%3Fq%3Ddata%2Banalyst%26pageno%3D4,https://www.reed.co.uk/jobs/proactive-appointments-72728/p72728,Actively Hiring,"Salary: £40,000 - £60,000 per annum | Type: Permanent, full-time | Badges: Featured, Easy Apply",Reed.co.uk,https://www.reed.co.uk/jobs/proactive-appointments-72728/p72728,https://www.reed.co.uk/jobs/data-analyst/57247528?source=searchResults&q=data%20analyst&filter=%2Fjobs%2Fdata-analyst-jobs-in-london%3Fq%3Ddata%2Banalyst%26pageno%3D4
Data Analyst,Reed,"City of London, London",2026-08-07,https://www.reed.co.uk/jobs/data-analyst/57209685?source=searchResults&q=data%20analyst&filter=%2Fjobs%2Fdata-analyst-jobs-in-london%3Fq%3Ddata%2Banalyst%26pageno%3D4,https://www.reed.co.uk/jobs/reed/p1342,Actively Hiring,"Salary: £57,500 - £62,500 per annum | Type: Permanent, full-time | Badges: Featured, Easy Apply",Reed.co.uk,https://www.reed.co.uk/jobs/reed/p1342,https://www.reed.co.uk/jobs/data-analyst/57209685?source=searchResults&q=data%20analyst&filter=%2Fjobs%2Fdata-analyst-jobs-in-london%3Fq%3Ddata%2Banalyst%26pageno%3D4
Data Analyst,Harnham - Data & Analytics Recruitment,London,2026-07-15,https://www.reed.co.uk/jobs/data-analyst/57128401?source=searchResults&q=data%20analyst&filter=%2Fjobs%2Fdata-analyst-jobs-in-london%3Fq%3Ddata%2Banalyst%26pageno%3D4,https://www.reed.co.uk/jobs/harnham-search-selection/p9243,Actively Hiring,"Salary: £40,000 - £50,000 per annum | Type: Permanent, full-time | Badges: Easy Apply",Reed.co.uk,https://www.reed.co.uk/jobs/harnham-search-selection/p9243,https://www.reed.co.uk/jobs/data-analyst/57128401?source=searchResults&q=data%20analyst&filter=%2Fjobs%2Fdata-analyst-jobs-in-london%3Fq%3Ddata%2Banalyst%26pageno%3D4
Data Analyst,Sphere Digital Recruitment,London,2026-07-28,https://www.reed.co.uk/jobs/data-analyst/57169866?source=searchResults&q=data%20analyst&filter=%2Fjobs%2Fdata-analyst-jobs-in-london%3Fq%3Ddata%2Banalyst%26pageno%3D4,https://www.reed.co.uk/jobs/sphere-digital-recruitment-limited/p14161,Actively Hiring,"Salary: £50,000 per annum | Type: Permanent, full-time | Badges: Easy Apply",Reed.co.uk,https://www.reed.co.uk/jobs/sphere-digital-recruitment-limited/p14161,https://www.reed.co.uk/jobs/data-analyst/57169866?source=searchResults&q=data%20analyst&filter=%2Fjobs%2Fdata-analyst-jobs-in-london%3Fq%3Ddata%2Banalyst%26pageno%3D4
Data Analyst,Harnham - Data & Analytics Recruitment,London,2026-09-10,https://www.reed.co.uk/jobs/data-analyst/57260576?source=searchResults&q=data%20analyst&filter=%2Fjobs%2Fdata-analyst-jobs-in-london%3Fq%3Ddata%2Banalyst%26pageno%3D4,https://www.reed.co.uk/jobs/harnham-search-selection/p9243,Actively Hiring,"Salary: £350 - £400 per day | Type: Contract, full-time, Work from home",Reed.co.uk,https://www.reed.co.uk/jobs/harnham-search-selection/p9243,https://www.reed.co.uk/jobs/data-analyst/57260576?source=searchResults&q=data%20analyst&filter=%2Fjobs%2Fdata-analyst-jobs-in-london%3Fq%3Ddata%2Banalyst%26pageno%3D4
Data Analyst,Harnham - Data & Analytics Recruitment,London,2026-07-16,https://www.reed.co.uk/jobs/data-analyst/57130483?source=searchResults&q=data%20analyst&filter=%2Fjobs%2Fdata-analyst-jobs-in-london%3Fq%3Ddata%2Banalyst%26pageno%3D4,https://www.reed.co.uk/jobs/harnham-search-selection/p9243,Actively Hiring,"Salary: £45,000 per annum | Type: Permanent, full-time",Reed.co.uk,https://www.reed.co.uk/jobs/harnham-search-selection/p9243,https://www.reed.co.uk/jobs/data-analyst/57130483?source=searchResults&q=data%20analyst&filter=%2Fjobs%2Fdata-analyst-jobs-in-london%3Fq%3Ddata%2Banalyst%26pageno%3D4
Data Analyst,Harnham - Data & Analytics Recruitment,London,2026-07-27,https://www.reed.co.uk/jobs/data-analyst/57165187?source=searchResults&q=data%20analyst&filter=%2Fjobs%2Fdata-analyst-jobs-in-london%3Fq%3Ddata%2Banalyst%26pageno%3D4,https://www.reed.co.uk/jobs/harnham-search-selection/p9243,Actively Hiring,"Salary: £50,000 - £54,000 per annum | Type: Permanent, full-time",Reed.co.uk,https://www.reed.co.uk/jobs/harnham-search-selection/p9243,https://www.reed.co.uk/jobs/data-analyst/57165187?source=searchResults&q=data%20analyst&filter=%2Fjobs%2Fdata-analyst-jobs-in-london%3Fq%3Ddata%2Banalyst%26pageno%3D4
Data Analyst,Harnham - Data & Analytics Recruitment,London,2026-09-10,https://www.reed.co.uk/jobs/data-analyst/57257198?source=searchResults&q=data%20analyst&filter=%2Fjobs%2Fdata-analyst-jobs-in-london%3Fq%3Ddata%2Banalyst%26pageno%3D4,https://www.reed.co.uk/jobs/harnham-search-selection/p9243,Actively Hiring,"Salary: £350 - £400 per day | Type: Contract, full-time | Badges: Easy Apply",Reed.co.uk,https://www.reed.co.uk/jobs/harnham-search-selection/p9243,https://www.reed.co.uk/jobs/data-analyst/57257198?source=searchResults&q=data%20analyst&filter=%2Fjobs%2Fdata-analyst-jobs-in-london%3Fq%3Ddata%2Banalyst%26pageno%3D4
Data Analyst,Addition,London,2026-09-11,https://www.reed.co.uk/jobs/data-analyst/57265515?source=searchResults&q=data%20analyst&filter=%2Fjobs%2Fdata-analyst-jobs-in-london%3Fq%3Ddata%2Banalyst%26pageno%3D4,https://www.reed.co.uk/jobs/addition-solutions-ltd/p27273,Actively Hiring,"Salary: £600 per day | Type: Contract, full-time | Badges: Featured, New, Easy Apply",Reed.co.uk,https://www.reed.co.uk/jobs/addition-solutions-ltd/p27273,https://www.reed.co.uk/jobs/data-analyst/57265515?source=searchResults&q=data%20analyst&filter=%2Fjobs%2Fdata-analyst-jobs-in-london%3Fq%3Ddata%2Banalyst%26pageno%3D4
Trainee Data Analyst - job guarantee,Newto Training,London,2026-08-06,https://www.reed.co.uk/jobs/trainee-data-analyst-job-guarantee/57189296?source=searchResults&q=data%20analyst&filter=%2Fjobs%2Fdata-analyst-jobs-in-london%3Fq%3Ddata%2Banalyst%26pageno%3D4,https://www.reed.co.uk/jobs/newto-training1/p90206,Actively Hiring,"Salary: Training Course | Type: Permanent, full-time",Reed.co.uk,https://www.reed.co.uk/jobs/newto-training1/p90206,https://www.reed.co.uk/jobs/trainee-data-analyst-job-guarantee/57189296?source=searchResults&q=data%20analyst&filter=%2Fjobs%2Fdata-analyst-jobs-in-london%3Fq%3Ddata%2Banalyst%26pageno%3D4
Data Analyst (Net Asset Value),Robert Half,London,2026-07-23,https://www.reed.co.uk/jobs/data-analyst-net-asset-value/57153174?source=searchResults&q=data%20analyst&filter=%2Fjobs%2Fdata-analyst-jobs-in-london%3Fq%3Ddata%2Banalyst%26pageno%3D4,https://www.reed.co.uk/jobs/robert-half-92729/p92729,Actively Hiring,"Salary: Salary negotiable | Type: Permanent, full-time | Badges: Featured, Easy Apply",Reed.co.uk,https://www.reed.co.uk/jobs/robert-half-92729/p92729,https://www.reed.co.uk/jobs/data-analyst-net-asset-value/57153174?source=searchResults&q=data%20analyst&filter=%2Fjobs%2Fdata-analyst-jobs-in-london%3Fq%3Ddata%2Banalyst%26pageno%3D4
Data Insights Analyst,Proactive Appointments,"Staines-upon-Thames, Middlesex",2026-09-11,https://www.reed.co.uk/jobs/data-insights-analyst/57265490?source=searchResults&q=data%20analyst&filter=%2Fjobs%2Fdata-analyst-jobs-in-london%3Fq%3Ddata%2Banalyst%26pageno%3D4,https://www.reed.co.uk/jobs/proactive-appointments-72728/p72728,Actively Hiring,"Salary: £45,000 - £55,000 per annum | Type: Permanent, full-time | Badges: Featured, New, Easy Apply",Reed.co.uk,https://www.reed.co.uk/jobs/proactive-appointments-72728/p72728,https://www.reed.co.uk/jobs/data-insights-analyst/57265490?source=searchResults&q=data%20analyst&filter=%2Fjobs%2Fdata-analyst-jobs-in-london%3Fq%3Ddata%2Banalyst%26pageno%3D4
Data Analyst Trainee,ITOL Recruit,London,2026-08-10,https://www.reed.co.uk/jobs/data-analyst-trainee/57214739?source=searchResults&q=data%20analyst&filter=%2Fjobs%2Fdata-analyst-jobs-in-london%3Fq%3Ddata%2Banalyst%26pageno%3D4,https://www.reed.co.uk/jobs/itonlinelearning-0/p57826,Actively Hiring,"Salary: Training Course | Type: Permanent, full-time",Reed.co.uk,https://www.reed.co.uk/jobs/itonlinelearning-0/p57826,https://www.reed.co.uk/jobs/data-analyst-trainee/57214739?source=searchResults&q=data%20analyst&filter=%2Fjobs%2Fdata-analyst-jobs-in-london%3Fq%3Ddata%2Banalyst%26pageno%3D4
Data Analyst Trainee,ITOL Recruit,London,2026-09-07,https://www.reed.co.uk/jobs/data-analyst-trainee/57243902?source=searchResults&q=data%20analyst&filter=%2Fjobs%2Fdata-analyst-jobs-in-london%3Fq%3Ddata%2Banalyst%26pageno%3D4,https://www.reed.co.uk/jobs/itonlinelearning-0/p57826,Actively Hiring,"Salary: Training Course | Type: Permanent, full-time",Reed.co.uk,https://www.reed.co.uk/jobs/itonlinelearning-0/p57826,https://www.reed.co.uk/jobs/data-analyst-trainee/57243902?source=searchResults&q=data%20analyst&filter=%2Fjobs%2Fdata-analyst-jobs-in-london%3Fq%3Ddata%2Banalyst%26pageno%3D4
Data Analyst Trainee,ITOL Recruit,London,2026-08-12,https://www.reed.co.uk/jobs/data-analyst-trainee/57225782?source=searchResults&q=data%20analyst&filter=%2Fjobs%2Fdata-analyst-jobs-in-london%3Fq%3Ddata%2Banalyst%26pageno%3D4,https://www.reed.co.uk/jobs/itonlinelearning-0/p57826,Actively Hiring,"Salary: Training Course | Type: Permanent, full-time",Reed.co.uk,https://www.reed.co.uk/jobs/itonlinelearning-0/p57826,https://www.reed.co.uk/jobs/data-analyst-trainee/57225782?source=searchResults&q=data%20analyst&filter=%2Fjobs%2Fdata-analyst-jobs-in-london%3Fq%3Ddata%2Banalyst%26pageno%3D4
Data Analyst Trainee,ITOL Recruit,London,2026-08-11,https://www.reed.co.uk/jobs/data-analyst-trainee/57221850?source=searchResults&q=data%20analyst&filter=%2Fjobs%2Fdata-analyst-jobs-in-london%3Fq%3Ddata%2Banalyst%26pageno%3D4,https://www.reed.co.uk/jobs/itonlinelearning-0/p57826,Actively Hiring,"Salary: Training Course | Type: Permanent, full-time",Reed.co.uk,https://www.reed.co.uk/jobs/itonlinelearning-0/p57826,https://www.reed.co.uk/jobs/data-analyst-trainee/57221850?source=searchResults&q=data%20analyst&filter=%2Fjobs%2Fdata-analyst-jobs-in-london%3Fq%3Ddata%2Banalyst%26pageno%3D4
Data Analyst Trainee,ITOL Recruit,United Kingdom,2026-07-20,https://www.reed.co.uk/jobs/data-analyst-trainee/57140475?source=searchResults&q=data%20analyst&filter=%2Fjobs%2Fdata-analyst-jobs-in-london%3Fq%3Ddata%2Banalyst%26pageno%3D4,https://www.reed.co.uk/jobs/itonlinelearning-0/p57826,Actively Hiring,"Salary: Training Course | Type: Permanent, full-time | Badges: Featured",Reed.co.uk,https://www.reed.co.uk/jobs/itonlinelearning-0/p57826,https://www.reed.co.uk/jobs/data-analyst-trainee/57140475?source=searchResults&q=data%20analyst&filter=%2Fjobs%2Fdata-analyst-jobs-in-london%3Fq%3Ddata%2Banalyst%26pageno%3D4
Senior Data Analyst,Tenth Revolution Group,London,2026-08-12,https://www.reed.co.uk/jobs/senior-data-analyst/57228302?source=searchResults&q=data%20analyst&filter=%2Fjobs%2Fdata-analyst-jobs-in-london%3Fq%3Ddata%2Banalyst%26pageno%3D4,https://www.reed.co.uk/jobs/tenth-revolution-group-91770/p91770,Actively Hiring,"Salary: £45,000 - £55,000 per annum | Type: Permanent, full-time | Badges: Easy Apply",Reed.co.uk,https://www.reed.co.uk/jobs/tenth-revolution-group-91770/p91770,https://www.reed.co.uk/jobs/senior-data-analyst/57228302?source=searchResults&q=data%20analyst&filter=%2Fjobs%2Fdata-analyst-jobs-in-london%3Fq%3Ddata%2Banalyst%26pageno%3D4
Remediation Data Analyst,Circle Recruitment,London,2026-09-10,https://www.reed.co.uk/jobs/remediation-data-analyst/57257051?source=searchResults&q=data%20analyst&filter=%2Fjobs%2Fdata-analyst-jobs-in-london%3Fq%3Ddata%2Banalyst%26pageno%3D4,https://www.reed.co.uk/jobs/circle-recruitment/p3677,Actively Hiring,"Salary: £300 - £400 per day | Type: Contract, full-time",Reed.co.uk,https://www.reed.co.uk/jobs/circle-recruitment/p3677,https://www.reed.co.uk/jobs/remediation-data-analyst/57257051?source=searchResults&q=data%20analyst&filter=%2Fjobs%2Fdata-analyst-jobs-in-london%3Fq%3Ddata%2Banalyst%26pageno%3D4
Data Analyst Trainee,ITOL Recruit,London,2026-08-11,https://www.reed.co.uk/jobs/data-analyst-trainee/57221573?source=searchResults&q=data%20analyst&filter=%2Fjobs%2Fdata-analyst-jobs-in-london%3Fq%3Ddata%2Banalyst%26pageno%3D4,https://www.reed.co.uk/jobs/itonlinelearning-0/p57826,Actively Hiring,"Salary: Training Course | Type: Permanent, full-time",Reed.co.uk,https://www.reed.co.uk/jobs/itonlinelearning-0/p57826,https://www.reed.co.uk/jobs/data-analyst-trainee/57221573?source=searchResults&q=data%20analyst&filter=%2Fjobs%2Fdata-analyst-jobs-in-london%3Fq%3Ddata%2Banalyst%26pageno%3D4
Data Analyst Trainee,ITOL Recruit,"North West London, London",2026-09-08,https://www.reed.co.uk/jobs/data-analyst-trainee/57248466?source=searchResults&q=data%20analyst&filter=%2Fjobs%2Fdata-analyst-jobs-in-london%3Fq%3Ddata%2Banalyst%26pageno%3D4,https://www.reed.co.uk/jobs/itonlinelearning-0/p57826,Actively Hiring,"Salary: Training Course | Type: Permanent, full-time",Reed.co.uk,https://www.reed.co.uk/jobs/itonlinelearning-0/p57826,https://www.reed.co.uk/jobs/data-analyst-trainee/57248466?source=searchResults&q=data%20analyst&filter=%2Fjobs%2Fdata-analyst-jobs-in-london%3Fq%3Ddata%2Banalyst%26pageno%3D4
Data Analyst Trainee,ITOL Recruit,London,2026-09-08,https://www.reed.co.uk/jobs/data-analyst-trainee/57248461?source=searchResults&q=data%20analyst&filter=%2Fjobs%2Fdata-analyst-jobs-in-london%3Fq%3Ddata%2Banalyst%26pageno%3D4,https://www.reed.co.uk/jobs/itonlinelearning-0/p57826,Actively Hiring,"Salary: Training Course | Type: Permanent, full-time",Reed.co.uk,https://www.reed.co.uk/jobs/itonlinelearning-0/p57826,https://www.reed.co.uk/jobs/data-analyst-trainee/57248461?source=searchResults&q=data%20analyst&filter=%2Fjobs%2Fdata-analyst-jobs-in-london%3Fq%3Ddata%2Banalyst%26pageno%3D4
Data Analyst Trainee,ITOL Recruit,London,2026-09-07,https://www.reed.co.uk/jobs/data-analyst-trainee/57243928?source=searchResults&q=data%20analyst&filter=%2Fjobs%2Fdata-analyst-jobs-in-london%3Fq%3Ddata%2Banalyst%26pageno%3D4,https://www.reed.co.uk/jobs/itonlinelearning-0/p57826,Actively Hiring,"Salary: Training Course | Type: Permanent, full-time",Reed.co.uk,https://www.reed.co.uk/jobs/itonlinelearning-0/p57826,https://www.reed.co.uk/jobs/data-analyst-trainee/57243928?source=searchResults&q=data%20analyst&filter=%2Fjobs%2Fdata-analyst-jobs-in-london%3Fq%3Ddata%2Banalyst%26pageno%3D4
Data Analyst,Sagacity,London,2026-08-07,https://www.reed.co.uk/jobs/data-analyst/56815207?source=searchResults&q=data%20analyst&filter=%2Fjobs%2Fdata-analyst-jobs-in-london%3Fq%3Ddata%2Banalyst%26pageno%3D5,https://www.reed.co.uk/jobs/sagacity-solutions-ltd/p37370,Actively Hiring,"Salary: Competitive salary | Type: Permanent, full-time | Badges: Promoted",Reed.co.uk,https://www.reed.co.uk/jobs/sagacity-solutions-ltd/p37370,https://www.reed.co.uk/jobs/data-analyst/56815207?source=searchResults&q=data%20analyst&filter=%2Fjobs%2Fdata-analyst-jobs-in-london%3Fq%3Ddata%2Banalyst%26pageno%3D5
Salesforce Data Analyst,Morgan McKinley,London,2026-07-17,https://www.reed.co.uk/jobs/salesforce-data-analyst/57136375?source=searchResults&q=data%20analyst&filter=%2Fjobs%2Fdata-analyst-jobs-in-london%3Fq%3Ddata%2Banalyst%26pageno%3D5,https://www.reed.co.uk/jobs/morgan-mckinley/p2210,Actively Hiring,"Salary: £220 - £240 per day | Type: Contract, full-time | Badges: Easy Apply",Reed.co.uk,https://www.reed.co.uk/jobs/morgan-mckinley/p2210,https://www.reed.co.uk/jobs/salesforce-data-analyst/57136375?source=searchResults&q=data%20analyst&filter=%2Fjobs%2Fdata-analyst-jobs-in-london%3Fq%3Ddata%2Banalyst%26pageno%3D5
Data Analyst Trainee,ITOL Recruit,London,2026-09-09,https://www.reed.co.uk/jobs/data-analyst-trainee/57253383?source=searchResults&q=data%20analyst&filter=%2Fjobs%2Fdata-analyst-jobs-in-london%3Fq%3Ddata%2Banalyst%26pageno%3D5,https://www.reed.co.uk/jobs/itonlinelearning-0/p57826,Actively Hiring,"Salary: Training Course | Type: Permanent, full-time",Reed.co.uk,https://www.reed.co.uk/jobs/itonlinelearning-0/p57826,https://www.reed.co.uk/jobs/data-analyst-trainee/57253383?source=searchResults&q=data%20analyst&filter=%2Fjobs%2Fdata-analyst-jobs-in-london%3Fq%3Ddata%2Banalyst%26pageno%3D5
Data Analyst Trainee,ITOL Recruit,"Harrow On The Hill, Middlesex",2026-08-10,https://www.reed.co.uk/jobs/data-analyst-trainee/57215059?source=searchResults&q=data%20analyst&filter=%2Fjobs%2Fdata-analyst-jobs-in-london%3Fq%3Ddata%2Banalyst%26pageno%3D5,https://www.reed.co.uk/jobs/itonlinelearning-0/p57826,Actively Hiring,"Salary: Training Course | Type: Permanent, full-time",Reed.co.uk,https://www.reed.co.uk/jobs/itonlinelearning-0/p57826,https://www.reed.co.uk/jobs/data-analyst-trainee/57215059?source=searchResults&q=data%20analyst&filter=%2Fjobs%2Fdata-analyst-jobs-in-london%3Fq%3Ddata%2Banalyst%26pageno%3D5
Data Analyst Trainee,ITOL Recruit,"Hounslow, Middlesex",2026-09-07,https://www.reed.co.uk/jobs/data-analyst-trainee/57243913?source=searchResults&q=data%20analyst&filter=%2Fjobs%2Fdata-analyst-jobs-in-london%3Fq%3Ddata%2Banalyst%26pageno%3D5,https://www.reed.co.uk/jobs/itonlinelearning-0/p57826,Actively Hiring,"Salary: Training Course | Type: Permanent, full-time",Reed.co.uk,https://www.reed.co.uk/jobs/itonlinelearning-0/p57826,https://www.reed.co.uk/jobs/data-analyst-trainee/57243913?source=searchResults&q=data%20analyst&filter=%2Fjobs%2Fdata-analyst-jobs-in-london%3Fq%3Ddata%2Banalyst%26pageno%3D5
Data Analyst Trainee,ITOL Recruit,"Dagenham, Essex",2026-08-12,https://www.reed.co.uk/jobs/data-analyst-trainee/57225764?source=searchResults&q=data%20analyst&filter=%2Fjobs%2Fdata-analyst-jobs-in-london%3Fq%3Ddata%2Banalyst%26pageno%3D5,https://www.reed.co.uk/jobs/itonlinelearning-0/p57826,Actively Hiring,"Salary: Training Course | Type: Permanent, full-time",Reed.co.uk,https://www.reed.co.uk/jobs/itonlinelearning-0/p57826,https://www.reed.co.uk/jobs/data-analyst-trainee/57225764?source=searchResults&q=data%20analyst&filter=%2Fjobs%2Fdata-analyst-jobs-in-london%3Fq%3Ddata%2Banalyst%26pageno%3D5
Data Analyst Trainee,ITOL Recruit,"Grays, Essex",2026-08-05,https://www.reed.co.uk/jobs/data-analyst-trainee/57198347?source=searchResults&q=data%20analyst&filter=%2Fjobs%2Fdata-analyst-jobs-in-london%3Fq%3Ddata%2Banalyst%26pageno%3D5,https://www.reed.co.uk/jobs/itonlinelearning-0/p57826,Actively Hiring,"Salary: Training Course | Type: Permanent, full-time",Reed.co.uk,https://www.reed.co.uk/jobs/itonlinelearning-0/p57826,https://www.reed.co.uk/jobs/data-analyst-trainee/57198347?source=searchResults&q=data%20analyst&filter=%2Fjobs%2Fdata-analyst-jobs-in-london%3Fq%3Ddata%2Banalyst%26pageno%3D5
Data Analyst Trainee,ITOL Recruit,"Twickenham, Middlesex",2026-08-10,https://www.reed.co.uk/jobs/data-analyst-trainee/57214808?source=searchResults&q=data%20analyst&filter=%2Fjobs%2Fdata-analyst-jobs-in-london%3Fq%3Ddata%2Banalyst%26pageno%3D5,https://www.reed.co.uk/jobs/itonlinelearning-0/p57826,Actively Hiring,"Salary: Training Course | Type: Permanent, full-time",Reed.co.uk,https://www.reed.co.uk/jobs/itonlinelearning-0/p57826,https://www.reed.co.uk/jobs/data-analyst-trainee/57214808?source=searchResults&q=data%20analyst&filter=%2Fjobs%2Fdata-analyst-jobs-in-london%3Fq%3Ddata%2Banalyst%26pageno%3D5
Data Analyst Trainee,ITOL Recruit,"Romford, Essex",2026-08-05,https://www.reed.co.uk/jobs/data-analyst-trainee/57197792?source=searchResults&q=data%20analyst&filter=%2Fjobs%2Fdata-analyst-jobs-in-london%3Fq%3Ddata%2Banalyst%26pageno%3D5,https://www.reed.co.uk/jobs/itonlinelearning-0/p57826,Actively Hiring,"Salary: Training Course | Type: Permanent, full-time",Reed.co.uk,https://www.reed.co.uk/jobs/itonlinelearning-0/p57826,https://www.reed.co.uk/jobs/data-analyst-trainee/57197792?source=searchResults&q=data%20analyst&filter=%2Fjobs%2Fdata-analyst-jobs-in-london%3Fq%3Ddata%2Banalyst%26pageno%3D5
Data Analyst Trainee,ITOL Recruit,"Beckenham, Kent",2026-09-08,https://www.reed.co.uk/jobs/data-analyst-trainee/57248921?source=searchResults&q=data%20analyst&filter=%2Fjobs%2Fdata-analyst-jobs-in-london%3Fq%3Ddata%2Banalyst%26pageno%3D5,https://www.reed.co.uk/jobs/itonlinelearning-0/p57826,Actively Hiring,"Salary: Training Course | Type: Permanent, full-time",Reed.co.uk,https://www.reed.co.uk/jobs/itonlinelearning-0/p57826,https://www.reed.co.uk/jobs/data-analyst-trainee/57248921?source=searchResults&q=data%20analyst&filter=%2Fjobs%2Fdata-analyst-jobs-in-london%3Fq%3Ddata%2Banalyst%26pageno%3D5
Data Analyst Trainee,ITOL Recruit,"St. Albans, Hertfordshire",2026-08-10,https://www.reed.co.uk/jobs/data-analyst-trainee/57214741?source=searchResults&q=data%20analyst&filter=%2Fjobs%2Fdata-analyst-jobs-in-london%3Fq%3Ddata%2Banalyst%26pageno%3D5,https://www.reed.co.uk/jobs/itonlinelearning-0/p57826,Actively Hiring,"Salary: Training Course | Type: Permanent, full-time",Reed.co.uk,https://www.reed.co.uk/jobs/itonlinelearning-0/p57826,https://www.reed.co.uk/jobs/data-analyst-trainee/57214741?source=searchResults&q=data%20analyst&filter=%2Fjobs%2Fdata-analyst-jobs-in-london%3Fq%3Ddata%2Banalyst%26pageno%3D5
Data Analyst Trainee,ITOL Recruit,"Uxbridge, Middlesex",2026-09-07,https://www.reed.co.uk/jobs/data-analyst-trainee/57243903?source=searchResults&q=data%20analyst&filter=%2Fjobs%2Fdata-analyst-jobs-in-london%3Fq%3Ddata%2Banalyst%26pageno%3D5,https://www.reed.co.uk/jobs/itonlinelearning-0/p57826,Actively Hiring,"Salary: Training Course | Type: Permanent, full-time",Reed.co.uk,https://www.reed.co.uk/jobs/itonlinelearning-0/p57826,https://www.reed.co.uk/jobs/data-analyst-trainee/57243903?source=searchResults&q=data%20analyst&filter=%2Fjobs%2Fdata-analyst-jobs-in-london%3Fq%3Ddata%2Banalyst%26pageno%3D5
Data Analyst Trainee,ITOL Recruit,"Enfield, Middlesex",2026-08-03,https://www.reed.co.uk/jobs/data-analyst-trainee/57187960?source=searchResults&q=data%20analyst&filter=%2Fjobs%2Fdata-analyst-jobs-in-london%3Fq%3Ddata%2Banalyst%26pageno%3D5,https://www.reed.co.uk/jobs/itonlinelearning-0/p57826,Actively Hiring,"Salary: Training Course | Type: Permanent, full-time",Reed.co.uk,https://www.reed.co.uk/jobs/itonlinelearning-0/p57826,https://www.reed.co.uk/jobs/data-analyst-trainee/57187960?source=searchResults&q=data%20analyst&filter=%2Fjobs%2Fdata-analyst-jobs-in-london%3Fq%3Ddata%2Banalyst%26pageno%3D5
Data Analyst Trainee,ITOL Recruit,"Croydon, Surrey",2026-08-03,https://www.reed.co.uk/jobs/data-analyst-trainee/57187504?source=searchResults&q=data%20analyst&filter=%2Fjobs%2Fdata-analyst-jobs-in-london%3Fq%3Ddata%2Banalyst%26pageno%3D5,https://www.reed.co.uk/jobs/itonlinelearning-0/p57826,Actively Hiring,"Salary: Training Course | Type: Permanent, full-time",Reed.co.uk,https://www.reed.co.uk/jobs/itonlinelearning-0/p57826,https://www.reed.co.uk/jobs/data-analyst-trainee/57187504?source=searchResults&q=data%20analyst&filter=%2Fjobs%2Fdata-analyst-jobs-in-london%3Fq%3Ddata%2Banalyst%26pageno%3D5
Exposure / Quantitative Data Analyst,Insight Select Ltd,"City of London, London",2026-08-10,https://www.reed.co.uk/jobs/exposure-quantitative-data-analyst/57216301?source=searchResults&q=data%20analyst&filter=%2Fjobs%2Fdata-analyst-jobs-in-london%3Fq%3Ddata%2Banalyst%26pageno%3D5,https://www.reed.co.uk/jobs/insight-select-ltd/p73737,Actively Hiring,"Salary: £80,000 - £90,000 per annum | Type: Permanent, full-time | Badges: Easy Apply",Reed.co.uk,https://www.reed.co.uk/jobs/insight-select-ltd/p73737,https://www.reed.co.uk/jobs/exposure-quantitative-data-analyst/57216301?source=searchResults&q=data%20analyst&filter=%2Fjobs%2Fdata-analyst-jobs-in-london%3Fq%3Ddata%2Banalyst%26pageno%3D5
Trainee Data Analyst Associate,Newto Training,United Kingdom,2026-08-06,https://www.reed.co.uk/jobs/trainee-data-analyst-associate/57189444?source=searchResults&q=data%20analyst&filter=%2Fjobs%2Fdata-analyst-jobs-in-london%3Fq%3Ddata%2Banalyst%26pageno%3D5,https://www.reed.co.uk/jobs/newto-training1/p90206,Actively Hiring,"Salary: Training Course | Type: Permanent, full-time",Reed.co.uk,https://www.reed.co.uk/jobs/newto-training1/p90206,https://www.reed.co.uk/jobs/trainee-data-analyst-associate/57189444?source=searchResults&q=data%20analyst&filter=%2Fjobs%2Fdata-analyst-jobs-in-london%3Fq%3Ddata%2Banalyst%26pageno%3D5
Data Analyst - Vendor Licensing,VIQU IT Recruitment,London,2026-07-23,https://www.reed.co.uk/jobs/data-analyst-vendor-licensing/57155041?source=searchResults&q=data%20analyst&filter=%2Fjobs%2Fdata-analyst-jobs-in-london%3Fq%3Ddata%2Banalyst%26pageno%3D5,https://www.reed.co.uk/jobs/viqu-limited-86416/p86416,Actively Hiring,"Salary: £40,000 - £50,000 per annum | Type: Permanent, full-time | Badges: Easy Apply",Reed.co.uk,https://www.reed.co.uk/jobs/viqu-limited-86416/p86416,https://www.reed.co.uk/jobs/data-analyst-vendor-licensing/57155041?source=searchResults&q=data%20analyst&filter=%2Fjobs%2Fdata-analyst-jobs-in-london%3Fq%3Ddata%2Banalyst%26pageno%3D5
"PMO Analyst – Data, Insights and Assurance",SGN,London,2026-08-13,https://www.reed.co.uk/jobs/pmo-analyst--data-insights-and-assurance/56865296?source=searchResults&q=data%20analyst&filter=%2Fjobs%2Fdata-analyst-jobs-in-london%3Fq%3Ddata%2Banalyst%26pageno%3D5,https://www.reed.co.uk/jobs/sgn-44074/p44074,Actively Hiring,"Salary: Salary not specified | Type: Contract, full-time or part-time | Badges: Featured",Reed.co.uk,https://www.reed.co.uk/jobs/sgn-44074/p44074,https://www.reed.co.uk/jobs/pmo-analyst--data-insights-and-assurance/56865296?source=searchResults&q=data%20analyst&filter=%2Fjobs%2Fdata-analyst-jobs-in-london%3Fq%3Ddata%2Banalyst%26pageno%3D5
Data Privacy Analyst,Robert Half,London,2026-07-13,https://www.reed.co.uk/jobs/data-privacy-analyst/57119357?source=searchResults&q=data%20analyst&filter=%2Fjobs%2Fdata-analyst-jobs-in-london%3Fq%3Ddata%2Banalyst%26pageno%3D5,https://www.reed.co.uk/jobs/robert-half-92729/p92729,Actively Hiring,"Salary: Salary negotiable | Type: Contract, full-time, Work from home | Badges: Featured, Easy Apply",Reed.co.uk,https://www.reed.co.uk/jobs/robert-half-92729/p92729,https://www.reed.co.uk/jobs/data-privacy-analyst/57119357?source=searchResults&q=data%20analyst&filter=%2Fjobs%2Fdata-analyst-jobs-in-london%3Fq%3Ddata%2Banalyst%26pageno%3D5
Data Control Analyst,Adecco,London,2026-07-23,https://www.reed.co.uk/jobs/data-control-analyst/57153147?source=searchResults&q=data%20analyst&filter=%2Fjobs%2Fdata-analyst-jobs-in-london%3Fq%3Ddata%2Banalyst%26pageno%3D5,https://www.reed.co.uk/jobs/adecco-uk-limited-45420/p45420,Actively Hiring,"Salary: Salary negotiable | Type: Contract, full-time | Badges: Easy Apply",Reed.co.uk,https://www.reed.co.uk/jobs/adecco-uk-limited-45420/p45420,https://www.reed.co.uk/jobs/data-control-analyst/57153147?source=searchResults&q=data%20analyst&filter=%2Fjobs%2Fdata-analyst-jobs-in-london%3Fq%3Ddata%2Banalyst%26pageno%3D5
Data Analyst Manager - Finance,Trace | Expert Accountancy & Finance Recruitment,London,2026-08-05,https://www.reed.co.uk/jobs/data-analyst-manager-finance/57201244?source=searchResults&q=data%20analyst&filter=%2Fjobs%2Fdata-analyst-jobs-in-london%3Fq%3Ddata%2Banalyst%26pageno%3D5,https://www.reed.co.uk/jobs/trace-recruit-ltd/p7894,Actively Hiring,"Salary: £90,000 - £100,000 per annum | Type: Permanent, full-time | Badges: Featured, Easy Apply",Reed.co.uk,https://www.reed.co.uk/jobs/trace-recruit-ltd/p7894,https://www.reed.co.uk/jobs/data-analyst-manager-finance/57201244?source=searchResults&q=data%20analyst&filter=%2Fjobs%2Fdata-analyst-jobs-in-london%3Fq%3Ddata%2Banalyst%26pageno%3D5
Senior Planning & Data Analyst,Morgan Law,London,2026-07-30,https://www.reed.co.uk/jobs/senior-planning-data-analyst/57176326?source=searchResults&q=data%20analyst&filter=%2Fjobs%2Fdata-analyst-jobs-in-london%3Fq%3Ddata%2Banalyst%26pageno%3D5,https://www.reed.co.uk/jobs/morgan-law-79498/p79498,Actively Hiring,"Salary: £43,000 - £50,000 per annum | Type: Permanent, full-time | Badges: Easy Apply",Reed.co.uk,https://www.reed.co.uk/jobs/morgan-law-79498/p79498,https://www.reed.co.uk/jobs/senior-planning-data-analyst/57176326?source=searchResults&q=data%20analyst&filter=%2Fjobs%2Fdata-analyst-jobs-in-london%3Fq%3Ddata%2Banalyst%26pageno%3D5
Senior Data Analyst - Marketing Science,Harnham - Data & Analytics Recruitment,London,2026-09-10,https://www.reed.co.uk/jobs/senior-data-analyst-marketing-science/57257070?source=searchResults&q=data%20analyst&filter=%2Fjobs%2Fdata-analyst-jobs-in-london%3Fq%3Ddata%2Banalyst%26pageno%3D5,https://www.reed.co.uk/jobs/harnham-search-selection/p9243,Actively Hiring,"Salary: £60,000 - £75,000 per annum | Type: Permanent, full-time | Badges: Easy Apply",Reed.co.uk,https://www.reed.co.uk/jobs/harnham-search-selection/p9243,https://www.reed.co.uk/jobs/senior-data-analyst-marketing-science/57257070?source=searchResults&q=data%20analyst&filter=%2Fjobs%2Fdata-analyst-jobs-in-london%3Fq%3Ddata%2Banalyst%26pageno%3D5
Asset Data Analyst - Investment Banking,Robert Walters,London,2026-07-16,https://www.reed.co.uk/jobs/asset-data-analyst-investment-banking/57132721?source=searchResults&q=data%20analyst&filter=%2Fjobs%2Fdata-analyst-jobs-in-london%3Fq%3Ddata%2Banalyst%26pageno%3D5,https://www.reed.co.uk/jobs/robert-walters-18673/p18673,Actively Hiring,"Salary: £800 - £888 per day | Type: Permanent, full-time | Badges: Easy Apply",Reed.co.uk,https://www.reed.co.uk/jobs/robert-walters-18673/p18673,https://www.reed.co.uk/jobs/asset-data-analyst-investment-banking/57132721?source=searchResults&q=data%20analyst&filter=%2Fjobs%2Fdata-analyst-jobs-in-london%3Fq%3Ddata%2Banalyst%26pageno%3D5
Senior Product Data Scientist / Product Data Analyst,Harnham - Data & Analytics Recruitment,London,2026-08-04,https://www.reed.co.uk/jobs/senior-product-data-scientist-product-data-analyst/57193469?source=searchResults&q=data%20analyst&filter=%2Fjobs%2Fdata-analyst-jobs-in-london%3Fq%3Ddata%2Banalyst%26pageno%3D5,https://www.reed.co.uk/jobs/harnham-search-selection/p9243,Actively Hiring,"Salary: £400 - £500 per day | Type: Contract, full-time | Badges: Easy Apply",Reed.co.uk,https://www.reed.co.uk/jobs/harnham-search-selection/p9243,https://www.reed.co.uk/jobs/senior-product-data-scientist-product-data-analyst/57193469?source=searchResults&q=data%20analyst&filter=%2Fjobs%2Fdata-analyst-jobs-in-london%3Fq%3Ddata%2Banalyst%26pageno%3D5
Data Analyst,Sagacity,London,2026-08-07,https://www.reed.co.uk/jobs/data-analyst/56815207?source=searchResults&q=data%20analyst&filter=%2Fjobs%2Fdata-analyst-jobs-in-london%3Fq%3Ddata%2Banalyst%26pageno%3D6,https://www.reed.co.uk/jobs/sagacity-solutions-ltd/p37370,Actively Hiring,"Salary: Competitive salary | Type: Permanent, full-time | Badges: Promoted",Reed.co.uk,https://www.reed.co.uk/jobs/sagacity-solutions-ltd/p37370,https://www.reed.co.uk/jobs/data-analyst/56815207?source=searchResults&q=data%20analyst&filter=%2Fjobs%2Fdata-analyst-jobs-in-london%3Fq%3Ddata%2Banalyst%26pageno%3D6
Trainee Data Analyst - job guarantee,Newto Training,United Kingdom,2026-08-06,https://www.reed.co.uk/jobs/trainee-data-analyst-job-guarantee/57189400?source=searchResults&q=data%20analyst&filter=%2Fjobs%2Fdata-analyst-jobs-in-london%3Fq%3Ddata%2Banalyst%26pageno%3D6,https://www.reed.co.uk/jobs/newto-training1/p90206,Actively Hiring,"Salary: Training Course | Type: Permanent, full-time",Reed.co.uk,https://www.reed.co.uk/jobs/newto-training1/p90206,https://www.reed.co.uk/jobs/trainee-data-analyst-job-guarantee/57189400?source=searchResults&q=data%20analyst&filter=%2Fjobs%2Fdata-analyst-jobs-in-london%3Fq%3Ddata%2Banalyst%26pageno%3D6
Senior Product Data Scientist / Product Data Analyst,Harnham - Data & Analytics Recruitment,London,2026-08-04,https://www.reed.co.uk/jobs/senior-product-data-scientist-product-data-analyst/57193469?source=searchResults&q=data%20analyst&filter=%2Fjobs%2Fdata-analyst-jobs-in-london%3Fq%3Ddata%2Banalyst%26pageno%3D6,https://www.reed.co.uk/jobs/harnham-search-selection/p9243,Actively Hiring,"Salary: £400 - £500 per day | Type: Contract, full-time | Badges: Easy Apply",Reed.co.uk,https://www.reed.co.uk/jobs/harnham-search-selection/p9243,https://www.reed.co.uk/jobs/senior-product-data-scientist-product-data-analyst/57193469?source=searchResults&q=data%20analyst&filter=%2Fjobs%2Fdata-analyst-jobs-in-london%3Fq%3Ddata%2Banalyst%26pageno%3D6
Systems Data Analyst – SQL / NoSQL / Data Migration,Precise Placements,London,2026-08-05,https://www.reed.co.uk/jobs/systems-data-analyst--sql-nosql-data-migration/57199607?source=searchResults&q=data%20analyst&filter=%2Fjobs%2Fdata-analyst-jobs-in-london%3Fq%3Ddata%2Banalyst%26pageno%3D6,https://www.reed.co.uk/jobs/precise-placements/p65691,Actively Hiring,"Salary: £350 - £420 per day | Type: Contract, full-time | Badges: Easy Apply",Reed.co.uk,https://www.reed.co.uk/jobs/precise-placements/p65691,https://www.reed.co.uk/jobs/systems-data-analyst--sql-nosql-data-migration/57199607?source=searchResults&q=data%20analyst&filter=%2Fjobs%2Fdata-analyst-jobs-in-london%3Fq%3Ddata%2Banalyst%26pageno%3D6
Trainee Data Analyst Associate - job guarantee,Newto Training,United Kingdom,2026-08-06,https://www.reed.co.uk/jobs/trainee-data-analyst-associate-job-guarantee/57189540?source=searchResults&q=data%20analyst&filter=%2Fjobs%2Fdata-analyst-jobs-in-london%3Fq%3Ddata%2Banalyst%26pageno%3D6,https://www.reed.co.uk/jobs/newto-training1/p90206,Actively Hiring,"Salary: Training Course | Type: Permanent, full-time",Reed.co.uk,https://www.reed.co.uk/jobs/newto-training1/p90206,https://www.reed.co.uk/jobs/trainee-data-analyst-associate-job-guarantee/57189540?source=searchResults&q=data%20analyst&filter=%2Fjobs%2Fdata-analyst-jobs-in-london%3Fq%3Ddata%2Banalyst%26pageno%3D6
Data Analyst Associate - no experience necessary,Newto Training,United Kingdom,2026-08-06,https://www.reed.co.uk/jobs/data-analyst-associate-no-experience-necessary/57189538?source=searchResults&q=data%20analyst&filter=%2Fjobs%2Fdata-analyst-jobs-in-london%3Fq%3Ddata%2Banalyst%26pageno%3D6,https://www.reed.co.uk/jobs/newto-training1/p90206,Actively Hiring,"Salary: Training Course | Type: Permanent, full-time",Reed.co.uk,https://www.reed.co.uk/jobs/newto-training1/p90206,https://www.reed.co.uk/jobs/data-analyst-associate-no-experience-necessary/57189538?source=searchResults&q=data%20analyst&filter=%2Fjobs%2Fdata-analyst-jobs-in-london%3Fq%3Ddata%2Banalyst%26pageno%3D6
Senior Product Data Scientist/ Product Data Analyst,Harnham - Data & Analytics Recruitment,London,2026-08-04,https://www.reed.co.uk/jobs/senior-product-data-scientist-product-data-analyst/57193569?source=searchResults&q=data%20analyst&filter=%2Fjobs%2Fdata-analyst-jobs-in-london%3Fq%3Ddata%2Banalyst%26pageno%3D6,https://www.reed.co.uk/jobs/harnham-search-selection/p9243,Actively Hiring,"Salary: £500 per day | Type: Contract, full-time, Work from home | Badges: Easy Apply",Reed.co.uk,https://www.reed.co.uk/jobs/harnham-search-selection/p9243,https://www.reed.co.uk/jobs/senior-product-data-scientist-product-data-analyst/57193569?source=searchResults&q=data%20analyst&filter=%2Fjobs%2Fdata-analyst-jobs-in-london%3Fq%3Ddata%2Banalyst%26pageno%3D6
Graduate Investment Data Analyst Programme Central London,Regal Brooke Limited,London,2026-08-05,https://www.reed.co.uk/jobs/graduate-investment-data-analyst-programme-central-london/57013467?source=searchResults&q=data%20analyst&filter=%2Fjobs%2Fdata-analyst-jobs-in-london%3Fq%3Ddata%2Banalyst%26pageno%3D6,https://www.reed.co.uk/jobs/regal-brooke-limited-101438/p101438,Actively Hiring,"Salary: £42,000 - £50,000 per annum | Type: Permanent, full-time | Badges: Easy Apply",Reed.co.uk,https://www.reed.co.uk/jobs/regal-brooke-limited-101438/p101438,https://www.reed.co.uk/jobs/graduate-investment-data-analyst-programme-central-london/57013467?source=searchResults&q=data%20analyst&filter=%2Fjobs%2Fdata-analyst-jobs-in-london%3Fq%3Ddata%2Banalyst%26pageno%3D6
Data Analyst - No experience needed - job guarantee,Newto Training,United Kingdom,2026-08-06,https://www.reed.co.uk/jobs/data-analyst-no-experience-needed-job-guarantee/57189520?source=searchResults&q=data%20analyst&filter=%2Fjobs%2Fdata-analyst-jobs-in-london%3Fq%3Ddata%2Banalyst%26pageno%3D6,https://www.reed.co.uk/jobs/newto-training1/p90206,Actively Hiring,"Salary: Training Course | Type: Permanent, full-time",Reed.co.uk,https://www.reed.co.uk/jobs/newto-training1/p90206,https://www.reed.co.uk/jobs/data-analyst-no-experience-needed-job-guarantee/57189520?source=searchResults&q=data%20analyst&filter=%2Fjobs%2Fdata-analyst-jobs-in-london%3Fq%3Ddata%2Banalyst%26pageno%3D6
Remediation Data Analyst | 18-Month Contract | Hybrid London,Marks Sattin,London,2026-09-10,https://www.reed.co.uk/jobs/remediation-data-analyst--18-month-contract--hybrid-london/57257675?source=searchResults&q=data%20analyst&filter=%2Fjobs%2Fdata-analyst-jobs-in-london%3Fq%3Ddata%2Banalyst%26pageno%3D6,https://www.reed.co.uk/jobs/marks-sattin/p8753,Actively Hiring,"Salary: Salary not specified | Type: Permanent, full-time | Badges: Featured, Easy Apply",Reed.co.uk,https://www.reed.co.uk/jobs/marks-sattin/p8753,https://www.reed.co.uk/jobs/remediation-data-analyst--18-month-contract--hybrid-london/57257675?source=searchResults&q=data%20analyst&filter=%2Fjobs%2Fdata-analyst-jobs-in-london%3Fq%3Ddata%2Banalyst%26pageno%3D6
HR Data Analyst (Workforce Reporting & Analytics),Reed,London,2026-08-12,https://www.reed.co.uk/jobs/hr-data-analyst-workforce-reporting-analytics/57223701?source=searchResults&q=data%20analyst&filter=%2Fjobs%2Fdata-analyst-jobs-in-london%3Fq%3Ddata%2Banalyst%26pageno%3D6,https://www.reed.co.uk/jobs/reed/p1342,Actively Hiring,"Salary: £169.12 - £229.88 per day | Type: Temporary, full-time | Badges: Featured, Ending soon, Easy Apply",Reed.co.uk,https://www.reed.co.uk/jobs/reed/p1342,https://www.reed.co.uk/jobs/hr-data-analyst-workforce-reporting-analytics/57223701?source=searchResults&q=data%20analyst&filter=%2Fjobs%2Fdata-analyst-jobs-in-london%3Fq%3Ddata%2Banalyst%26pageno%3D6
IT Data Analyst / IT Data Migration Specialist,Adecco,"East London, London",2026-08-14,https://www.reed.co.uk/jobs/it-data-analyst-it-data-migration-specialist/57238009?source=searchResults&q=data%20analyst&filter=%2Fjobs%2Fdata-analyst-jobs-in-london%3Fq%3Ddata%2Banalyst%26pageno%3D6,https://www.reed.co.uk/jobs/adecco-uk-limited-45420/p45420,Actively Hiring,"Salary: £41.31 - £54.22 per hour | Type: Temporary, full-time | Badges: Easy Apply",Reed.co.uk,https://www.reed.co.uk/jobs/adecco-uk-limited-45420/p45420,https://www.reed.co.uk/jobs/it-data-analyst-it-data-migration-specialist/57238009?source=searchResults&q=data%20analyst&filter=%2Fjobs%2Fdata-analyst-jobs-in-london%3Fq%3Ddata%2Banalyst%26pageno%3D6
Data Analyst / Asset Intelligence - Housing Sector Exp,Lorien,London,2026-08-04,https://www.reed.co.uk/jobs/data-analyst-asset-intelligence-housing-sector-exp/57196703?source=searchResults&q=data%20analyst&filter=%2Fjobs%2Fdata-analyst-jobs-in-london%3Fq%3Ddata%2Banalyst%26pageno%3D6,https://www.reed.co.uk/jobs/lorien-resourcing-limited/p22735,Actively Hiring,"Salary: £375 per day | Type: Contract, full-time | Badges: Easy Apply",Reed.co.uk,https://www.reed.co.uk/jobs/lorien-resourcing-limited/p22735,https://www.reed.co.uk/jobs/data-analyst-asset-intelligence-housing-sector-exp/57196703?source=searchResults&q=data%20analyst&filter=%2Fjobs%2Fdata-analyst-jobs-in-london%3Fq%3Ddata%2Banalyst%26pageno%3D6
Senior Data Analyst - London - Tableau - Snowflake - £80K,Tenth Revolution Group,London,2026-07-23,https://www.reed.co.uk/jobs/senior-data-analyst-london-tableau-snowflake-80k/57152344?source=searchResults&q=data%20analyst&filter=%2Fjobs%2Fdata-analyst-jobs-in-london%3Fq%3Ddata%2Banalyst%26pageno%3D6,https://www.reed.co.uk/jobs/tenth-revolution-group-91770/p91770,Actively Hiring,"Salary: £70,000 - £80,000 per annum | Type: Permanent, full-time | Badges: Easy Apply",Reed.co.uk,https://www.reed.co.uk/jobs/tenth-revolution-group-91770/p91770,https://www.reed.co.uk/jobs/senior-data-analyst-london-tableau-snowflake-80k/57152344?source=searchResults&q=data%20analyst&filter=%2Fjobs%2Fdata-analyst-jobs-in-london%3Fq%3Ddata%2Banalyst%26pageno%3D6
Commercial Finance Data Analyst / Commercial Finance Business Partner,Integris,London,2026-09-09,https://www.reed.co.uk/jobs/commercial-finance-data-analyst-commercial-finance-business-partner/57252500?source=searchResults&q=data%20analyst&filter=%2Fjobs%2Fdata-analyst-jobs-in-london%3Fq%3Ddata%2Banalyst%26pageno%3D6,https://www.reed.co.uk/jobs/integris-financial-recruitment/p7529,Actively Hiring,"Salary: £550 - £625 per day | Type: Temporary, full-time",Reed.co.uk,https://www.reed.co.uk/jobs/integris-financial-recruitment/p7529,https://www.reed.co.uk/jobs/commercial-finance-data-analyst-commercial-finance-business-partner/57252500?source=searchResults&q=data%20analyst&filter=%2Fjobs%2Fdata-analyst-jobs-in-london%3Fq%3Ddata%2Banalyst%26pageno%3D6
Lead Data Reporting Analyst - Investment Management,Robert Walters,London,2026-07-14,https://www.reed.co.uk/jobs/lead-data-reporting-analyst-investment-management/57123370?source=searchResults&q=data%20analyst&filter=%2Fjobs%2Fdata-analyst-jobs-in-london%3Fq%3Ddata%2Banalyst%26pageno%3D6,https://www.reed.co.uk/jobs/robert-walters-18673/p18673,Actively Hiring,"Salary: £800 - £850 per day | Type: Contract, full-time | Badges: Easy Apply",Reed.co.uk,https://www.reed.co.uk/jobs/robert-walters-18673/p18673,https://www.reed.co.uk/jobs/lead-data-reporting-analyst-investment-management/57123370?source=searchResults&q=data%20analyst&filter=%2Fjobs%2Fdata-analyst-jobs-in-london%3Fq%3Ddata%2Banalyst%26pageno%3D6
"Data Insight Analyst, Supply Chain, Logistics",Sanderson,London,2026-07-19,https://www.reed.co.uk/jobs/data-insight-analyst-supply-chain-logistics/57137589?source=searchResults&q=data%20analyst&filter=%2Fjobs%2Fdata-analyst-jobs-in-london%3Fq%3Ddata%2Banalyst%26pageno%3D6,https://www.reed.co.uk/jobs/sanderson-35038/p35038,Actively Hiring,"Salary: £450 - £550 per day | Type: Contract, full-time | Badges: Easy Apply",Reed.co.uk,https://www.reed.co.uk/jobs/sanderson-35038/p35038,https://www.reed.co.uk/jobs/data-insight-analyst-supply-chain-logistics/57137589?source=searchResults&q=data%20analyst&filter=%2Fjobs%2Fdata-analyst-jobs-in-london%3Fq%3Ddata%2Banalyst%26pageno%3D6
Data Quality Assurance Analyst,Michael Page Technology,London,2026-08-09,https://www.reed.co.uk/jobs/data-quality-assurance-analyst/57214297?source=searchResults&q=data%20analyst&filter=%2Fjobs%2Fdata-analyst-jobs-in-london%3Fq%3Ddata%2Banalyst%26pageno%3D6,https://www.reed.co.uk/jobs/michael-page-technology-59782/p59782,Actively Hiring,"Salary: £55,000 - £60,000 per annum | Type: Contract, full-time | Badges: Featured, Easy Apply",Reed.co.uk,https://www.reed.co.uk/jobs/michael-page-technology-59782/p59782,https://www.reed.co.uk/jobs/data-quality-assurance-analyst/57214297?source=searchResults&q=data%20analyst&filter=%2Fjobs%2Fdata-analyst-jobs-in-london%3Fq%3Ddata%2Banalyst%26pageno%3D6
Data Administration Apprentice,QA,London,2026-09-08,https://www.reed.co.uk/jobs/data-administration-apprentice/57251592?source=searchResults&q=data%20analyst&filter=%2Fjobs%2Fdata-analyst-jobs-in-london%3Fq%3Ddata%2Banalyst%26pageno%3D6,https://www.reed.co.uk/jobs/qa-ltd/p31199,Actively Hiring,"Salary: £23,132 per annum | Type: Permanent, full-time or part-time | Badges: Featured",Reed.co.uk,https://www.reed.co.uk/jobs/qa-ltd/p31199,https://www.reed.co.uk/jobs/data-administration-apprentice/57251592?source=searchResults&q=data%20analyst&filter=%2Fjobs%2Fdata-analyst-jobs-in-london%3Fq%3Ddata%2Banalyst%26pageno%3D6
"Snr Data Business Analyst (SQL, Python Knowledge)",Pontoon,London,2026-07-15,https://www.reed.co.uk/jobs/snr-data-business-analyst-sql-python-knowledge/57128227?source=searchResults&q=data%20analyst&filter=%2Fjobs%2Fdata-analyst-jobs-in-london%3Fq%3Ddata%2Banalyst%26pageno%3D6,https://www.reed.co.uk/jobs/pontoon-45427/p45427,Actively Hiring,"Salary: Salary negotiable | Type: Contract, full-time | Badges: Easy Apply",Reed.co.uk,https://www.reed.co.uk/jobs/pontoon-45427/p45427,https://www.reed.co.uk/jobs/snr-data-business-analyst-sql-python-knowledge/57128227?source=searchResults&q=data%20analyst&filter=%2Fjobs%2Fdata-analyst-jobs-in-london%3Fq%3Ddata%2Banalyst%26pageno%3D6
Commercial Analyst - Data & Pricing Programme,Morgan McKinley,London,2026-08-11,https://www.reed.co.uk/jobs/commercial-analyst-data-pricing-programme/57224849?source=searchResults&q=data%20analyst&filter=%2Fjobs%2Fdata-analyst-jobs-in-london%3Fq%3Ddata%2Banalyst%26pageno%3D6,https://www.reed.co.uk/jobs/morgan-mckinley/p2210,Actively Hiring,"Salary: £70,000 - £90,000 per annum | Type: Permanent, full-time",Reed.co.uk,https://www.reed.co.uk/jobs/morgan-mckinley/p2210,https://www.reed.co.uk/jobs/commercial-analyst-data-pricing-programme/57224849?source=searchResults&q=data%20analyst&filter=%2Fjobs%2Fdata-analyst-jobs-in-london%3Fq%3Ddata%2Banalyst%26pageno%3D6
Data Analytics Governance Analyst (AVP),Venn Group,London,2026-07-23,https://www.reed.co.uk/jobs/data-analytics-governance-analyst-avp/57155115?source=searchResults&q=data%20analyst&filter=%2Fjobs%2Fdata-analyst-jobs-in-london%3Fq%3Ddata%2Banalyst%26pageno%3D6,https://www.reed.co.uk/jobs/venn-group/p4170,Actively Hiring,"Salary: £405 - £690 per day | Type: Contract, full-time | Badges: Easy Apply",Reed.co.uk,https://www.reed.co.uk/jobs/venn-group/p4170,https://www.reed.co.uk/jobs/data-analytics-governance-analyst-avp/57155115?source=searchResults&q=data%20analyst&filter=%2Fjobs%2Fdata-analyst-jobs-in-london%3Fq%3Ddata%2Banalyst%26pageno%3D6
Data Science Trainee,ITOL Recruit,"West London, London",2026-08-10,https://www.reed.co.uk/jobs/data-science-trainee/57214956?source=searchResults&q=data%20analyst&filter=%2Fjobs%2Fdata-analyst-jobs-in-london%3Fq%3Ddata%2Banalyst%26pageno%3D6,https://www.reed.co.uk/jobs/itonlinelearning-0/p57826,Actively Hiring,"Salary: Training Course | Type: Permanent, full-time",Reed.co.uk,https://www.reed.co.uk/jobs/itonlinelearning-0/p57826,https://www.reed.co.uk/jobs/data-science-trainee/57214956?source=searchResults&q=data%20analyst&filter=%2Fjobs%2Fdata-analyst-jobs-in-london%3Fq%3Ddata%2Banalyst%26pageno%3D6
Data Analyst,Sagacity,London,2026-08-07,https://www.reed.co.uk/jobs/data-analyst/56815207?source=searchResults&q=data%20analyst&filter=%2Fjobs%2Fdata-analyst-jobs-in-london%3Fq%3Ddata%2Banalyst%26pageno%3D7,https://www.reed.co.uk/jobs/sagacity-solutions-ltd/p37370,Actively Hiring,"Salary: Competitive salary | Type: Permanent, full-time | Badges: Promoted",Reed.co.uk,https://www.reed.co.uk/jobs/sagacity-solutions-ltd/p37370,https://www.reed.co.uk/jobs/data-analyst/56815207?source=searchResults&q=data%20analyst&filter=%2Fjobs%2Fdata-analyst-jobs-in-london%3Fq%3Ddata%2Banalyst%26pageno%3D7
Data Science Trainee,ITOL Recruit,United Kingdom,2026-07-20,https://www.reed.co.uk/jobs/data-science-trainee/57140453?source=searchResults&q=data%20analyst&filter=%2Fjobs%2Fdata-analyst-jobs-in-london%3Fq%3Ddata%2Banalyst%26pageno%3D7,https://www.reed.co.uk/jobs/itonlinelearning-0/p57826,Actively Hiring,"Salary: Training Course | Type: Permanent, full-time | Badges: Featured",Reed.co.uk,https://www.reed.co.uk/jobs/itonlinelearning-0/p57826,https://www.reed.co.uk/jobs/data-science-trainee/57140453?source=searchResults&q=data%20analyst&filter=%2Fjobs%2Fdata-analyst-jobs-in-london%3Fq%3Ddata%2Banalyst%26pageno%3D7
Trainee Data Admin,Newto Training,United Kingdom,2026-08-03,https://www.reed.co.uk/jobs/trainee-data-admin/57188567?source=searchResults&q=data%20analyst&filter=%2Fjobs%2Fdata-analyst-jobs-in-london%3Fq%3Ddata%2Banalyst%26pageno%3D7,https://www.reed.co.uk/jobs/newto-training1/p90206,Actively Hiring,"Salary: Training Course | Type: Permanent, full-time",Reed.co.uk,https://www.reed.co.uk/jobs/newto-training1/p90206,https://www.reed.co.uk/jobs/trainee-data-admin/57188567?source=searchResults&q=data%20analyst&filter=%2Fjobs%2Fdata-analyst-jobs-in-london%3Fq%3Ddata%2Banalyst%26pageno%3D7
Data Science Trainee,ITOL Recruit,United Kingdom,2026-08-06,https://www.reed.co.uk/jobs/data-science-trainee/57204889?source=searchResults&q=data%20analyst&filter=%2Fjobs%2Fdata-analyst-jobs-in-london%3Fq%3Ddata%2Banalyst%26pageno%3D7,https://www.reed.co.uk/jobs/itonlinelearning-0/p57826,Actively Hiring,"Salary: Training Course | Type: Permanent, full-time | Badges: Featured",Reed.co.uk,https://www.reed.co.uk/jobs/itonlinelearning-0/p57826,https://www.reed.co.uk/jobs/data-science-trainee/57204889?source=searchResults&q=data%20analyst&filter=%2Fjobs%2Fdata-analyst-jobs-in-london%3Fq%3Ddata%2Banalyst%26pageno%3D7
Trainee Data Admin - job guarantee,Newto Training,United Kingdom,2026-08-03,https://www.reed.co.uk/jobs/trainee-data-admin-job-guarantee/57189503?source=searchResults&q=data%20analyst&filter=%2Fjobs%2Fdata-analyst-jobs-in-london%3Fq%3Ddata%2Banalyst%26pageno%3D7,https://www.reed.co.uk/jobs/newto-training1/p90206,Actively Hiring,"Salary: Training Course | Type: Permanent, full-time",Reed.co.uk,https://www.reed.co.uk/jobs/newto-training1/p90206,https://www.reed.co.uk/jobs/trainee-data-admin-job-guarantee/57189503?source=searchResults&q=data%20analyst&filter=%2Fjobs%2Fdata-analyst-jobs-in-london%3Fq%3Ddata%2Banalyst%26pageno%3D7
Trainee Data Admin,Newto Training,United Kingdom,2026-08-03,https://www.reed.co.uk/jobs/trainee-data-admin/57188106?source=searchResults&q=data%20analyst&filter=%2Fjobs%2Fdata-analyst-jobs-in-london%3Fq%3Ddata%2Banalyst%26pageno%3D7,https://www.reed.co.uk/jobs/newto-training1/p90206,Actively Hiring,"Salary: Training Course | Type: Permanent, full-time",Reed.co.uk,https://www.reed.co.uk/jobs/newto-training1/p90206,https://www.reed.co.uk/jobs/trainee-data-admin/57188106?source=searchResults&q=data%20analyst&filter=%2Fjobs%2Fdata-analyst-jobs-in-london%3Fq%3Ddata%2Banalyst%26pageno%3D7
Data Scientist No experience necessary,Newto Training,United Kingdom,2026-08-06,https://www.reed.co.uk/jobs/data-scientist-no-experience-necessary/57189527?source=searchResults&q=data%20analyst&filter=%2Fjobs%2Fdata-analyst-jobs-in-london%3Fq%3Ddata%2Banalyst%26pageno%3D7,https://www.reed.co.uk/jobs/newto-training1/p90206,Actively Hiring,"Salary: Training Course | Type: Permanent, full-time",Reed.co.uk,https://www.reed.co.uk/jobs/newto-training1/p90206,https://www.reed.co.uk/jobs/data-scientist-no-experience-necessary/57189527?source=searchResults&q=data%20analyst&filter=%2Fjobs%2Fdata-analyst-jobs-in-london%3Fq%3Ddata%2Banalyst%26pageno%3D7
Data Entry Clerk - no experience necessary - job guarantee,Newto Training,United Kingdom,2026-08-06,https://www.reed.co.uk/jobs/data-entry-clerk-no-experience-necessary-job-guarantee/57189412?source=searchResults&q=data%20analyst&filter=%2Fjobs%2Fdata-analyst-jobs-in-london%3Fq%3Ddata%2Banalyst%26pageno%3D7,https://www.reed.co.uk/jobs/newto-training1/p90206,Actively Hiring,"Salary: Training Course | Type: Permanent, full-time",Reed.co.uk,https://www.reed.co.uk/jobs/newto-training1/p90206,https://www.reed.co.uk/jobs/data-entry-clerk-no-experience-necessary-job-guarantee/57189412?source=searchResults&q=data%20analyst&filter=%2Fjobs%2Fdata-analyst-jobs-in-london%3Fq%3Ddata%2Banalyst%26pageno%3D7
Data Entry Clerk - no experience necessary,Newto Training,United Kingdom,2026-08-06,https://www.reed.co.uk/jobs/data-entry-clerk-no-experience-necessary/57189393?source=searchResults&q=data%20analyst&filter=%2Fjobs%2Fdata-analyst-jobs-in-london%3Fq%3Ddata%2Banalyst%26pageno%3D7,https://www.reed.co.uk/jobs/newto-training1/p90206,Actively Hiring,"Salary: Training Course | Type: Permanent, full-time",Reed.co.uk,https://www.reed.co.uk/jobs/newto-training1/p90206,https://www.reed.co.uk/jobs/data-entry-clerk-no-experience-necessary/57189393?source=searchResults&q=data%20analyst&filter=%2Fjobs%2Fdata-analyst-jobs-in-london%3Fq%3Ddata%2Banalyst%26pageno%3D7
Junior Data Engineer,Newto Training,London,2026-08-06,https://www.reed.co.uk/jobs/junior-data-engineer/57189295?source=searchResults&q=data%20analyst&filter=%2Fjobs%2Fdata-analyst-jobs-in-london%3Fq%3Ddata%2Banalyst%26pageno%3D7,https://www.reed.co.uk/jobs/newto-training1/p90206,Actively Hiring,"Salary: Training Course | Type: Permanent, full-time",Reed.co.uk,https://www.reed.co.uk/jobs/newto-training1/p90206,https://www.reed.co.uk/jobs/junior-data-engineer/57189295?source=searchResults&q=data%20analyst&filter=%2Fjobs%2Fdata-analyst-jobs-in-london%3Fq%3Ddata%2Banalyst%26pageno%3D7
Junior Data Admin - job guarantee,Newto Training,United Kingdom,2026-08-06,https://www.reed.co.uk/jobs/junior-data-admin-job-guarantee/57189536?source=searchResults&q=data%20analyst&filter=%2Fjobs%2Fdata-analyst-jobs-in-london%3Fq%3Ddata%2Banalyst%26pageno%3D7,https://www.reed.co.uk/jobs/newto-training1/p90206,Actively Hiring,"Salary: Training Course | Type: Permanent, full-time",Reed.co.uk,https://www.reed.co.uk/jobs/newto-training1/p90206,https://www.reed.co.uk/jobs/junior-data-admin-job-guarantee/57189536?source=searchResults&q=data%20analyst&filter=%2Fjobs%2Fdata-analyst-jobs-in-london%3Fq%3Ddata%2Banalyst%26pageno%3D7
Data Engineer - no experience necessary,Newto Training,United Kingdom,2026-08-06,https://www.reed.co.uk/jobs/data-engineer-no-experience-necessary/57189375?source=searchResults&q=data%20analyst&filter=%2Fjobs%2Fdata-analyst-jobs-in-london%3Fq%3Ddata%2Banalyst%26pageno%3D7,https://www.reed.co.uk/jobs/newto-training1/p90206,Actively Hiring,"Salary: Training Course | Type: Permanent, full-time",Reed.co.uk,https://www.reed.co.uk/jobs/newto-training1/p90206,https://www.reed.co.uk/jobs/data-engineer-no-experience-necessary/57189375?source=searchResults&q=data%20analyst&filter=%2Fjobs%2Fdata-analyst-jobs-in-london%3Fq%3Ddata%2Banalyst%26pageno%3D7
Trainee Data Engineer,Newto Training,United Kingdom,2026-08-06,https://www.reed.co.uk/jobs/trainee-data-engineer/57189534?source=searchResults&q=data%20analyst&filter=%2Fjobs%2Fdata-analyst-jobs-in-london%3Fq%3Ddata%2Banalyst%26pageno%3D7,https://www.reed.co.uk/jobs/newto-training1/p90206,Actively Hiring,"Salary: Training Course | Type: Permanent, full-time",Reed.co.uk,https://www.reed.co.uk/jobs/newto-training1/p90206,https://www.reed.co.uk/jobs/trainee-data-engineer/57189534?source=searchResults&q=data%20analyst&filter=%2Fjobs%2Fdata-analyst-jobs-in-london%3Fq%3Ddata%2Banalyst%26pageno%3D7
Trainee Data Entry Clerk,Newto Training,United Kingdom,2026-08-06,https://www.reed.co.uk/jobs/trainee-data-entry-clerk/57189514?source=searchResults&q=data%20analyst&filter=%2Fjobs%2Fdata-analyst-jobs-in-london%3Fq%3Ddata%2Banalyst%26pageno%3D7,https://www.reed.co.uk/jobs/newto-training1/p90206,Actively Hiring,"Salary: Training Course | Type: Permanent, full-time",Reed.co.uk,https://www.reed.co.uk/jobs/newto-training1/p90206,https://www.reed.co.uk/jobs/trainee-data-entry-clerk/57189514?source=searchResults&q=data%20analyst&filter=%2Fjobs%2Fdata-analyst-jobs-in-london%3Fq%3Ddata%2Banalyst%26pageno%3D7
Junior PowerBI Analyst,Newto Training,United Kingdom,2026-08-06,https://www.reed.co.uk/jobs/junior-powerbi-analyst/57189446?source=searchResults&q=data%20analyst&filter=%2Fjobs%2Fdata-analyst-jobs-in-london%3Fq%3Ddata%2Banalyst%26pageno%3D7,https://www.reed.co.uk/jobs/newto-training1/p90206,Actively Hiring,"Salary: Training Course | Type: Permanent, full-time",Reed.co.uk,https://www.reed.co.uk/jobs/newto-training1/p90206,https://www.reed.co.uk/jobs/junior-powerbi-analyst/57189446?source=searchResults&q=data%20analyst&filter=%2Fjobs%2Fdata-analyst-jobs-in-london%3Fq%3Ddata%2Banalyst%26pageno%3D7
Junior Data Scientist,Newto Training,United Kingdom,2026-08-06,https://www.reed.co.uk/jobs/junior-data-scientist/57189425?source=searchResults&q=data%20analyst&filter=%2Fjobs%2Fdata-analyst-jobs-in-london%3Fq%3Ddata%2Banalyst%26pageno%3D7,https://www.reed.co.uk/jobs/newto-training1/p90206,Actively Hiring,"Salary: Training Course | Type: Permanent, full-time",Reed.co.uk,https://www.reed.co.uk/jobs/newto-training1/p90206,https://www.reed.co.uk/jobs/junior-data-scientist/57189425?source=searchResults&q=data%20analyst&filter=%2Fjobs%2Fdata-analyst-jobs-in-london%3Fq%3Ddata%2Banalyst%26pageno%3D7
Junior Data Engineer,Newto Training,United Kingdom,2026-08-06,https://www.reed.co.uk/jobs/junior-data-engineer/57189529?source=searchResults&q=data%20analyst&filter=%2Fjobs%2Fdata-analyst-jobs-in-london%3Fq%3Ddata%2Banalyst%26pageno%3D7,https://www.reed.co.uk/jobs/newto-training1/p90206,Actively Hiring,"Salary: Training Course | Type: Permanent, full-time",Reed.co.uk,https://www.reed.co.uk/jobs/newto-training1/p90206,https://www.reed.co.uk/jobs/junior-data-engineer/57189529?source=searchResults&q=data%20analyst&filter=%2Fjobs%2Fdata-analyst-jobs-in-london%3Fq%3Ddata%2Banalyst%26pageno%3D7
Junior Data Admin,Newto Training,United Kingdom,2026-08-06,https://www.reed.co.uk/jobs/junior-data-admin/57189524?source=searchResults&q=data%20analyst&filter=%2Fjobs%2Fdata-analyst-jobs-in-london%3Fq%3Ddata%2Banalyst%26pageno%3D7,https://www.reed.co.uk/jobs/newto-training1/p90206,Actively Hiring,"Salary: Training Course | Type: Permanent, full-time",Reed.co.uk,https://www.reed.co.uk/jobs/newto-training1/p90206,https://www.reed.co.uk/jobs/junior-data-admin/57189524?source=searchResults&q=data%20analyst&filter=%2Fjobs%2Fdata-analyst-jobs-in-london%3Fq%3Ddata%2Banalyst%26pageno%3D7
Junior Data Admin - job guarantee,Newto Training,United Kingdom,2026-08-06,https://www.reed.co.uk/jobs/junior-data-admin-job-guarantee/57189433?source=searchResults&q=data%20analyst&filter=%2Fjobs%2Fdata-analyst-jobs-in-london%3Fq%3Ddata%2Banalyst%26pageno%3D7,https://www.reed.co.uk/jobs/newto-training1/p90206,Actively Hiring,"Salary: Training Course | Type: Permanent, full-time",Reed.co.uk,https://www.reed.co.uk/jobs/newto-training1/p90206,https://www.reed.co.uk/jobs/junior-data-admin-job-guarantee/57189433?source=searchResults&q=data%20analyst&filter=%2Fjobs%2Fdata-analyst-jobs-in-london%3Fq%3Ddata%2Banalyst%26pageno%3D7
Data Scientist No experience necessary - job guarantee,Newto Training,United Kingdom,2026-08-06,https://www.reed.co.uk/jobs/data-scientist-no-experience-necessary-job-guarantee/57189521?source=searchResults&q=data%20analyst&filter=%2Fjobs%2Fdata-analyst-jobs-in-london%3Fq%3Ddata%2Banalyst%26pageno%3D7,https://www.reed.co.uk/jobs/newto-training1/p90206,Actively Hiring,"Salary: Training Course | Type: Permanent, full-time",Reed.co.uk,https://www.reed.co.uk/jobs/newto-training1/p90206,https://www.reed.co.uk/jobs/data-scientist-no-experience-necessary-job-guarantee/57189521?source=searchResults&q=data%20analyst&filter=%2Fjobs%2Fdata-analyst-jobs-in-london%3Fq%3Ddata%2Banalyst%26pageno%3D7
Data Science Trainee,ITOL Recruit,"Ilford, Essex",2026-08-03,https://www.reed.co.uk/jobs/data-science-trainee/57187577?source=searchResults&q=data%20analyst&filter=%2Fjobs%2Fdata-analyst-jobs-in-london%3Fq%3Ddata%2Banalyst%26pageno%3D7,https://www.reed.co.uk/jobs/itonlinelearning-0/p57826,Actively Hiring,"Salary: Training Course | Type: Permanent, full-time",Reed.co.uk,https://www.reed.co.uk/jobs/itonlinelearning-0/p57826,https://www.reed.co.uk/jobs/data-science-trainee/57187577?source=searchResults&q=data%20analyst&filter=%2Fjobs%2Fdata-analyst-jobs-in-london%3Fq%3Ddata%2Banalyst%26pageno%3D7
Data Science Trainee,ITOL Recruit,"Barking, Essex",2026-08-05,https://www.reed.co.uk/jobs/data-science-trainee/57198351?source=searchResults&q=data%20analyst&filter=%2Fjobs%2Fdata-analyst-jobs-in-london%3Fq%3Ddata%2Banalyst%26pageno%3D7,https://www.reed.co.uk/jobs/itonlinelearning-0/p57826,Actively Hiring,"Salary: Training Course | Type: Permanent, full-time",Reed.co.uk,https://www.reed.co.uk/jobs/itonlinelearning-0/p57826,https://www.reed.co.uk/jobs/data-science-trainee/57198351?source=searchResults&q=data%20analyst&filter=%2Fjobs%2Fdata-analyst-jobs-in-london%3Fq%3Ddata%2Banalyst%26pageno%3D7
Senior Data Migration Engineer - SAP,Lorien,London,2026-08-04,https://www.reed.co.uk/jobs/senior-data-migration-engineer-sap/57194528?source=searchResults&q=data%20analyst&filter=%2Fjobs%2Fdata-analyst-jobs-in-london%3Fq%3Ddata%2Banalyst%26pageno%3D7,https://www.reed.co.uk/jobs/lorien-resourcing-limited/p22735,Actively Hiring,"Salary: £410 per day | Type: Contract, full-time | Badges: Easy Apply",Reed.co.uk,https://www.reed.co.uk/jobs/lorien-resourcing-limited/p22735,https://www.reed.co.uk/jobs/senior-data-migration-engineer-sap/57194528?source=searchResults&q=data%20analyst&filter=%2Fjobs%2Fdata-analyst-jobs-in-london%3Fq%3Ddata%2Banalyst%26pageno%3D7
Data Analyst,Sagacity,London,2026-08-07,https://www.reed.co.uk/jobs/data-analyst/56815207?source=searchResults&q=data%20analyst&filter=%2Fjobs%2Fdata-analyst-jobs-in-london%3Fq%3Ddata%2Banalyst%26pageno%3D8,https://www.reed.co.uk/jobs/sagacity-solutions-ltd/p37370,Actively Hiring,"Salary: Competitive salary | Type: Permanent, full-time | Badges: Promoted",Reed.co.uk,https://www.reed.co.uk/jobs/sagacity-solutions-ltd/p37370,https://www.reed.co.uk/jobs/data-analyst/56815207?source=searchResults&q=data%20analyst&filter=%2Fjobs%2Fdata-analyst-jobs-in-london%3Fq%3Ddata%2Banalyst%26pageno%3D8
Data Administrator,Reed,"Chessington, Surrey",2026-07-27,https://www.reed.co.uk/jobs/data-administrator/57161508?source=searchResults&q=data%20analyst&filter=%2Fjobs%2Fdata-analyst-jobs-in-london%3Fq%3Ddata%2Banalyst%26pageno%3D8,https://www.reed.co.uk/jobs/reed-business-support/p1311,Actively Hiring,"Salary: £14 per hour, inc benefits | Type: Temporary, full-time | Badges: Featured",Reed.co.uk,https://www.reed.co.uk/jobs/reed-business-support/p1311,https://www.reed.co.uk/jobs/data-administrator/57161508?source=searchResults&q=data%20analyst&filter=%2Fjobs%2Fdata-analyst-jobs-in-london%3Fq%3Ddata%2Banalyst%26pageno%3D8
Data Administrator,Reed,"Chessington, Surrey",2026-07-27,https://www.reed.co.uk/jobs/data-administrator/57161505?source=searchResults&q=data%20analyst&filter=%2Fjobs%2Fdata-analyst-jobs-in-london%3Fq%3Ddata%2Banalyst%26pageno%3D8,https://www.reed.co.uk/jobs/reed-business-support/p1311,Actively Hiring,"Salary: £14 per hour, inc benefits | Type: Temporary, full-time | Badges: Featured",Reed.co.uk,https://www.reed.co.uk/jobs/reed-business-support/p1311,https://www.reed.co.uk/jobs/data-administrator/57161505?source=searchResults&q=data%20analyst&filter=%2Fjobs%2Fdata-analyst-jobs-in-london%3Fq%3Ddata%2Banalyst%26pageno%3D8
Data Engineer (Snowflake & Kafka),Lorien,London,2026-08-12,https://www.reed.co.uk/jobs/data-engineer-snowflake-kafka/57226543?source=searchResults&q=data%20analyst&filter=%2Fjobs%2Fdata-analyst-jobs-in-london%3Fq%3Ddata%2Banalyst%26pageno%3D8,https://www.reed.co.uk/jobs/lorien-resourcing-limited/p22735,Actively Hiring,"Salary: Salary not specified | Type: Contract, full-time | Badges: Easy Apply",Reed.co.uk,https://www.reed.co.uk/jobs/lorien-resourcing-limited/p22735,https://www.reed.co.uk/jobs/data-engineer-snowflake-kafka/57226543?source=searchResults&q=data%20analyst&filter=%2Fjobs%2Fdata-analyst-jobs-in-london%3Fq%3Ddata%2Banalyst%26pageno%3D8
Senior Data Scientist,Harnham - Data & Analytics Recruitment,London,2026-07-27,https://www.reed.co.uk/jobs/senior-data-scientist/57162477?source=searchResults&q=data%20analyst&filter=%2Fjobs%2Fdata-analyst-jobs-in-london%3Fq%3Ddata%2Banalyst%26pageno%3D8,https://www.reed.co.uk/jobs/harnham-search-selection/p9243,Actively Hiring,"Salary: £70,000 - £75,000 per annum | Type: Permanent, full-time",Reed.co.uk,https://www.reed.co.uk/jobs/harnham-search-selection/p9243,https://www.reed.co.uk/jobs/senior-data-scientist/57162477?source=searchResults&q=data%20analyst&filter=%2Fjobs%2Fdata-analyst-jobs-in-london%3Fq%3Ddata%2Banalyst%26pageno%3D8
Data Protection and Privacy Analyst,Adecco,London,2026-07-30,https://www.reed.co.uk/jobs/data-protection-and-privacy-analyst/57179686?source=searchResults&q=data%20analyst&filter=%2Fjobs%2Fdata-analyst-jobs-in-london%3Fq%3Ddata%2Banalyst%26pageno%3D8,https://www.reed.co.uk/jobs/adecco-uk-limited-45420/p45420,Actively Hiring,"Salary: Salary negotiable | Type: Permanent, full-time | Badges: Easy Apply",Reed.co.uk,https://www.reed.co.uk/jobs/adecco-uk-limited-45420/p45420,https://www.reed.co.uk/jobs/data-protection-and-privacy-analyst/57179686?source=searchResults&q=data%20analyst&filter=%2Fjobs%2Fdata-analyst-jobs-in-london%3Fq%3Ddata%2Banalyst%26pageno%3D8
Data Engineering Lead,Elevate Recruitment Limited,London,2026-07-19,https://www.reed.co.uk/jobs/data-engineering-lead/57137630?source=searchResults&q=data%20analyst&filter=%2Fjobs%2Fdata-analyst-jobs-in-london%3Fq%3Ddata%2Banalyst%26pageno%3D8,https://www.reed.co.uk/jobs/elevate-recruitment-limited/p16038,Actively Hiring,"Salary: £38,000 - £50,000 per annum | Type: Permanent, full-time | Badges: Featured, Easy Apply",Reed.co.uk,https://www.reed.co.uk/jobs/elevate-recruitment-limited/p16038,https://www.reed.co.uk/jobs/data-engineering-lead/57137630?source=searchResults&q=data%20analyst&filter=%2Fjobs%2Fdata-analyst-jobs-in-london%3Fq%3Ddata%2Banalyst%26pageno%3D8
"Global Data Governance Senior Manager, Head of Data, CDO, Governance, London",Carrington Recruitment Solutions Ltd,London,2026-07-28,https://www.reed.co.uk/jobs/global-data-governance-senior-manager-head-of-data-cdo-governance-london/57166566?source=searchResults&q=data%20analyst&filter=%2Fjobs%2Fdata-analyst-jobs-in-london%3Fq%3Ddata%2Banalyst%26pageno%3D8,https://www.reed.co.uk/jobs/carrington-knight-associates/p38603,Actively Hiring,"Salary: £110,000 - £130,000 per annum, negotiable | Type: Permanent, full-time | Badges: Easy Apply",Reed.co.uk,https://www.reed.co.uk/jobs/carrington-knight-associates/p38603,https://www.reed.co.uk/jobs/global-data-governance-senior-manager-head-of-data-cdo-governance-london/57166566?source=searchResults&q=data%20analyst&filter=%2Fjobs%2Fdata-analyst-jobs-in-london%3Fq%3Ddata%2Banalyst%26pageno%3D8
Data Engineer,Oscar Technology,London,2026-08-05,https://www.reed.co.uk/jobs/data-engineer/57199418?source=searchResults&q=data%20analyst&filter=%2Fjobs%2Fdata-analyst-jobs-in-london%3Fq%3Ddata%2Banalyst%26pageno%3D8,https://www.reed.co.uk/jobs/oscar-associates/p20715,Actively Hiring,"Salary: £60,000 - £80,000 per annum | Type: Permanent, full-time | Badges: Easy Apply",Reed.co.uk,https://www.reed.co.uk/jobs/oscar-associates/p20715,https://www.reed.co.uk/jobs/data-engineer/57199418?source=searchResults&q=data%20analyst&filter=%2Fjobs%2Fdata-analyst-jobs-in-london%3Fq%3Ddata%2Banalyst%26pageno%3D8
SL Transformation-Senior Data Engineer,Hays Specialist Recruitment Limited,London,2026-09-07,https://www.reed.co.uk/jobs/sl-transformation-senior-data-engineer/57246088?source=searchResults&q=data%20analyst&filter=%2Fjobs%2Fdata-analyst-jobs-in-london%3Fq%3Ddata%2Banalyst%26pageno%3D8,https://www.reed.co.uk/jobs/hays-specialist-recruitment-limited/p36210,Actively Hiring,"Salary: £430 - £443 per day | Type: Contract, full-time | Badges: Easy Apply",Reed.co.uk,https://www.reed.co.uk/jobs/hays-specialist-recruitment-limited/p36210,https://www.reed.co.uk/jobs/sl-transformation-senior-data-engineer/57246088?source=searchResults&q=data%20analyst&filter=%2Fjobs%2Fdata-analyst-jobs-in-london%3Fq%3Ddata%2Banalyst%26pageno%3D8
Data Science Trainee,ITOL Recruit,"Watford, Hertfordshire",2026-08-11,https://www.reed.co.uk/jobs/data-science-trainee/57221406?source=searchResults&q=data%20analyst&filter=%2Fjobs%2Fdata-analyst-jobs-in-london%3Fq%3Ddata%2Banalyst%26pageno%3D8,https://www.reed.co.uk/jobs/itonlinelearning-0/p57826,Actively Hiring,"Salary: Training Course | Type: Permanent, full-time",Reed.co.uk,https://www.reed.co.uk/jobs/itonlinelearning-0/p57826,https://www.reed.co.uk/jobs/data-science-trainee/57221406?source=searchResults&q=data%20analyst&filter=%2Fjobs%2Fdata-analyst-jobs-in-london%3Fq%3Ddata%2Banalyst%26pageno%3D8
Data Modeller,Harnham - Data & Analytics Recruitment,London,2026-08-14,https://www.reed.co.uk/jobs/data-modeller/57239534?source=searchResults&q=data%20analyst&filter=%2Fjobs%2Fdata-analyst-jobs-in-london%3Fq%3Ddata%2Banalyst%26pageno%3D8,https://www.reed.co.uk/jobs/harnham-search-selection/p9243,Actively Hiring,"Salary: £60,000 - £65,000 per annum | Type: Permanent, full-time | Badges: Easy Apply",Reed.co.uk,https://www.reed.co.uk/jobs/harnham-search-selection/p9243,https://www.reed.co.uk/jobs/data-modeller/57239534?source=searchResults&q=data%20analyst&filter=%2Fjobs%2Fdata-analyst-jobs-in-london%3Fq%3Ddata%2Banalyst%26pageno%3D8
Market Data and Trade Systems Analyst,Pontoon,London,2026-08-14,https://www.reed.co.uk/jobs/market-data-and-trade-systems-analyst/57240054?source=searchResults&q=data%20analyst&filter=%2Fjobs%2Fdata-analyst-jobs-in-london%3Fq%3Ddata%2Banalyst%26pageno%3D8,https://www.reed.co.uk/jobs/pontoon-45427/p45427,Actively Hiring,"Salary: £539 per day | Type: Contract, full-time | Badges: Easy Apply",Reed.co.uk,https://www.reed.co.uk/jobs/pontoon-45427/p45427,https://www.reed.co.uk/jobs/market-data-and-trade-systems-analyst/57240054?source=searchResults&q=data%20analyst&filter=%2Fjobs%2Fdata-analyst-jobs-in-london%3Fq%3Ddata%2Banalyst%26pageno%3D8
Senior Data Engineer (Databricks),Tenth Revolution Group,London,2026-09-10,https://www.reed.co.uk/jobs/senior-data-engineer-databricks/57259393?source=searchResults&q=data%20analyst&filter=%2Fjobs%2Fdata-analyst-jobs-in-london%3Fq%3Ddata%2Banalyst%26pageno%3D8,https://www.reed.co.uk/jobs/tenth-revolution-group-91770/p91770,Actively Hiring,"Salary: £55,000 - £85,000 per annum | Type: Permanent, full-time | Badges: Easy Apply",Reed.co.uk,https://www.reed.co.uk/jobs/tenth-revolution-group-91770/p91770,https://www.reed.co.uk/jobs/senior-data-engineer-databricks/57259393?source=searchResults&q=data%20analyst&filter=%2Fjobs%2Fdata-analyst-jobs-in-london%3Fq%3Ddata%2Banalyst%26pageno%3D8
Senior Data Engineer,Harnham - Data & Analytics Recruitment,London,2026-07-17,https://www.reed.co.uk/jobs/senior-data-engineer/57135553?source=searchResults&q=data%20analyst&filter=%2Fjobs%2Fdata-analyst-jobs-in-london%3Fq%3Ddata%2Banalyst%26pageno%3D8,https://www.reed.co.uk/jobs/harnham-search-selection/p9243,Actively Hiring,"Salary: £550 - £650 per day | Type: Contract, full-time | Badges: Easy Apply",Reed.co.uk,https://www.reed.co.uk/jobs/harnham-search-selection/p9243,https://www.reed.co.uk/jobs/senior-data-engineer/57135553?source=searchResults&q=data%20analyst&filter=%2Fjobs%2Fdata-analyst-jobs-in-london%3Fq%3Ddata%2Banalyst%26pageno%3D8
Lead Data Engineer (Databricks),Tenth Revolution Group,London,2026-09-10,https://www.reed.co.uk/jobs/lead-data-engineer-databricks/57259459?source=searchResults&q=data%20analyst&filter=%2Fjobs%2Fdata-analyst-jobs-in-london%3Fq%3Ddata%2Banalyst%26pageno%3D8,https://www.reed.co.uk/jobs/tenth-revolution-group-91770/p91770,Actively Hiring,"Salary: £85,000 - £110,000 per annum | Type: Permanent, full-time | Badges: Easy Apply",Reed.co.uk,https://www.reed.co.uk/jobs/tenth-revolution-group-91770/p91770,https://www.reed.co.uk/jobs/lead-data-engineer-databricks/57259459?source=searchResults&q=data%20analyst&filter=%2Fjobs%2Fdata-analyst-jobs-in-london%3Fq%3Ddata%2Banalyst%26pageno%3D8
Data Modeller,Harnham - Data & Analytics Recruitment,London,2026-09-09,https://www.reed.co.uk/jobs/data-modeller/57252420?source=searchResults&q=data%20analyst&filter=%2Fjobs%2Fdata-analyst-jobs-in-london%3Fq%3Ddata%2Banalyst%26pageno%3D8,https://www.reed.co.uk/jobs/harnham-search-selection/p9243,Actively Hiring,"Salary: £65,000 per annum | Type: Permanent, full-time",Reed.co.uk,https://www.reed.co.uk/jobs/harnham-search-selection/p9243,https://www.reed.co.uk/jobs/data-modeller/57252420?source=searchResults&q=data%20analyst&filter=%2Fjobs%2Fdata-analyst-jobs-in-london%3Fq%3Ddata%2Banalyst%26pageno%3D8
Contract Databricks Data Engineer Role - Remote - £400/pd,Tenth Revolution Group,London,2026-09-07,https://www.reed.co.uk/jobs/contract-databricks-data-engineer-role-remote-400-pd/57244643?source=searchResults&q=data%20analyst&filter=%2Fjobs%2Fdata-analyst-jobs-in-london%3Fq%3Ddata%2Banalyst%26pageno%3D8,https://www.reed.co.uk/jobs/tenth-revolution-group-91770/p91770,Actively Hiring,"Salary: £400 per day | Type: Permanent, full-time | Badges: Easy Apply",Reed.co.uk,https://www.reed.co.uk/jobs/tenth-revolution-group-91770/p91770,https://www.reed.co.uk/jobs/contract-databricks-data-engineer-role-remote-400-pd/57244643?source=searchResults&q=data%20analyst&filter=%2Fjobs%2Fdata-analyst-jobs-in-london%3Fq%3Ddata%2Banalyst%26pageno%3D8
Data Analyst,Sagacity,London,2026-08-07,https://www.reed.co.uk/jobs/data-analyst/56815207?source=searchResults&q=data%20analyst&filter=%2Fjobs%2Fdata-analyst-jobs-in-london%3Fq%3Ddata%2Banalyst%26pageno%3D9,https://www.reed.co.uk/jobs/sagacity-solutions-ltd/p37370,Actively Hiring,"Salary: Competitive salary | Type: Permanent, full-time | Badges: Promoted",Reed.co.uk,https://www.reed.co.uk/jobs/sagacity-solutions-ltd/p37370,https://www.reed.co.uk/jobs/data-analyst/56815207?source=searchResults&q=data%20analyst&filter=%2Fjobs%2Fdata-analyst-jobs-in-london%3Fq%3Ddata%2Banalyst%26pageno%3D9
Data Modeller (Graduate Opportunity),AMS Contingent,London,2026-08-11,https://www.reed.co.uk/jobs/data-modeller-graduate-opportunity/57224225?source=searchResults&q=data%20analyst&filter=%2Fjobs%2Fdata-analyst-jobs-in-london%3Fq%3Ddata%2Banalyst%26pageno%3D9,https://www.reed.co.uk/jobs/ams-contingent/o659232,Actively Hiring,"Salary: Salary negotiable | Type: Contract, full-time",Reed.co.uk,https://www.reed.co.uk/jobs/ams-contingent/o659232,https://www.reed.co.uk/jobs/data-modeller-graduate-opportunity/57224225?source=searchResults&q=data%20analyst&filter=%2Fjobs%2Fdata-analyst-jobs-in-london%3Fq%3Ddata%2Banalyst%26pageno%3D9
Interim Temporary Accommodation Data & Performance Analyst,Adecco,"East London, London",2026-07-31,https://www.reed.co.uk/jobs/interim-temporary-accommodation-data-performance-analyst/57181280?source=searchResults&q=data%20analyst&filter=%2Fjobs%2Fdata-analyst-jobs-in-london%3Fq%3Ddata%2Banalyst%26pageno%3D9,https://www.reed.co.uk/jobs/adecco-uk-limited-45420/p45420,Actively Hiring,"Salary: £300 per day | Type: Temporary, full-time | Badges: Easy Apply",Reed.co.uk,https://www.reed.co.uk/jobs/adecco-uk-limited-45420/p45420,https://www.reed.co.uk/jobs/interim-temporary-accommodation-data-performance-analyst/57181280?source=searchResults&q=data%20analyst&filter=%2Fjobs%2Fdata-analyst-jobs-in-london%3Fq%3Ddata%2Banalyst%26pageno%3D9
Data Analyst,Sagacity,London,2026-08-07,https://www.reed.co.uk/jobs/data-analyst/56815207?source=searchResults&q=data%20analyst&filter=%2Fjobs%2Fdata-analyst-jobs-in-london%3Fq%3Ddata%2Banalyst%26pageno%3D10,https://www.reed.co.uk/jobs/sagacity-solutions-ltd/p37370,Actively Hiring,"Salary: Competitive salary | Type: Permanent, full-time | Badges: Promoted",Reed.co.uk,https://www.reed.co.uk/jobs/sagacity-solutions-ltd/p37370,https://www.reed.co.uk/jobs/data-analyst/56815207?source=searchResults&q=data%20analyst&filter=%2Fjobs%2Fdata-analyst-jobs-in-london%3Fq%3Ddata%2Banalyst%26pageno%3D10
Market Data Analyst,eFinancialCareers,London,2026-09-11,https://www.reed.co.uk/jobs/market-data-analyst/57264094?source=searchResults&q=data%20analyst&filter=%2Fjobs%2Fdata-analyst-jobs-in-london%3Fq%3Ddata%2Banalyst%26pageno%3D10,https://www.reed.co.uk/jobs/efinancial-careers/p74850,Actively Hiring,"Salary: Competitive salary | Type: Permanent, full-time | Badges: New",Reed.co.uk,https://www.reed.co.uk/jobs/efinancial-careers/p74850,https://www.reed.co.uk/jobs/market-data-analyst/57264094?source=searchResults&q=data%20analyst&filter=%2Fjobs%2Fdata-analyst-jobs-in-london%3Fq%3Ddata%2Banalyst%26pageno%3D10
"Data Analyst to join their Data, Intelligence & Analytics team",eFinancialCareers,London,2026-09-11,https://www.reed.co.uk/jobs/data-analyst-to-join-their-data-intelligence-analytics-team/57264690?source=searchResults&q=data%20analyst&filter=%2Fjobs%2Fdata-analyst-jobs-in-london%3Fq%3Ddata%2Banalyst%26pageno%3D10,https://www.reed.co.uk/jobs/efinancial-careers/p74850,Actively Hiring,"Salary: Competitive salary | Type: Permanent, full-time | Badges: New",Reed.co.uk,https://www.reed.co.uk/jobs/efinancial-careers/p74850,https://www.reed.co.uk/jobs/data-analyst-to-join-their-data-intelligence-analytics-team/57264690?source=searchResults&q=data%20analyst&filter=%2Fjobs%2Fdata-analyst-jobs-in-london%3Fq%3Ddata%2Banalyst%26pageno%3D10
People & Capability Data Analyst,The Guardian,London,2026-08-13,https://www.reed.co.uk/jobs/people-capability-data-analyst/57235841?source=searchResults&q=data%20analyst&filter=%2Fjobs%2Fdata-analyst-jobs-in-london%3Fq%3Ddata%2Banalyst%26pageno%3D10,https://www.reed.co.uk/jobs/the-guardian/o497203,Actively Hiring,"Salary: Competitive salary | Type: Permanent, full-time or part-time",Reed.co.uk,https://www.reed.co.uk/jobs/the-guardian/o497203,https://www.reed.co.uk/jobs/people-capability-data-analyst/57235841?source=searchResults&q=data%20analyst&filter=%2Fjobs%2Fdata-analyst-jobs-in-london%3Fq%3Ddata%2Banalyst%26pageno%3D10
Data Analyst,Sagacity,London,2026-08-07,https://www.reed.co.uk/jobs/data-analyst/56815207?source=searchResults&q=data%20analyst&filter=%2Fjobs%2Fdata-analyst-jobs-in-london%3Fq%3Ddata%2Banalyst%26pageno%3D11,https://www.reed.co.uk/jobs/sagacity-solutions-ltd/p37370,Actively Hiring,"Salary: Competitive salary | Type: Permanent, full-time | Badges: Promoted",Reed.co.uk,https://www.reed.co.uk/jobs/sagacity-solutions-ltd/p37370,https://www.reed.co.uk/jobs/data-analyst/56815207?source=searchResults&q=data%20analyst&filter=%2Fjobs%2Fdata-analyst-jobs-in-london%3Fq%3Ddata%2Banalyst%26pageno%3D11
Lead BI Analyst,Harnham - Data & Analytics Recruitment,London,2026-08-14,https://www.reed.co.uk/jobs/lead-bi-analyst/57239541?source=searchResults&q=data%20analyst&filter=%2Fjobs%2Fdata-analyst-jobs-in-london%3Fq%3Ddata%2Banalyst%26pageno%3D11,https://www.reed.co.uk/jobs/harnham-search-selection/p9243,Actively Hiring,"Salary: £50,000 - £56,000 per annum | Type: Permanent, full-time | Badges: Easy Apply",Reed.co.uk,https://www.reed.co.uk/jobs/harnham-search-selection/p9243,https://www.reed.co.uk/jobs/lead-bi-analyst/57239541?source=searchResults&q=data%20analyst&filter=%2Fjobs%2Fdata-analyst-jobs-in-london%3Fq%3Ddata%2Banalyst%26pageno%3D11
Data Analyst,Sagacity,London,2026-08-07,https://www.reed.co.uk/jobs/data-analyst/56815207?source=searchResults&q=data%20analyst&filter=%2Fjobs%2Fdata-analyst-jobs-in-london%3Fq%3Ddata%2Banalyst%26pageno%3D12,https://www.reed.co.uk/jobs/sagacity-solutions-ltd/p37370,Actively Hiring,"Salary: Competitive salary | Type: Permanent, full-time | Badges: Promoted",Reed.co.uk,https://www.reed.co.uk/jobs/sagacity-solutions-ltd/p37370,https://www.reed.co.uk/jobs/data-analyst/56815207?source=searchResults&q=data%20analyst&filter=%2Fjobs%2Fdata-analyst-jobs-in-london%3Fq%3Ddata%2Banalyst%26pageno%3D12
Snowflake Data Architect - Wembley (5 days a week on-site),Adecco,"Wembley, London, London",2026-09-10,https://www.reed.co.uk/jobs/snowflake-data-architect-wembley-5-days-a-week-on-site/57258320?source=searchResults&q=data%20analyst&filter=%2Fjobs%2Fdata-analyst-jobs-in-london%3Fq%3Ddata%2Banalyst%26pageno%3D12,https://www.reed.co.uk/jobs/adecco-uk-limited-45420/p45420,Actively Hiring,"Salary: £600 - £700 per day | Type: Contract, full-time | Badges: Easy Apply",Reed.co.uk,https://www.reed.co.uk/jobs/adecco-uk-limited-45420/p45420,https://www.reed.co.uk/jobs/snowflake-data-architect-wembley-5-days-a-week-on-site/57258320?source=searchResults&q=data%20analyst&filter=%2Fjobs%2Fdata-analyst-jobs-in-london%3Fq%3Ddata%2Banalyst%26pageno%3D12
Data Engineer,Reed,"City of London, London",2026-08-07,https://www.reed.co.uk/jobs/data-engineer/57209925?source=searchResults&q=data%20analyst&filter=%2Fjobs%2Fdata-analyst-jobs-in-london%3Fq%3Ddata%2Banalyst%26pageno%3D12,https://www.reed.co.uk/jobs/reed/p1342,Actively Hiring,"Salary: Salary negotiable | Type: Permanent, full-time | Badges: Featured, Easy Apply",Reed.co.uk,https://www.reed.co.uk/jobs/reed/p1342,https://www.reed.co.uk/jobs/data-engineer/57209925?source=searchResults&q=data%20analyst&filter=%2Fjobs%2Fdata-analyst-jobs-in-london%3Fq%3Ddata%2Banalyst%26pageno%3D12
"Snowflake Data Architect - London, Wembley",Adecco,London,2026-09-10,https://www.reed.co.uk/jobs/snowflake-data-architect-london-wembley/57258063?source=searchResults&q=data%20analyst&filter=%2Fjobs%2Fdata-analyst-jobs-in-london%3Fq%3Ddata%2Banalyst%26pageno%3D12,https://www.reed.co.uk/jobs/adecco-uk-limited-45420/p45420,Actively Hiring,"Salary: £85,000 - £110,000 per annum | Type: Permanent, full-time | Badges: Easy Apply",Reed.co.uk,https://www.reed.co.uk/jobs/adecco-uk-limited-45420/p45420,https://www.reed.co.uk/jobs/snowflake-data-architect-london-wembley/57258063?source=searchResults&q=data%20analyst&filter=%2Fjobs%2Fdata-analyst-jobs-in-london%3Fq%3Ddata%2Banalyst%26pageno%3D12
Data Analyst,Sagacity,London,2026-08-07,https://www.reed.co.uk/jobs/data-analyst/56815207?source=searchResults&q=data%20analyst&filter=%2Fjobs%2Fdata-analyst-jobs-in-london%3Fq%3Ddata%2Banalyst%26pageno%3D13,https://www.reed.co.uk/jobs/sagacity-solutions-ltd/p37370,Actively Hiring,"Salary: Competitive salary | Type: Permanent, full-time | Badges: Promoted",Reed.co.uk,https://www.reed.co.uk/jobs/sagacity-solutions-ltd/p37370,https://www.reed.co.uk/jobs/data-analyst/56815207?source=searchResults&q=data%20analyst&filter=%2Fjobs%2Fdata-analyst-jobs-in-london%3Fq%3Ddata%2Banalyst%26pageno%3D13
Lead Business Intelligence Analyst,Harnham - Data & Analytics Recruitment,London,2026-08-14,https://www.reed.co.uk/jobs/lead-business-intelligence-analyst/57239343?source=searchResults&q=data%20analyst&filter=%2Fjobs%2Fdata-analyst-jobs-in-london%3Fq%3Ddata%2Banalyst%26pageno%3D13,https://www.reed.co.uk/jobs/harnham-search-selection/p9243,Actively Hiring,"Salary: £50,000 - £60,000 per annum | Type: Permanent, full-time | Badges: Easy Apply",Reed.co.uk,https://www.reed.co.uk/jobs/harnham-search-selection/p9243,https://www.reed.co.uk/jobs/lead-business-intelligence-analyst/57239343?source=searchResults&q=data%20analyst&filter=%2Fjobs%2Fdata-analyst-jobs-in-london%3Fq%3Ddata%2Banalyst%26pageno%3D13
Data Analyst,Sagacity,London,2026-08-07,https://www.reed.co.uk/jobs/data-analyst/56815207?source=searchResults&q=data%20analyst&filter=%2Fjobs%2Fdata-analyst-jobs-in-london%3Fq%3Ddata%2Banalyst%26pageno%3D14,https://www.reed.co.uk/jobs/sagacity-solutions-ltd/p37370,Actively Hiring,"Salary: Competitive salary | Type: Permanent, full-time | Badges: Promoted",Reed.co.uk,https://www.reed.co.uk/jobs/sagacity-solutions-ltd/p37370,https://www.reed.co.uk/jobs/data-analyst/56815207?source=searchResults&q=data%20analyst&filter=%2Fjobs%2Fdata-analyst-jobs-in-london%3Fq%3Ddata%2Banalyst%26pageno%3D14
Lead BI Analyst - Tableau,Harnham - Data & Analytics Recruitment,London,2026-09-08,https://www.reed.co.uk/jobs/lead-bi-analyst-tableau/57251411?source=searchResults&q=data%20analyst&filter=%2Fjobs%2Fdata-analyst-jobs-in-london%3Fq%3Ddata%2Banalyst%26pageno%3D14,https://www.reed.co.uk/jobs/harnham-search-selection/p9243,Actively Hiring,"Salary: £56,000 per annum | Type: Permanent, full-time",Reed.co.uk,https://www.reed.co.uk/jobs/harnham-search-selection/p9243,https://www.reed.co.uk/jobs/lead-bi-analyst-tableau/57251411?source=searchResults&q=data%20analyst&filter=%2Fjobs%2Fdata-analyst-jobs-in-london%3Fq%3Ddata%2Banalyst%26pageno%3D14
Data Analyst,Sagacity,London,2026-08-07,https://www.reed.co.uk/jobs/data-analyst/56815207?source=searchResults&q=data%20analyst&filter=%2Fjobs%2Fdata-analyst-jobs-in-london%3Fq%3Ddata%2Banalyst%26pageno%3D15,https://www.reed.co.uk/jobs/sagacity-solutions-ltd/p37370,Actively Hiring,"Salary: Competitive salary | Type: Permanent, full-time | Badges: Promoted",Reed.co.uk,https://www.reed.co.uk/jobs/sagacity-solutions-ltd/p37370,https://www.reed.co.uk/jobs/data-analyst/56815207?source=searchResults&q=data%20analyst&filter=%2Fjobs%2Fdata-analyst-jobs-in-london%3Fq%3Ddata%2Banalyst%26pageno%3D15
Data Analyst,Sagacity,London,2026-08-07,https://www.reed.co.uk/jobs/data-analyst/56815207?source=searchResults&q=data%20analyst&filter=%2Fjobs%2Fdata-analyst-jobs-in-london%3Fq%3Ddata%2Banalyst%26pageno%3D16,https://www.reed.co.uk/jobs/sagacity-solutions-ltd/p37370,Actively Hiring,"Salary: Competitive salary | Type: Permanent, full-time | Badges: Promoted",Reed.co.uk,https://www.reed.co.uk/jobs/sagacity-solutions-ltd/p37370,https://www.reed.co.uk/jobs/data-analyst/56815207?source=searchResults&q=data%20analyst&filter=%2Fjobs%2Fdata-analyst-jobs-in-london%3Fq%3Ddata%2Banalyst%26pageno%3D16
Data Engineering Lead,Adecco,London,2026-07-24,https://www.reed.co.uk/jobs/data-engineering-lead/57158431?source=searchResults&q=data%20analyst&filter=%2Fjobs%2Fdata-analyst-jobs-in-london%3Fq%3Ddata%2Banalyst%26pageno%3D16,https://www.reed.co.uk/jobs/adecco-uk-limited-45420/p45420,Actively Hiring,"Salary: Salary negotiable | Type: Contract, full-time | Badges: Easy Apply",Reed.co.uk,https://www.reed.co.uk/jobs/adecco-uk-limited-45420/p45420,https://www.reed.co.uk/jobs/data-engineering-lead/57158431?source=searchResults&q=data%20analyst&filter=%2Fjobs%2Fdata-analyst-jobs-in-london%3Fq%3Ddata%2Banalyst%26pageno%3D16
Data Analyst,Sagacity,London,2026-08-07,https://www.reed.co.uk/jobs/data-analyst/56815207?source=searchResults&q=data%20analyst&filter=%2Fjobs%2Fdata-analyst-jobs-in-london%3Fq%3Ddata%2Banalyst%26pageno%3D17,https://www.reed.co.uk/jobs/sagacity-solutions-ltd/p37370,Actively Hiring,"Salary: Competitive salary | Type: Permanent, full-time | Badges: Promoted",Reed.co.uk,https://www.reed.co.uk/jobs/sagacity-solutions-ltd/p37370,https://www.reed.co.uk/jobs/data-analyst/56815207?source=searchResults&q=data%20analyst&filter=%2Fjobs%2Fdata-analyst-jobs-in-london%3Fq%3Ddata%2Banalyst%26pageno%3D17
Data Modeler,Harnham - Data & Analytics Recruitment,London,2026-07-30,https://www.reed.co.uk/jobs/data-modeler/57179574?source=searchResults&q=data%20analyst&filter=%2Fjobs%2Fdata-analyst-jobs-in-london%3Fq%3Ddata%2Banalyst%26pageno%3D17,https://www.reed.co.uk/jobs/harnham-search-selection/p9243,Actively Hiring,"Salary: £600 - £700 per day | Type: Contract, full-time | Badges: Easy Apply",Reed.co.uk,https://www.reed.co.uk/jobs/harnham-search-selection/p9243,https://www.reed.co.uk/jobs/data-modeler/57179574?source=searchResults&q=data%20analyst&filter=%2Fjobs%2Fdata-analyst-jobs-in-london%3Fq%3Ddata%2Banalyst%26pageno%3D17
Data Engineer,Advanced Resource Managers Limited,London,2026-09-09,https://www.reed.co.uk/jobs/data-engineer/57255245?source=searchResults&q=data%20analyst&filter=%2Fjobs%2Fdata-analyst-jobs-in-london%3Fq%3Ddata%2Banalyst%26pageno%3D17,https://www.reed.co.uk/jobs/advanced-resource-managers-limited-62309/p62309,Actively Hiring,"Salary: £450 - £490 per day | Type: Contract, full-time | Badges: Easy Apply",Reed.co.uk,https://www.reed.co.uk/jobs/advanced-resource-managers-limited-62309/p62309,https://www.reed.co.uk/jobs/data-engineer/57255245?source=searchResults&q=data%20analyst&filter=%2Fjobs%2Fdata-analyst-jobs-in-london%3Fq%3Ddata%2Banalyst%26pageno%3D17
Data Analyst,Sagacity,London,2026-08-07,https://www.reed.co.uk/jobs/data-analyst/56815207?source=searchResults&q=data%20analyst&filter=%2Fjobs%2Fdata-analyst-jobs-in-london%3Fq%3Ddata%2Banalyst%26pageno%3D18,https://www.reed.co.uk/jobs/sagacity-solutions-ltd/p37370,Actively Hiring,"Salary: Competitive salary | Type: Permanent, full-time | Badges: Promoted",Reed.co.uk,https://www.reed.co.uk/jobs/sagacity-solutions-ltd/p37370,https://www.reed.co.uk/jobs/data-analyst/56815207?source=searchResults&q=data%20analyst&filter=%2Fjobs%2Fdata-analyst-jobs-in-london%3Fq%3Ddata%2Banalyst%26pageno%3D18
Senior Data Scientist,Harnham - Data & Analytics Recruitment,London,2026-08-12,https://www.reed.co.uk/jobs/senior-data-scientist/57226118?source=searchResults&q=data%20analyst&filter=%2Fjobs%2Fdata-analyst-jobs-in-london%3Fq%3Ddata%2Banalyst%26pageno%3D18,https://www.reed.co.uk/jobs/harnham-search-selection/p9243,Actively Hiring,"Salary: £65,000 - £75,000 per annum | Type: Permanent, full-time | Badges: Easy Apply",Reed.co.uk,https://www.reed.co.uk/jobs/harnham-search-selection/p9243,https://www.reed.co.uk/jobs/senior-data-scientist/57226118?source=searchResults&q=data%20analyst&filter=%2Fjobs%2Fdata-analyst-jobs-in-london%3Fq%3Ddata%2Banalyst%26pageno%3D18
Data Analyst,Sagacity,London,2026-08-07,https://www.reed.co.uk/jobs/data-analyst/56815207?source=searchResults&q=data%20analyst&filter=%2Fjobs%2Fdata-analyst-jobs-in-london%3Fq%3Ddata%2Banalyst%26pageno%3D19,https://www.reed.co.uk/jobs/sagacity-solutions-ltd/p37370,Actively Hiring,"Salary: Competitive salary | Type: Permanent, full-time | Badges: Promoted",Reed.co.uk,https://www.reed.co.uk/jobs/sagacity-solutions-ltd/p37370,https://www.reed.co.uk/jobs/data-analyst/56815207?source=searchResults&q=data%20analyst&filter=%2Fjobs%2Fdata-analyst-jobs-in-london%3Fq%3Ddata%2Banalyst%26pageno%3D19
Senior Data Engineer & Technical Delivery Lead (Python / Databricks),Venn Group,"City of London, London",2026-07-17,https://www.reed.co.uk/jobs/senior-data-engineer-technical-delivery-lead-python-databricks/57136460?source=searchResults&q=data%20analyst&filter=%2Fjobs%2Fdata-analyst-jobs-in-london%3Fq%3Ddata%2Banalyst%26pageno%3D19,https://www.reed.co.uk/jobs/venn-group/p4170,Actively Hiring,"Salary: Competitive salary | Type: Contract, full-time | Badges: Easy Apply",Reed.co.uk,https://www.reed.co.uk/jobs/venn-group/p4170,https://www.reed.co.uk/jobs/senior-data-engineer-technical-delivery-lead-python-databricks/57136460?source=searchResults&q=data%20analyst&filter=%2Fjobs%2Fdata-analyst-jobs-in-london%3Fq%3Ddata%2Banalyst%26pageno%3D19
Senior Data Scientist,Harnham - Data & Analytics Recruitment,London,2026-08-12,https://www.reed.co.uk/jobs/senior-data-scientist/57226118?source=searchResults&q=data%20analyst&filter=%2Fjobs%2Fdata-analyst-jobs-in-london%3Fq%3Ddata%2Banalyst%26pageno%3D19,https://www.reed.co.uk/jobs/harnham-search-selection/p9243,Actively Hiring,"Salary: £65,000 - £75,000 per annum | Type: Permanent, full-time | Badges: Easy Apply",Reed.co.uk,https://www.reed.co.uk/jobs/harnham-search-selection/p9243,https://www.reed.co.uk/jobs/senior-data-scientist/57226118?source=searchResults&q=data%20analyst&filter=%2Fjobs%2Fdata-analyst-jobs-in-london%3Fq%3Ddata%2Banalyst%26pageno%3D19
Data Analyst,Sagacity,London,2026-08-07,https://www.reed.co.uk/jobs/data-analyst/56815207?source=searchResults&q=data%20analyst&filter=%2Fjobs%2Fdata-analyst-jobs-in-london%3Fq%3Ddata%2Banalyst%26pageno%3D20,https://www.reed.co.uk/jobs/sagacity-solutions-ltd/p37370,Actively Hiring,"Salary: Competitive salary | Type: Permanent, full-time | Badges: Promoted",Reed.co.uk,https://www.reed.co.uk/jobs/sagacity-solutions-ltd/p37370,https://www.reed.co.uk/jobs/data-analyst/56815207?source=searchResults&q=data%20analyst&filter=%2Fjobs%2Fdata-analyst-jobs-in-london%3Fq%3Ddata%2Banalyst%26pageno%3D20
Data & AI Product Manager,Tenth Revolution Group,London,2026-07-15,https://www.reed.co.uk/jobs/data-ai-product-manager/57126280?source=searchResults&q=data%20analyst&filter=%2Fjobs%2Fdata-analyst-jobs-in-london%3Fq%3Ddata%2Banalyst%26pageno%3D20,https://www.reed.co.uk/jobs/tenth-revolution-group-91770/p91770,Actively Hiring,"Salary: £85,000 - £90,000 per annum | Type: Permanent, full-time | Badges: Easy Apply",Reed.co.uk,https://www.reed.co.uk/jobs/tenth-revolution-group-91770/p91770,https://www.reed.co.uk/jobs/data-ai-product-manager/57126280?source=searchResults&q=data%20analyst&filter=%2Fjobs%2Fdata-analyst-jobs-in-london%3Fq%3Ddata%2Banalyst%26pageno%3D20
Data Analyst,Sagacity,London,2026-08-07,https://www.reed.co.uk/jobs/data-analyst/56815207?source=searchResults&q=data%20analyst&filter=%2Fjobs%2Fdata-analyst-jobs-in-london%3Fq%3Ddata%2Banalyst%26pageno%3D21,https://www.reed.co.uk/jobs/sagacity-solutions-ltd/p37370,Actively Hiring,"Salary: Competitive salary | Type: Permanent, full-time | Badges: Promoted",Reed.co.uk,https://www.reed.co.uk/jobs/sagacity-solutions-ltd/p37370,https://www.reed.co.uk/jobs/data-analyst/56815207?source=searchResults&q=data%20analyst&filter=%2Fjobs%2Fdata-analyst-jobs-in-london%3Fq%3Ddata%2Banalyst%26pageno%3D21
Data & AI Delivery Specialist,Tenth Revolution Group,London,2026-07-16,https://www.reed.co.uk/jobs/data-ai-delivery-specialist/57131201?source=searchResults&q=data%20analyst&filter=%2Fjobs%2Fdata-analyst-jobs-in-london%3Fq%3Ddata%2Banalyst%26pageno%3D21,https://www.reed.co.uk/jobs/tenth-revolution-group-91770/p91770,Actively Hiring,"Salary: £45,000 - £75,000 per annum | Type: Permanent, full-time | Badges: Easy Apply",Reed.co.uk,https://www.reed.co.uk/jobs/tenth-revolution-group-91770/p91770,https://www.reed.co.uk/jobs/data-ai-delivery-specialist/57131201?source=searchResults&q=data%20analyst&filter=%2Fjobs%2Fdata-analyst-jobs-in-london%3Fq%3Ddata%2Banalyst%26pageno%3D21
Data Analyst,Sagacity,London,2026-08-07,https://www.reed.co.uk/jobs/data-analyst/56815207?source=searchResults&q=data%20analyst&filter=%2Fjobs%2Fdata-analyst-jobs-in-london%3Fq%3Ddata%2Banalyst%26pageno%3D22,https://www.reed.co.uk/jobs/sagacity-solutions-ltd/p37370,Actively Hiring,"Salary: Competitive salary | Type: Permanent, full-time | Badges: Promoted",Reed.co.uk,https://www.reed.co.uk/jobs/sagacity-solutions-ltd/p37370,https://www.reed.co.uk/jobs/data-analyst/56815207?source=searchResults&q=data%20analyst&filter=%2Fjobs%2Fdata-analyst-jobs-in-london%3Fq%3Ddata%2Banalyst%26pageno%3D22
Data & AI Delivery Specialist,Tenth Revolution Group,London,2026-07-16,https://www.reed.co.uk/jobs/data-ai-delivery-specialist/57131201?source=searchResults&q=data%20analyst&filter=%2Fjobs%2Fdata-analyst-jobs-in-london%3Fq%3Ddata%2Banalyst%26pageno%3D22,https://www.reed.co.uk/jobs/tenth-revolution-group-91770/p91770,Actively Hiring,"Salary: £45,000 - £75,000 per annum | Type: Permanent, full-time | Badges: Easy Apply",Reed.co.uk,https://www.reed.co.uk/jobs/tenth-revolution-group-91770/p91770,https://www.reed.co.uk/jobs/data-ai-delivery-specialist/57131201?source=searchResults&q=data%20analyst&filter=%2Fjobs%2Fdata-analyst-jobs-in-london%3Fq%3Ddata%2Banalyst%26pageno%3D22
Data Analyst,Sagacity,London,2026-08-07,https://www.reed.co.uk/jobs/data-analyst/56815207?source=searchResults&q=data%20analyst&filter=%2Fjobs%2Fdata-analyst-jobs-in-london%3Fq%3Ddata%2Banalyst%26pageno%3D23,https://www.reed.co.uk/jobs/sagacity-solutions-ltd/p37370,Actively Hiring,"Salary: Competitive salary | Type: Permanent, full-time | Badges: Promoted",Reed.co.uk,https://www.reed.co.uk/jobs/sagacity-solutions-ltd/p37370,https://www.reed.co.uk/jobs/data-analyst/56815207?source=searchResults&q=data%20analyst&filter=%2Fjobs%2Fdata-analyst-jobs-in-london%3Fq%3Ddata%2Banalyst%26pageno%3D23
Data Analyst,Sagacity,London,2026-08-07,https://www.reed.co.uk/jobs/data-analyst/56815207?source=searchResults&q=data%20analyst&filter=%2Fjobs%2Fdata-analyst-jobs-in-london%3Fq%3Ddata%2Banalyst%26pageno%3D24,https://www.reed.co.uk/jobs/sagacity-solutions-ltd/p37370,Actively Hiring,"Salary: Competitive salary | Type: Permanent, full-time | Badges: Promoted",Reed.co.uk,https://www.reed.co.uk/jobs/sagacity-solutions-ltd/p37370,https://www.reed.co.uk/jobs/data-analyst/56815207?source=searchResults&q=data%20analyst&filter=%2Fjobs%2Fdata-analyst-jobs-in-london%3Fq%3Ddata%2Banalyst%26pageno%3D24
Senior Business Data Analyst - M&G plc.,eFinancialCareers,London,2026-09-11,https://www.reed.co.uk/jobs/senior-business-data-analyst-m-g-plc/57264893?source=searchResults&q=data%20analyst&filter=%2Fjobs%2Fdata-analyst-jobs-in-london%3Fq%3Ddata%2Banalyst%26pageno%3D24,https://www.reed.co.uk/jobs/efinancial-careers/p74850,Actively Hiring,"Salary: Competitive salary | Type: Permanent, full-time | Badges: New",Reed.co.uk,https://www.reed.co.uk/jobs/efinancial-careers/p74850,https://www.reed.co.uk/jobs/senior-business-data-analyst-m-g-plc/57264893?source=searchResults&q=data%20analyst&filter=%2Fjobs%2Fdata-analyst-jobs-in-london%3Fq%3Ddata%2Banalyst%26pageno%3D24
Senior Market Data Analyst - Man Group plc,eFinancialCareers,London,2026-09-11,https://www.reed.co.uk/jobs/senior-market-data-analyst-man-group-plc/57160494?source=searchResults&q=data%20analyst&filter=%2Fjobs%2Fdata-analyst-jobs-in-london%3Fq%3Ddata%2Banalyst%26pageno%3D24,https://www.reed.co.uk/jobs/efinancial-careers/p74850,Actively Hiring,"Salary: Competitive salary | Type: Permanent, full-time",Reed.co.uk,https://www.reed.co.uk/jobs/efinancial-careers/p74850,https://www.reed.co.uk/jobs/senior-market-data-analyst-man-group-plc/57160494?source=searchResults&q=data%20analyst&filter=%2Fjobs%2Fdata-analyst-jobs-in-london%3Fq%3Ddata%2Banalyst%26pageno%3D24
Data Analyst,Sagacity,London,2026-08-07,https://www.reed.co.uk/jobs/data-analyst/56815207?source=searchResults&q=data%20analyst&filter=%2Fjobs%2Fdata-analyst-jobs-in-london%3Fq%3Ddata%2Banalyst%26pageno%3D25,https://www.reed.co.uk/jobs/sagacity-solutions-ltd/p37370,Actively Hiring,"Salary: Competitive salary | Type: Permanent, full-time | Badges: Promoted",Reed.co.uk,https://www.reed.co.uk/jobs/sagacity-solutions-ltd/p37370,https://www.reed.co.uk/jobs/data-analyst/56815207?source=searchResults&q=data%20analyst&filter=%2Fjobs%2Fdata-analyst-jobs-in-london%3Fq%3Ddata%2Banalyst%26pageno%3D25
Senior Investment Data Analyst - Universities Superannuation Scheme Limited,eFinancialCareers,London,2026-09-11,https://www.reed.co.uk/jobs/senior-investment-data-analyst-universities-superannuation-scheme-limited/57264501?source=searchResults&q=data%20analyst&filter=%2Fjobs%2Fdata-analyst-jobs-in-london%3Fq%3Ddata%2Banalyst%26pageno%3D25,https://www.reed.co.uk/jobs/efinancial-careers/p74850,Actively Hiring,"Salary: Competitive salary | Type: Permanent, full-time | Badges: New",Reed.co.uk,https://www.reed.co.uk/jobs/efinancial-careers/p74850,https://www.reed.co.uk/jobs/senior-investment-data-analyst-universities-superannuation-scheme-limited/57264501?source=searchResults&q=data%20analyst&filter=%2Fjobs%2Fdata-analyst-jobs-in-london%3Fq%3Ddata%2Banalyst%26pageno%3D25
Data Analyst Compute Science Graduate Opportunity - Alexander Mann Solutions Contingent,eFinancialCareers,London,2026-09-11,https://www.reed.co.uk/jobs/data-analyst-compute-science-graduate-opportunity-alexander-mann-solutions-contingent/57264769?source=searchResults&q=data%20analyst&filter=%2Fjobs%2Fdata-analyst-jobs-in-london%3Fq%3Ddata%2Banalyst%26pageno%3D25,https://www.reed.co.uk/jobs/efinancial-careers/p74850,Actively Hiring,"Salary: Competitive salary | Type: Permanent, full-time | Badges: New",Reed.co.uk,https://www.reed.co.uk/jobs/efinancial-careers/p74850,https://www.reed.co.uk/jobs/data-analyst-compute-science-graduate-opportunity-alexander-mann-solutions-contingent/57264769?source=searchResults&q=data%20analyst&filter=%2Fjobs%2Fdata-analyst-jobs-in-london%3Fq%3Ddata%2Banalyst%26pageno%3D25
Associate Data Analyst Asian language speaker - A.M. Best Europe - Rating Services Ltd,eFinancialCareers,London,2026-09-11,https://www.reed.co.uk/jobs/associate-data-analyst-asian-language-speaker-am-best-europe-rating-services-ltd/57168401?source=searchResults&q=data%20analyst&filter=%2Fjobs%2Fdata-analyst-jobs-in-london%3Fq%3Ddata%2Banalyst%26pageno%3D25,https://www.reed.co.uk/jobs/efinancial-careers/p74850,Actively Hiring,"Salary: Competitive salary | Type: Permanent, full-time",Reed.co.uk,https://www.reed.co.uk/jobs/efinancial-careers/p74850,https://www.reed.co.uk/jobs/associate-data-analyst-asian-language-speaker-am-best-europe-rating-services-ltd/57168401?source=searchResults&q=data%20analyst&filter=%2Fjobs%2Fdata-analyst-jobs-in-london%3Fq%3Ddata%2Banalyst%26pageno%3D25
Commercial Analyst - Data & Pricing Programme - Morgan McKinley,eFinancialCareers,London,2026-09-11,https://www.reed.co.uk/jobs/commercial-analyst-data-pricing-programme-morgan-mckinley/57264141?source=searchResults&q=data%20analyst&filter=%2Fjobs%2Fdata-analyst-jobs-in-london%3Fq%3Ddata%2Banalyst%26pageno%3D25,https://www.reed.co.uk/jobs/efinancial-careers/p74850,Actively Hiring,"Salary: Competitive salary | Type: Permanent, full-time | Badges: New",Reed.co.uk,https://www.reed.co.uk/jobs/efinancial-careers/p74850,https://www.reed.co.uk/jobs/commercial-analyst-data-pricing-programme-morgan-mckinley/57264141?source=searchResults&q=data%20analyst&filter=%2Fjobs%2Fdata-analyst-jobs-in-london%3Fq%3Ddata%2Banalyst%26pageno%3D25
Data Analyst,Sagacity,London,2026-08-07,https://www.reed.co.uk/jobs/data-analyst/56815207?source=searchResults&q=data%20analyst&filter=%2Fjobs%2Fdata-analyst-jobs-in-london%3Fq%3Ddata%2Banalyst%26pageno%3D26,https://www.reed.co.uk/jobs/sagacity-solutions-ltd/p37370,Actively Hiring,"Salary: Competitive salary | Type: Permanent, full-time | Badges: Promoted",Reed.co.uk,https://www.reed.co.uk/jobs/sagacity-solutions-ltd/p37370,https://www.reed.co.uk/jobs/data-analyst/56815207?source=searchResults&q=data%20analyst&filter=%2Fjobs%2Fdata-analyst-jobs-in-london%3Fq%3Ddata%2Banalyst%26pageno%3D26
Data Scientist,Sagacity,London,2026-09-07,https://www.reed.co.uk/jobs/data-scientist/57246865?source=searchResults&q=data%20analyst&filter=%2Fjobs%2Fdata-analyst-jobs-in-london%3Fq%3Ddata%2Banalyst%26pageno%3D26,https://www.reed.co.uk/jobs/sagacity-solutions-ltd/p37370,Actively Hiring,"Salary: Competitive salary | Type: Permanent, full-time | Badges: Featured",Reed.co.uk,https://www.reed.co.uk/jobs/sagacity-solutions-ltd/p37370,https://www.reed.co.uk/jobs/data-scientist/57246865?source=searchResults&q=data%20analyst&filter=%2Fjobs%2Fdata-analyst-jobs-in-london%3Fq%3Ddata%2Banalyst%26pageno%3D26
Analyst Client and Data,eFinancialCareers,London,2026-08-12,https://www.reed.co.uk/jobs/analyst-client-and-data/57230846?source=searchResults&q=data%20analyst&filter=%2Fjobs%2Fdata-analyst-jobs-in-london%3Fq%3Ddata%2Banalyst%26pageno%3D26,https://www.reed.co.uk/jobs/efinancial-careers/p74850,Actively Hiring,"Salary: Competitive salary | Type: Permanent, full-time",Reed.co.uk,https://www.reed.co.uk/jobs/efinancial-careers/p74850,https://www.reed.co.uk/jobs/analyst-client-and-data/57230846?source=searchResults&q=data%20analyst&filter=%2Fjobs%2Fdata-analyst-jobs-in-london%3Fq%3Ddata%2Banalyst%26pageno%3D26
Senior Business Analyst Research Data,The Guardian,London,2026-09-09,https://www.reed.co.uk/jobs/senior-business-analyst-research-data/57253292?source=searchResults&q=data%20analyst&filter=%2Fjobs%2Fdata-analyst-jobs-in-london%3Fq%3Ddata%2Banalyst%26pageno%3D26,https://www.reed.co.uk/jobs/the-guardian/o497203,Actively Hiring,"Salary: Competitive salary | Type: Permanent, full-time",Reed.co.uk,https://www.reed.co.uk/jobs/the-guardian/o497203,https://www.reed.co.uk/jobs/senior-business-analyst-research-data/57253292?source=searchResults&q=data%20analyst&filter=%2Fjobs%2Fdata-analyst-jobs-in-london%3Fq%3Ddata%2Banalyst%26pageno%3D26
Data Engineer/Integration Analyst Python,eFinancialCareers,London,2026-09-11,https://www.reed.co.uk/jobs/data-engineer-integration-analyst-python/57114842?source=searchResults&q=data%20analyst&filter=%2Fjobs%2Fdata-analyst-jobs-in-london%3Fq%3Ddata%2Banalyst%26pageno%3D26,https://www.reed.co.uk/jobs/efinancial-careers/p74850,Actively Hiring,"Salary: Competitive salary | Type: Permanent, full-time",Reed.co.uk,https://www.reed.co.uk/jobs/efinancial-careers/p74850,https://www.reed.co.uk/jobs/data-engineer-integration-analyst-python/57114842?source=searchResults&q=data%20analyst&filter=%2Fjobs%2Fdata-analyst-jobs-in-london%3Fq%3Ddata%2Banalyst%26pageno%3D26
Senior Data Scientist,Harnham - Data & Analytics Recruitment,London,2026-07-14,https://www.reed.co.uk/jobs/senior-data-scientist/57121681?source=searchResults&q=data%20analyst&filter=%2Fjobs%2Fdata-analyst-jobs-in-london%3Fq%3Ddata%2Banalyst%26pageno%3D26,https://www.reed.co.uk/jobs/harnham-search-selection/p9243,Actively Hiring,"Salary: £65,000 - £70,000 per annum | Type: Permanent, full-time | Badges: Easy Apply",Reed.co.uk,https://www.reed.co.uk/jobs/harnham-search-selection/p9243,https://www.reed.co.uk/jobs/senior-data-scientist/57121681?source=searchResults&q=data%20analyst&filter=%2Fjobs%2Fdata-analyst-jobs-in-london%3Fq%3Ddata%2Banalyst%26pageno%3D26
"Senior Analyst - Model, Data and AI Risk Internal Audit - Macquarie Group",eFinancialCareers,London,2026-09-11,https://www.reed.co.uk/jobs/senior-analyst-model-data-and-ai-risk-internal-audit-macquarie-group/57264664?source=searchResults&q=data%20analyst&filter=%2Fjobs%2Fdata-analyst-jobs-in-london%3Fq%3Ddata%2Banalyst%26pageno%3D26,https://www.reed.co.uk/jobs/efinancial-careers/p74850,Actively Hiring,"Salary: Competitive salary | Type: Permanent, full-time | Badges: New",Reed.co.uk,https://www.reed.co.uk/jobs/efinancial-careers/p74850,https://www.reed.co.uk/jobs/senior-analyst-model-data-and-ai-risk-internal-audit-macquarie-group/57264664?source=searchResults&q=data%20analyst&filter=%2Fjobs%2Fdata-analyst-jobs-in-london%3Fq%3Ddata%2Banalyst%26pageno%3D26
Business analyst - Market data and analytics - CRISIL,eFinancialCareers,London,2026-09-11,https://www.reed.co.uk/jobs/business-analyst-market-data-and-analytics-crisil/57147142?source=searchResults&q=data%20analyst&filter=%2Fjobs%2Fdata-analyst-jobs-in-london%3Fq%3Ddata%2Banalyst%26pageno%3D26,https://www.reed.co.uk/jobs/efinancial-careers/p74850,Actively Hiring,"Salary: Competitive salary | Type: Permanent, full-time",Reed.co.uk,https://www.reed.co.uk/jobs/efinancial-careers/p74850,https://www.reed.co.uk/jobs/business-analyst-market-data-and-analytics-crisil/57147142?source=searchResults&q=data%20analyst&filter=%2Fjobs%2Fdata-analyst-jobs-in-london%3Fq%3Ddata%2Banalyst%26pageno%3D26
Senior Analyst-Accounting & Data Services - Northern Trust,eFinancialCareers,London,2026-09-11,https://www.reed.co.uk/jobs/senior-analyst-accounting-data-services-northern-trust/57263844?source=searchResults&q=data%20analyst&filter=%2Fjobs%2Fdata-analyst-jobs-in-london%3Fq%3Ddata%2Banalyst%26pageno%3D26,https://www.reed.co.uk/jobs/efinancial-careers/p74850,Actively Hiring,"Salary: Competitive salary | Type: Permanent, full-time | Badges: New",Reed.co.uk,https://www.reed.co.uk/jobs/efinancial-careers/p74850,https://www.reed.co.uk/jobs/senior-analyst-accounting-data-services-northern-trust/57263844?source=searchResults&q=data%20analyst&filter=%2Fjobs%2Fdata-analyst-jobs-in-london%3Fq%3Ddata%2Banalyst%26pageno%3D26
Senior Data Scientist,Harnham - Data & Analytics Recruitment,London,2026-07-27,https://www.reed.co.uk/jobs/senior-data-scientist/57161791?source=searchResults&q=data%20analyst&filter=%2Fjobs%2Fdata-analyst-jobs-in-london%3Fq%3Ddata%2Banalyst%26pageno%3D26,https://www.reed.co.uk/jobs/harnham-search-selection/p9243,Actively Hiring,"Salary: £70,000 - £90,000 per annum | Type: Permanent, full-time | Badges: Easy Apply",Reed.co.uk,https://www.reed.co.uk/jobs/harnham-search-selection/p9243,https://www.reed.co.uk/jobs/senior-data-scientist/57161791?source=searchResults&q=data%20analyst&filter=%2Fjobs%2Fdata-analyst-jobs-in-london%3Fq%3Ddata%2Banalyst%26pageno%3D26
Data Governance Foundation Senior Lead Analyst SVP - Citi,eFinancialCareers,London,2026-09-11,https://www.reed.co.uk/jobs/data-governance-foundation-senior-lead-analyst-svp-citi/57263915?source=searchResults&q=data%20analyst&filter=%2Fjobs%2Fdata-analyst-jobs-in-london%3Fq%3Ddata%2Banalyst%26pageno%3D26,https://www.reed.co.uk/jobs/efinancial-careers/p74850,Actively Hiring,"Salary: Competitive salary | Type: Permanent, full-time | Badges: New",Reed.co.uk,https://www.reed.co.uk/jobs/efinancial-careers/p74850,https://www.reed.co.uk/jobs/data-governance-foundation-senior-lead-analyst-svp-citi/57263915?source=searchResults&q=data%20analyst&filter=%2Fjobs%2Fdata-analyst-jobs-in-london%3Fq%3Ddata%2Banalyst%26pageno%3D26
Director of Data,Harnham - Data & Analytics Recruitment,London,2026-07-15,https://www.reed.co.uk/jobs/director-of-data/57125201?source=searchResults&q=data%20analyst&filter=%2Fjobs%2Fdata-analyst-jobs-in-london%3Fq%3Ddata%2Banalyst%26pageno%3D26,https://www.reed.co.uk/jobs/harnham-search-selection/p9243,Actively Hiring,"Salary: £150,000 - £165,000 per annum | Type: Permanent, full-time | Badges: Easy Apply",Reed.co.uk,https://www.reed.co.uk/jobs/harnham-search-selection/p9243,https://www.reed.co.uk/jobs/director-of-data/57125201?source=searchResults&q=data%20analyst&filter=%2Fjobs%2Fdata-analyst-jobs-in-london%3Fq%3Ddata%2Banalyst%26pageno%3D26
Data Analyst,Sagacity,London,2026-08-07,https://www.reed.co.uk/jobs/data-analyst/56815207?source=searchResults&q=data%20analyst&filter=%2Fjobs%2Fdata-analyst-jobs-in-london%3Fq%3Ddata%2Banalyst%26pageno%3D27,https://www.reed.co.uk/jobs/sagacity-solutions-ltd/p37370,Actively Hiring,"Salary: Competitive salary | Type: Permanent, full-time | Badges: Promoted",Reed.co.uk,https://www.reed.co.uk/jobs/sagacity-solutions-ltd/p37370,https://www.reed.co.uk/jobs/data-analyst/56815207?source=searchResults&q=data%20analyst&filter=%2Fjobs%2Fdata-analyst-jobs-in-london%3Fq%3Ddata%2Banalyst%26pageno%3D27
Senior Data Scientist,Harnham - Data & Analytics Recruitment,London,2026-07-16,https://www.reed.co.uk/jobs/senior-data-scientist/57132291?source=searchResults&q=data%20analyst&filter=%2Fjobs%2Fdata-analyst-jobs-in-london%3Fq%3Ddata%2Banalyst%26pageno%3D27,https://www.reed.co.uk/jobs/harnham-search-selection/p9243,Actively Hiring,"Salary: £70,000 per annum | Type: Permanent, full-time | Badges: Easy Apply",Reed.co.uk,https://www.reed.co.uk/jobs/harnham-search-selection/p9243,https://www.reed.co.uk/jobs/senior-data-scientist/57132291?source=searchResults&q=data%20analyst&filter=%2Fjobs%2Fdata-analyst-jobs-in-london%3Fq%3Ddata%2Banalyst%26pageno%3D27
Senior Data Scientist (Contract),Harnham - Data & Analytics Recruitment,London,2026-08-13,https://www.reed.co.uk/jobs/senior-data-scientist-contract/57235043?source=searchResults&q=data%20analyst&filter=%2Fjobs%2Fdata-analyst-jobs-in-london%3Fq%3Ddata%2Banalyst%26pageno%3D27,https://www.reed.co.uk/jobs/harnham-search-selection/p9243,Actively Hiring,"Salary: £500 - £600 per day | Type: Contract, full-time | Badges: Easy Apply",Reed.co.uk,https://www.reed.co.uk/jobs/harnham-search-selection/p9243,https://www.reed.co.uk/jobs/senior-data-scientist-contract/57235043?source=searchResults&q=data%20analyst&filter=%2Fjobs%2Fdata-analyst-jobs-in-london%3Fq%3Ddata%2Banalyst%26pageno%3D27
Business & Marketing Data Scientist,Randstad Technologies,London,2026-07-30,https://www.reed.co.uk/jobs/business-marketing-data-scientist/57174856?source=searchResults&q=data%20analyst&filter=%2Fjobs%2Fdata-analyst-jobs-in-london%3Fq%3Ddata%2Banalyst%26pageno%3D27,https://www.reed.co.uk/jobs/randstad-technologies-101642/p101642,Actively Hiring,"Salary: £60 - £62 per hour | Type: Contract, full-time | Badges: Easy Apply",Reed.co.uk,https://www.reed.co.uk/jobs/randstad-technologies-101642/p101642,https://www.reed.co.uk/jobs/business-marketing-data-scientist/57174856?source=searchResults&q=data%20analyst&filter=%2Fjobs%2Fdata-analyst-jobs-in-london%3Fq%3Ddata%2Banalyst%26pageno%3D27
Business Intelligence Developer,Randstad Technologies,"Harlow, Essex",2026-08-14,https://www.reed.co.uk/jobs/business-intelligence-developer/57238454?source=searchResults&q=data%20analyst&filter=%2Fjobs%2Fdata-analyst-jobs-in-london%3Fq%3Ddata%2Banalyst%26pageno%3D27,https://www.reed.co.uk/jobs/randstad-technologies-101642/p101642,Actively Hiring,"Salary: £16 - £20 per hour | Type: Contract, full-time | Badges: Easy Apply",Reed.co.uk,https://www.reed.co.uk/jobs/randstad-technologies-101642/p101642,https://www.reed.co.uk/jobs/business-intelligence-developer/57238454?source=searchResults&q=data%20analyst&filter=%2Fjobs%2Fdata-analyst-jobs-in-london%3Fq%3Ddata%2Banalyst%26pageno%3D27
Data Scientist,Harnham - Data & Analytics Recruitment,London,2026-08-12,https://www.reed.co.uk/jobs/data-scientist/57231160?source=searchResults&q=data%20analyst&filter=%2Fjobs%2Fdata-analyst-jobs-in-london%3Fq%3Ddata%2Banalyst%26pageno%3D27,https://www.reed.co.uk/jobs/harnham-search-selection/p9243,Actively Hiring,"Salary: £50,000 - £60,000 per annum | Type: Permanent, full-time | Badges: Easy Apply",Reed.co.uk,https://www.reed.co.uk/jobs/harnham-search-selection/p9243,https://www.reed.co.uk/jobs/data-scientist/57231160?source=searchResults&q=data%20analyst&filter=%2Fjobs%2Fdata-analyst-jobs-in-london%3Fq%3Ddata%2Banalyst%26pageno%3D27
Data Architect,Reed,"Southwark, London",2026-08-12,https://www.reed.co.uk/jobs/data-architect/57226706?source=searchResults&q=data%20analyst&filter=%2Fjobs%2Fdata-analyst-jobs-in-london%3Fq%3Ddata%2Banalyst%26pageno%3D27,https://www.reed.co.uk/jobs/reed/p1342,Actively Hiring,"Salary: £80,000 - £94,000 per annum | Type: Permanent, full-time | Badges: Featured, Easy Apply",Reed.co.uk,https://www.reed.co.uk/jobs/reed/p1342,https://www.reed.co.uk/jobs/data-architect/57226706?source=searchResults&q=data%20analyst&filter=%2Fjobs%2Fdata-analyst-jobs-in-london%3Fq%3Ddata%2Banalyst%26pageno%3D27
Databricks Data Engineer,Harnham - Data & Analytics Recruitment,London,2026-07-20,https://www.reed.co.uk/jobs/databricks-data-engineer/57138796?source=searchResults&q=data%20analyst&filter=%2Fjobs%2Fdata-analyst-jobs-in-london%3Fq%3Ddata%2Banalyst%26pageno%3D27,https://www.reed.co.uk/jobs/harnham-search-selection/p9243,Actively Hiring,"Salary: £500 - £600 per day | Type: Contract, full-time | Badges: Easy Apply",Reed.co.uk,https://www.reed.co.uk/jobs/harnham-search-selection/p9243,https://www.reed.co.uk/jobs/databricks-data-engineer/57138796?source=searchResults&q=data%20analyst&filter=%2Fjobs%2Fdata-analyst-jobs-in-london%3Fq%3Ddata%2Banalyst%26pageno%3D27
Junior Data Scientist,Reed,"City of London, London",2026-08-07,https://www.reed.co.uk/jobs/junior-data-scientist/57210409?source=searchResults&q=data%20analyst&filter=%2Fjobs%2Fdata-analyst-jobs-in-london%3Fq%3Ddata%2Banalyst%26pageno%3D27,https://www.reed.co.uk/jobs/reed/p1342,Actively Hiring,"Salary: £70,000 - £80,000 per annum | Type: Permanent, full-time | Badges: Featured, Easy Apply",Reed.co.uk,https://www.reed.co.uk/jobs/reed/p1342,https://www.reed.co.uk/jobs/junior-data-scientist/57210409?source=searchResults&q=data%20analyst&filter=%2Fjobs%2Fdata-analyst-jobs-in-london%3Fq%3Ddata%2Banalyst%26pageno%3D27
Senior Data Scientist,Harnham - Data & Analytics Recruitment,London,2026-07-31,https://www.reed.co.uk/jobs/senior-data-scientist/57180310?source=searchResults&q=data%20analyst&filter=%2Fjobs%2Fdata-analyst-jobs-in-london%3Fq%3Ddata%2Banalyst%26pageno%3D27,https://www.reed.co.uk/jobs/harnham-search-selection/p9243,Actively Hiring,"Salary: £400 - £500 per day | Type: Contract, full-time, Work from home | Badges: Easy Apply",Reed.co.uk,https://www.reed.co.uk/jobs/harnham-search-selection/p9243,https://www.reed.co.uk/jobs/senior-data-scientist/57180310?source=searchResults&q=data%20analyst&filter=%2Fjobs%2Fdata-analyst-jobs-in-london%3Fq%3Ddata%2Banalyst%26pageno%3D27
Data Scientist,Harnham - Data & Analytics Recruitment,London,2026-09-10,https://www.reed.co.uk/jobs/data-scientist/57259332?source=searchResults&q=data%20analyst&filter=%2Fjobs%2Fdata-analyst-jobs-in-london%3Fq%3Ddata%2Banalyst%26pageno%3D27,https://www.reed.co.uk/jobs/harnham-search-selection/p9243,Actively Hiring,"Salary: £400 per day | Type: Contract, full-time | Badges: Easy Apply",Reed.co.uk,https://www.reed.co.uk/jobs/harnham-search-selection/p9243,https://www.reed.co.uk/jobs/data-scientist/57259332?source=searchResults&q=data%20analyst&filter=%2Fjobs%2Fdata-analyst-jobs-in-london%3Fq%3Ddata%2Banalyst%26pageno%3D27
Data Analyst,Sagacity,London,2026-08-07,https://www.reed.co.uk/jobs/data-analyst/56815207?source=searchResults&q=data%20analyst&filter=%2Fjobs%2Fdata-analyst-jobs-in-london%3Fq%3Ddata%2Banalyst%26pageno%3D28,https://www.reed.co.uk/jobs/sagacity-solutions-ltd/p37370,Actively Hiring,"Salary: Competitive salary | Type: Permanent, full-time | Badges: Promoted",Reed.co.uk,https://www.reed.co.uk/jobs/sagacity-solutions-ltd/p37370,https://www.reed.co.uk/jobs/data-analyst/56815207?source=searchResults&q=data%20analyst&filter=%2Fjobs%2Fdata-analyst-jobs-in-london%3Fq%3Ddata%2Banalyst%26pageno%3D28
Data Scientist,Harnham - Data & Analytics Recruitment,London,2026-09-10,https://www.reed.co.uk/jobs/data-scientist/57258680?source=searchResults&q=data%20analyst&filter=%2Fjobs%2Fdata-analyst-jobs-in-london%3Fq%3Ddata%2Banalyst%26pageno%3D28,https://www.reed.co.uk/jobs/harnham-search-selection/p9243,Actively Hiring,"Salary: £400 - £450 per day | Type: Contract, full-time | Badges: Easy Apply",Reed.co.uk,https://www.reed.co.uk/jobs/harnham-search-selection/p9243,https://www.reed.co.uk/jobs/data-scientist/57258680?source=searchResults&q=data%20analyst&filter=%2Fjobs%2Fdata-analyst-jobs-in-london%3Fq%3Ddata%2Banalyst%26pageno%3D28
Senior Data Scientist,Harnham - Data & Analytics Recruitment,London,2026-07-27,https://www.reed.co.uk/jobs/senior-data-scientist/57165303?source=searchResults&q=data%20analyst&filter=%2Fjobs%2Fdata-analyst-jobs-in-london%3Fq%3Ddata%2Banalyst%26pageno%3D28,https://www.reed.co.uk/jobs/harnham-search-selection/p9243,Actively Hiring,"Salary: £60,000 - £75,000 per annum | Type: Permanent, full-time",Reed.co.uk,https://www.reed.co.uk/jobs/harnham-search-selection/p9243,https://www.reed.co.uk/jobs/senior-data-scientist/57165303?source=searchResults&q=data%20analyst&filter=%2Fjobs%2Fdata-analyst-jobs-in-london%3Fq%3Ddata%2Banalyst%26pageno%3D28
Junior Data Engineer,Rise Technical Recruitment Limited,London,2026-07-27,https://www.reed.co.uk/jobs/junior-data-engineer/57161565?source=searchResults&q=data%20analyst&filter=%2Fjobs%2Fdata-analyst-jobs-in-london%3Fq%3Ddata%2Banalyst%26pageno%3D28,https://www.reed.co.uk/jobs/rise-technical-recruitment-limited/p19642,Actively Hiring,"Salary: £35,000 - £50,000 per annum | Type: Permanent, full-time | Badges: Easy Apply",Reed.co.uk,https://www.reed.co.uk/jobs/rise-technical-recruitment-limited/p19642,https://www.reed.co.uk/jobs/junior-data-engineer/57161565?source=searchResults&q=data%20analyst&filter=%2Fjobs%2Fdata-analyst-jobs-in-london%3Fq%3Ddata%2Banalyst%26pageno%3D28
Business & Marketing Data Scientist,Adecco,London,2026-07-23,https://www.reed.co.uk/jobs/business-marketing-data-scientist/57152646?source=searchResults&q=data%20analyst&filter=%2Fjobs%2Fdata-analyst-jobs-in-london%3Fq%3Ddata%2Banalyst%26pageno%3D28,https://www.reed.co.uk/jobs/adecco-uk-limited-45420/p45420,Actively Hiring,"Salary: £54.81 per hour | Type: Contract, full-time | Badges: Easy Apply",Reed.co.uk,https://www.reed.co.uk/jobs/adecco-uk-limited-45420/p45420,https://www.reed.co.uk/jobs/business-marketing-data-scientist/57152646?source=searchResults&q=data%20analyst&filter=%2Fjobs%2Fdata-analyst-jobs-in-london%3Fq%3Ddata%2Banalyst%26pageno%3D28
Senior Data Scientist,Executive Facilities,London,2026-08-10,https://www.reed.co.uk/jobs/senior-data-scientist/57217422?source=searchResults&q=data%20analyst&filter=%2Fjobs%2Fdata-analyst-jobs-in-london%3Fq%3Ddata%2Banalyst%26pageno%3D28,https://www.reed.co.uk/jobs/executive-facilities/p55194,Actively Hiring,"Salary: £400 - £450 per day | Type: Contract, full-time | Badges: Easy Apply",Reed.co.uk,https://www.reed.co.uk/jobs/executive-facilities/p55194,https://www.reed.co.uk/jobs/senior-data-scientist/57217422?source=searchResults&q=data%20analyst&filter=%2Fjobs%2Fdata-analyst-jobs-in-london%3Fq%3Ddata%2Banalyst%26pageno%3D28
Data & Software Engineer (Contract),Harnham - Data & Analytics Recruitment,London,2026-08-12,https://www.reed.co.uk/jobs/data-software-engineer-contract/57228682?source=searchResults&q=data%20analyst&filter=%2Fjobs%2Fdata-analyst-jobs-in-london%3Fq%3Ddata%2Banalyst%26pageno%3D28,https://www.reed.co.uk/jobs/harnham-search-selection/p9243,Actively Hiring,"Salary: £550 - £590 per day | Type: Contract, full-time, Work from home | Badges: Easy Apply",Reed.co.uk,https://www.reed.co.uk/jobs/harnham-search-selection/p9243,https://www.reed.co.uk/jobs/data-software-engineer-contract/57228682?source=searchResults&q=data%20analyst&filter=%2Fjobs%2Fdata-analyst-jobs-in-london%3Fq%3Ddata%2Banalyst%26pageno%3D28
Data Analyst,Sagacity,London,2026-08-07,https://www.reed.co.uk/jobs/data-analyst/56815207?source=searchResults&q=data%20analyst&filter=%2Fjobs%2Fdata-analyst-jobs-in-london%3Fq%3Ddata%2Banalyst%26pageno%3D29,https://www.reed.co.uk/jobs/sagacity-solutions-ltd/p37370,Actively Hiring,"Salary: Competitive salary | Type: Permanent, full-time | Badges: Promoted",Reed.co.uk,https://www.reed.co.uk/jobs/sagacity-solutions-ltd/p37370,https://www.reed.co.uk/jobs/data-analyst/56815207?source=searchResults&q=data%20analyst&filter=%2Fjobs%2Fdata-analyst-jobs-in-london%3Fq%3Ddata%2Banalyst%26pageno%3D29
Senior Technical Business Analyst/Data Product Owner - Asset Management - Fixed Income,eFinancialCareers,London,2026-09-11,https://www.reed.co.uk/jobs/senior-technical-business-analyst-data-product-owner-asset-management-fixed-income/57114504?source=searchResults&q=data%20analyst&filter=%2Fjobs%2Fdata-analyst-jobs-in-london%3Fq%3Ddata%2Banalyst%26pageno%3D29,https://www.reed.co.uk/jobs/efinancial-careers/p74850,Actively Hiring,"Salary: Competitive salary | Type: Permanent, full-time",Reed.co.uk,https://www.reed.co.uk/jobs/efinancial-careers/p74850,https://www.reed.co.uk/jobs/senior-technical-business-analyst-data-product-owner-asset-management-fixed-income/57114504?source=searchResults&q=data%20analyst&filter=%2Fjobs%2Fdata-analyst-jobs-in-london%3Fq%3Ddata%2Banalyst%26pageno%3D29
Head of Health Data Research,Harnham - Data & Analytics Recruitment,London,2026-09-10,https://www.reed.co.uk/jobs/head-of-health-data-research/57260483?source=searchResults&q=data%20analyst&filter=%2Fjobs%2Fdata-analyst-jobs-in-london%3Fq%3Ddata%2Banalyst%26pageno%3D29,https://www.reed.co.uk/jobs/harnham-search-selection/p9243,Actively Hiring,"Salary: £110,000 - £120,000 per annum | Type: Permanent, full-time | Badges: Easy Apply",Reed.co.uk,https://www.reed.co.uk/jobs/harnham-search-selection/p9243,https://www.reed.co.uk/jobs/head-of-health-data-research/57260483?source=searchResults&q=data%20analyst&filter=%2Fjobs%2Fdata-analyst-jobs-in-london%3Fq%3Ddata%2Banalyst%26pageno%3D29
Databricks Data Engineer (Contract),Harnham - Data & Analytics Recruitment,London,2026-08-05,https://www.reed.co.uk/jobs/databricks-data-engineer-contract/57199091?source=searchResults&q=data%20analyst&filter=%2Fjobs%2Fdata-analyst-jobs-in-london%3Fq%3Ddata%2Banalyst%26pageno%3D29,https://www.reed.co.uk/jobs/harnham-search-selection/p9243,Actively Hiring,"Salary: £500 - £550 per day | Type: Contract, full-time | Badges: Easy Apply",Reed.co.uk,https://www.reed.co.uk/jobs/harnham-search-selection/p9243,https://www.reed.co.uk/jobs/databricks-data-engineer-contract/57199091?source=searchResults&q=data%20analyst&filter=%2Fjobs%2Fdata-analyst-jobs-in-london%3Fq%3Ddata%2Banalyst%26pageno%3D29
Data Analyst,Sagacity,London,2026-08-07,https://www.reed.co.uk/jobs/data-analyst/56815207?source=searchResults&q=data%20analyst&filter=%2Fjobs%2Fdata-analyst-jobs-in-london%3Fq%3Ddata%2Banalyst%26pageno%3D30,https://www.reed.co.uk/jobs/sagacity-solutions-ltd/p37370,Actively Hiring,"Salary: Competitive salary | Type: Permanent, full-time | Badges: Promoted",Reed.co.uk,https://www.reed.co.uk/jobs/sagacity-solutions-ltd/p37370,https://www.reed.co.uk/jobs/data-analyst/56815207?source=searchResults&q=data%20analyst&filter=%2Fjobs%2Fdata-analyst-jobs-in-london%3Fq%3Ddata%2Banalyst%26pageno%3D30
Head of Data & Analytics,ADLIB,"Watford, Hertfordshire",2026-08-13,https://www.reed.co.uk/jobs/head-of-data-analytics/57234318?source=searchResults&q=data%20analyst&filter=%2Fjobs%2Fdata-analyst-jobs-in-london%3Fq%3Ddata%2Banalyst%26pageno%3D30,https://www.reed.co.uk/jobs/adlib/p8891,Actively Hiring,"Salary: Competitive salary | Type: Permanent, full-time",Reed.co.uk,https://www.reed.co.uk/jobs/adlib/p8891,https://www.reed.co.uk/jobs/head-of-data-analytics/57234318?source=searchResults&q=data%20analyst&filter=%2Fjobs%2Fdata-analyst-jobs-in-london%3Fq%3Ddata%2Banalyst%26pageno%3D30
"Data and Reporting Analyst, Investor Relations, Global Private Equity Firm, London, UK - PER, Private Equity Recruitment",eFinancialCareers,London,2026-07-13,https://www.reed.co.uk/jobs/data-and-reporting-analyst-investor-relations-global-private-equity-firm-london-uk-per-private-equity-recruitment/56966634?source=searchResults&q=data%20analyst&filter=%2Fjobs%2Fdata-analyst-jobs-in-london%3Fq%3Ddata%2Banalyst%26pageno%3D30,https://www.reed.co.uk/jobs/efinancial-careers/p74850,Actively Hiring,"Salary: Competitive salary | Type: Permanent, full-time",Reed.co.uk,https://www.reed.co.uk/jobs/efinancial-careers/p74850,https://www.reed.co.uk/jobs/data-and-reporting-analyst-investor-relations-global-private-equity-firm-london-uk-per-private-equity-recruitment/56966634?source=searchResults&q=data%20analyst&filter=%2Fjobs%2Fdata-analyst-jobs-in-london%3Fq%3Ddata%2Banalyst%26pageno%3D30
Data Analyst,Sagacity,London,2026-08-07,https://www.reed.co.uk/jobs/data-analyst/56815207?source=searchResults&q=data%20analyst&filter=%2Fjobs%2Fdata-analyst-jobs-in-london%3Fq%3Ddata%2Banalyst%26pageno%3D31,https://www.reed.co.uk/jobs/sagacity-solutions-ltd/p37370,Actively Hiring,"Salary: Competitive salary | Type: Permanent, full-time | Badges: Promoted",Reed.co.uk,https://www.reed.co.uk/jobs/sagacity-solutions-ltd/p37370,https://www.reed.co.uk/jobs/data-analyst/56815207?source=searchResults&q=data%20analyst&filter=%2Fjobs%2Fdata-analyst-jobs-in-london%3Fq%3Ddata%2Banalyst%26pageno%3D31
Data Modeller Sparx EA - Alexander Mann Solutions Contingent,eFinancialCareers,London,2026-08-07,https://www.reed.co.uk/jobs/data-modeller-sparx-ea-alexander-mann-solutions-contingent/57212995?source=searchResults&q=data%20analyst&filter=%2Fjobs%2Fdata-analyst-jobs-in-london%3Fq%3Ddata%2Banalyst%26pageno%3D31,https://www.reed.co.uk/jobs/efinancial-careers/p74850,Actively Hiring,"Salary: Competitive salary | Type: Permanent, full-time, Work from home",Reed.co.uk,https://www.reed.co.uk/jobs/efinancial-careers/p74850,https://www.reed.co.uk/jobs/data-modeller-sparx-ea-alexander-mann-solutions-contingent/57212995?source=searchResults&q=data%20analyst&filter=%2Fjobs%2Fdata-analyst-jobs-in-london%3Fq%3Ddata%2Banalyst%26pageno%3D31
Technical Product Owner - Equity Calculation and Data,eFinancialCareers,London,2026-09-11,https://www.reed.co.uk/jobs/technical-product-owner-equity-calculation-and-data/57264016?source=searchResults&q=data%20analyst&filter=%2Fjobs%2Fdata-analyst-jobs-in-london%3Fq%3Ddata%2Banalyst%26pageno%3D31,https://www.reed.co.uk/jobs/efinancial-careers/p74850,Actively Hiring,"Salary: Competitive salary | Type: Permanent, full-time | Badges: New",Reed.co.uk,https://www.reed.co.uk/jobs/efinancial-careers/p74850,https://www.reed.co.uk/jobs/technical-product-owner-equity-calculation-and-data/57264016?source=searchResults&q=data%20analyst&filter=%2Fjobs%2Fdata-analyst-jobs-in-london%3Fq%3Ddata%2Banalyst%26pageno%3D31
Data Analyst,Sagacity,London,2026-08-07,https://www.reed.co.uk/jobs/data-analyst/56815207?source=searchResults&q=data%20analyst&filter=%2Fjobs%2Fdata-analyst-jobs-in-london%3Fq%3Ddata%2Banalyst%26pageno%3D32,https://www.reed.co.uk/jobs/sagacity-solutions-ltd/p37370,Actively Hiring,"Salary: Competitive salary | Type: Permanent, full-time | Badges: Promoted",Reed.co.uk,https://www.reed.co.uk/jobs/sagacity-solutions-ltd/p37370,https://www.reed.co.uk/jobs/data-analyst/56815207?source=searchResults&q=data%20analyst&filter=%2Fjobs%2Fdata-analyst-jobs-in-london%3Fq%3Ddata%2Banalyst%26pageno%3D32
Data Analyst,Sagacity,London,2026-08-07,https://www.reed.co.uk/jobs/data-analyst/56815207?source=searchResults&q=data%20analyst&filter=%2Fjobs%2Fdata-analyst-jobs-in-london%3Fq%3Ddata%2Banalyst%26pageno%3D33,https://www.reed.co.uk/jobs/sagacity-solutions-ltd/p37370,Actively Hiring,"Salary: Competitive salary | Type: Permanent, full-time | Badges: Promoted",Reed.co.uk,https://www.reed.co.uk/jobs/sagacity-solutions-ltd/p37370,https://www.reed.co.uk/jobs/data-analyst/56815207?source=searchResults&q=data%20analyst&filter=%2Fjobs%2Fdata-analyst-jobs-in-london%3Fq%3Ddata%2Banalyst%26pageno%3D33
Lead Data Engineer - Multi Strat Hedge Fund - Selby Jennings,eFinancialCareers,London,2026-09-11,https://www.reed.co.uk/jobs/lead-data-engineer-multi-strat-hedge-fund-selby-jennings/57264815?source=searchResults&q=data%20analyst&filter=%2Fjobs%2Fdata-analyst-jobs-in-london%3Fq%3Ddata%2Banalyst%26pageno%3D33,https://www.reed.co.uk/jobs/efinancial-careers/p74850,Actively Hiring,"Salary: Competitive salary | Type: Permanent, full-time | Badges: New",Reed.co.uk,https://www.reed.co.uk/jobs/efinancial-careers/p74850,https://www.reed.co.uk/jobs/lead-data-engineer-multi-strat-hedge-fund-selby-jennings/57264815?source=searchResults&q=data%20analyst&filter=%2Fjobs%2Fdata-analyst-jobs-in-london%3Fq%3Ddata%2Banalyst%26pageno%3D33
Lead Product Manager Data,eFinancialCareers,London,2026-09-11,https://www.reed.co.uk/jobs/lead-product-manager-data/57263917?source=searchResults&q=data%20analyst&filter=%2Fjobs%2Fdata-analyst-jobs-in-london%3Fq%3Ddata%2Banalyst%26pageno%3D33,https://www.reed.co.uk/jobs/efinancial-careers/p74850,Actively Hiring,"Salary: Competitive salary | Type: Permanent, full-time | Badges: New",Reed.co.uk,https://www.reed.co.uk/jobs/efinancial-careers/p74850,https://www.reed.co.uk/jobs/lead-product-manager-data/57263917?source=searchResults&q=data%20analyst&filter=%2Fjobs%2Fdata-analyst-jobs-in-london%3Fq%3Ddata%2Banalyst%26pageno%3D33
Technical Product Owner - Fixed Income Data,eFinancialCareers,London,2026-09-11,https://www.reed.co.uk/jobs/technical-product-owner-fixed-income-data/57264178?source=searchResults&q=data%20analyst&filter=%2Fjobs%2Fdata-analyst-jobs-in-london%3Fq%3Ddata%2Banalyst%26pageno%3D33,https://www.reed.co.uk/jobs/efinancial-careers/p74850,Actively Hiring,"Salary: Competitive salary | Type: Permanent, full-time | Badges: New",Reed.co.uk,https://www.reed.co.uk/jobs/efinancial-careers/p74850,https://www.reed.co.uk/jobs/technical-product-owner-fixed-income-data/57264178?source=searchResults&q=data%20analyst&filter=%2Fjobs%2Fdata-analyst-jobs-in-london%3Fq%3Ddata%2Banalyst%26pageno%3D33
Principal Product Manager Data,eFinancialCareers,London,2026-09-11,https://www.reed.co.uk/jobs/principal-product-manager-data/57264984?source=searchResults&q=data%20analyst&filter=%2Fjobs%2Fdata-analyst-jobs-in-london%3Fq%3Ddata%2Banalyst%26pageno%3D33,https://www.reed.co.uk/jobs/efinancial-careers/p74850,Actively Hiring,"Salary: Competitive salary | Type: Permanent, full-time | Badges: New",Reed.co.uk,https://www.reed.co.uk/jobs/efinancial-careers/p74850,https://www.reed.co.uk/jobs/principal-product-manager-data/57264984?source=searchResults&q=data%20analyst&filter=%2Fjobs%2Fdata-analyst-jobs-in-london%3Fq%3Ddata%2Banalyst%26pageno%3D33
Data Engineer- Global Quant Firm,eFinancialCareers,London,2026-09-11,https://www.reed.co.uk/jobs/data-engineer-global-quant-firm/57170105?source=searchResults&q=data%20analyst&filter=%2Fjobs%2Fdata-analyst-jobs-in-london%3Fq%3Ddata%2Banalyst%26pageno%3D33,https://www.reed.co.uk/jobs/efinancial-careers/p74850,Actively Hiring,"Salary: Competitive salary | Type: Permanent, full-time",Reed.co.uk,https://www.reed.co.uk/jobs/efinancial-careers/p74850,https://www.reed.co.uk/jobs/data-engineer-global-quant-firm/57170105?source=searchResults&q=data%20analyst&filter=%2Fjobs%2Fdata-analyst-jobs-in-london%3Fq%3Ddata%2Banalyst%26pageno%3D33
Data Analyst,Sagacity,London,2026-08-07,https://www.reed.co.uk/jobs/data-analyst/56815207?source=searchResults&q=data%20analyst&filter=%2Fjobs%2Fdata-analyst-jobs-in-london%3Fq%3Ddata%2Banalyst%26pageno%3D34,https://www.reed.co.uk/jobs/sagacity-solutions-ltd/p37370,Actively Hiring,"Salary: Competitive salary | Type: Permanent, full-time | Badges: Promoted",Reed.co.uk,https://www.reed.co.uk/jobs/sagacity-solutions-ltd/p37370,https://www.reed.co.uk/jobs/data-analyst/56815207?source=searchResults&q=data%20analyst&filter=%2Fjobs%2Fdata-analyst-jobs-in-london%3Fq%3Ddata%2Banalyst%26pageno%3D34
FinDataTech - Corporate Banking - Strategy Analyst/Associate,eFinancialCareers,London,2026-09-11,https://www.reed.co.uk/jobs/findatatech-corporate-banking-strategy-analyst-associate/57113767?source=searchResults&q=data%20analyst&filter=%2Fjobs%2Fdata-analyst-jobs-in-london%3Fq%3Ddata%2Banalyst%26pageno%3D34,https://www.reed.co.uk/jobs/efinancial-careers/p74850,Actively Hiring,"Salary: Competitive salary | Type: Permanent, full-time",Reed.co.uk,https://www.reed.co.uk/jobs/efinancial-careers/p74850,https://www.reed.co.uk/jobs/findatatech-corporate-banking-strategy-analyst-associate/57113767?source=searchResults&q=data%20analyst&filter=%2Fjobs%2Fdata-analyst-jobs-in-london%3Fq%3Ddata%2Banalyst%26pageno%3D34
Data Analyst,Sagacity,London,2026-08-07,https://www.reed.co.uk/jobs/data-analyst/56815207?source=searchResults&q=data%20analyst&filter=%2Fjobs%2Fdata-analyst-jobs-in-london%3Fq%3Ddata%2Banalyst%26pageno%3D35,https://www.reed.co.uk/jobs/sagacity-solutions-ltd/p37370,Actively Hiring,"Salary: Competitive salary | Type: Permanent, full-time | Badges: Promoted",Reed.co.uk,https://www.reed.co.uk/jobs/sagacity-solutions-ltd/p37370,https://www.reed.co.uk/jobs/data-analyst/56815207?source=searchResults&q=data%20analyst&filter=%2Fjobs%2Fdata-analyst-jobs-in-london%3Fq%3Ddata%2Banalyst%26pageno%3D35
Data Analyst,Sagacity,London,2026-08-07,https://www.reed.co.uk/jobs/data-analyst/56815207?source=searchResults&q=data%20analyst&filter=%2Fjobs%2Fdata-analyst-jobs-in-london%3Fq%3Ddata%2Banalyst%26pageno%3D36,https://www.reed.co.uk/jobs/sagacity-solutions-ltd/p37370,Actively Hiring,"Salary: Competitive salary | Type: Permanent, full-time | Badges: Promoted",Reed.co.uk,https://www.reed.co.uk/jobs/sagacity-solutions-ltd/p37370,https://www.reed.co.uk/jobs/data-analyst/56815207?source=searchResults&q=data%20analyst&filter=%2Fjobs%2Fdata-analyst-jobs-in-london%3Fq%3Ddata%2Banalyst%26pageno%3D36
Data Analyst,Sagacity,London,2026-08-07,https://www.reed.co.uk/jobs/data-analyst/56815207?source=searchResults&q=data%20analyst&filter=%2Fjobs%2Fdata-analyst-jobs-in-london%3Fq%3Ddata%2Banalyst%26pageno%3D37,https://www.reed.co.uk/jobs/sagacity-solutions-ltd/p37370,Actively Hiring,"Salary: Competitive salary | Type: Permanent, full-time | Badges: Promoted",Reed.co.uk,https://www.reed.co.uk/jobs/sagacity-solutions-ltd/p37370,https://www.reed.co.uk/jobs/data-analyst/56815207?source=searchResults&q=data%20analyst&filter=%2Fjobs%2Fdata-analyst-jobs-in-london%3Fq%3Ddata%2Banalyst%26pageno%3D37
Data Platform Solution Architect - M&G plc.,eFinancialCareers,London,2026-09-11,https://www.reed.co.uk/jobs/data-platform-solution-architect-m-g-plc/57264095?source=searchResults&q=data%20analyst&filter=%2Fjobs%2Fdata-analyst-jobs-in-london%3Fq%3Ddata%2Banalyst%26pageno%3D37,https://www.reed.co.uk/jobs/efinancial-careers/p74850,Actively Hiring,"Salary: Competitive salary | Type: Permanent, full-time | Badges: New",Reed.co.uk,https://www.reed.co.uk/jobs/efinancial-careers/p74850,https://www.reed.co.uk/jobs/data-platform-solution-architect-m-g-plc/57264095?source=searchResults&q=data%20analyst&filter=%2Fjobs%2Fdata-analyst-jobs-in-london%3Fq%3Ddata%2Banalyst%26pageno%3D37
Data Analyst,Sagacity,London,2026-08-07,https://www.reed.co.uk/jobs/data-analyst/56815207?source=searchResults&q=data%20analyst&filter=%2Fjobs%2Fdata-analyst-jobs-in-london%3Fq%3Ddata%2Banalyst%26pageno%3D38,https://www.reed.co.uk/jobs/sagacity-solutions-ltd/p37370,Actively Hiring,"Salary: Competitive salary | Type: Permanent, full-time | Badges: Promoted",Reed.co.uk,https://www.reed.co.uk/jobs/sagacity-solutions-ltd/p37370,https://www.reed.co.uk/jobs/data-analyst/56815207?source=searchResults&q=data%20analyst&filter=%2Fjobs%2Fdata-analyst-jobs-in-london%3Fq%3Ddata%2Banalyst%26pageno%3D38
Data Scientist,eFinancialCareers,London,2026-09-11,https://www.reed.co.uk/jobs/data-scientist/57114284?source=searchResults&q=data%20analyst&filter=%2Fjobs%2Fdata-analyst-jobs-in-london%3Fq%3Ddata%2Banalyst%26pageno%3D38,https://www.reed.co.uk/jobs/efinancial-careers/p74850,Actively Hiring,"Salary: Competitive salary | Type: Permanent, full-time",Reed.co.uk,https://www.reed.co.uk/jobs/efinancial-careers/p74850,https://www.reed.co.uk/jobs/data-scientist/57114284?source=searchResults&q=data%20analyst&filter=%2Fjobs%2Fdata-analyst-jobs-in-london%3Fq%3Ddata%2Banalyst%26pageno%3D38
Data Analyst,Sagacity,London,2026-08-07,https://www.reed.co.uk/jobs/data-analyst/56815207?source=searchResults&q=data%20analyst&filter=%2Fjobs%2Fdata-analyst-jobs-in-london%3Fq%3Ddata%2Banalyst%26pageno%3D39,https://www.reed.co.uk/jobs/sagacity-solutions-ltd/p37370,Actively Hiring,"Salary: Competitive salary | Type: Permanent, full-time | Badges: Promoted",Reed.co.uk,https://www.reed.co.uk/jobs/sagacity-solutions-ltd/p37370,https://www.reed.co.uk/jobs/data-analyst/56815207?source=searchResults&q=data%20analyst&filter=%2Fjobs%2Fdata-analyst-jobs-in-london%3Fq%3Ddata%2Banalyst%26pageno%3D39
Senior Data Scientist- Innovative AI Start-Up,eFinancialCareers,London,2026-09-11,https://www.reed.co.uk/jobs/senior-data-scientist-innovative-ai-start-up/57172698?source=searchResults&q=data%20analyst&filter=%2Fjobs%2Fdata-analyst-jobs-in-london%3Fq%3Ddata%2Banalyst%26pageno%3D39,https://www.reed.co.uk/jobs/efinancial-careers/p74850,Actively Hiring,"Salary: Competitive salary | Type: Permanent, full-time",Reed.co.uk,https://www.reed.co.uk/jobs/efinancial-careers/p74850,https://www.reed.co.uk/jobs/senior-data-scientist-innovative-ai-start-up/57172698?source=searchResults&q=data%20analyst&filter=%2Fjobs%2Fdata-analyst-jobs-in-london%3Fq%3Ddata%2Banalyst%26pageno%3D39
Senior Data Scientist- Innovative AI Start-Up,eFinancialCareers,London,2026-09-11,https://www.reed.co.uk/jobs/senior-data-scientist-innovative-ai-start-up/57172707?source=searchResults&q=data%20analyst&filter=%2Fjobs%2Fdata-analyst-jobs-in-london%3Fq%3Ddata%2Banalyst%26pageno%3D39,https://www.reed.co.uk/jobs/efinancial-careers/p74850,Actively Hiring,"Salary: Competitive salary | Type: Permanent, full-time",Reed.co.uk,https://www.reed.co.uk/jobs/efinancial-careers/p74850,https://www.reed.co.uk/jobs/senior-data-scientist-innovative-ai-start-up/57172707?source=searchResults&q=data%20analyst&filter=%2Fjobs%2Fdata-analyst-jobs-in-london%3Fq%3Ddata%2Banalyst%26pageno%3D39
Data Analyst,Sagacity,London,2026-08-07,https://www.reed.co.uk/jobs/data-analyst/56815207?source=searchResults&q=data%20analyst&filter=%2Fjobs%2Fdata-analyst-jobs-in-london%3Fq%3Ddata%2Banalyst%26pageno%3D40,https://www.reed.co.uk/jobs/sagacity-solutions-ltd/p37370,Actively Hiring,"Salary: Competitive salary | Type: Permanent, full-time | Badges: Promoted",Reed.co.uk,https://www.reed.co.uk/jobs/sagacity-solutions-ltd/p37370,https://www.reed.co.uk/jobs/data-analyst/56815207?source=searchResults&q=data%20analyst&filter=%2Fjobs%2Fdata-analyst-jobs-in-london%3Fq%3Ddata%2Banalyst%26pageno%3D40
Data Scientist,The Guardian,London,2026-09-09,https://www.reed.co.uk/jobs/data-scientist/57253340?source=searchResults&q=data%20analyst&filter=%2Fjobs%2Fdata-analyst-jobs-in-london%3Fq%3Ddata%2Banalyst%26pageno%3D40,https://www.reed.co.uk/jobs/the-guardian/o497203,Actively Hiring,"Salary: Competitive salary | Type: Permanent, full-time",Reed.co.uk,https://www.reed.co.uk/jobs/the-guardian/o497203,https://www.reed.co.uk/jobs/data-scientist/57253340?source=searchResults&q=data%20analyst&filter=%2Fjobs%2Fdata-analyst-jobs-in-london%3Fq%3Ddata%2Banalyst%26pageno%3D40
Data and Insights Analyst,Newlon Housing Trust,London,2026-09-11,https://www.reed.co.uk/jobs/data-and-insights-analyst/57283025?source=searchResults&q=data%20analyst&filter=%2Fjobs%2Fdata-analyst-jobs-in-london%3Fq%3Ddata%2Banalyst,https://www.reed.co.uk/jobs/newlon-housing-trust-98152/p98152,Actively Hiring,"Salary: £41,380 per annum | Type: Permanent, full-time | Badges: Featured, New",Reed.co.uk,https://www.reed.co.uk/jobs/newlon-housing-trust-98152/p98152,https://www.reed.co.uk/jobs/data-and-insights-analyst/57283025?source=searchResults&q=data%20analyst&filter=%2Fjobs%2Fdata-analyst-jobs-in-london%3Fq%3Ddata%2Banalyst
Insights Data Analyst Apprentice,QA,London,2026-09-07,https://www.reed.co.uk/jobs/insights-data-analyst-apprentice/57268090?source=searchResults&q=data%20analyst&filter=%2Fjobs%2Fdata-analyst-jobs-in-london%3Fq%3Ddata%2Banalyst,https://www.reed.co.uk/jobs/qa-ltd/p31199,Actively Hiring,"Salary: £18,000 - £21,000 per annum | Type: Permanent, full-time or part-time | Badges: Featured",Reed.co.uk,https://www.reed.co.uk/jobs/qa-ltd/p31199,https://www.reed.co.uk/jobs/insights-data-analyst-apprentice/57268090?source=searchResults&q=data%20analyst&filter=%2Fjobs%2Fdata-analyst-jobs-in-london%3Fq%3Ddata%2Banalyst
Data Analyst,Trace | Expert Accountancy & Finance Recruitment,London,2026-09-09,https://www.reed.co.uk/jobs/data-analyst/57276378?source=searchResults&q=data%20analyst&filter=%2Fjobs%2Fdata-analyst-jobs-in-london%3Fq%3Ddata%2Banalyst,https://www.reed.co.uk/jobs/trace-recruit-ltd/p7894,Actively Hiring,"Salary: AUD$35,000 - AUD$45,000 per annum | Type: Permanent, full-time | Badges: Featured, Easy Apply",Reed.co.uk,https://www.reed.co.uk/jobs/trace-recruit-ltd/p7894,https://www.reed.co.uk/jobs/data-analyst/57276378?source=searchResults&q=data%20analyst&filter=%2Fjobs%2Fdata-analyst-jobs-in-london%3Fq%3Ddata%2Banalyst
Data Analyst,Proactive Appointments,"North Acton, London",2026-08-17,https://www.reed.co.uk/jobs/data-analyst/57247528?source=searchResults&q=data%20analyst&filter=%2Fjobs%2Fdata-analyst-jobs-in-london%3Fq%3Ddata%2Banalyst,https://www.reed.co.uk/jobs/proactive-appointments-72728/p72728,Actively Hiring,"Salary: £40,000 - £60,000 per annum | Type: Permanent, full-time | Badges: Featured, Easy Apply",Reed.co.uk,https://www.reed.co.uk/jobs/proactive-appointments-72728/p72728,https://www.reed.co.uk/jobs/data-analyst/57247528?source=searchResults&q=data%20analyst&filter=%2Fjobs%2Fdata-analyst-jobs-in-london%3Fq%3Ddata%2Banalyst
Data Analyst,Robert Half,London,2026-09-08,https://www.reed.co.uk/jobs/data-analyst/57271010?source=searchResults&q=data%20analyst&filter=%2Fjobs%2Fdata-analyst-jobs-in-london%3Fq%3Ddata%2Banalyst,https://www.reed.co.uk/jobs/robert-half-92729/p92729,Actively Hiring,"Salary: Salary negotiable | Type: Contract, full-time | Badges: Featured, Easy Apply",Reed.co.uk,https://www.reed.co.uk/jobs/robert-half-92729/p92729,https://www.reed.co.uk/jobs/data-analyst/57271010?source=searchResults&q=data%20analyst&filter=%2Fjobs%2Fdata-analyst-jobs-in-london%3Fq%3Ddata%2Banalyst
Trainee Data Analyst,ITOL Recruit,London,2026-09-07,https://www.reed.co.uk/jobs/trainee-data-analyst/57267856?source=searchResults&q=data%20analyst&filter=%2Fjobs%2Fdata-analyst-jobs-in-london%3Fq%3Ddata%2Banalyst,https://www.reed.co.uk/jobs/itonlinelearning-0/p57826,Actively Hiring,"Salary: Training Course | Type: Permanent, full-time",Reed.co.uk,https://www.reed.co.uk/jobs/itonlinelearning-0/p57826,https://www.reed.co.uk/jobs/trainee-data-analyst/57267856?source=searchResults&q=data%20analyst&filter=%2Fjobs%2Fdata-analyst-jobs-in-london%3Fq%3Ddata%2Banalyst
Trainee Data Analyst,ITOL Recruit,"North London, London",2026-09-09,https://www.reed.co.uk/jobs/trainee-data-analyst/57277444?source=searchResults&q=data%20analyst&filter=%2Fjobs%2Fdata-analyst-jobs-in-london%3Fq%3Ddata%2Banalyst,https://www.reed.co.uk/jobs/itonlinelearning-0/p57826,Actively Hiring,"Salary: Training Course | Type: Permanent, full-time",Reed.co.uk,https://www.reed.co.uk/jobs/itonlinelearning-0/p57826,https://www.reed.co.uk/jobs/trainee-data-analyst/57277444?source=searchResults&q=data%20analyst&filter=%2Fjobs%2Fdata-analyst-jobs-in-london%3Fq%3Ddata%2Banalyst
Trainee Data Analyst,ITOL Recruit,"East London, London",2026-09-09,https://www.reed.co.uk/jobs/trainee-data-analyst/57277391?source=searchResults&q=data%20analyst&filter=%2Fjobs%2Fdata-analyst-jobs-in-london%3Fq%3Ddata%2Banalyst,https://www.reed.co.uk/jobs/itonlinelearning-0/p57826,Actively Hiring,"Salary: Training Course | Type: Permanent, full-time",Reed.co.uk,https://www.reed.co.uk/jobs/itonlinelearning-0/p57826,https://www.reed.co.uk/jobs/trainee-data-analyst/57277391?source=searchResults&q=data%20analyst&filter=%2Fjobs%2Fdata-analyst-jobs-in-london%3Fq%3Ddata%2Banalyst
Trainee Data Analyst,ITOL Recruit,London,2026-08-10,https://www.reed.co.uk/jobs/trainee-data-analyst/57215010?source=searchResults&q=data%20analyst&filter=%2Fjobs%2Fdata-analyst-jobs-in-london%3Fq%3Ddata%2Banalyst,https://www.reed.co.uk/jobs/itonlinelearning-0/p57826,Actively Hiring,"Salary: Training Course | Type: Permanent, full-time",Reed.co.uk,https://www.reed.co.uk/jobs/itonlinelearning-0/p57826,https://www.reed.co.uk/jobs/trainee-data-analyst/57215010?source=searchResults&q=data%20analyst&filter=%2Fjobs%2Fdata-analyst-jobs-in-london%3Fq%3Ddata%2Banalyst
Trainee Data Analyst,ITOL Recruit,United Kingdom,2026-08-06,https://www.reed.co.uk/jobs/trainee-data-analyst/57205497?source=searchResults&q=data%20analyst&filter=%2Fjobs%2Fdata-analyst-jobs-in-london%3Fq%3Ddata%2Banalyst,https://www.reed.co.uk/jobs/itonlinelearning-0/p57826,Actively Hiring,"Salary: Training Course | Type: Permanent, full-time | Badges: Featured",Reed.co.uk,https://www.reed.co.uk/jobs/itonlinelearning-0/p57826,https://www.reed.co.uk/jobs/trainee-data-analyst/57205497?source=searchResults&q=data%20analyst&filter=%2Fjobs%2Fdata-analyst-jobs-in-london%3Fq%3Ddata%2Banalyst
Data Analyst - FTC,Harnham - Data & Analytics Recruitment,London,2026-07-22,https://www.reed.co.uk/jobs/data-analyst-ftc/57149487?source=searchResults&q=data%20analyst&filter=%2Fjobs%2Fdata-analyst-jobs-in-london%3Fq%3Ddata%2Banalyst,https://www.reed.co.uk/jobs/harnham-search-selection/p9243,Actively Hiring,"Salary: £50,000 - £55,000 per annum | Type: Permanent, full-time",Reed.co.uk,https://www.reed.co.uk/jobs/harnham-search-selection/p9243,https://www.reed.co.uk/jobs/data-analyst-ftc/57149487?source=searchResults&q=data%20analyst&filter=%2Fjobs%2Fdata-analyst-jobs-in-london%3Fq%3Ddata%2Banalyst
Data Analyst Trainee,ITOL Recruit,London,2026-09-08,https://www.reed.co.uk/jobs/data-analyst-trainee/57271885?source=searchResults&q=data%20analyst&filter=%2Fjobs%2Fdata-analyst-jobs-in-london%3Fq%3Ddata%2Banalyst,https://www.reed.co.uk/jobs/itonlinelearning-0/p57826,Actively Hiring,"Salary: Training Course | Type: Permanent, full-time",Reed.co.uk,https://www.reed.co.uk/jobs/itonlinelearning-0/p57826,https://www.reed.co.uk/jobs/data-analyst-trainee/57271885?source=searchResults&q=data%20analyst&filter=%2Fjobs%2Fdata-analyst-jobs-in-london%3Fq%3Ddata%2Banalyst
Data Analyst Trainee,ITOL Recruit,London,2026-08-17,https://www.reed.co.uk/jobs/data-analyst-trainee/57243928?source=searchResults&q=data%20analyst&filter=%2Fjobs%2Fdata-analyst-jobs-in-london%3Fq%3Ddata%2Banalyst,https://www.reed.co.uk/jobs/itonlinelearning-0/p57826,Actively Hiring,"Salary: Training Course | Type: Permanent, full-time",Reed.co.uk,https://www.reed.co.uk/jobs/itonlinelearning-0/p57826,https://www.reed.co.uk/jobs/data-analyst-trainee/57243928?source=searchResults&q=data%20analyst&filter=%2Fjobs%2Fdata-analyst-jobs-in-london%3Fq%3Ddata%2Banalyst
Trainee Data Analyst,ITOL Recruit,London,2026-09-08,https://www.reed.co.uk/jobs/trainee-data-analyst/57271950?source=searchResults&q=data%20analyst&filter=%2Fjobs%2Fdata-analyst-jobs-in-london%3Fq%3Ddata%2Banalyst,https://www.reed.co.uk/jobs/itonlinelearning-0/p57826,Actively Hiring,"Salary: Training Course | Type: Permanent, full-time",Reed.co.uk,https://www.reed.co.uk/jobs/itonlinelearning-0/p57826,https://www.reed.co.uk/jobs/trainee-data-analyst/57271950?source=searchResults&q=data%20analyst&filter=%2Fjobs%2Fdata-analyst-jobs-in-london%3Fq%3Ddata%2Banalyst
Data and Insights Analyst,Newlon Housing Trust,London,2026-09-11,https://www.reed.co.uk/jobs/data-and-insights-analyst/57283025?source=searchResults&q=data%20analyst&filter=%2Fjobs%2Fdata-analyst-jobs-in-london%3Fq%3Ddata%2Banalyst%26pageno%3D2,https://www.reed.co.uk/jobs/newlon-housing-trust-98152/p98152,Actively Hiring,"Salary: £41,380 per annum | Type: Permanent, full-time | Badges: Promoted, New",Reed.co.uk,https://www.reed.co.uk/jobs/newlon-housing-trust-98152/p98152,https://www.reed.co.uk/jobs/data-and-insights-analyst/57283025?source=searchResults&q=data%20analyst&filter=%2Fjobs%2Fdata-analyst-jobs-in-london%3Fq%3Ddata%2Banalyst%26pageno%3D2
Senior Data Analyst,FDM Group,London,2026-09-08,https://www.reed.co.uk/jobs/senior-data-analyst/56212211?source=searchResults&q=data%20analyst&filter=%2Fjobs%2Fdata-analyst-jobs-in-london%3Fq%3Ddata%2Banalyst%26pageno%3D2,https://www.reed.co.uk/jobs/fdm-group/p4784,Actively Hiring,"Salary: Salary negotiable | Type: Permanent, full-time | Badges: Promoted",Reed.co.uk,https://www.reed.co.uk/jobs/fdm-group/p4784,https://www.reed.co.uk/jobs/senior-data-analyst/56212211?source=searchResults&q=data%20analyst&filter=%2Fjobs%2Fdata-analyst-jobs-in-london%3Fq%3Ddata%2Banalyst%26pageno%3D2
Trainee Data Analyst,ITOL Recruit,London,2026-09-07,https://www.reed.co.uk/jobs/trainee-data-analyst/57267938?source=searchResults&q=data%20analyst&filter=%2Fjobs%2Fdata-analyst-jobs-in-london%3Fq%3Ddata%2Banalyst%26pageno%3D2,https://www.reed.co.uk/jobs/itonlinelearning-0/p57826,Actively Hiring,"Salary: Training Course | Type: Permanent, full-time",Reed.co.uk,https://www.reed.co.uk/jobs/itonlinelearning-0/p57826,https://www.reed.co.uk/jobs/trainee-data-analyst/57267938?source=searchResults&q=data%20analyst&filter=%2Fjobs%2Fdata-analyst-jobs-in-london%3Fq%3Ddata%2Banalyst%26pageno%3D2
Trainee Data Analyst,ITOL Recruit,London,2026-09-07,https://www.reed.co.uk/jobs/trainee-data-analyst/57267800?source=searchResults&q=data%20analyst&filter=%2Fjobs%2Fdata-analyst-jobs-in-london%3Fq%3Ddata%2Banalyst%26pageno%3D2,https://www.reed.co.uk/jobs/itonlinelearning-0/p57826,Actively Hiring,"Salary: Training Course | Type: Permanent, full-time",Reed.co.uk,https://www.reed.co.uk/jobs/itonlinelearning-0/p57826,https://www.reed.co.uk/jobs/trainee-data-analyst/57267800?source=searchResults&q=data%20analyst&filter=%2Fjobs%2Fdata-analyst-jobs-in-london%3Fq%3Ddata%2Banalyst%26pageno%3D2
Trainee Data Analyst,ITOL Recruit,London,2026-09-07,https://www.reed.co.uk/jobs/trainee-data-analyst/57267902?source=searchResults&q=data%20analyst&filter=%2Fjobs%2Fdata-analyst-jobs-in-london%3Fq%3Ddata%2Banalyst%26pageno%3D2,https://www.reed.co.uk/jobs/itonlinelearning-0/p57826,Actively Hiring,"Salary: Training Course | Type: Permanent, full-time",Reed.co.uk,https://www.reed.co.uk/jobs/itonlinelearning-0/p57826,https://www.reed.co.uk/jobs/trainee-data-analyst/57267902?source=searchResults&q=data%20analyst&filter=%2Fjobs%2Fdata-analyst-jobs-in-london%3Fq%3Ddata%2Banalyst%26pageno%3D2
Data Analyst Trainee,ITOL Recruit,London,2026-08-17,https://www.reed.co.uk/jobs/data-analyst-trainee/57243902?source=searchResults&q=data%20analyst&filter=%2Fjobs%2Fdata-analyst-jobs-in-london%3Fq%3Ddata%2Banalyst%26pageno%3D2,https://www.reed.co.uk/jobs/itonlinelearning-0/p57826,Actively Hiring,"Salary: Training Course | Type: Permanent, full-time",Reed.co.uk,https://www.reed.co.uk/jobs/itonlinelearning-0/p57826,https://www.reed.co.uk/jobs/data-analyst-trainee/57243902?source=searchResults&q=data%20analyst&filter=%2Fjobs%2Fdata-analyst-jobs-in-london%3Fq%3Ddata%2Banalyst%26pageno%3D2
Data Analyst Trainee,ITOL Recruit,London,2026-09-08,https://www.reed.co.uk/jobs/data-analyst-trainee/57272109?source=searchResults&q=data%20analyst&filter=%2Fjobs%2Fdata-analyst-jobs-in-london%3Fq%3Ddata%2Banalyst%26pageno%3D2,https://www.reed.co.uk/jobs/itonlinelearning-0/p57826,Actively Hiring,"Salary: Training Course | Type: Permanent, full-time",Reed.co.uk,https://www.reed.co.uk/jobs/itonlinelearning-0/p57826,https://www.reed.co.uk/jobs/data-analyst-trainee/57272109?source=searchResults&q=data%20analyst&filter=%2Fjobs%2Fdata-analyst-jobs-in-london%3Fq%3Ddata%2Banalyst%26pageno%3D2
Data Analyst Trainee,ITOL Recruit,London,2026-09-09,https://www.reed.co.uk/jobs/data-analyst-trainee/57277450?source=searchResults&q=data%20analyst&filter=%2Fjobs%2Fdata-analyst-jobs-in-london%3Fq%3Ddata%2Banalyst%26pageno%3D2,https://www.reed.co.uk/jobs/itonlinelearning-0/p57826,Actively Hiring,"Salary: Training Course | Type: Permanent, full-time",Reed.co.uk,https://www.reed.co.uk/jobs/itonlinelearning-0/p57826,https://www.reed.co.uk/jobs/data-analyst-trainee/57277450?source=searchResults&q=data%20analyst&filter=%2Fjobs%2Fdata-analyst-jobs-in-london%3Fq%3Ddata%2Banalyst%26pageno%3D2
Data Analyst Trainee,ITOL Recruit,London,2026-09-09,https://www.reed.co.uk/jobs/data-analyst-trainee/57277405?source=searchResults&q=data%20analyst&filter=%2Fjobs%2Fdata-analyst-jobs-in-london%3Fq%3Ddata%2Banalyst%26pageno%3D2,https://www.reed.co.uk/jobs/itonlinelearning-0/p57826,Actively Hiring,"Salary: Training Course | Type: Permanent, full-time",Reed.co.uk,https://www.reed.co.uk/jobs/itonlinelearning-0/p57826,https://www.reed.co.uk/jobs/data-analyst-trainee/57277405?source=searchResults&q=data%20analyst&filter=%2Fjobs%2Fdata-analyst-jobs-in-london%3Fq%3Ddata%2Banalyst%26pageno%3D2
Data Analyst Trainee,ITOL Recruit,London,2026-08-12,https://www.reed.co.uk/jobs/data-analyst-trainee/57225782?source=searchResults&q=data%20analyst&filter=%2Fjobs%2Fdata-analyst-jobs-in-london%3Fq%3Ddata%2Banalyst%26pageno%3D2,https://www.reed.co.uk/jobs/itonlinelearning-0/p57826,Actively Hiring,"Salary: Training Course | Type: Permanent, full-time",Reed.co.uk,https://www.reed.co.uk/jobs/itonlinelearning-0/p57826,https://www.reed.co.uk/jobs/data-analyst-trainee/57225782?source=searchResults&q=data%20analyst&filter=%2Fjobs%2Fdata-analyst-jobs-in-london%3Fq%3Ddata%2Banalyst%26pageno%3D2
Data Analyst Trainee,ITOL Recruit,London,2026-08-12,https://www.reed.co.uk/jobs/data-analyst-trainee/57225736?source=searchResults&q=data%20analyst&filter=%2Fjobs%2Fdata-analyst-jobs-in-london%3Fq%3Ddata%2Banalyst%26pageno%3D2,https://www.reed.co.uk/jobs/itonlinelearning-0/p57826,Actively Hiring,"Salary: Training Course | Type: Permanent, full-time",Reed.co.uk,https://www.reed.co.uk/jobs/itonlinelearning-0/p57826,https://www.reed.co.uk/jobs/data-analyst-trainee/57225736?source=searchResults&q=data%20analyst&filter=%2Fjobs%2Fdata-analyst-jobs-in-london%3Fq%3Ddata%2Banalyst%26pageno%3D2
Data Analyst Trainee,ITOL Recruit,London,2026-08-11,https://www.reed.co.uk/jobs/data-analyst-trainee/57221850?source=searchResults&q=data%20analyst&filter=%2Fjobs%2Fdata-analyst-jobs-in-london%3Fq%3Ddata%2Banalyst%26pageno%3D2,https://www.reed.co.uk/jobs/itonlinelearning-0/p57826,Actively Hiring,"Salary: Training Course | Type: Permanent, full-time",Reed.co.uk,https://www.reed.co.uk/jobs/itonlinelearning-0/p57826,https://www.reed.co.uk/jobs/data-analyst-trainee/57221850?source=searchResults&q=data%20analyst&filter=%2Fjobs%2Fdata-analyst-jobs-in-london%3Fq%3Ddata%2Banalyst%26pageno%3D2
Data Analyst Trainee,ITOL Recruit,United Kingdom,2026-07-20,https://www.reed.co.uk/jobs/data-analyst-trainee/57140475?source=searchResults&q=data%20analyst&filter=%2Fjobs%2Fdata-analyst-jobs-in-london%3Fq%3Ddata%2Banalyst%26pageno%3D2,https://www.reed.co.uk/jobs/itonlinelearning-0/p57826,Actively Hiring,"Salary: Training Course | Type: Permanent, full-time | Badges: Featured",Reed.co.uk,https://www.reed.co.uk/jobs/itonlinelearning-0/p57826,https://www.reed.co.uk/jobs/data-analyst-trainee/57140475?source=searchResults&q=data%20analyst&filter=%2Fjobs%2Fdata-analyst-jobs-in-london%3Fq%3Ddata%2Banalyst%26pageno%3D2
Graduate Data Analyst,Consula Group LTD,London,2026-09-11,https://www.reed.co.uk/jobs/graduate-data-analyst/57286167?source=searchResults&q=data%20analyst&filter=%2Fjobs%2Fdata-analyst-jobs-in-london%3Fq%3Ddata%2Banalyst%26pageno%3D2,https://www.reed.co.uk/jobs/consula-group-ltd-112861/p112861,Actively Hiring,"Salary: £48,000 - £52,000 per annum | Type: Permanent, full-time | Badges: Featured, New",Reed.co.uk,https://www.reed.co.uk/jobs/consula-group-ltd-112861/p112861,https://www.reed.co.uk/jobs/graduate-data-analyst/57286167?source=searchResults&q=data%20analyst&filter=%2Fjobs%2Fdata-analyst-jobs-in-london%3Fq%3Ddata%2Banalyst%26pageno%3D2
Graduate Data Analyst,Consula Group LTD,London,2026-07-21,https://www.reed.co.uk/jobs/graduate-data-analyst/57147270?source=searchResults&q=data%20analyst&filter=%2Fjobs%2Fdata-analyst-jobs-in-london%3Fq%3Ddata%2Banalyst%26pageno%3D2,https://www.reed.co.uk/jobs/consula-group-ltd-112861/p112861,Actively Hiring,"Salary: £45,000 per annum | Type: Permanent, full-time | Badges: Featured",Reed.co.uk,https://www.reed.co.uk/jobs/consula-group-ltd-112861/p112861,https://www.reed.co.uk/jobs/graduate-data-analyst/57147270?source=searchResults&q=data%20analyst&filter=%2Fjobs%2Fdata-analyst-jobs-in-london%3Fq%3Ddata%2Banalyst%26pageno%3D2
Data Analyst Trainee,ITOL Recruit,London,2026-08-19,https://www.reed.co.uk/jobs/data-analyst-trainee/57253383?source=searchResults&q=data%20analyst&filter=%2Fjobs%2Fdata-analyst-jobs-in-london%3Fq%3Ddata%2Banalyst%26pageno%3D2,https://www.reed.co.uk/jobs/itonlinelearning-0/p57826,Actively Hiring,"Salary: Training Course | Type: Permanent, full-time",Reed.co.uk,https://www.reed.co.uk/jobs/itonlinelearning-0/p57826,https://www.reed.co.uk/jobs/data-analyst-trainee/57253383?source=searchResults&q=data%20analyst&filter=%2Fjobs%2Fdata-analyst-jobs-in-london%3Fq%3Ddata%2Banalyst%26pageno%3D2
Data and Insights Analyst,Newlon Housing Trust,London,2026-09-11,https://www.reed.co.uk/jobs/data-and-insights-analyst/57283025?source=searchResults&q=data%20analyst&filter=%2Fjobs%2Fdata-analyst-jobs-in-london%3Fq%3Ddata%2Banalyst%26pageno%3D6,https://www.reed.co.uk/jobs/newlon-housing-trust-98152/p98152,Actively Hiring,"Salary: £41,380 per annum | Type: Permanent, full-time | Badges: Promoted, New",Reed.co.uk,https://www.reed.co.uk/jobs/newlon-housing-trust-98152/p98152,https://www.reed.co.uk/jobs/data-and-insights-analyst/57283025?source=searchResults&q=data%20analyst&filter=%2Fjobs%2Fdata-analyst-jobs-in-london%3Fq%3Ddata%2Banalyst%26pageno%3D6
Senior Data Analyst,FDM Group,London,2026-09-08,https://www.reed.co.uk/jobs/senior-data-analyst/56212211?source=searchResults&q=data%20analyst&filter=%2Fjobs%2Fdata-analyst-jobs-in-london%3Fq%3Ddata%2Banalyst%26pageno%3D6,https://www.reed.co.uk/jobs/fdm-group/p4784,Actively Hiring,"Salary: Salary negotiable | Type: Permanent, full-time | Badges: Promoted",Reed.co.uk,https://www.reed.co.uk/jobs/fdm-group/p4784,https://www.reed.co.uk/jobs/senior-data-analyst/56212211?source=searchResults&q=data%20analyst&filter=%2Fjobs%2Fdata-analyst-jobs-in-london%3Fq%3Ddata%2Banalyst%26pageno%3D6
Senior Data Analyst - Marketing Science,Harnham - Data & Analytics Recruitment,London,2026-08-19,https://www.reed.co.uk/jobs/senior-data-analyst-marketing-science/57257070?source=searchResults&q=data%20analyst&filter=%2Fjobs%2Fdata-analyst-jobs-in-london%3Fq%3Ddata%2Banalyst%26pageno%3D6,https://www.reed.co.uk/jobs/harnham-search-selection/p9243,Actively Hiring,"Salary: £60,000 - £75,000 per annum | Type: Permanent, full-time | Badges: Easy Apply",Reed.co.uk,https://www.reed.co.uk/jobs/harnham-search-selection/p9243,https://www.reed.co.uk/jobs/senior-data-analyst-marketing-science/57257070?source=searchResults&q=data%20analyst&filter=%2Fjobs%2Fdata-analyst-jobs-in-london%3Fq%3Ddata%2Banalyst%26pageno%3D6
Data Analyst Associate - no experience necessary - job guarantee,Newto Training,United Kingdom,2026-08-06,https://www.reed.co.uk/jobs/data-analyst-associate-no-experience-necessary-job-guarantee/57189449?source=searchResults&q=data%20analyst&filter=%2Fjobs%2Fdata-analyst-jobs-in-london%3Fq%3Ddata%2Banalyst%26pageno%3D6,https://www.reed.co.uk/jobs/newto-training1/p90206,Actively Hiring,"Salary: Training Course | Type: Permanent, full-time",Reed.co.uk,https://www.reed.co.uk/jobs/newto-training1/p90206,https://www.reed.co.uk/jobs/data-analyst-associate-no-experience-necessary-job-guarantee/57189449?source=searchResults&q=data%20analyst&filter=%2Fjobs%2Fdata-analyst-jobs-in-london%3Fq%3Ddata%2Banalyst%26pageno%3D6
Data Engineer Apprentice,QA,London,2026-09-07,https://www.reed.co.uk/jobs/data-engineer-apprentice/57268164?source=searchResults&q=data%20analyst&filter=%2Fjobs%2Fdata-analyst-jobs-in-london%3Fq%3Ddata%2Banalyst%26pageno%3D6,https://www.reed.co.uk/jobs/qa-ltd/p31199,Actively Hiring,"Salary: £28,860 per annum | Type: Permanent, full-time or part-time | Badges: Featured",Reed.co.uk,https://www.reed.co.uk/jobs/qa-ltd/p31199,https://www.reed.co.uk/jobs/data-engineer-apprentice/57268164?source=searchResults&q=data%20analyst&filter=%2Fjobs%2Fdata-analyst-jobs-in-london%3Fq%3Ddata%2Banalyst%26pageno%3D6
Data Business Analyst - AUM/Fund Data - Asset Management,Robert Walters,London,2026-09-11,https://www.reed.co.uk/jobs/data-business-analyst-aum-fund-data-asset-management/57286500?source=searchResults&q=data%20analyst&filter=%2Fjobs%2Fdata-analyst-jobs-in-london%3Fq%3Ddata%2Banalyst%26pageno%3D6,https://www.reed.co.uk/jobs/robert-walters-18673/p18673,Actively Hiring,"Salary: £80,000 - £95,000 per annum | Type: Permanent, full-time | Badges: New, Easy Apply",Reed.co.uk,https://www.reed.co.uk/jobs/robert-walters-18673/p18673,https://www.reed.co.uk/jobs/data-business-analyst-aum-fund-data-asset-management/57286500?source=searchResults&q=data%20analyst&filter=%2Fjobs%2Fdata-analyst-jobs-in-london%3Fq%3Ddata%2Banalyst%26pageno%3D6
Pricing Analyst - Data & Pricing Program,Morgan McKinley,London,2026-09-11,https://www.reed.co.uk/jobs/pricing-analyst-data-pricing-program/57224849?source=searchResults&q=data%20analyst&filter=%2Fjobs%2Fdata-analyst-jobs-in-london%3Fq%3Ddata%2Banalyst%26pageno%3D6,https://www.reed.co.uk/jobs/morgan-mckinley/p2210,Actively Hiring,"Salary: £70,000 - £90,000 per annum | Type: Permanent, full-time",Reed.co.uk,https://www.reed.co.uk/jobs/morgan-mckinley/p2210,https://www.reed.co.uk/jobs/pricing-analyst-data-pricing-program/57224849?source=searchResults&q=data%20analyst&filter=%2Fjobs%2Fdata-analyst-jobs-in-london%3Fq%3Ddata%2Banalyst%26pageno%3D6
Data Science Trainee,ITOL Recruit,United Kingdom,2026-08-06,https://www.reed.co.uk/jobs/data-science-trainee/57204889?source=searchResults&q=data%20analyst&filter=%2Fjobs%2Fdata-analyst-jobs-in-london%3Fq%3Ddata%2Banalyst%26pageno%3D6,https://www.reed.co.uk/jobs/itonlinelearning-0/p57826,Actively Hiring,"Salary: Training Course | Type: Permanent, full-time | Badges: Featured",Reed.co.uk,https://www.reed.co.uk/jobs/itonlinelearning-0/p57826,https://www.reed.co.uk/jobs/data-science-trainee/57204889?source=searchResults&q=data%20analyst&filter=%2Fjobs%2Fdata-analyst-jobs-in-london%3Fq%3Ddata%2Banalyst%26pageno%3D6
Trainee Data Admin - job guarantee,Newto Training,United Kingdom,2026-08-03,https://www.reed.co.uk/jobs/trainee-data-admin-job-guarantee/57189503?source=searchResults&q=data%20analyst&filter=%2Fjobs%2Fdata-analyst-jobs-in-london%3Fq%3Ddata%2Banalyst%26pageno%3D6,https://www.reed.co.uk/jobs/newto-training1/p90206,Actively Hiring,"Salary: Training Course | Type: Permanent, full-time",Reed.co.uk,https://www.reed.co.uk/jobs/newto-training1/p90206,https://www.reed.co.uk/jobs/trainee-data-admin-job-guarantee/57189503?source=searchResults&q=data%20analyst&filter=%2Fjobs%2Fdata-analyst-jobs-in-london%3Fq%3Ddata%2Banalyst%26pageno%3D6
Senior Data Analyst,FDM Group,London,2026-09-08,https://www.reed.co.uk/jobs/senior-data-analyst/56212211?source=searchResults&q=data%20analyst&filter=%2Fjobs%2Fdata-analyst-jobs-in-london%3Fq%3Ddata%2Banalyst%26pageno%3D8,https://www.reed.co.uk/jobs/fdm-group/p4784,Actively Hiring,"Salary: Salary negotiable | Type: Permanent, full-time | Badges: Promoted",Reed.co.uk,https://www.reed.co.uk/jobs/fdm-group/p4784,https://www.reed.co.uk/jobs/senior-data-analyst/56212211?source=searchResults&q=data%20analyst&filter=%2Fjobs%2Fdata-analyst-jobs-in-london%3Fq%3Ddata%2Banalyst%26pageno%3D8
Data and Insights Analyst,Newlon Housing Trust,London,2026-09-11,https://www.reed.co.uk/jobs/data-and-insights-analyst/57283025?source=searchResults&q=data%20analyst&filter=%2Fjobs%2Fdata-analyst-jobs-in-london%3Fq%3Ddata%2Banalyst%26pageno%3D8,https://www.reed.co.uk/jobs/newlon-housing-trust-98152/p98152,Actively Hiring,"Salary: £41,380 per annum | Type: Permanent, full-time | Badges: Promoted, New",Reed.co.uk,https://www.reed.co.uk/jobs/newlon-housing-trust-98152/p98152,https://www.reed.co.uk/jobs/data-and-insights-analyst/57283025?source=searchResults&q=data%20analyst&filter=%2Fjobs%2Fdata-analyst-jobs-in-london%3Fq%3Ddata%2Banalyst%26pageno%3D8
Senior Data Scientist,Executive Facilities,London,2026-09-11,https://www.reed.co.uk/jobs/senior-data-scientist/57282429?source=searchResults&q=data%20analyst&filter=%2Fjobs%2Fdata-analyst-jobs-in-london%3Fq%3Ddata%2Banalyst%26pageno%3D8,https://www.reed.co.uk/jobs/executive-facilities/p55194,Actively Hiring,"Salary: £500 per day | Type: Contract, full-time | Badges: New",Reed.co.uk,https://www.reed.co.uk/jobs/executive-facilities/p55194,https://www.reed.co.uk/jobs/senior-data-scientist/57282429?source=searchResults&q=data%20analyst&filter=%2Fjobs%2Fdata-analyst-jobs-in-london%3Fq%3Ddata%2Banalyst%26pageno%3D8
Senior Data Scientist,Eden James Consulting Limited,London,2026-09-10,https://www.reed.co.uk/jobs/senior-data-scientist/57280058?source=searchResults&q=data%20analyst&filter=%2Fjobs%2Fdata-analyst-jobs-in-london%3Fq%3Ddata%2Banalyst%26pageno%3D8,https://www.reed.co.uk/jobs/eden-james-consulting-ltd/p45167,Actively Hiring,"Salary: Salary negotiable | Type: Permanent, full-time | Badges: Easy Apply",Reed.co.uk,https://www.reed.co.uk/jobs/eden-james-consulting-ltd/p45167,https://www.reed.co.uk/jobs/senior-data-scientist/57280058?source=searchResults&q=data%20analyst&filter=%2Fjobs%2Fdata-analyst-jobs-in-london%3Fq%3Ddata%2Banalyst%26pageno%3D8
"Finance Business Analyst (Data, SQL, Banking)",Hays Specialist Recruitment Limited,London,2026-09-11,https://www.reed.co.uk/jobs/finance-business-analyst-data-sql-banking/57283628?source=searchResults&q=data%20analyst&filter=%2Fjobs%2Fdata-analyst-jobs-in-london%3Fq%3Ddata%2Banalyst%26pageno%3D8,https://www.reed.co.uk/jobs/hays-specialist-recruitment-limited/p36210,Actively Hiring,"Salary: £700 per day | Type: Contract, full-time | Badges: New, Easy Apply",Reed.co.uk,https://www.reed.co.uk/jobs/hays-specialist-recruitment-limited/p36210,https://www.reed.co.uk/jobs/finance-business-analyst-data-sql-banking/57283628?source=searchResults&q=data%20analyst&filter=%2Fjobs%2Fdata-analyst-jobs-in-london%3Fq%3Ddata%2Banalyst%26pageno%3D8
Senior Data Engineer,Tenth Revolution Group,London,2026-09-11,https://www.reed.co.uk/jobs/senior-data-engineer/57285974?source=searchResults&q=data%20analyst&filter=%2Fjobs%2Fdata-analyst-jobs-in-london%3Fq%3Ddata%2Banalyst%26pageno%3D8,https://www.reed.co.uk/jobs/tenth-revolution-group-91770/p91770,Actively Hiring,"Salary: £75,000 - £85,000 per annum | Type: Permanent, full-time | Badges: New, Easy Apply",Reed.co.uk,https://www.reed.co.uk/jobs/tenth-revolution-group-91770/p91770,https://www.reed.co.uk/jobs/senior-data-engineer/57285974?source=searchResults&q=data%20analyst&filter=%2Fjobs%2Fdata-analyst-jobs-in-london%3Fq%3Ddata%2Banalyst%26pageno%3D8
Data Modeller (Graduate Opportunity),AMS Contingent,London,2026-08-11,https://www.reed.co.uk/jobs/data-modeller-graduate-opportunity/57224225?source=searchResults&q=data%20analyst&filter=%2Fjobs%2Fdata-analyst-jobs-in-london%3Fq%3Ddata%2Banalyst%26pageno%3D8,https://www.reed.co.uk/jobs/ams-contingent/o659232,Actively Hiring,"Salary: Salary negotiable | Type: Contract, full-time",Reed.co.uk,https://www.reed.co.uk/jobs/ams-contingent/o659232,https://www.reed.co.uk/jobs/data-modeller-graduate-opportunity/57224225?source=searchResults&q=data%20analyst&filter=%2Fjobs%2Fdata-analyst-jobs-in-london%3Fq%3Ddata%2Banalyst%26pageno%3D8
Senior Data Analyst,FDM Group,London,2026-09-08,https://www.reed.co.uk/jobs/senior-data-analyst/56212211?source=searchResults&q=data%20analyst&filter=%2Fjobs%2Fdata-analyst-jobs-in-london%3Fq%3Ddata%2Banalyst%26pageno%3D9,https://www.reed.co.uk/jobs/fdm-group/p4784,Actively Hiring,"Salary: Salary negotiable | Type: Permanent, full-time | Badges: Promoted",Reed.co.uk,https://www.reed.co.uk/jobs/fdm-group/p4784,https://www.reed.co.uk/jobs/senior-data-analyst/56212211?source=searchResults&q=data%20analyst&filter=%2Fjobs%2Fdata-analyst-jobs-in-london%3Fq%3Ddata%2Banalyst%26pageno%3D9
Data and Insights Analyst,Newlon Housing Trust,London,2026-09-11,https://www.reed.co.uk/jobs/data-and-insights-analyst/57283025?source=searchResults&q=data%20analyst&filter=%2Fjobs%2Fdata-analyst-jobs-in-london%3Fq%3Ddata%2Banalyst%26pageno%3D9,https://www.reed.co.uk/jobs/newlon-housing-trust-98152/p98152,Actively Hiring,"Salary: £41,380 per annum | Type: Permanent, full-time | Badges: Promoted, New",Reed.co.uk,https://www.reed.co.uk/jobs/newlon-housing-trust-98152/p98152,https://www.reed.co.uk/jobs/data-and-insights-analyst/57283025?source=searchResults&q=data%20analyst&filter=%2Fjobs%2Fdata-analyst-jobs-in-london%3Fq%3Ddata%2Banalyst%26pageno%3D9
"Finance Business Analyst - Data, SQL, Banking, Money markets",Hays Specialist Recruitment Limited,London,2026-09-11,https://www.reed.co.uk/jobs/finance-business-analyst-data-sql-banking-money-markets/57283749?source=searchResults&q=data%20analyst&filter=%2Fjobs%2Fdata-analyst-jobs-in-london%3Fq%3Ddata%2Banalyst%26pageno%3D9,https://www.reed.co.uk/jobs/hays-specialist-recruitment-limited/p36210,Actively Hiring,"Salary: £700 per day | Type: Contract, full-time | Badges: New, Easy Apply",Reed.co.uk,https://www.reed.co.uk/jobs/hays-specialist-recruitment-limited/p36210,https://www.reed.co.uk/jobs/finance-business-analyst-data-sql-banking-money-markets/57283749?source=searchResults&q=data%20analyst&filter=%2Fjobs%2Fdata-analyst-jobs-in-london%3Fq%3Ddata%2Banalyst%26pageno%3D9
Market Data Analyst,eFinancialCareers,London,2026-09-09,https://www.reed.co.uk/jobs/market-data-analyst/57274826?source=searchResults&q=data%20analyst&filter=%2Fjobs%2Fdata-analyst-jobs-in-london%3Fq%3Ddata%2Banalyst%26pageno%3D9,https://www.reed.co.uk/jobs/efinancial-careers/p74850,Actively Hiring,"Salary: Competitive salary | Type: Permanent, full-time",Reed.co.uk,https://www.reed.co.uk/jobs/efinancial-careers/p74850,https://www.reed.co.uk/jobs/market-data-analyst/57274826?source=searchResults&q=data%20analyst&filter=%2Fjobs%2Fdata-analyst-jobs-in-london%3Fq%3Ddata%2Banalyst%26pageno%3D9
Data Analyst / Business Intelligence Analyst,Sizewell C,"City of London, London",2026-09-11,https://www.reed.co.uk/jobs/data-analyst-business-intelligence-analyst/57285633?source=searchResults&q=data%20analyst&filter=%2Fjobs%2Fdata-analyst-jobs-in-london%3Fq%3Ddata%2Banalyst%26pageno%3D9,https://www.reed.co.uk/jobs/sizewell-c/o701057,Actively Hiring,"Salary: £45 - £50,000 per annum | Type: Permanent, full-time | Badges: New",Reed.co.uk,https://www.reed.co.uk/jobs/sizewell-c/o701057,https://www.reed.co.uk/jobs/data-analyst-business-intelligence-analyst/57285633?source=searchResults&q=data%20analyst&filter=%2Fjobs%2Fdata-analyst-jobs-in-london%3Fq%3Ddata%2Banalyst%26pageno%3D9
Senior Data Analyst,FDM Group,London,2026-09-08,https://www.reed.co.uk/jobs/senior-data-analyst/56212211?source=searchResults&q=data%20analyst&filter=%2Fjobs%2Fdata-analyst-jobs-in-london%3Fq%3Ddata%2Banalyst%26pageno%3D17,https://www.reed.co.uk/jobs/fdm-group/p4784,Actively Hiring,"Salary: Salary negotiable | Type: Permanent, full-time | Badges: Promoted",Reed.co.uk,https://www.reed.co.uk/jobs/fdm-group/p4784,https://www.reed.co.uk/jobs/senior-data-analyst/56212211?source=searchResults&q=data%20analyst&filter=%2Fjobs%2Fdata-analyst-jobs-in-london%3Fq%3Ddata%2Banalyst%26pageno%3D17
Data Engineering Lead,Adecco,London,2026-07-24,https://www.reed.co.uk/jobs/data-engineering-lead/57158431?source=searchResults&q=data%20analyst&filter=%2Fjobs%2Fdata-analyst-jobs-in-london%3Fq%3Ddata%2Banalyst%26pageno%3D17,https://www.reed.co.uk/jobs/adecco-uk-limited-45420/p45420,Actively Hiring,"Salary: Salary negotiable | Type: Contract, full-time | Badges: Easy Apply",Reed.co.uk,https://www.reed.co.uk/jobs/adecco-uk-limited-45420/p45420,https://www.reed.co.uk/jobs/data-engineering-lead/57158431?source=searchResults&q=data%20analyst&filter=%2Fjobs%2Fdata-analyst-jobs-in-london%3Fq%3Ddata%2Banalyst%26pageno%3D17
Senior Data Analyst,FDM Group,London,2026-09-08,https://www.reed.co.uk/jobs/senior-data-analyst/56212211?source=searchResults&q=data%20analyst&filter=%2Fjobs%2Fdata-analyst-jobs-in-london%3Fq%3Ddata%2Banalyst%26pageno%3D18,https://www.reed.co.uk/jobs/fdm-group/p4784,Actively Hiring,"Salary: Salary negotiable | Type: Permanent, full-time | Badges: Promoted",Reed.co.uk,https://www.reed.co.uk/jobs/fdm-group/p4784,https://www.reed.co.uk/jobs/senior-data-analyst/56212211?source=searchResults&q=data%20analyst&filter=%2Fjobs%2Fdata-analyst-jobs-in-london%3Fq%3Ddata%2Banalyst%26pageno%3D18
Data and Insights Analyst,Newlon Housing Trust,London,2026-09-11,https://www.reed.co.uk/jobs/data-and-insights-analyst/57283025?source=searchResults&q=data%20analyst&filter=%2Fjobs%2Fdata-analyst-jobs-in-london%3Fq%3Ddata%2Banalyst%26pageno%3D18,https://www.reed.co.uk/jobs/newlon-housing-trust-98152/p98152,Actively Hiring,"Salary: £41,380 per annum | Type: Permanent, full-time | Badges: Promoted, New",Reed.co.uk,https://www.reed.co.uk/jobs/newlon-housing-trust-98152/p98152,https://www.reed.co.uk/jobs/data-and-insights-analyst/57283025?source=searchResults&q=data%20analyst&filter=%2Fjobs%2Fdata-analyst-jobs-in-london%3Fq%3Ddata%2Banalyst%26pageno%3D18
Data Modeler,Harnham - Data & Analytics Recruitment,London,2026-07-30,https://www.reed.co.uk/jobs/data-modeler/57179574?source=searchResults&q=data%20analyst&filter=%2Fjobs%2Fdata-analyst-jobs-in-london%3Fq%3Ddata%2Banalyst%26pageno%3D18,https://www.reed.co.uk/jobs/harnham-search-selection/p9243,Actively Hiring,"Salary: £600 - £700 per day | Type: Contract, full-time | Badges: Easy Apply",Reed.co.uk,https://www.reed.co.uk/jobs/harnham-search-selection/p9243,https://www.reed.co.uk/jobs/data-modeler/57179574?source=searchResults&q=data%20analyst&filter=%2Fjobs%2Fdata-analyst-jobs-in-london%3Fq%3Ddata%2Banalyst%26pageno%3D18
Data Engineer,Advanced Resource Managers Limited,London,2026-08-19,https://www.reed.co.uk/jobs/data-engineer/57255245?source=searchResults&q=data%20analyst&filter=%2Fjobs%2Fdata-analyst-jobs-in-london%3Fq%3Ddata%2Banalyst%26pageno%3D18,https://www.reed.co.uk/jobs/advanced-resource-managers-limited-62309/p62309,Actively Hiring,"Salary: £450 - £490 per day | Type: Contract, full-time | Badges: Easy Apply",Reed.co.uk,https://www.reed.co.uk/jobs/advanced-resource-managers-limited-62309/p62309,https://www.reed.co.uk/jobs/data-engineer/57255245?source=searchResults&q=data%20analyst&filter=%2Fjobs%2Fdata-analyst-jobs-in-london%3Fq%3Ddata%2Banalyst%26pageno%3D18
Data Engineer/Developer,Advanced Resource Managers Limited,London,2026-09-08,https://www.reed.co.uk/jobs/data-engineer-developer/57272142?source=searchResults&q=data%20analyst&filter=%2Fjobs%2Fdata-analyst-jobs-in-london%3Fq%3Ddata%2Banalyst%26pageno%3D18,https://www.reed.co.uk/jobs/advanced-resource-managers-limited-62309/p62309,Actively Hiring,"Salary: £450 - £490 per day | Type: Contract, full-time | Badges: Easy Apply",Reed.co.uk,https://www.reed.co.uk/jobs/advanced-resource-managers-limited-62309/p62309,https://www.reed.co.uk/jobs/data-engineer-developer/57272142?source=searchResults&q=data%20analyst&filter=%2Fjobs%2Fdata-analyst-jobs-in-london%3Fq%3Ddata%2Banalyst%26pageno%3D18
Data and Insights Analyst,Newlon Housing Trust,London,2026-09-11,https://www.reed.co.uk/jobs/data-and-insights-analyst/57283025?source=searchResults&q=data%20analyst&filter=%2Fjobs%2Fdata-analyst-jobs-in-london%3Fq%3Ddata%2Banalyst%26pageno%3D19,https://www.reed.co.uk/jobs/newlon-housing-trust-98152/p98152,Actively Hiring,"Salary: £41,380 per annum | Type: Permanent, full-time | Badges: Promoted, New",Reed.co.uk,https://www.reed.co.uk/jobs/newlon-housing-trust-98152/p98152,https://www.reed.co.uk/jobs/data-and-insights-analyst/57283025?source=searchResults&q=data%20analyst&filter=%2Fjobs%2Fdata-analyst-jobs-in-london%3Fq%3Ddata%2Banalyst%26pageno%3D19
Senior Data Analyst,FDM Group,London,2026-09-08,https://www.reed.co.uk/jobs/senior-data-analyst/56212211?source=searchResults&q=data%20analyst&filter=%2Fjobs%2Fdata-analyst-jobs-in-london%3Fq%3Ddata%2Banalyst%26pageno%3D19,https://www.reed.co.uk/jobs/fdm-group/p4784,Actively Hiring,"Salary: Salary negotiable | Type: Permanent, full-time | Badges: Promoted",Reed.co.uk,https://www.reed.co.uk/jobs/fdm-group/p4784,https://www.reed.co.uk/jobs/senior-data-analyst/56212211?source=searchResults&q=data%20analyst&filter=%2Fjobs%2Fdata-analyst-jobs-in-london%3Fq%3Ddata%2Banalyst%26pageno%3D19
Data Engineer/Developer,Advanced Resource Managers Limited,London,2026-09-08,https://www.reed.co.uk/jobs/data-engineer-developer/57272142?source=searchResults&q=data%20analyst&filter=%2Fjobs%2Fdata-analyst-jobs-in-london%3Fq%3Ddata%2Banalyst%26pageno%3D19,https://www.reed.co.uk/jobs/advanced-resource-managers-limited-62309/p62309,Actively Hiring,"Salary: £450 - £490 per day | Type: Contract, full-time | Badges: Easy Apply",Reed.co.uk,https://www.reed.co.uk/jobs/advanced-resource-managers-limited-62309/p62309,https://www.reed.co.uk/jobs/data-engineer-developer/57272142?source=searchResults&q=data%20analyst&filter=%2Fjobs%2Fdata-analyst-jobs-in-london%3Fq%3Ddata%2Banalyst%26pageno%3D19
Senior Data Scientist,Harnham - Data & Analytics Recruitment,London,2026-09-11,https://www.reed.co.uk/jobs/senior-data-scientist/57284502?source=searchResults&q=data%20analyst&filter=%2Fjobs%2Fdata-analyst-jobs-in-london%3Fq%3Ddata%2Banalyst%26pageno%3D19,https://www.reed.co.uk/jobs/harnham-search-selection/p9243,Actively Hiring,"Salary: £65,000 - £75,000 per annum | Type: Permanent, full-time | Badges: New, Easy Apply",Reed.co.uk,https://www.reed.co.uk/jobs/harnham-search-selection/p9243,https://www.reed.co.uk/jobs/senior-data-scientist/57284502?source=searchResults&q=data%20analyst&filter=%2Fjobs%2Fdata-analyst-jobs-in-london%3Fq%3Ddata%2Banalyst%26pageno%3D19
Data and Insights Analyst,Newlon Housing Trust,London,2026-09-11,https://www.reed.co.uk/jobs/data-and-insights-analyst/57283025?source=searchResults&q=data%20analyst&filter=%2Fjobs%2Fdata-analyst-jobs-in-london%3Fq%3Ddata%2Banalyst%26pageno%3D20,https://www.reed.co.uk/jobs/newlon-housing-trust-98152/p98152,Actively Hiring,"Salary: £41,380 per annum | Type: Permanent, full-time | Badges: Promoted, New",Reed.co.uk,https://www.reed.co.uk/jobs/newlon-housing-trust-98152/p98152,https://www.reed.co.uk/jobs/data-and-insights-analyst/57283025?source=searchResults&q=data%20analyst&filter=%2Fjobs%2Fdata-analyst-jobs-in-london%3Fq%3Ddata%2Banalyst%26pageno%3D20
Senior Data Analyst,FDM Group,London,2026-09-08,https://www.reed.co.uk/jobs/senior-data-analyst/56212211?source=searchResults&q=data%20analyst&filter=%2Fjobs%2Fdata-analyst-jobs-in-london%3Fq%3Ddata%2Banalyst%26pageno%3D20,https://www.reed.co.uk/jobs/fdm-group/p4784,Actively Hiring,"Salary: Salary negotiable | Type: Permanent, full-time | Badges: Promoted",Reed.co.uk,https://www.reed.co.uk/jobs/fdm-group/p4784,https://www.reed.co.uk/jobs/senior-data-analyst/56212211?source=searchResults&q=data%20analyst&filter=%2Fjobs%2Fdata-analyst-jobs-in-london%3Fq%3Ddata%2Banalyst%26pageno%3D20
Senior Data Scientist,Harnham - Data & Analytics Recruitment,London,2026-08-12,https://www.reed.co.uk/jobs/senior-data-scientist/57226118?source=searchResults&q=data%20analyst&filter=%2Fjobs%2Fdata-analyst-jobs-in-london%3Fq%3Ddata%2Banalyst%26pageno%3D20,https://www.reed.co.uk/jobs/harnham-search-selection/p9243,Actively Hiring,"Salary: £65,000 - £75,000 per annum | Type: Permanent, full-time | Badges: Easy Apply",Reed.co.uk,https://www.reed.co.uk/jobs/harnham-search-selection/p9243,https://www.reed.co.uk/jobs/senior-data-scientist/57226118?source=searchResults&q=data%20analyst&filter=%2Fjobs%2Fdata-analyst-jobs-in-london%3Fq%3Ddata%2Banalyst%26pageno%3D20
Risk Data Analyst Intern - Lorien Impellam,eFinancialCareers,London,2026-09-09,https://www.reed.co.uk/jobs/risk-data-analyst-intern-lorien-impellam/57277079?source=searchResults&q=data%20analyst&filter=%2Fjobs%2Fdata-analyst-jobs-in-london%3Fq%3Ddata%2Banalyst%26pageno%3D20,https://www.reed.co.uk/jobs/efinancial-careers/p74850,Actively Hiring,"Salary: Competitive salary | Type: Permanent, full-time",Reed.co.uk,https://www.reed.co.uk/jobs/efinancial-careers/p74850,https://www.reed.co.uk/jobs/risk-data-analyst-intern-lorien-impellam/57277079?source=searchResults&q=data%20analyst&filter=%2Fjobs%2Fdata-analyst-jobs-in-london%3Fq%3Ddata%2Banalyst%26pageno%3D20
Data Consultant,Harnham - Data & Analytics Recruitment,London,2026-09-11,https://www.reed.co.uk/jobs/data-consultant/57284348?source=searchResults&q=data%20analyst&filter=%2Fjobs%2Fdata-analyst-jobs-in-london%3Fq%3Ddata%2Banalyst%26pageno%3D20,https://www.reed.co.uk/jobs/harnham-search-selection/p9243,Actively Hiring,"Salary: £45,000 - £50,000 per annum | Type: Permanent, full-time | Badges: New, Easy Apply",Reed.co.uk,https://www.reed.co.uk/jobs/harnham-search-selection/p9243,https://www.reed.co.uk/jobs/data-consultant/57284348?source=searchResults&q=data%20analyst&filter=%2Fjobs%2Fdata-analyst-jobs-in-london%3Fq%3Ddata%2Banalyst%26pageno%3D20
Senior Data Analyst,FDM Group,London,2026-09-08,https://www.reed.co.uk/jobs/senior-data-analyst/56212211?source=searchResults&q=data%20analyst&filter=%2Fjobs%2Fdata-analyst-jobs-in-london%3Fq%3Ddata%2Banalyst%26pageno%3D21,https://www.reed.co.uk/jobs/fdm-group/p4784,Actively Hiring,"Salary: Salary negotiable | Type: Permanent, full-time | Badges: Promoted",Reed.co.uk,https://www.reed.co.uk/jobs/fdm-group/p4784,https://www.reed.co.uk/jobs/senior-data-analyst/56212211?source=searchResults&q=data%20analyst&filter=%2Fjobs%2Fdata-analyst-jobs-in-london%3Fq%3Ddata%2Banalyst%26pageno%3D21
Senior Data Analyst,FDM Group,London,2026-09-08,https://www.reed.co.uk/jobs/senior-data-analyst/56212211?source=searchResults&q=data%20analyst&filter=%2Fjobs%2Fdata-analyst-jobs-in-london%3Fq%3Ddata%2Banalyst%26pageno%3D22,https://www.reed.co.uk/jobs/fdm-group/p4784,Actively Hiring,"Salary: Salary negotiable | Type: Permanent, full-time | Badges: Promoted",Reed.co.uk,https://www.reed.co.uk/jobs/fdm-group/p4784,https://www.reed.co.uk/jobs/senior-data-analyst/56212211?source=searchResults&q=data%20analyst&filter=%2Fjobs%2Fdata-analyst-jobs-in-london%3Fq%3Ddata%2Banalyst%26pageno%3D22
Senior Data Analyst,FDM Group,London,2026-09-08,https://www.reed.co.uk/jobs/senior-data-analyst/56212211?source=searchResults&q=data%20analyst&filter=%2Fjobs%2Fdata-analyst-jobs-in-london%3Fq%3Ddata%2Banalyst%26pageno%3D23,https://www.reed.co.uk/jobs/fdm-group/p4784,Actively Hiring,"Salary: Salary negotiable | Type: Permanent, full-time | Badges: Promoted",Reed.co.uk,https://www.reed.co.uk/jobs/fdm-group/p4784,https://www.reed.co.uk/jobs/senior-data-analyst/56212211?source=searchResults&q=data%20analyst&filter=%2Fjobs%2Fdata-analyst-jobs-in-london%3Fq%3Ddata%2Banalyst%26pageno%3D23
Senior Data Analyst,FDM Group,London,2026-09-08,https://www.reed.co.uk/jobs/senior-data-analyst/56212211?source=searchResults&q=data%20analyst&filter=%2Fjobs%2Fdata-analyst-jobs-in-london%3Fq%3Ddata%2Banalyst%26pageno%3D24,https://www.reed.co.uk/jobs/fdm-group/p4784,Actively Hiring,"Salary: Salary negotiable | Type: Permanent, full-time | Badges: Promoted",Reed.co.uk,https://www.reed.co.uk/jobs/fdm-group/p4784,https://www.reed.co.uk/jobs/senior-data-analyst/56212211?source=searchResults&q=data%20analyst&filter=%2Fjobs%2Fdata-analyst-jobs-in-london%3Fq%3Ddata%2Banalyst%26pageno%3D24
Senior Data Analyst,FDM Group,London,2026-09-08,https://www.reed.co.uk/jobs/senior-data-analyst/56212211?source=searchResults&q=data%20analyst&filter=%2Fjobs%2Fdata-analyst-jobs-in-london%3Fq%3Ddata%2Banalyst%26pageno%3D26,https://www.reed.co.uk/jobs/fdm-group/p4784,Actively Hiring,"Salary: Salary negotiable | Type: Permanent, full-time | Badges: Promoted",Reed.co.uk,https://www.reed.co.uk/jobs/fdm-group/p4784,https://www.reed.co.uk/jobs/senior-data-analyst/56212211?source=searchResults&q=data%20analyst&filter=%2Fjobs%2Fdata-analyst-jobs-in-london%3Fq%3Ddata%2Banalyst%26pageno%3D26
Business Intelligence Analyst,Live Nation,London,2026-09-09,https://www.reed.co.uk/jobs/business-intelligence-analyst/57273251?source=searchResults&q=data%20analyst&filter=%2Fjobs%2Fdata-analyst-jobs-in-london%3Fq%3Ddata%2Banalyst%26pageno%3D26,https://www.reed.co.uk/jobs/livenation/p31782,Actively Hiring,"Salary: Competitive salary | Type: Permanent, full-time | Badges: Featured",Reed.co.uk,https://www.reed.co.uk/jobs/livenation/p31782,https://www.reed.co.uk/jobs/business-intelligence-analyst/57273251?source=searchResults&q=data%20analyst&filter=%2Fjobs%2Fdata-analyst-jobs-in-london%3Fq%3Ddata%2Banalyst%26pageno%3D26
Data Engineer/Integration Analyst Python,eFinancialCareers,London,2026-09-09,https://www.reed.co.uk/jobs/data-engineer-integration-analyst-python/57275826?source=searchResults&q=data%20analyst&filter=%2Fjobs%2Fdata-analyst-jobs-in-london%3Fq%3Ddata%2Banalyst%26pageno%3D26,https://www.reed.co.uk/jobs/efinancial-careers/p74850,Actively Hiring,"Salary: Competitive salary | Type: Permanent, full-time",Reed.co.uk,https://www.reed.co.uk/jobs/efinancial-careers/p74850,https://www.reed.co.uk/jobs/data-engineer-integration-analyst-python/57275826?source=searchResults&q=data%20analyst&filter=%2Fjobs%2Fdata-analyst-jobs-in-london%3Fq%3Ddata%2Banalyst%26pageno%3D26
"Senior Analyst - Model, Data and AI Risk Internal Audit - Macquarie Group",eFinancialCareers,London,2026-09-09,https://www.reed.co.uk/jobs/senior-analyst-model-data-and-ai-risk-internal-audit-macquarie-group/57275461?source=searchResults&q=data%20analyst&filter=%2Fjobs%2Fdata-analyst-jobs-in-london%3Fq%3Ddata%2Banalyst%26pageno%3D26,https://www.reed.co.uk/jobs/efinancial-careers/p74850,Actively Hiring,"Salary: Competitive salary | Type: Permanent, full-time",Reed.co.uk,https://www.reed.co.uk/jobs/efinancial-careers/p74850,https://www.reed.co.uk/jobs/senior-analyst-model-data-and-ai-risk-internal-audit-macquarie-group/57275461?source=searchResults&q=data%20analyst&filter=%2Fjobs%2Fdata-analyst-jobs-in-london%3Fq%3Ddata%2Banalyst%26pageno%3D26
Business analyst - Market data and analytics - CRISIL,eFinancialCareers,London,2026-09-09,https://www.reed.co.uk/jobs/business-analyst-market-data-and-analytics-crisil/57275823?source=searchResults&q=data%20analyst&filter=%2Fjobs%2Fdata-analyst-jobs-in-london%3Fq%3Ddata%2Banalyst%26pageno%3D26,https://www.reed.co.uk/jobs/efinancial-careers/p74850,Actively Hiring,"Salary: Competitive salary | Type: Permanent, full-time",Reed.co.uk,https://www.reed.co.uk/jobs/efinancial-careers/p74850,https://www.reed.co.uk/jobs/business-analyst-market-data-and-analytics-crisil/57275823?source=searchResults&q=data%20analyst&filter=%2Fjobs%2Fdata-analyst-jobs-in-london%3Fq%3Ddata%2Banalyst%26pageno%3D26
Senior Analyst-Accounting & Data Services - Northern Trust,eFinancialCareers,London,2026-09-09,https://www.reed.co.uk/jobs/senior-analyst-accounting-data-services-northern-trust/57274795?source=searchResults&q=data%20analyst&filter=%2Fjobs%2Fdata-analyst-jobs-in-london%3Fq%3Ddata%2Banalyst%26pageno%3D26,https://www.reed.co.uk/jobs/efinancial-careers/p74850,Actively Hiring,"Salary: Competitive salary | Type: Permanent, full-time",Reed.co.uk,https://www.reed.co.uk/jobs/efinancial-careers/p74850,https://www.reed.co.uk/jobs/senior-analyst-accounting-data-services-northern-trust/57274795?source=searchResults&q=data%20analyst&filter=%2Fjobs%2Fdata-analyst-jobs-in-london%3Fq%3Ddata%2Banalyst%26pageno%3D26
Head of Data and AI,Harnham - Data & Analytics Recruitment,London,2026-09-11,https://www.reed.co.uk/jobs/head-of-data-and-ai/57287102?source=searchResults&q=data%20analyst&filter=%2Fjobs%2Fdata-analyst-jobs-in-london%3Fq%3Ddata%2Banalyst%26pageno%3D26,https://www.reed.co.uk/jobs/harnham-search-selection/p9243,Actively Hiring,"Salary: £900 - £1,100 per day | Type: Contract, full-time | Badges: New",Reed.co.uk,https://www.reed.co.uk/jobs/harnham-search-selection/p9243,https://www.reed.co.uk/jobs/head-of-data-and-ai/57287102?source=searchResults&q=data%20analyst&filter=%2Fjobs%2Fdata-analyst-jobs-in-london%3Fq%3Ddata%2Banalyst%26pageno%3D26
Senior Data Analyst,FDM Group,London,2026-09-08,https://www.reed.co.uk/jobs/senior-data-analyst/56212211?source=searchResults&q=data%20analyst&filter=%2Fjobs%2Fdata-analyst-jobs-in-london%3Fq%3Ddata%2Banalyst%26pageno%3D28,https://www.reed.co.uk/jobs/fdm-group/p4784,Actively Hiring,"Salary: Salary negotiable | Type: Permanent, full-time | Badges: Promoted",Reed.co.uk,https://www.reed.co.uk/jobs/fdm-group/p4784,https://www.reed.co.uk/jobs/senior-data-analyst/56212211?source=searchResults&q=data%20analyst&filter=%2Fjobs%2Fdata-analyst-jobs-in-london%3Fq%3Ddata%2Banalyst%26pageno%3D28
Data Scientist,Harnham - Data & Analytics Recruitment,London,2026-08-20,https://www.reed.co.uk/jobs/data-scientist/57259332?source=searchResults&q=data%20analyst&filter=%2Fjobs%2Fdata-analyst-jobs-in-london%3Fq%3Ddata%2Banalyst%26pageno%3D28,https://www.reed.co.uk/jobs/harnham-search-selection/p9243,Actively Hiring,"Salary: £400 per day | Type: Contract, full-time | Badges: Easy Apply",Reed.co.uk,https://www.reed.co.uk/jobs/harnham-search-selection/p9243,https://www.reed.co.uk/jobs/data-scientist/57259332?source=searchResults&q=data%20analyst&filter=%2Fjobs%2Fdata-analyst-jobs-in-london%3Fq%3Ddata%2Banalyst%26pageno%3D28
Junior Data Scientist,Reed,"City of London, London",2026-08-07,https://www.reed.co.uk/jobs/junior-data-scientist/57210409?source=searchResults&q=data%20analyst&filter=%2Fjobs%2Fdata-analyst-jobs-in-london%3Fq%3Ddata%2Banalyst%26pageno%3D28,https://www.reed.co.uk/jobs/reed/p1342,Actively Hiring,"Salary: £70,000 - £80,000 per annum | Type: Permanent, full-time | Badges: Featured, Easy Apply",Reed.co.uk,https://www.reed.co.uk/jobs/reed/p1342,https://www.reed.co.uk/jobs/junior-data-scientist/57210409?source=searchResults&q=data%20analyst&filter=%2Fjobs%2Fdata-analyst-jobs-in-london%3Fq%3Ddata%2Banalyst%26pageno%3D28
Senior Data Scientist,Harnham - Data & Analytics Recruitment,London,2026-07-31,https://www.reed.co.uk/jobs/senior-data-scientist/57180310?source=searchResults&q=data%20analyst&filter=%2Fjobs%2Fdata-analyst-jobs-in-london%3Fq%3Ddata%2Banalyst%26pageno%3D28,https://www.reed.co.uk/jobs/harnham-search-selection/p9243,Actively Hiring,"Salary: £400 - £500 per day | Type: Contract, full-time, Work from home | Badges: Easy Apply",Reed.co.uk,https://www.reed.co.uk/jobs/harnham-search-selection/p9243,https://www.reed.co.uk/jobs/senior-data-scientist/57180310?source=searchResults&q=data%20analyst&filter=%2Fjobs%2Fdata-analyst-jobs-in-london%3Fq%3Ddata%2Banalyst%26pageno%3D28
Data and Insights Analyst,Newlon Housing Trust,London,2026-09-11,https://www.reed.co.uk/jobs/data-and-insights-analyst/57283025?source=searchResults&q=data%20analyst&filter=%2Fjobs%2Fdata-analyst-jobs-in-london%3Fq%3Ddata%2Banalyst%26pageno%3D31,https://www.reed.co.uk/jobs/newlon-housing-trust-98152/p98152,Actively Hiring,"Salary: £41,380 per annum | Type: Permanent, full-time | Badges: Promoted, New",Reed.co.uk,https://www.reed.co.uk/jobs/newlon-housing-trust-98152/p98152,https://www.reed.co.uk/jobs/data-and-insights-analyst/57283025?source=searchResults&q=data%20analyst&filter=%2Fjobs%2Fdata-analyst-jobs-in-london%3Fq%3Ddata%2Banalyst%26pageno%3D31
Senior Data Analyst,FDM Group,London,2026-09-08,https://www.reed.co.uk/jobs/senior-data-analyst/56212211?source=searchResults&q=data%20analyst&filter=%2Fjobs%2Fdata-analyst-jobs-in-london%3Fq%3Ddata%2Banalyst%26pageno%3D31,https://www.reed.co.uk/jobs/fdm-group/p4784,Actively Hiring,"Salary: Salary negotiable | Type: Permanent, full-time | Badges: Promoted",Reed.co.uk,https://www.reed.co.uk/jobs/fdm-group/p4784,https://www.reed.co.uk/jobs/senior-data-analyst/56212211?source=searchResults&q=data%20analyst&filter=%2Fjobs%2Fdata-analyst-jobs-in-london%3Fq%3Ddata%2Banalyst%26pageno%3D31
Senior Data Analyst,FDM Group,London,2026-09-08,https://www.reed.co.uk/jobs/senior-data-analyst/56212211?source=searchResults&q=data%20analyst&filter=%2Fjobs%2Fdata-analyst-jobs-in-london%3Fq%3Ddata%2Banalyst%26pageno%3D33,https://www.reed.co.uk/jobs/fdm-group/p4784,Actively Hiring,"Salary: Salary negotiable | Type: Permanent, full-time | Badges: Promoted",Reed.co.uk,https://www.reed.co.uk/jobs/fdm-group/p4784,https://www.reed.co.uk/jobs/senior-data-analyst/56212211?source=searchResults&q=data%20analyst&filter=%2Fjobs%2Fdata-analyst-jobs-in-london%3Fq%3Ddata%2Banalyst%26pageno%3D33
Technical Product Owner - Fixed Income Data,eFinancialCareers,London,2026-09-10,https://www.reed.co.uk/jobs/technical-product-owner-fixed-income-data/57274905?source=searchResults&q=data%20analyst&filter=%2Fjobs%2Fdata-analyst-jobs-in-london%3Fq%3Ddata%2Banalyst%26pageno%3D33,https://www.reed.co.uk/jobs/efinancial-careers/p74850,Actively Hiring,"Salary: Competitive salary | Type: Permanent, full-time",Reed.co.uk,https://www.reed.co.uk/jobs/efinancial-careers/p74850,https://www.reed.co.uk/jobs/technical-product-owner-fixed-income-data/57274905?source=searchResults&q=data%20analyst&filter=%2Fjobs%2Fdata-analyst-jobs-in-london%3Fq%3Ddata%2Banalyst%26pageno%3D33
Lead Product Manager Data,eFinancialCareers,London,2026-09-09,https://www.reed.co.uk/jobs/lead-product-manager-data/57274629?source=searchResults&q=data%20analyst&filter=%2Fjobs%2Fdata-analyst-jobs-in-london%3Fq%3Ddata%2Banalyst%26pageno%3D33,https://www.reed.co.uk/jobs/efinancial-careers/p74850,Actively Hiring,"Salary: Competitive salary | Type: Permanent, full-time",Reed.co.uk,https://www.reed.co.uk/jobs/efinancial-careers/p74850,https://www.reed.co.uk/jobs/lead-product-manager-data/57274629?source=searchResults&q=data%20analyst&filter=%2Fjobs%2Fdata-analyst-jobs-in-london%3Fq%3Ddata%2Banalyst%26pageno%3D33
Lead Data Engineer - Multi Strat Hedge Fund - Selby Jennings,eFinancialCareers,London,2026-09-09,https://www.reed.co.uk/jobs/lead-data-engineer-multi-strat-hedge-fund-selby-jennings/57275656?source=searchResults&q=data%20analyst&filter=%2Fjobs%2Fdata-analyst-jobs-in-london%3Fq%3Ddata%2Banalyst%26pageno%3D33,https://www.reed.co.uk/jobs/efinancial-careers/p74850,Actively Hiring,"Salary: Competitive salary | Type: Permanent, full-time",Reed.co.uk,https://www.reed.co.uk/jobs/efinancial-careers/p74850,https://www.reed.co.uk/jobs/lead-data-engineer-multi-strat-hedge-fund-selby-jennings/57275656?source=searchResults&q=data%20analyst&filter=%2Fjobs%2Fdata-analyst-jobs-in-london%3Fq%3Ddata%2Banalyst%26pageno%3D33
Principal Product Manager Data,eFinancialCareers,London,2026-09-09,https://www.reed.co.uk/jobs/principal-product-manager-data/57275858?source=searchResults&q=data%20analyst&filter=%2Fjobs%2Fdata-analyst-jobs-in-london%3Fq%3Ddata%2Banalyst%26pageno%3D33,https://www.reed.co.uk/jobs/efinancial-careers/p74850,Actively Hiring,"Salary: Competitive salary | Type: Permanent, full-time",Reed.co.uk,https://www.reed.co.uk/jobs/efinancial-careers/p74850,https://www.reed.co.uk/jobs/principal-product-manager-data/57275858?source=searchResults&q=data%20analyst&filter=%2Fjobs%2Fdata-analyst-jobs-in-london%3Fq%3Ddata%2Banalyst%26pageno%3D33
Senior Data Analyst,FDM Group,London,2026-09-08,https://www.reed.co.uk/jobs/senior-data-analyst/56212211?source=searchResults&q=data%20analyst&filter=%2Fjobs%2Fdata-analyst-jobs-in-london%3Fq%3Ddata%2Banalyst%26pageno%3D34,https://www.reed.co.uk/jobs/fdm-group/p4784,Actively Hiring,"Salary: Salary negotiable | Type: Permanent, full-time | Badges: Promoted",Reed.co.uk,https://www.reed.co.uk/jobs/fdm-group/p4784,https://www.reed.co.uk/jobs/senior-data-analyst/56212211?source=searchResults&q=data%20analyst&filter=%2Fjobs%2Fdata-analyst-jobs-in-london%3Fq%3Ddata%2Banalyst%26pageno%3D34
Data Engineer- Global Quant Firm,eFinancialCareers,London,2026-09-09,https://www.reed.co.uk/jobs/data-engineer-global-quant-firm/57275784?source=searchResults&q=data%20analyst&filter=%2Fjobs%2Fdata-analyst-jobs-in-london%3Fq%3Ddata%2Banalyst%26pageno%3D34,https://www.reed.co.uk/jobs/efinancial-careers/p74850,Actively Hiring,"Salary: Competitive salary | Type: Permanent, full-time",Reed.co.uk,https://www.reed.co.uk/jobs/efinancial-careers/p74850,https://www.reed.co.uk/jobs/data-engineer-global-quant-firm/57275784?source=searchResults&q=data%20analyst&filter=%2Fjobs%2Fdata-analyst-jobs-in-london%3Fq%3Ddata%2Banalyst%26pageno%3D34
FinDataTech - Corporate Banking - Strategy Analyst/Associate,eFinancialCareers,London,2026-09-09,https://www.reed.co.uk/jobs/findatatech-corporate-banking-strategy-analyst-associate/57274646?source=searchResults&q=data%20analyst&filter=%2Fjobs%2Fdata-analyst-jobs-in-london%3Fq%3Ddata%2Banalyst%26pageno%3D34,https://www.reed.co.uk/jobs/efinancial-careers/p74850,Actively Hiring,"Salary: Competitive salary | Type: Permanent, full-time",Reed.co.uk,https://www.reed.co.uk/jobs/efinancial-careers/p74850,https://www.reed.co.uk/jobs/findatatech-corporate-banking-strategy-analyst-associate/57274646?source=searchResults&q=data%20analyst&filter=%2Fjobs%2Fdata-analyst-jobs-in-london%3Fq%3Ddata%2Banalyst%26pageno%3D34
Senior Data Analyst,FDM Group,London,2026-09-08,https://www.reed.co.uk/jobs/senior-data-analyst/56212211?source=searchResults&q=data%20analyst&filter=%2Fjobs%2Fdata-analyst-jobs-in-london%3Fq%3Ddata%2Banalyst%26pageno%3D35,https://www.reed.co.uk/jobs/fdm-group/p4784,Actively Hiring,"Salary: Salary negotiable | Type: Permanent, full-time | Badges: Promoted",Reed.co.uk,https://www.reed.co.uk/jobs/fdm-group/p4784,https://www.reed.co.uk/jobs/senior-data-analyst/56212211?source=searchResults&q=data%20analyst&filter=%2Fjobs%2Fdata-analyst-jobs-in-london%3Fq%3Ddata%2Banalyst%26pageno%3D35
Data and Insights Analyst,Newlon Housing Trust,London,2026-09-11,https://www.reed.co.uk/jobs/data-and-insights-analyst/57283025?source=searchResults&q=data%20analyst&filter=%2Fjobs%2Fdata-analyst-jobs-in-london%3Fq%3Ddata%2Banalyst%26pageno%3D35,https://www.reed.co.uk/jobs/newlon-housing-trust-98152/p98152,Actively Hiring,"Salary: £41,380 per annum | Type: Permanent, full-time | Badges: Promoted, New",Reed.co.uk,https://www.reed.co.uk/jobs/newlon-housing-trust-98152/p98152,https://www.reed.co.uk/jobs/data-and-insights-analyst/57283025?source=searchResults&q=data%20analyst&filter=%2Fjobs%2Fdata-analyst-jobs-in-london%3Fq%3Ddata%2Banalyst%26pageno%3D35
Senior Data Analyst,FDM Group,London,2026-09-08,https://www.reed.co.uk/jobs/senior-data-analyst/56212211?source=searchResults&q=data%20analyst&filter=%2Fjobs%2Fdata-analyst-jobs-in-london%3Fq%3Ddata%2Banalyst%26pageno%3D36,https://www.reed.co.uk/jobs/fdm-group/p4784,Actively Hiring,"Salary: Salary negotiable | Type: Permanent, full-time | Badges: Promoted",Reed.co.uk,https://www.reed.co.uk/jobs/fdm-group/p4784,https://www.reed.co.uk/jobs/senior-data-analyst/56212211?source=searchResults&q=data%20analyst&filter=%2Fjobs%2Fdata-analyst-jobs-in-london%3Fq%3Ddata%2Banalyst%26pageno%3D36
Senior Data Analyst,FDM Group,London,2026-09-08,https://www.reed.co.uk/jobs/senior-data-analyst/56212211?source=searchResults&q=data%20analyst&filter=%2Fjobs%2Fdata-analyst-jobs-in-london%3Fq%3Ddata%2Banalyst%26pageno%3D37,https://www.reed.co.uk/jobs/fdm-group/p4784,Actively Hiring,"Salary: Salary negotiable | Type: Permanent, full-time | Badges: Promoted",Reed.co.uk,https://www.reed.co.uk/jobs/fdm-group/p4784,https://www.reed.co.uk/jobs/senior-data-analyst/56212211?source=searchResults&q=data%20analyst&filter=%2Fjobs%2Fdata-analyst-jobs-in-london%3Fq%3Ddata%2Banalyst%26pageno%3D37
Data Platform Solution Architect - M&G plc.,eFinancialCareers,London,2026-09-09,https://www.reed.co.uk/jobs/data-platform-solution-architect-m-g-plc/57274828?source=searchResults&q=data%20analyst&filter=%2Fjobs%2Fdata-analyst-jobs-in-london%3Fq%3Ddata%2Banalyst%26pageno%3D37,https://www.reed.co.uk/jobs/efinancial-careers/p74850,Actively Hiring,"Salary: Competitive salary | Type: Permanent, full-time",Reed.co.uk,https://www.reed.co.uk/jobs/efinancial-careers/p74850,https://www.reed.co.uk/jobs/data-platform-solution-architect-m-g-plc/57274828?source=searchResults&q=data%20analyst&filter=%2Fjobs%2Fdata-analyst-jobs-in-london%3Fq%3Ddata%2Banalyst%26pageno%3D37
Data and Insights Analyst,Newlon Housing Trust,London,2026-09-11,https://www.reed.co.uk/jobs/data-and-insights-analyst/57283025?source=searchResults&q=data%20analyst&filter=%2Fjobs%2Fdata-analyst-jobs-in-london%3Fq%3Ddata%2Banalyst%26pageno%3D38,https://www.reed.co.uk/jobs/newlon-housing-trust-98152/p98152,Actively Hiring,"Salary: £41,380 per annum | Type: Permanent, full-time | Badges: Promoted, New",Reed.co.uk,https://www.reed.co.uk/jobs/newlon-housing-trust-98152/p98152,https://www.reed.co.uk/jobs/data-and-insights-analyst/57283025?source=searchResults&q=data%20analyst&filter=%2Fjobs%2Fdata-analyst-jobs-in-london%3Fq%3Ddata%2Banalyst%26pageno%3D38
Senior Data Analyst,FDM Group,London,2026-09-08,https://www.reed.co.uk/jobs/senior-data-analyst/56212211?source=searchResults&q=data%20analyst&filter=%2Fjobs%2Fdata-analyst-jobs-in-london%3Fq%3Ddata%2Banalyst%26pageno%3D38,https://www.reed.co.uk/jobs/fdm-group/p4784,Actively Hiring,"Salary: Salary negotiable | Type: Permanent, full-time | Badges: Promoted",Reed.co.uk,https://www.reed.co.uk/jobs/fdm-group/p4784,https://www.reed.co.uk/jobs/senior-data-analyst/56212211?source=searchResults&q=data%20analyst&filter=%2Fjobs%2Fdata-analyst-jobs-in-london%3Fq%3Ddata%2Banalyst%26pageno%3D38
Data Scientist,eFinancialCareers,London,2026-09-09,https://www.reed.co.uk/jobs/data-scientist/57275222?source=searchResults&q=data%20analyst&filter=%2Fjobs%2Fdata-analyst-jobs-in-london%3Fq%3Ddata%2Banalyst%26pageno%3D38,https://www.reed.co.uk/jobs/efinancial-careers/p74850,Actively Hiring,"Salary: Competitive salary | Type: Permanent, full-time",Reed.co.uk,https://www.reed.co.uk/jobs/efinancial-careers/p74850,https://www.reed.co.uk/jobs/data-scientist/57275222?source=searchResults&q=data%20analyst&filter=%2Fjobs%2Fdata-analyst-jobs-in-london%3Fq%3Ddata%2Banalyst%26pageno%3D38
Data and Insights Analyst,Newlon Housing Trust,London,2026-09-11,https://www.reed.co.uk/jobs/data-and-insights-analyst/57283025?source=searchResults&q=data%20analyst&filter=%2Fjobs%2Fdata-analyst-jobs-in-london%3Fq%3Ddata%2Banalyst%26pageno%3D39,https://www.reed.co.uk/jobs/newlon-housing-trust-98152/p98152,Actively Hiring,"Salary: £41,380 per annum | Type: Permanent, full-time | Badges: Promoted, New",Reed.co.uk,https://www.reed.co.uk/jobs/newlon-housing-trust-98152/p98152,https://www.reed.co.uk/jobs/data-and-insights-analyst/57283025?source=searchResults&q=data%20analyst&filter=%2Fjobs%2Fdata-analyst-jobs-in-london%3Fq%3Ddata%2Banalyst%26pageno%3D39
Senior Data Analyst,FDM Group,London,2026-09-08,https://www.reed.co.uk/jobs/senior-data-analyst/56212211?source=searchResults&q=data%20analyst&filter=%2Fjobs%2Fdata-analyst-jobs-in-london%3Fq%3Ddata%2Banalyst%26pageno%3D39,https://www.reed.co.uk/jobs/fdm-group/p4784,Actively Hiring,"Salary: Salary negotiable | Type: Permanent, full-time | Badges: Promoted",Reed.co.uk,https://www.reed.co.uk/jobs/fdm-group/p4784,https://www.reed.co.uk/jobs/senior-data-analyst/56212211?source=searchResults&q=data%20analyst&filter=%2Fjobs%2Fdata-analyst-jobs-in-london%3Fq%3Ddata%2Banalyst%26pageno%3D39
Senior Data Scientist- Innovative AI Start-Up,eFinancialCareers,London,2026-09-09,https://www.reed.co.uk/jobs/senior-data-scientist-innovative-ai-start-up/57275336?source=searchResults&q=data%20analyst&filter=%2Fjobs%2Fdata-analyst-jobs-in-london%3Fq%3Ddata%2Banalyst%26pageno%3D39,https://www.reed.co.uk/jobs/efinancial-careers/p74850,Actively Hiring,"Salary: Competitive salary | Type: Permanent, full-time",Reed.co.uk,https://www.reed.co.uk/jobs/efinancial-careers/p74850,https://www.reed.co.uk/jobs/senior-data-scientist-innovative-ai-start-up/57275336?source=searchResults&q=data%20analyst&filter=%2Fjobs%2Fdata-analyst-jobs-in-london%3Fq%3Ddata%2Banalyst%26pageno%3D39
Senior Data Scientist- Innovative AI Start-Up,eFinancialCareers,London,2026-09-09,https://www.reed.co.uk/jobs/senior-data-scientist-innovative-ai-start-up/57275172?source=searchResults&q=data%20analyst&filter=%2Fjobs%2Fdata-analyst-jobs-in-london%3Fq%3Ddata%2Banalyst%26pageno%3D39,https://www.reed.co.uk/jobs/efinancial-careers/p74850,Actively Hiring,"Salary: Competitive salary | Type: Permanent, full-time",Reed.co.uk,https://www.reed.co.uk/jobs/efinancial-careers/p74850,https://www.reed.co.uk/jobs/senior-data-scientist-innovative-ai-start-up/57275172?source=searchResults&q=data%20analyst&filter=%2Fjobs%2Fdata-analyst-jobs-in-london%3Fq%3Ddata%2Banalyst%26pageno%3D39
Trainee Software Developer,ITOL Recruit,United Kingdom,2026-08-06,https://www.reed.co.uk/jobs/trainee-software-developer/57204881?source=searchResults&q=software%20engineer&filter=%2Fjobs%2Fsoftware-engineer-jobs-in-london-luton-airport%3Fq%3Dsoftware%2Bengineer%26locationId%3D18825,https://www.reed.co.uk/jobs/itol-recruit/p57826,Actively Hiring,"Salary: Training Course | Type: Permanent, full-time | Badges: Promoted",Reed.co.uk,https://www.reed.co.uk/jobs/itol-recruit/p57826,https://www.reed.co.uk/jobs/trainee-software-developer/57204881?source=searchResults&q=software%20engineer&filter=%2Fjobs%2Fsoftware-engineer-jobs-in-london-luton-airport%3Fq%3Dsoftware%2Bengineer%26locationId%3D18825
Trainee Software Developer,ITOL Recruit,United Kingdom,2026-07-20,https://www.reed.co.uk/jobs/trainee-software-developer/57140479?source=searchResults&q=software%20engineer&filter=%2Fjobs%2Fsoftware-engineer-jobs-in-london-luton-airport%3Fq%3Dsoftware%2Bengineer%26locationId%3D18825,https://www.reed.co.uk/jobs/itonlinelearning-0/p57826,Actively Hiring,"Salary: Training Course | Type: Permanent, full-time | Badges: Promoted, Ending soon",Reed.co.uk,https://www.reed.co.uk/jobs/itonlinelearning-0/p57826,https://www.reed.co.uk/jobs/trainee-software-developer/57140479?source=searchResults&q=software%20engineer&filter=%2Fjobs%2Fsoftware-engineer-jobs-in-london-luton-airport%3Fq%3Dsoftware%2Bengineer%26locationId%3D18825
Software Developer – C# / .NET / WinForms,Sustain Recruit,Hertfordshire,2026-08-14,https://www.reed.co.uk/jobs/software-developer--c-net-winforms/57239079?source=searchResults&q=software%20engineer&filter=%2Fjobs%2Fsoftware-engineer-jobs-in-london-luton-airport%3Fq%3Dsoftware%2Bengineer%26locationId%3D18825,https://www.reed.co.uk/jobs/sustain-recruit/p29552,Actively Hiring,"Salary: £45,000 - £55,000 per annum | Type: Permanent, full-time | Badges: Easy Apply",Reed.co.uk,https://www.reed.co.uk/jobs/sustain-recruit/p29552,https://www.reed.co.uk/jobs/software-developer--c-net-winforms/57239079?source=searchResults&q=software%20engineer&filter=%2Fjobs%2Fsoftware-engineer-jobs-in-london-luton-airport%3Fq%3Dsoftware%2Bengineer%26locationId%3D18825
Software Test Engineer,Akkodis,Hertfordshire,2026-07-20,https://www.reed.co.uk/jobs/software-test-engineer/57141620?source=searchResults&q=software%20engineer&filter=%2Fjobs%2Fsoftware-engineer-jobs-in-london-luton-airport%3Fq%3Dsoftware%2Bengineer%26locationId%3D18825,https://www.reed.co.uk/jobs/akkodis-45426/p45426,Actively Hiring,"Salary: £42,000 - £50,000 per annum | Type: Permanent, full-time | Badges: Ending soon, Easy Apply",Reed.co.uk,https://www.reed.co.uk/jobs/akkodis-45426/p45426,https://www.reed.co.uk/jobs/software-test-engineer/57141620?source=searchResults&q=software%20engineer&filter=%2Fjobs%2Fsoftware-engineer-jobs-in-london-luton-airport%3Fq%3Dsoftware%2Bengineer%26locationId%3D18825
???????Software Test Engineer / Lead – Outside IR35,SDL Solutions Limited,"Stevenage, Hertfordshire",2026-08-25,https://www.reed.co.uk/jobs/software-test-engineer-lead--outside-ir35/57273128?source=searchResults&q=software%20engineer&filter=%2Fjobs%2Fsoftware-engineer-jobs-in-london-luton-airport%3Fq%3Dsoftware%2Bengineer%26locationId%3D18825,https://www.reed.co.uk/jobs/sdl-solutions-limited/p41731,Actively Hiring,"Salary: Salary negotiable | Type: Contract, full-time | Badges: Easy Apply",Reed.co.uk,https://www.reed.co.uk/jobs/sdl-solutions-limited/p41731,https://www.reed.co.uk/jobs/software-test-engineer-lead--outside-ir35/57273128?source=searchResults&q=software%20engineer&filter=%2Fjobs%2Fsoftware-engineer-jobs-in-london-luton-airport%3Fq%3Dsoftware%2Bengineer%26locationId%3D18825
Software Test Engineer,Certain Advantage,"Stevenage, Hertfordshire",2026-08-20,https://www.reed.co.uk/jobs/software-test-engineer/57257567?source=searchResults&q=software%20engineer&filter=%2Fjobs%2Fsoftware-engineer-jobs-in-london-luton-airport%3Fq%3Dsoftware%2Bengineer%26locationId%3D18825,https://www.reed.co.uk/jobs/certain-advantage-89179/p89179,Actively Hiring,"Salary: £60.81 per hour | Type: Contract, full-time | Badges: Easy Apply",Reed.co.uk,https://www.reed.co.uk/jobs/certain-advantage-89179/p89179,https://www.reed.co.uk/jobs/software-test-engineer/57257567?source=searchResults&q=software%20engineer&filter=%2Fjobs%2Fsoftware-engineer-jobs-in-london-luton-airport%3Fq%3Dsoftware%2Bengineer%26locationId%3D18825
Trainee Software Developer,ITOL Recruit,United Kingdom,2026-08-06,https://www.reed.co.uk/jobs/trainee-software-developer/57204881?source=searchResults&q=software%20engineer&filter=%2Fjobs%2Fsoftware-engineer-jobs-in-london-luton-airport%3Fq%3Dsoftware%2Bengineer%26pageno%3D2%26locationId%3D18825,https://www.reed.co.uk/jobs/itol-recruit/p57826,Actively Hiring,"Salary: Training Course | Type: Permanent, full-time | Badges: Promoted",Reed.co.uk,https://www.reed.co.uk/jobs/itol-recruit/p57826,https://www.reed.co.uk/jobs/trainee-software-developer/57204881?source=searchResults&q=software%20engineer&filter=%2Fjobs%2Fsoftware-engineer-jobs-in-london-luton-airport%3Fq%3Dsoftware%2Bengineer%26pageno%3D2%26locationId%3D18825
Trainee Software Developer,ITOL Recruit,United Kingdom,2026-07-20,https://www.reed.co.uk/jobs/trainee-software-developer/57140479?source=searchResults&q=software%20engineer&filter=%2Fjobs%2Fsoftware-engineer-jobs-in-london-luton-airport%3Fq%3Dsoftware%2Bengineer%26pageno%3D2%26locationId%3D18825,https://www.reed.co.uk/jobs/itonlinelearning-0/p57826,Actively Hiring,"Salary: Training Course | Type: Permanent, full-time | Badges: Promoted, Ending soon",Reed.co.uk,https://www.reed.co.uk/jobs/itonlinelearning-0/p57826,https://www.reed.co.uk/jobs/trainee-software-developer/57140479?source=searchResults&q=software%20engineer&filter=%2Fjobs%2Fsoftware-engineer-jobs-in-london-luton-airport%3Fq%3Dsoftware%2Bengineer%26pageno%3D2%26locationId%3D18825
Trainee Software Developer,ITOL Recruit,United Kingdom,2026-08-06,https://www.reed.co.uk/jobs/trainee-software-developer/57204881?source=searchResults&q=software%20engineer&filter=%2Fjobs%2Fsoftware-engineer-jobs-in-london-luton-airport%3Fq%3Dsoftware%2Bengineer%26pageno%3D3%26locationId%3D18825,https://www.reed.co.uk/jobs/itol-recruit/p57826,Actively Hiring,"Salary: Training Course | Type: Permanent, full-time | Badges: Promoted",Reed.co.uk,https://www.reed.co.uk/jobs/itol-recruit/p57826,https://www.reed.co.uk/jobs/trainee-software-developer/57204881?source=searchResults&q=software%20engineer&filter=%2Fjobs%2Fsoftware-engineer-jobs-in-london-luton-airport%3Fq%3Dsoftware%2Bengineer%26pageno%3D3%26locationId%3D18825
Trainee Software Developer,ITOL Recruit,United Kingdom,2026-07-20,https://www.reed.co.uk/jobs/trainee-software-developer/57140479?source=searchResults&q=software%20engineer&filter=%2Fjobs%2Fsoftware-engineer-jobs-in-london-luton-airport%3Fq%3Dsoftware%2Bengineer%26pageno%3D3%26locationId%3D18825,https://www.reed.co.uk/jobs/itonlinelearning-0/p57826,Actively Hiring,"Salary: Training Course | Type: Permanent, full-time | Badges: Promoted, Ending soon",Reed.co.uk,https://www.reed.co.uk/jobs/itonlinelearning-0/p57826,https://www.reed.co.uk/jobs/trainee-software-developer/57140479?source=searchResults&q=software%20engineer&filter=%2Fjobs%2Fsoftware-engineer-jobs-in-london-luton-airport%3Fq%3Dsoftware%2Bengineer%26pageno%3D3%26locationId%3D18825
DevOps Apprentice,QA,London,2026-09-11,https://www.reed.co.uk/jobs/devops-apprentice/57333836?source=searchResults&q=devops&filter=%2Fjobs%2Fdevops-jobs-in-bangalore-street-sw15%3Fq%3Ddevops%26locationId%3D4572795,https://www.reed.co.uk/jobs/qa-ltd/p31199,Actively Hiring,"Salary: £26,000 per annum | Type: Permanent, full-time or part-time, Hybrid | Badges: Promoted, New",Reed.co.uk,https://www.reed.co.uk/jobs/qa-ltd/p31199,https://www.reed.co.uk/jobs/devops-apprentice/57333836?source=searchResults&q=devops&filter=%2Fjobs%2Fdevops-jobs-in-bangalore-street-sw15%3Fq%3Ddevops%26locationId%3D4572795
DevOps Engineer- London,FDM Group,London,2026-09-03,https://www.reed.co.uk/jobs/devops-engineer-london/57307871?source=searchResults&q=devops&filter=%2Fjobs%2Fdevops-jobs-in-bangalore-street-sw15%3Fq%3Ddevops%26locationId%3D4572795,https://www.reed.co.uk/jobs/fdm-group/p4784,Actively Hiring,"Salary: £80,000 - £90,000 per annum | Type: Contract, full-time, Hybrid | Badges: Promoted",Reed.co.uk,https://www.reed.co.uk/jobs/fdm-group/p4784,https://www.reed.co.uk/jobs/devops-engineer-london/57307871?source=searchResults&q=devops&filter=%2Fjobs%2Fdevops-jobs-in-bangalore-street-sw15%3Fq%3Ddevops%26locationId%3D4572795
Cloud DevOps Engineer,Reed,London,2026-09-10,https://www.reed.co.uk/jobs/cloud-devops-engineer/57328823?source=searchResults&q=devops&filter=%2Fjobs%2Fdevops-jobs-in-bangalore-street-sw15%3Fq%3Ddevops%26locationId%3D4572795,https://www.reed.co.uk/jobs/reed-specialist-recruitment/p40693,Actively Hiring,"Salary: £55,000 per annum | Type: Permanent, full-time, On-site | Badges: Featured",Reed.co.uk,https://www.reed.co.uk/jobs/reed-specialist-recruitment/p40693,https://www.reed.co.uk/jobs/cloud-devops-engineer/57328823?source=searchResults&q=devops&filter=%2Fjobs%2Fdevops-jobs-in-bangalore-street-sw15%3Fq%3Ddevops%26locationId%3D4572795
DevOps Engineer,Harnham - Data & Analytics Recruitment,London,2026-09-01,https://www.reed.co.uk/jobs/devops-engineer/57298791?source=searchResults&q=devops&filter=%2Fjobs%2Fdevops-jobs-in-bangalore-street-sw15%3Fq%3Ddevops%26locationId%3D4572795,https://www.reed.co.uk/jobs/harnham-search-selection/p9243,Actively Hiring,"Salary: £100,000 - £120,000 per annum | Type: Permanent, full-time, On-site | Badges: Easy Apply",Reed.co.uk,https://www.reed.co.uk/jobs/harnham-search-selection/p9243,https://www.reed.co.uk/jobs/devops-engineer/57298791?source=searchResults&q=devops&filter=%2Fjobs%2Fdevops-jobs-in-bangalore-street-sw15%3Fq%3Ddevops%26locationId%3D4572795
DevOps Engineer,Harnham - Data & Analytics Recruitment,London,2026-09-11,https://www.reed.co.uk/jobs/devops-engineer/57334136?source=searchResults&q=devops&filter=%2Fjobs%2Fdevops-jobs-in-bangalore-street-sw15%3Fq%3Ddevops%26locationId%3D4572795,https://www.reed.co.uk/jobs/harnham-search-selection/p9243,Actively Hiring,"Salary: £100,000 - £120,000 per annum | Type: Permanent, full-time, On-site | Badges: New, Easy Apply",Reed.co.uk,https://www.reed.co.uk/jobs/harnham-search-selection/p9243,https://www.reed.co.uk/jobs/devops-engineer/57334136?source=searchResults&q=devops&filter=%2Fjobs%2Fdevops-jobs-in-bangalore-street-sw15%3Fq%3Ddevops%26locationId%3D4572795
DevOps Engineer,Harnham - Data & Analytics Recruitment,London,2026-08-31,https://www.reed.co.uk/jobs/devops-engineer/57291510?source=searchResults&q=devops&filter=%2Fjobs%2Fdevops-jobs-in-bangalore-street-sw15%3Fq%3Ddevops%26locationId%3D4572795,https://www.reed.co.uk/jobs/harnham-search-selection/p9243,Actively Hiring,"Salary: £100,000 - £120,000 per annum | Type: Permanent, full-time, On-site | Badges: Easy Apply",Reed.co.uk,https://www.reed.co.uk/jobs/harnham-search-selection/p9243,https://www.reed.co.uk/jobs/devops-engineer/57291510?source=searchResults&q=devops&filter=%2Fjobs%2Fdevops-jobs-in-bangalore-street-sw15%3Fq%3Ddevops%26locationId%3D4572795
DevOps Architect - Insurance,Lorien,London,2026-09-03,https://www.reed.co.uk/jobs/devops-architect-insurance/57308504?source=searchResults&q=devops&filter=%2Fjobs%2Fdevops-jobs-in-bangalore-street-sw15%3Fq%3Ddevops%26locationId%3D4572795,https://www.reed.co.uk/jobs/lorien-resourcing-limited/p22735,Actively Hiring,"Salary: Salary negotiable | Type: Contract, full-time, Hybrid | Badges: Easy Apply",Reed.co.uk,https://www.reed.co.uk/jobs/lorien-resourcing-limited/p22735,https://www.reed.co.uk/jobs/devops-architect-insurance/57308504?source=searchResults&q=devops&filter=%2Fjobs%2Fdevops-jobs-in-bangalore-street-sw15%3Fq%3Ddevops%26locationId%3D4572795
GCP DevOps Engineer,Harnham - Data & Analytics Recruitment,London,2026-08-13,https://www.reed.co.uk/jobs/gcp-devops-engineer/57235883?source=searchResults&q=devops&filter=%2Fjobs%2Fdevops-jobs-in-bangalore-street-sw15%3Fq%3Ddevops%26locationId%3D4572795,https://www.reed.co.uk/jobs/harnham-search-selection/p9243,Actively Hiring,"Salary: £550 - £650 per day | Type: Contract, full-time, Remote | Badges: Easy Apply",Reed.co.uk,https://www.reed.co.uk/jobs/harnham-search-selection/p9243,https://www.reed.co.uk/jobs/gcp-devops-engineer/57235883?source=searchResults&q=devops&filter=%2Fjobs%2Fdevops-jobs-in-bangalore-street-sw15%3Fq%3Ddevops%26locationId%3D4572795
Platform & DevOps Engineer,Be-IT Resourcing,London,2026-09-11,https://www.reed.co.uk/jobs/platform-devops-engineer/57337403?source=searchResults&q=devops&filter=%2Fjobs%2Fdevops-jobs-in-bangalore-street-sw15%3Fq%3Ddevops%26locationId%3D4572795,https://www.reed.co.uk/jobs/be-it/p18791,Actively Hiring,"Salary: Salary not specified | Type: Permanent, full-time, Hybrid | Badges: New, Easy Apply",Reed.co.uk,https://www.reed.co.uk/jobs/be-it/p18791,https://www.reed.co.uk/jobs/platform-devops-engineer/57337403?source=searchResults&q=devops&filter=%2Fjobs%2Fdevops-jobs-in-bangalore-street-sw15%3Fq%3Ddevops%26locationId%3D4572795
Senior DevOps (SC Cleared),Adecco,London,2026-09-11,https://www.reed.co.uk/jobs/senior-devops-sc-cleared/57336627?source=searchResults&q=devops&filter=%2Fjobs%2Fdevops-jobs-in-bangalore-street-sw15%3Fq%3Ddevops%26locationId%3D4572795,https://www.reed.co.uk/jobs/adecco-uk-limited-45420/p45420,Actively Hiring,"Salary: £650 - £750 per day | Type: Contract, full-time, Hybrid | Badges: New, Easy Apply",Reed.co.uk,https://www.reed.co.uk/jobs/adecco-uk-limited-45420/p45420,https://www.reed.co.uk/jobs/senior-devops-sc-cleared/57336627?source=searchResults&q=devops&filter=%2Fjobs%2Fdevops-jobs-in-bangalore-street-sw15%3Fq%3Ddevops%26locationId%3D4572795
SC Cleared DevOps Engineer,VIQU IT Recruitment,London,2026-08-18,https://www.reed.co.uk/jobs/sc-cleared-devops-engineer/57252194?source=searchResults&q=devops&filter=%2Fjobs%2Fdevops-jobs-in-bangalore-street-sw15%3Fq%3Ddevops%26locationId%3D4572795,https://www.reed.co.uk/jobs/viqu-limited-86416/p86416,Actively Hiring,"Salary: £650 - £800 per day | Type: Contract, full-time, Hybrid | Badges: Easy Apply",Reed.co.uk,https://www.reed.co.uk/jobs/viqu-limited-86416/p86416,https://www.reed.co.uk/jobs/sc-cleared-devops-engineer/57252194?source=searchResults&q=devops&filter=%2Fjobs%2Fdevops-jobs-in-bangalore-street-sw15%3Fq%3Ddevops%26locationId%3D4572795
DevOps Engineer - SC Clear,Hays Specialist Recruitment Limited,London,2026-08-28,https://www.reed.co.uk/jobs/devops-engineer-sc-clear/57285371?source=searchResults&q=devops&filter=%2Fjobs%2Fdevops-jobs-in-bangalore-street-sw15%3Fq%3Ddevops%26locationId%3D4572795,https://www.reed.co.uk/jobs/hays-specialist-recruitment-limited/p36210,Actively Hiring,"Salary: £500 - £550 per day | Type: Contract, full-time, Remote | Badges: Easy Apply",Reed.co.uk,https://www.reed.co.uk/jobs/hays-specialist-recruitment-limited/p36210,https://www.reed.co.uk/jobs/devops-engineer-sc-clear/57285371?source=searchResults&q=devops&filter=%2Fjobs%2Fdevops-jobs-in-bangalore-street-sw15%3Fq%3Ddevops%26locationId%3D4572795
DevOps Architect / Transformation Lead,Hays Specialist Recruitment Limited,London,2026-09-10,https://www.reed.co.uk/jobs/devops-architect-transformation-lead/57328678?source=searchResults&q=devops&filter=%2Fjobs%2Fdevops-jobs-in-bangalore-street-sw15%3Fq%3Ddevops%26locationId%3D4572795,https://www.reed.co.uk/jobs/hays-specialist-recruitment-limited/p36210,Actively Hiring,"Salary: £600 per day | Type: Contract, full-time, Remote | Badges: Easy Apply",Reed.co.uk,https://www.reed.co.uk/jobs/hays-specialist-recruitment-limited/p36210,https://www.reed.co.uk/jobs/devops-architect-transformation-lead/57328678?source=searchResults&q=devops&filter=%2Fjobs%2Fdevops-jobs-in-bangalore-street-sw15%3Fq%3Ddevops%26locationId%3D4572795
Azure Cloud DevOps Engineer,Reed,"Raynes Park, London",2026-09-11,https://www.reed.co.uk/jobs/azure-cloud-devops-engineer/57332834?source=searchResults&q=devops&filter=%2Fjobs%2Fdevops-jobs-in-bangalore-street-sw15%3Fq%3Ddevops%26locationId%3D4572795,https://www.reed.co.uk/jobs/reed/p1342,Actively Hiring,"Salary: £45,000 - £55,000 per annum, inc benefits | Type: Permanent, full-time, On-site | Badges: Featured, New, Easy Apply",Reed.co.uk,https://www.reed.co.uk/jobs/reed/p1342,https://www.reed.co.uk/jobs/azure-cloud-devops-engineer/57332834?source=searchResults&q=devops&filter=%2Fjobs%2Fdevops-jobs-in-bangalore-street-sw15%3Fq%3Ddevops%26locationId%3D4572795
Lead AI DevOps Engineer,Lorien,London,2026-08-03,https://www.reed.co.uk/jobs/lead-ai-devops-engineer/57191472?source=searchResults&q=devops&filter=%2Fjobs%2Fdevops-jobs-in-bangalore-street-sw15%3Fq%3Ddevops%26locationId%3D4572795,https://www.reed.co.uk/jobs/lorien-resourcing-limited/p22735,Actively Hiring,"Salary: Salary negotiable | Type: Contract, full-time, On-site | Badges: Easy Apply",Reed.co.uk,https://www.reed.co.uk/jobs/lorien-resourcing-limited/p22735,https://www.reed.co.uk/jobs/lead-ai-devops-engineer/57191472?source=searchResults&q=devops&filter=%2Fjobs%2Fdevops-jobs-in-bangalore-street-sw15%3Fq%3Ddevops%26locationId%3D4572795
Principal DevOps Engineer- SC Cleared,Searchability NS&D,London,2026-09-09,https://www.reed.co.uk/jobs/principal-devops-engineer-sc-cleared/57322943?source=searchResults&q=devops&filter=%2Fjobs%2Fdevops-jobs-in-bangalore-street-sw15%3Fq%3Ddevops%26locationId%3D4572795,https://www.reed.co.uk/jobs/searchability-ns-d/p106970,Actively Hiring,"Salary: £95,000 - £110,000 per annum, negotiable | Type: Permanent, full-time, Hybrid | Badges: Easy Apply",Reed.co.uk,https://www.reed.co.uk/jobs/searchability-ns-d/p106970,https://www.reed.co.uk/jobs/principal-devops-engineer-sc-cleared/57322943?source=searchResults&q=devops&filter=%2Fjobs%2Fdevops-jobs-in-bangalore-street-sw15%3Fq%3Ddevops%26locationId%3D4572795
AWS DevOps Engineer - SC Cleared,SR2,London,2026-09-11,https://www.reed.co.uk/jobs/aws-devops-engineer-sc-cleared/57337195?source=searchResults&q=devops&filter=%2Fjobs%2Fdevops-jobs-in-bangalore-street-sw15%3Fq%3Ddevops%26locationId%3D4572795,https://www.reed.co.uk/jobs/sr2/p46944,Actively Hiring,"Salary: £500 - £550 per day | Type: Contract, full-time, On-site | Badges: New, Easy Apply",Reed.co.uk,https://www.reed.co.uk/jobs/sr2/p46944,https://www.reed.co.uk/jobs/aws-devops-engineer-sc-cleared/57337195?source=searchResults&q=devops&filter=%2Fjobs%2Fdevops-jobs-in-bangalore-street-sw15%3Fq%3Ddevops%26locationId%3D4572795
Senior Azure DevOps Engineer - Fabric,Sanderson,London,2026-08-27,https://www.reed.co.uk/jobs/senior-azure-devops-engineer-fabric/57284192?source=searchResults&q=devops&filter=%2Fjobs%2Fdevops-jobs-in-bangalore-street-sw15%3Fq%3Ddevops%26locationId%3D4572795,https://www.reed.co.uk/jobs/sanderson-35038/p35038,Actively Hiring,"Salary: £550 - £650 per day | Type: Contract, full-time, Hybrid | Badges: Easy Apply",Reed.co.uk,https://www.reed.co.uk/jobs/sanderson-35038/p35038,https://www.reed.co.uk/jobs/senior-azure-devops-engineer-fabric/57284192?source=searchResults&q=devops&filter=%2Fjobs%2Fdevops-jobs-in-bangalore-street-sw15%3Fq%3Ddevops%26locationId%3D4572795
Cloud Native DevOps Engineer- SC Cleared,Searchability NS&D,London,2026-09-09,https://www.reed.co.uk/jobs/cloud-native-devops-engineer-sc-cleared/57322935?source=searchResults&q=devops&filter=%2Fjobs%2Fdevops-jobs-in-bangalore-street-sw15%3Fq%3Ddevops%26locationId%3D4572795,https://www.reed.co.uk/jobs/searchability-ns-d/p106970,Actively Hiring,"Salary: £45,000 - £100,000 per annum, negotiable | Type: Permanent, full-time, On-site | Badges: Easy Apply",Reed.co.uk,https://www.reed.co.uk/jobs/searchability-ns-d/p106970,https://www.reed.co.uk/jobs/cloud-native-devops-engineer-sc-cleared/57322935?source=searchResults&q=devops&filter=%2Fjobs%2Fdevops-jobs-in-bangalore-street-sw15%3Fq%3Ddevops%26locationId%3D4572795
Platform Engineer (DevOps / MLOps Focus),The Portfolio Group,London,2026-09-02,https://www.reed.co.uk/jobs/platform-engineer-devops-mlops-focus/57301840?source=searchResults&q=devops&filter=%2Fjobs%2Fdevops-jobs-in-bangalore-street-sw15%3Fq%3Ddevops%26locationId%3D4572795,https://www.reed.co.uk/jobs/portfolio-payroll-limited/p73209,Actively Hiring,"Salary: £100,000 per annum | Type: Permanent, full-time, On-site | Badges: Easy Apply",Reed.co.uk,https://www.reed.co.uk/jobs/portfolio-payroll-limited/p73209,https://www.reed.co.uk/jobs/platform-engineer-devops-mlops-focus/57301840?source=searchResults&q=devops&filter=%2Fjobs%2Fdevops-jobs-in-bangalore-street-sw15%3Fq%3Ddevops%26locationId%3D4572795
SC Cleared DevOps Engineer (On-prem),VIQU IT Recruitment,London,2026-08-10,https://www.reed.co.uk/jobs/sc-cleared-devops-engineer-on-prem/57215923?source=searchResults&q=devops&filter=%2Fjobs%2Fdevops-jobs-in-bangalore-street-sw15%3Fq%3Ddevops%26locationId%3D4572795,https://www.reed.co.uk/jobs/viqu-limited-86416/p86416,Actively Hiring,"Salary: £600 - £800 per day | Type: Contract, full-time, Hybrid | Badges: Easy Apply",Reed.co.uk,https://www.reed.co.uk/jobs/viqu-limited-86416/p86416,https://www.reed.co.uk/jobs/sc-cleared-devops-engineer-on-prem/57215923?source=searchResults&q=devops&filter=%2Fjobs%2Fdevops-jobs-in-bangalore-street-sw15%3Fq%3Ddevops%26locationId%3D4572795
DevOps Engineer - SC Cleared - Hybrid - Inside IR35,VIQU IT Recruitment,London,2026-09-10,https://www.reed.co.uk/jobs/devops-engineer-sc-cleared-hybrid-inside-ir35/57328033?source=searchResults&q=devops&filter=%2Fjobs%2Fdevops-jobs-in-bangalore-street-sw15%3Fq%3Ddevops%26locationId%3D4572795,https://www.reed.co.uk/jobs/viqu-limited-86416/p86416,Actively Hiring,"Salary: £700 - £800 per day | Type: Contract, full-time, Hybrid | Badges: Easy Apply",Reed.co.uk,https://www.reed.co.uk/jobs/viqu-limited-86416/p86416,https://www.reed.co.uk/jobs/devops-engineer-sc-cleared-hybrid-inside-ir35/57328033?source=searchResults&q=devops&filter=%2Fjobs%2Fdevops-jobs-in-bangalore-street-sw15%3Fq%3Ddevops%26locationId%3D4572795
Senior Release Manager (Agile / DevOps / Financial Services),Salt Search,London,2026-08-04,https://www.reed.co.uk/jobs/senior-release-manager-agile-devops-financial-services/57195966?source=searchResults&q=devops&filter=%2Fjobs%2Fdevops-jobs-in-bangalore-street-sw15%3Fq%3Ddevops%26locationId%3D4572795,https://www.reed.co.uk/jobs/salt-search-70274/p70274,Actively Hiring,"Salary: Salary negotiable | Type: Contract, full-time, Hybrid | Badges: Easy Apply",Reed.co.uk,https://www.reed.co.uk/jobs/salt-search-70274/p70274,https://www.reed.co.uk/jobs/senior-release-manager-agile-devops-financial-services/57195966?source=searchResults&q=devops&filter=%2Fjobs%2Fdevops-jobs-in-bangalore-street-sw15%3Fq%3Ddevops%26locationId%3D4572795
Senior Dev Ops Engineer,Hays Specialist Recruitment Limited,London,2026-08-17,https://www.reed.co.uk/jobs/senior-dev-ops-engineer/57245340?source=searchResults&q=devops&filter=%2Fjobs%2Fdevops-jobs-in-bangalore-street-sw15%3Fq%3Ddevops%26locationId%3D4572795,https://www.reed.co.uk/jobs/hays-specialist-recruitment-limited/p36210,Actively Hiring,"Salary: Salary negotiable | Type: Permanent, full-time, On-site | Badges: Easy Apply",Reed.co.uk,https://www.reed.co.uk/jobs/hays-specialist-recruitment-limited/p36210,https://www.reed.co.uk/jobs/senior-dev-ops-engineer/57245340?source=searchResults&q=devops&filter=%2Fjobs%2Fdevops-jobs-in-bangalore-street-sw15%3Fq%3Ddevops%26locationId%3D4572795
"Senior Dev Ops Engineer, Terraform, Azure, Kubernetes, Remote, COR7666",Corriculo Ltd,London,2026-08-24,https://www.reed.co.uk/jobs/senior-dev-ops-engineer-terraform-azure-kubernetes-remote-cor7666/57270014?source=searchResults&q=devops&filter=%2Fjobs%2Fdevops-jobs-in-bangalore-street-sw15%3Fq%3Ddevops%26locationId%3D4572795,https://www.reed.co.uk/jobs/corriculo-ltd/p20453,Actively Hiring,"Salary: £70,000 - £85,000 per annum | Type: Permanent, full-time, Remote | Badges: Easy Apply",Reed.co.uk,https://www.reed.co.uk/jobs/corriculo-ltd/p20453,https://www.reed.co.uk/jobs/senior-dev-ops-engineer-terraform-azure-kubernetes-remote-cor7666/57270014?source=searchResults&q=devops&filter=%2Fjobs%2Fdevops-jobs-in-bangalore-street-sw15%3Fq%3Ddevops%26locationId%3D4572795
Cloud DevOps Engineer,Reed,London,2026-09-10,https://www.reed.co.uk/jobs/cloud-devops-engineer/57328823?source=searchResults&q=devops&filter=%2Fjobs%2Fdevops-jobs-in-bangalore-street-sw15%3Fq%3Ddevops%26pageno%3D2%26locationId%3D4572795,https://www.reed.co.uk/jobs/reed-specialist-recruitment/p40693,Actively Hiring,"Salary: £55,000 per annum | Type: Permanent, full-time, On-site | Badges: Promoted",Reed.co.uk,https://www.reed.co.uk/jobs/reed-specialist-recruitment/p40693,https://www.reed.co.uk/jobs/cloud-devops-engineer/57328823?source=searchResults&q=devops&filter=%2Fjobs%2Fdevops-jobs-in-bangalore-street-sw15%3Fq%3Ddevops%26pageno%3D2%26locationId%3D4572795
DevOps Engineer- London,FDM Group,London,2026-09-03,https://www.reed.co.uk/jobs/devops-engineer-london/57307871?source=searchResults&q=devops&filter=%2Fjobs%2Fdevops-jobs-in-bangalore-street-sw15%3Fq%3Ddevops%26pageno%3D2%26locationId%3D4572795,https://www.reed.co.uk/jobs/fdm-group/p4784,Actively Hiring,"Salary: £80,000 - £90,000 per annum | Type: Contract, full-time, Hybrid | Badges: Promoted",Reed.co.uk,https://www.reed.co.uk/jobs/fdm-group/p4784,https://www.reed.co.uk/jobs/devops-engineer-london/57307871?source=searchResults&q=devops&filter=%2Fjobs%2Fdevops-jobs-in-bangalore-street-sw15%3Fq%3Ddevops%26pageno%3D2%26locationId%3D4572795
Trainee DevOps Engineer | No experience needed (Ref: 7501),Qualify Nation Recruitment,London,2026-09-11,https://www.reed.co.uk/jobs/trainee-devops-engineer--no-experience-needed-ref-7501/57334654?source=searchResults&q=devops&filter=%2Fjobs%2Fdevops-jobs-in-bangalore-street-sw15%3Fq%3Ddevops%26pageno%3D2%26locationId%3D4572795,https://www.reed.co.uk/jobs/group-everest-ltd-t-a-qualify-nation-111378/p111378,Actively Hiring,"Salary: Training Course | Type: Permanent, full-time, Remote | Badges: Featured, New, EarlyBirdEarly bird",Reed.co.uk,https://www.reed.co.uk/jobs/group-everest-ltd-t-a-qualify-nation-111378/p111378,https://www.reed.co.uk/jobs/trainee-devops-engineer--no-experience-needed-ref-7501/57334654?source=searchResults&q=devops&filter=%2Fjobs%2Fdevops-jobs-in-bangalore-street-sw15%3Fq%3Ddevops%26pageno%3D2%26locationId%3D4572795
Lead Platform Engineer,Lorien,London,2026-08-03,https://www.reed.co.uk/jobs/lead-platform-engineer/57191464?source=searchResults&q=devops&filter=%2Fjobs%2Fdevops-jobs-in-bangalore-street-sw15%3Fq%3Ddevops%26pageno%3D2%26locationId%3D4572795,https://www.reed.co.uk/jobs/lorien-resourcing-limited/p22735,Actively Hiring,"Salary: Salary negotiable | Type: Contract, full-time, On-site | Badges: Easy Apply",Reed.co.uk,https://www.reed.co.uk/jobs/lorien-resourcing-limited/p22735,https://www.reed.co.uk/jobs/lead-platform-engineer/57191464?source=searchResults&q=devops&filter=%2Fjobs%2Fdevops-jobs-in-bangalore-street-sw15%3Fq%3Ddevops%26pageno%3D2%26locationId%3D4572795
Senior Azure Platform Engineer,Revybe IT Recruitment Ltd,London,2026-08-07,https://www.reed.co.uk/jobs/senior-azure-platform-engineer/57209422?source=searchResults&q=devops&filter=%2Fjobs%2Fdevops-jobs-in-bangalore-street-sw15%3Fq%3Ddevops%26pageno%3D2%26locationId%3D4572795,https://www.reed.co.uk/jobs/revybe-it-recruitment-ltd-112429/p112429,Actively Hiring,"Salary: £75,000 - £100,000 per annum | Type: Permanent, full-time, Remote | Badges: Easy Apply",Reed.co.uk,https://www.reed.co.uk/jobs/revybe-it-recruitment-ltd-112429/p112429,https://www.reed.co.uk/jobs/senior-azure-platform-engineer/57209422?source=searchResults&q=devops&filter=%2Fjobs%2Fdevops-jobs-in-bangalore-street-sw15%3Fq%3Ddevops%26pageno%3D2%26locationId%3D4572795
Senior AWS Platform engineer,Reed,"City of London, London",2026-09-11,https://www.reed.co.uk/jobs/senior-aws-platform-engineer/57337440?source=searchResults&q=devops&filter=%2Fjobs%2Fdevops-jobs-in-bangalore-street-sw15%3Fq%3Ddevops%26pageno%3D2%26locationId%3D4572795,https://www.reed.co.uk/jobs/reed-professional-services/p17455,Actively Hiring,"Salary: Salary negotiable | Type: Temporary, full-time, Hybrid | Badges: Featured, New, Easy Apply",Reed.co.uk,https://www.reed.co.uk/jobs/reed-professional-services/p17455,https://www.reed.co.uk/jobs/senior-aws-platform-engineer/57337440?source=searchResults&q=devops&filter=%2Fjobs%2Fdevops-jobs-in-bangalore-street-sw15%3Fq%3Ddevops%26pageno%3D2%26locationId%3D4572795
Principal Platform Engineer,Sanderson,London,2026-09-03,https://www.reed.co.uk/jobs/principal-platform-engineer/57305403?source=searchResults&q=devops&filter=%2Fjobs%2Fdevops-jobs-in-bangalore-street-sw15%3Fq%3Ddevops%26pageno%3D2%26locationId%3D4572795,https://www.reed.co.uk/jobs/sanderson-35038/p35038,Actively Hiring,"Salary: £100,000 - £150,000 per annum, inc benefits | Type: Permanent, full-time, Hybrid | Badges: Easy Apply",Reed.co.uk,https://www.reed.co.uk/jobs/sanderson-35038/p35038,https://www.reed.co.uk/jobs/principal-platform-engineer/57305403?source=searchResults&q=devops&filter=%2Fjobs%2Fdevops-jobs-in-bangalore-street-sw15%3Fq%3Ddevops%26pageno%3D2%26locationId%3D4572795
Cloud Engineer - AWS | Python,hireful.,"Central London, London",2026-09-04,https://www.reed.co.uk/jobs/cloud-engineer-aws--python/57309665?source=searchResults&q=devops&filter=%2Fjobs%2Fdevops-jobs-in-bangalore-street-sw15%3Fq%3Ddevops%26pageno%3D2%26locationId%3D4572795,https://www.reed.co.uk/jobs/hireful/p45662,Actively Hiring,"Salary: £65,000 - £75,000 per annum | Type: Permanent, full-time, Hybrid | Badges: Featured, Easy Apply",Reed.co.uk,https://www.reed.co.uk/jobs/hireful/p45662,https://www.reed.co.uk/jobs/cloud-engineer-aws--python/57309665?source=searchResults&q=devops&filter=%2Fjobs%2Fdevops-jobs-in-bangalore-street-sw15%3Fq%3Ddevops%26pageno%3D2%26locationId%3D4572795
Senior Platform Engineer,Lorien,London,2026-08-03,https://www.reed.co.uk/jobs/senior-platform-engineer/57191461?source=searchResults&q=devops&filter=%2Fjobs%2Fdevops-jobs-in-bangalore-street-sw15%3Fq%3Ddevops%26pageno%3D2%26locationId%3D4572795,https://www.reed.co.uk/jobs/lorien-resourcing-limited/p22735,Actively Hiring,"Salary: Salary negotiable | Type: Contract, full-time, On-site | Badges: Easy Apply",Reed.co.uk,https://www.reed.co.uk/jobs/lorien-resourcing-limited/p22735,https://www.reed.co.uk/jobs/senior-platform-engineer/57191461?source=searchResults&q=devops&filter=%2Fjobs%2Fdevops-jobs-in-bangalore-street-sw15%3Fq%3Ddevops%26pageno%3D2%26locationId%3D4572795
Cloud Infrastructure Engineer,Arc IT Recruitment,London,2026-08-17,https://www.reed.co.uk/jobs/cloud-infrastructure-engineer/57144091?source=searchResults&q=devops&filter=%2Fjobs%2Fdevops-jobs-in-bangalore-street-sw15%3Fq%3Ddevops%26pageno%3D2%26locationId%3D4572795,https://www.reed.co.uk/jobs/arc-it-recruitment/p5850,Actively Hiring,"Salary: £85,000 per annum | Type: Permanent, full-time, On-site | Badges: Ending soon, Easy Apply",Reed.co.uk,https://www.reed.co.uk/jobs/arc-it-recruitment/p5850,https://www.reed.co.uk/jobs/cloud-infrastructure-engineer/57144091?source=searchResults&q=devops&filter=%2Fjobs%2Fdevops-jobs-in-bangalore-street-sw15%3Fq%3Ddevops%26pageno%3D2%26locationId%3D4572795
Senior AWS Platform Engineer (AI Platform),Sanderson,London,2026-08-26,https://www.reed.co.uk/jobs/senior-aws-platform-engineer-ai-platform/57280705?source=searchResults&q=devops&filter=%2Fjobs%2Fdevops-jobs-in-bangalore-street-sw15%3Fq%3Ddevops%26pageno%3D2%26locationId%3D4572795,https://www.reed.co.uk/jobs/sanderson-35038/p35038,Actively Hiring,"Salary: £550 - £600 per day | Type: Contract, full-time, Hybrid | Badges: Easy Apply",Reed.co.uk,https://www.reed.co.uk/jobs/sanderson-35038/p35038,https://www.reed.co.uk/jobs/senior-aws-platform-engineer-ai-platform/57280705?source=searchResults&q=devops&filter=%2Fjobs%2Fdevops-jobs-in-bangalore-street-sw15%3Fq%3Ddevops%26pageno%3D2%26locationId%3D4572795
Platform Engineer,Oscar Technology,London,2026-09-11,https://www.reed.co.uk/jobs/platform-engineer/57338304?source=searchResults&q=devops&filter=%2Fjobs%2Fdevops-jobs-in-bangalore-street-sw15%3Fq%3Ddevops%26pageno%3D2%26locationId%3D4572795,https://www.reed.co.uk/jobs/oscar-associates/p20715,Actively Hiring,"Salary: £580 - £610 per day | Type: Contract, full-time, Remote | Badges: New, Easy Apply",Reed.co.uk,https://www.reed.co.uk/jobs/oscar-associates/p20715,https://www.reed.co.uk/jobs/platform-engineer/57338304?source=searchResults&q=devops&filter=%2Fjobs%2Fdevops-jobs-in-bangalore-street-sw15%3Fq%3Ddevops%26pageno%3D2%26locationId%3D4572795
Platform Engineer,Michael Page Technology,London,2026-08-17,https://www.reed.co.uk/jobs/platform-engineer/57244138?source=searchResults&q=devops&filter=%2Fjobs%2Fdevops-jobs-in-bangalore-street-sw15%3Fq%3Ddevops%26pageno%3D2%26locationId%3D4572795,https://www.reed.co.uk/jobs/michael-page-technology-59782/p59782,Actively Hiring,"Salary: £65,000 - £75,000 per annum | Type: Permanent, full-time, On-site | Badges: Featured, Easy Apply",Reed.co.uk,https://www.reed.co.uk/jobs/michael-page-technology-59782/p59782,https://www.reed.co.uk/jobs/platform-engineer/57244138?source=searchResults&q=devops&filter=%2Fjobs%2Fdevops-jobs-in-bangalore-street-sw15%3Fq%3Ddevops%26pageno%3D2%26locationId%3D4572795
Platform Engineer - 12m FTC,Michael Page Technology,London,2026-08-14,https://www.reed.co.uk/jobs/platform-engineer-12m-ftc/57236805?source=searchResults&q=devops&filter=%2Fjobs%2Fdevops-jobs-in-bangalore-street-sw15%3Fq%3Ddevops%26pageno%3D2%26locationId%3D4572795,https://www.reed.co.uk/jobs/michael-page-technology-59782/p59782,Actively Hiring,"Salary: £70,000 - £80,000 per annum | Type: Contract, full-time, On-site | Badges: Featured, Easy Apply",Reed.co.uk,https://www.reed.co.uk/jobs/michael-page-technology-59782/p59782,https://www.reed.co.uk/jobs/platform-engineer-12m-ftc/57236805?source=searchResults&q=devops&filter=%2Fjobs%2Fdevops-jobs-in-bangalore-street-sw15%3Fq%3Ddevops%26pageno%3D2%26locationId%3D4572795
Senior Platform Engineer,WeDo Technology Solutions Limited,"Croydon, Surrey",2026-08-21,https://www.reed.co.uk/jobs/senior-platform-engineer/57265205?source=searchResults&q=devops&filter=%2Fjobs%2Fdevops-jobs-in-bangalore-street-sw15%3Fq%3Ddevops%26pageno%3D2%26locationId%3D4572795,https://www.reed.co.uk/jobs/wedo-technology-solutions-limited/p92779,Actively Hiring,"Salary: £85,000 - £95,000 per annum | Type: Permanent, full-time, Hybrid | Badges: Featured, Easy Apply",Reed.co.uk,https://www.reed.co.uk/jobs/wedo-technology-solutions-limited/p92779,https://www.reed.co.uk/jobs/senior-platform-engineer/57265205?source=searchResults&q=devops&filter=%2Fjobs%2Fdevops-jobs-in-bangalore-street-sw15%3Fq%3Ddevops%26pageno%3D2%26locationId%3D4572795
AWS Platform Engineer - Inside IR35 - Investment Banking,SRG,"City of London, London",2026-09-11,https://www.reed.co.uk/jobs/aws-platform-engineer-inside-ir35-investment-banking/57325568?source=searchResults&q=devops&filter=%2Fjobs%2Fdevops-jobs-in-bangalore-street-sw15%3Fq%3Ddevops%26pageno%3D2%26locationId%3D4572795,https://www.reed.co.uk/jobs/srg/o665122,Actively Hiring,"Salary: £650 - £700 per day | Type: Contract, full-time, Hybrid | Badges: Easy Apply",Reed.co.uk,https://www.reed.co.uk/jobs/srg/o665122,https://www.reed.co.uk/jobs/aws-platform-engineer-inside-ir35-investment-banking/57325568?source=searchResults&q=devops&filter=%2Fjobs%2Fdevops-jobs-in-bangalore-street-sw15%3Fq%3Ddevops%26pageno%3D2%26locationId%3D4572795
Senior Cloud Engineer,Gold Group Ltd,"South West London, London",2026-09-11,https://www.reed.co.uk/jobs/senior-cloud-engineer/57332769?source=searchResults&q=devops&filter=%2Fjobs%2Fdevops-jobs-in-bangalore-street-sw15%3Fq%3Ddevops%26pageno%3D2%26locationId%3D4572795,https://www.reed.co.uk/jobs/gold-group-ltd/p58628,Actively Hiring,"Salary: £45,000 - £50,000 per annum | Type: Permanent, full-time, On-site | Badges: Featured, New, Easy Apply",Reed.co.uk,https://www.reed.co.uk/jobs/gold-group-ltd/p58628,https://www.reed.co.uk/jobs/senior-cloud-engineer/57332769?source=searchResults&q=devops&filter=%2Fjobs%2Fdevops-jobs-in-bangalore-street-sw15%3Fq%3Ddevops%26pageno%3D2%26locationId%3D4572795
Cloud DevOps Engineer,Reed,London,2026-09-10,https://www.reed.co.uk/jobs/cloud-devops-engineer/57328823?source=searchResults&q=devops&filter=%2Fjobs%2Fdevops-jobs-in-bangalore-street-sw15%3Fq%3Ddevops%26pageno%3D3%26locationId%3D4572795,https://www.reed.co.uk/jobs/reed-specialist-recruitment/p40693,Actively Hiring,"Salary: £55,000 per annum | Type: Permanent, full-time, On-site | Badges: Promoted",Reed.co.uk,https://www.reed.co.uk/jobs/reed-specialist-recruitment/p40693,https://www.reed.co.uk/jobs/cloud-devops-engineer/57328823?source=searchResults&q=devops&filter=%2Fjobs%2Fdevops-jobs-in-bangalore-street-sw15%3Fq%3Ddevops%26pageno%3D3%26locationId%3D4572795
DevOps Engineer- London,FDM Group,London,2026-09-03,https://www.reed.co.uk/jobs/devops-engineer-london/57307871?source=searchResults&q=devops&filter=%2Fjobs%2Fdevops-jobs-in-bangalore-street-sw15%3Fq%3Ddevops%26pageno%3D3%26locationId%3D4572795,https://www.reed.co.uk/jobs/fdm-group/p4784,Actively Hiring,"Salary: £80,000 - £90,000 per annum | Type: Contract, full-time, Hybrid | Badges: Promoted",Reed.co.uk,https://www.reed.co.uk/jobs/fdm-group/p4784,https://www.reed.co.uk/jobs/devops-engineer-london/57307871?source=searchResults&q=devops&filter=%2Fjobs%2Fdevops-jobs-in-bangalore-street-sw15%3Fq%3Ddevops%26pageno%3D3%26locationId%3D4572795
Azure Platform Engineer,VIQU IT Recruitment,London,2026-08-11,https://www.reed.co.uk/jobs/azure-platform-engineer/57224889?source=searchResults&q=devops&filter=%2Fjobs%2Fdevops-jobs-in-bangalore-street-sw15%3Fq%3Ddevops%26pageno%3D3%26locationId%3D4572795,https://www.reed.co.uk/jobs/viqu-limited-86416/p86416,Actively Hiring,"Salary: £550 - £650 per day | Type: Contract, full-time, Remote | Badges: Easy Apply",Reed.co.uk,https://www.reed.co.uk/jobs/viqu-limited-86416/p86416,https://www.reed.co.uk/jobs/azure-platform-engineer/57224889?source=searchResults&q=devops&filter=%2Fjobs%2Fdevops-jobs-in-bangalore-street-sw15%3Fq%3Ddevops%26pageno%3D3%26locationId%3D4572795
SC cleared GCP Cloud engineer,Opus Recruitment Solutions Ltd,London,2026-08-04,https://www.reed.co.uk/jobs/sc-cleared-gcp-cloud-engineer/57195884?source=searchResults&q=devops&filter=%2Fjobs%2Fdevops-jobs-in-bangalore-street-sw15%3Fq%3Ddevops%26pageno%3D3%26locationId%3D4572795,https://www.reed.co.uk/jobs/opus-recruitment-solutions-ltd/p9311,Actively Hiring,"Salary: £450 - £500 per day | Type: Permanent, full-time, Hybrid | Badges: Easy Apply",Reed.co.uk,https://www.reed.co.uk/jobs/opus-recruitment-solutions-ltd/p9311,https://www.reed.co.uk/jobs/sc-cleared-gcp-cloud-engineer/57195884?source=searchResults&q=devops&filter=%2Fjobs%2Fdevops-jobs-in-bangalore-street-sw15%3Fq%3Ddevops%26pageno%3D3%26locationId%3D4572795
Cloud Engineer- eDV Cleared,Searchability NS&D,London,2026-09-09,https://www.reed.co.uk/jobs/cloud-engineer-edv-cleared/57322950?source=searchResults&q=devops&filter=%2Fjobs%2Fdevops-jobs-in-bangalore-street-sw15%3Fq%3Ddevops%26pageno%3D3%26locationId%3D4572795,https://www.reed.co.uk/jobs/searchability-ns-d/p106970,Actively Hiring,"Salary: £40,000 - £95,000 per annum, negotiable | Type: Permanent, full-time, On-site | Badges: Easy Apply",Reed.co.uk,https://www.reed.co.uk/jobs/searchability-ns-d/p106970,https://www.reed.co.uk/jobs/cloud-engineer-edv-cleared/57322950?source=searchResults&q=devops&filter=%2Fjobs%2Fdevops-jobs-in-bangalore-street-sw15%3Fq%3Ddevops%26pageno%3D3%26locationId%3D4572795
Platform Engineer- eDV Cleared,Searchability NS&D,London,2026-09-09,https://www.reed.co.uk/jobs/platform-engineer-edv-cleared/57322938?source=searchResults&q=devops&filter=%2Fjobs%2Fdevops-jobs-in-bangalore-street-sw15%3Fq%3Ddevops%26pageno%3D3%26locationId%3D4572795,https://www.reed.co.uk/jobs/searchability-ns-d/p106970,Actively Hiring,"Salary: £40,000 - £95,000 per annum, negotiable | Type: Permanent, full-time, On-site | Badges: Easy Apply",Reed.co.uk,https://www.reed.co.uk/jobs/searchability-ns-d/p106970,https://www.reed.co.uk/jobs/platform-engineer-edv-cleared/57322938?source=searchResults&q=devops&filter=%2Fjobs%2Fdevops-jobs-in-bangalore-street-sw15%3Fq%3Ddevops%26pageno%3D3%26locationId%3D4572795
Salesforce Solution & DevOps Architect,Michael Page Technology,"City of London, London",2026-08-18,https://www.reed.co.uk/jobs/salesforce-solution-devops-architect/57249784?source=searchResults&q=devops&filter=%2Fjobs%2Fdevops-jobs-in-bangalore-street-sw15%3Fq%3Ddevops%26pageno%3D3%26locationId%3D4572795,https://www.reed.co.uk/jobs/michael-page-technology-59782/p59782,Actively Hiring,"Salary: Salary negotiable | Type: Permanent, full-time, On-site | Badges: Featured, Easy Apply",Reed.co.uk,https://www.reed.co.uk/jobs/michael-page-technology-59782/p59782,https://www.reed.co.uk/jobs/salesforce-solution-devops-architect/57249784?source=searchResults&q=devops&filter=%2Fjobs%2Fdevops-jobs-in-bangalore-street-sw15%3Fq%3Ddevops%26pageno%3D3%26locationId%3D4572795
Cloud DevOps Engineer,Reed,London,2026-09-10,https://www.reed.co.uk/jobs/cloud-devops-engineer/57328823?source=searchResults&q=devops&filter=%2Fjobs%2Fdevops-jobs-in-bangalore-street-sw15%3Fq%3Ddevops%26pageno%3D4%26locationId%3D4572795,https://www.reed.co.uk/jobs/reed-specialist-recruitment/p40693,Actively Hiring,"Salary: £55,000 per annum | Type: Permanent, full-time, On-site | Badges: Promoted",Reed.co.uk,https://www.reed.co.uk/jobs/reed-specialist-recruitment/p40693,https://www.reed.co.uk/jobs/cloud-devops-engineer/57328823?source=searchResults&q=devops&filter=%2Fjobs%2Fdevops-jobs-in-bangalore-street-sw15%3Fq%3Ddevops%26pageno%3D4%26locationId%3D4572795
DevOps Engineer- London,FDM Group,London,2026-09-03,https://www.reed.co.uk/jobs/devops-engineer-london/57307871?source=searchResults&q=devops&filter=%2Fjobs%2Fdevops-jobs-in-bangalore-street-sw15%3Fq%3Ddevops%26pageno%3D4%26locationId%3D4572795,https://www.reed.co.uk/jobs/fdm-group/p4784,Actively Hiring,"Salary: £80,000 - £90,000 per annum | Type: Contract, full-time, Hybrid | Badges: Promoted",Reed.co.uk,https://www.reed.co.uk/jobs/fdm-group/p4784,https://www.reed.co.uk/jobs/devops-engineer-london/57307871?source=searchResults&q=devops&filter=%2Fjobs%2Fdevops-jobs-in-bangalore-street-sw15%3Fq%3Ddevops%26pageno%3D4%26locationId%3D4572795
Lead Site Reliability Engineer,Inspire People,London,2026-08-27,https://www.reed.co.uk/jobs/lead-site-reliability-engineer/57283898?source=searchResults&q=devops&filter=%2Fjobs%2Fdevops-jobs-in-bangalore-street-sw15%3Fq%3Ddevops%26pageno%3D4%26locationId%3D4572795,https://www.reed.co.uk/jobs/inspire-people/p22993,Actively Hiring,"Salary: £67,547 - £83,778 per annum | Type: Permanent, full-time, Hybrid",Reed.co.uk,https://www.reed.co.uk/jobs/inspire-people/p22993,https://www.reed.co.uk/jobs/lead-site-reliability-engineer/57283898?source=searchResults&q=devops&filter=%2Fjobs%2Fdevops-jobs-in-bangalore-street-sw15%3Fq%3Ddevops%26pageno%3D4%26locationId%3D4572795
DevOps Apprentice,QA,London,2026-09-11,https://www.reed.co.uk/jobs/devops-apprentice/57333836?source=searchResults&q=devops&filter=%2Fjobs%2Fdevops-jobs-in-bangalore-street-sw15%3Fq%3Ddevops%26pageno%3D5%26locationId%3D4572795,https://www.reed.co.uk/jobs/qa-ltd/p31199,Actively Hiring,"Salary: £26,000 per annum | Type: Permanent, full-time or part-time, Hybrid | Badges: Promoted, New",Reed.co.uk,https://www.reed.co.uk/jobs/qa-ltd/p31199,https://www.reed.co.uk/jobs/devops-apprentice/57333836?source=searchResults&q=devops&filter=%2Fjobs%2Fdevops-jobs-in-bangalore-street-sw15%3Fq%3Ddevops%26pageno%3D5%26locationId%3D4572795
Cloud DevOps Engineer,Reed,London,2026-09-10,https://www.reed.co.uk/jobs/cloud-devops-engineer/57328823?source=searchResults&q=devops&filter=%2Fjobs%2Fdevops-jobs-in-bangalore-street-sw15%3Fq%3Ddevops%26pageno%3D5%26locationId%3D4572795,https://www.reed.co.uk/jobs/reed-specialist-recruitment/p40693,Actively Hiring,"Salary: £55,000 per annum | Type: Permanent, full-time, On-site | Badges: Promoted",Reed.co.uk,https://www.reed.co.uk/jobs/reed-specialist-recruitment/p40693,https://www.reed.co.uk/jobs/cloud-devops-engineer/57328823?source=searchResults&q=devops&filter=%2Fjobs%2Fdevops-jobs-in-bangalore-street-sw15%3Fq%3Ddevops%26pageno%3D5%26locationId%3D4572795
DevOps Apprentice,QA,London,2026-09-11,https://www.reed.co.uk/jobs/devops-apprentice/57333836?source=searchResults&q=devops&filter=%2Fjobs%2Fdevops-jobs-in-bangalore-street-sw15%3Fq%3Ddevops%26pageno%3D6%26locationId%3D4572795,https://www.reed.co.uk/jobs/qa-ltd/p31199,Actively Hiring,"Salary: £26,000 per annum | Type: Permanent, full-time or part-time, Hybrid | Badges: Promoted, New",Reed.co.uk,https://www.reed.co.uk/jobs/qa-ltd/p31199,https://www.reed.co.uk/jobs/devops-apprentice/57333836?source=searchResults&q=devops&filter=%2Fjobs%2Fdevops-jobs-in-bangalore-street-sw15%3Fq%3Ddevops%26pageno%3D6%26locationId%3D4572795
Cloud DevOps Engineer,Reed,London,2026-09-10,https://www.reed.co.uk/jobs/cloud-devops-engineer/57328823?source=searchResults&q=devops&filter=%2Fjobs%2Fdevops-jobs-in-bangalore-street-sw15%3Fq%3Ddevops%26pageno%3D6%26locationId%3D4572795,https://www.reed.co.uk/jobs/reed-specialist-recruitment/p40693,Actively Hiring,"Salary: £55,000 per annum | Type: Permanent, full-time, On-site | Badges: Promoted",Reed.co.uk,https://www.reed.co.uk/jobs/reed-specialist-recruitment/p40693,https://www.reed.co.uk/jobs/cloud-devops-engineer/57328823?source=searchResults&q=devops&filter=%2Fjobs%2Fdevops-jobs-in-bangalore-street-sw15%3Fq%3Ddevops%26pageno%3D6%26locationId%3D4572795
Automation & Platform Engineer,VIQU IT Recruitment,London,2026-09-07,https://www.reed.co.uk/jobs/automation-platform-engineer/57315053?source=searchResults&q=devops&filter=%2Fjobs%2Fdevops-jobs-in-bangalore-street-sw15%3Fq%3Ddevops%26pageno%3D6%26locationId%3D4572795,https://www.reed.co.uk/jobs/viqu-limited-86416/p86416,Actively Hiring,"Salary: £400 - £450 per day | Type: Contract, full-time, Hybrid | Badges: Easy Apply",Reed.co.uk,https://www.reed.co.uk/jobs/viqu-limited-86416/p86416,https://www.reed.co.uk/jobs/automation-platform-engineer/57315053?source=searchResults&q=devops&filter=%2Fjobs%2Fdevops-jobs-in-bangalore-street-sw15%3Fq%3Ddevops%26pageno%3D6%26locationId%3D4572795
Platform Engineer,Method Resourcing,London,2026-08-10,https://www.reed.co.uk/jobs/platform-engineer/57216322?source=searchResults&q=devops&filter=%2Fjobs%2Fdevops-jobs-in-bangalore-street-sw15%3Fq%3Ddevops%26pageno%3D6%26locationId%3D4572795,https://www.reed.co.uk/jobs/method-resourcing/p111586,Actively Hiring,"Salary: £550 per day | Type: Contract, full-time, Hybrid | Badges: Easy Apply",Reed.co.uk,https://www.reed.co.uk/jobs/method-resourcing/p111586,https://www.reed.co.uk/jobs/platform-engineer/57216322?source=searchResults&q=devops&filter=%2Fjobs%2Fdevops-jobs-in-bangalore-street-sw15%3Fq%3Ddevops%26pageno%3D6%26locationId%3D4572795
Cloud DevOps Engineer,Reed,London,2026-09-10,https://www.reed.co.uk/jobs/cloud-devops-engineer/57328823?source=searchResults&q=devops&filter=%2Fjobs%2Fdevops-jobs-in-bangalore-street-sw15%3Fq%3Ddevops%26pageno%3D7%26locationId%3D4572795,https://www.reed.co.uk/jobs/reed-specialist-recruitment/p40693,Actively Hiring,"Salary: £55,000 per annum | Type: Permanent, full-time, On-site | Badges: Promoted",Reed.co.uk,https://www.reed.co.uk/jobs/reed-specialist-recruitment/p40693,https://www.reed.co.uk/jobs/cloud-devops-engineer/57328823?source=searchResults&q=devops&filter=%2Fjobs%2Fdevops-jobs-in-bangalore-street-sw15%3Fq%3Ddevops%26pageno%3D7%26locationId%3D4572795
DevOps Engineer- London,FDM Group,London,2026-09-03,https://www.reed.co.uk/jobs/devops-engineer-london/57307871?source=searchResults&q=devops&filter=%2Fjobs%2Fdevops-jobs-in-bangalore-street-sw15%3Fq%3Ddevops%26pageno%3D7%26locationId%3D4572795,https://www.reed.co.uk/jobs/fdm-group/p4784,Actively Hiring,"Salary: £80,000 - £90,000 per annum | Type: Contract, full-time, Hybrid | Badges: Promoted",Reed.co.uk,https://www.reed.co.uk/jobs/fdm-group/p4784,https://www.reed.co.uk/jobs/devops-engineer-london/57307871?source=searchResults&q=devops&filter=%2Fjobs%2Fdevops-jobs-in-bangalore-street-sw15%3Fq%3Ddevops%26pageno%3D7%26locationId%3D4572795
Azure Cloud Engineer,VIQU IT Recruitment,London,2026-08-03,https://www.reed.co.uk/jobs/azure-cloud-engineer/57190326?source=searchResults&q=devops&filter=%2Fjobs%2Fdevops-jobs-in-bangalore-street-sw15%3Fq%3Ddevops%26pageno%3D7%26locationId%3D4572795,https://www.reed.co.uk/jobs/viqu-limited-86416/p86416,Actively Hiring,"Salary: £500 - £600 per day | Type: Contract, full-time, Remote | Badges: Easy Apply",Reed.co.uk,https://www.reed.co.uk/jobs/viqu-limited-86416/p86416,https://www.reed.co.uk/jobs/azure-cloud-engineer/57190326?source=searchResults&q=devops&filter=%2Fjobs%2Fdevops-jobs-in-bangalore-street-sw15%3Fq%3Ddevops%26pageno%3D7%26locationId%3D4572795
Infrastructure Engineer,Meritus Talent,London,2026-08-27,https://www.reed.co.uk/jobs/infrastructure-engineer/57281376?source=searchResults&q=devops&filter=%2Fjobs%2Fdevops-jobs-in-bangalore-street-sw15%3Fq%3Ddevops%26pageno%3D7%26locationId%3D4572795,https://www.reed.co.uk/jobs/meritus-talent-103039/p103039,Actively Hiring,"Salary: £55,000 - £65,000 per annum | Type: Permanent, full-time, Remote | Badges: Easy Apply",Reed.co.uk,https://www.reed.co.uk/jobs/meritus-talent-103039/p103039,https://www.reed.co.uk/jobs/infrastructure-engineer/57281376?source=searchResults&q=devops&filter=%2Fjobs%2Fdevops-jobs-in-bangalore-street-sw15%3Fq%3Ddevops%26pageno%3D7%26locationId%3D4572795
Cloud DevOps Engineer,Reed,London,2026-09-10,https://www.reed.co.uk/jobs/cloud-devops-engineer/57328823?source=searchResults&q=devops&filter=%2Fjobs%2Fdevops-jobs-in-bangalore-street-sw15%3Fq%3Ddevops%26pageno%3D8%26locationId%3D4572795,https://www.reed.co.uk/jobs/reed-specialist-recruitment/p40693,Actively Hiring,"Salary: £55,000 per annum | Type: Permanent, full-time, On-site | Badges: Promoted",Reed.co.uk,https://www.reed.co.uk/jobs/reed-specialist-recruitment/p40693,https://www.reed.co.uk/jobs/cloud-devops-engineer/57328823?source=searchResults&q=devops&filter=%2Fjobs%2Fdevops-jobs-in-bangalore-street-sw15%3Fq%3Ddevops%26pageno%3D8%26locationId%3D4572795
DevOps Apprentice,QA,London,2026-09-11,https://www.reed.co.uk/jobs/devops-apprentice/57333836?source=searchResults&q=devops&filter=%2Fjobs%2Fdevops-jobs-in-bangalore-street-sw15%3Fq%3Ddevops%26pageno%3D8%26locationId%3D4572795,https://www.reed.co.uk/jobs/qa-ltd/p31199,Actively Hiring,"Salary: £26,000 per annum | Type: Permanent, full-time or part-time, Hybrid | Badges: Promoted, New",Reed.co.uk,https://www.reed.co.uk/jobs/qa-ltd/p31199,https://www.reed.co.uk/jobs/devops-apprentice/57333836?source=searchResults&q=devops&filter=%2Fjobs%2Fdevops-jobs-in-bangalore-street-sw15%3Fq%3Ddevops%26pageno%3D8%26locationId%3D4572795
AI & SRE Consultant,Akkodis,London,2026-09-08,https://www.reed.co.uk/jobs/ai-sre-consultant/57316717?source=searchResults&q=devops&filter=%2Fjobs%2Fdevops-jobs-in-bangalore-street-sw15%3Fq%3Ddevops%26pageno%3D8%26locationId%3D4572795,https://www.reed.co.uk/jobs/akkodis-45426/p45426,Actively Hiring,"Salary: £88,000 - £96,000 per annum | Type: Permanent, full-time, Remote | Badges: Easy Apply",Reed.co.uk,https://www.reed.co.uk/jobs/akkodis-45426/p45426,https://www.reed.co.uk/jobs/ai-sre-consultant/57316717?source=searchResults&q=devops&filter=%2Fjobs%2Fdevops-jobs-in-bangalore-street-sw15%3Fq%3Ddevops%26pageno%3D8%26locationId%3D4572795
Cloud DevOps Engineer,Reed,London,2026-09-10,https://www.reed.co.uk/jobs/cloud-devops-engineer/57328823?source=searchResults&q=devops&filter=%2Fjobs%2Fdevops-jobs-in-bangalore-street-sw15%3Fq%3Ddevops%26pageno%3D9%26locationId%3D4572795,https://www.reed.co.uk/jobs/reed-specialist-recruitment/p40693,Actively Hiring,"Salary: £55,000 per annum | Type: Permanent, full-time, On-site | Badges: Promoted",Reed.co.uk,https://www.reed.co.uk/jobs/reed-specialist-recruitment/p40693,https://www.reed.co.uk/jobs/cloud-devops-engineer/57328823?source=searchResults&q=devops&filter=%2Fjobs%2Fdevops-jobs-in-bangalore-street-sw15%3Fq%3Ddevops%26pageno%3D9%26locationId%3D4572795
DevOps Engineer- London,FDM Group,London,2026-09-03,https://www.reed.co.uk/jobs/devops-engineer-london/57307871?source=searchResults&q=devops&filter=%2Fjobs%2Fdevops-jobs-in-bangalore-street-sw15%3Fq%3Ddevops%26pageno%3D9%26locationId%3D4572795,https://www.reed.co.uk/jobs/fdm-group/p4784,Actively Hiring,"Salary: £80,000 - £90,000 per annum | Type: Contract, full-time, Hybrid | Badges: Promoted",Reed.co.uk,https://www.reed.co.uk/jobs/fdm-group/p4784,https://www.reed.co.uk/jobs/devops-engineer-london/57307871?source=searchResults&q=devops&filter=%2Fjobs%2Fdevops-jobs-in-bangalore-street-sw15%3Fq%3Ddevops%26pageno%3D9%26locationId%3D4572795
Cloud DevOps Engineer,Reed,London,2026-09-10,https://www.reed.co.uk/jobs/cloud-devops-engineer/57328823?source=searchResults&q=devops&filter=%2Fjobs%2Fdevops-jobs-in-bangalore-street-sw15%3Fq%3Ddevops%26pageno%3D10%26locationId%3D4572795,https://www.reed.co.uk/jobs/reed-specialist-recruitment/p40693,Actively Hiring,"Salary: £55,000 per annum | Type: Permanent, full-time, On-site | Badges: Promoted",Reed.co.uk,https://www.reed.co.uk/jobs/reed-specialist-recruitment/p40693,https://www.reed.co.uk/jobs/cloud-devops-engineer/57328823?source=searchResults&q=devops&filter=%2Fjobs%2Fdevops-jobs-in-bangalore-street-sw15%3Fq%3Ddevops%26pageno%3D10%26locationId%3D4572795
DevOps Apprentice,QA,London,2026-09-11,https://www.reed.co.uk/jobs/devops-apprentice/57333836?source=searchResults&q=devops&filter=%2Fjobs%2Fdevops-jobs-in-bangalore-street-sw15%3Fq%3Ddevops%26pageno%3D10%26locationId%3D4572795,https://www.reed.co.uk/jobs/qa-ltd/p31199,Actively Hiring,"Salary: £26,000 per annum | Type: Permanent, full-time or part-time, Hybrid | Badges: Promoted, New",Reed.co.uk,https://www.reed.co.uk/jobs/qa-ltd/p31199,https://www.reed.co.uk/jobs/devops-apprentice/57333836?source=searchResults&q=devops&filter=%2Fjobs%2Fdevops-jobs-in-bangalore-street-sw15%3Fq%3Ddevops%26pageno%3D10%26locationId%3D4572795
Lead DevOps Engineer,eFinancialCareers,London,2026-09-01,https://www.reed.co.uk/jobs/lead-devops-engineer/57292671?source=searchResults&q=devops&filter=%2Fjobs%2Fdevops-jobs-in-bangalore-street-sw15%3Fq%3Ddevops%26pageno%3D10%26locationId%3D4572795,https://www.reed.co.uk/jobs/efinancial-careers/p74850,Actively Hiring,"Salary: Competitive salary | Type: Permanent, full-time, Hybrid",Reed.co.uk,https://www.reed.co.uk/jobs/efinancial-careers/p74850,https://www.reed.co.uk/jobs/lead-devops-engineer/57292671?source=searchResults&q=devops&filter=%2Fjobs%2Fdevops-jobs-in-bangalore-street-sw15%3Fq%3Ddevops%26pageno%3D10%26locationId%3D4572795
Devops/High Performance Trading Systems Engineer- Global Quant Firm,eFinancialCareers,London,2026-09-01,https://www.reed.co.uk/jobs/devops-high-performance-trading-systems-engineer-global-quant-firm/57293010?source=searchResults&q=devops&filter=%2Fjobs%2Fdevops-jobs-in-bangalore-street-sw15%3Fq%3Ddevops%26pageno%3D10%26locationId%3D4572795,https://www.reed.co.uk/jobs/efinancial-careers/p74850,Actively Hiring,"Salary: Competitive salary | Type: Permanent, full-time, On-site",Reed.co.uk,https://www.reed.co.uk/jobs/efinancial-careers/p74850,https://www.reed.co.uk/jobs/devops-high-performance-trading-systems-engineer-global-quant-firm/57293010?source=searchResults&q=devops&filter=%2Fjobs%2Fdevops-jobs-in-bangalore-street-sw15%3Fq%3Ddevops%26pageno%3D10%26locationId%3D4572795
Cloud Engineer,eFinancialCareers,London,2026-09-01,https://www.reed.co.uk/jobs/cloud-engineer/57293428?source=searchResults&q=devops&filter=%2Fjobs%2Fdevops-jobs-in-bangalore-street-sw15%3Fq%3Ddevops%26pageno%3D10%26locationId%3D4572795,https://www.reed.co.uk/jobs/efinancial-careers/p74850,Actively Hiring,"Salary: Competitive salary | Type: Permanent, full-time, Hybrid",Reed.co.uk,https://www.reed.co.uk/jobs/efinancial-careers/p74850,https://www.reed.co.uk/jobs/cloud-engineer/57293428?source=searchResults&q=devops&filter=%2Fjobs%2Fdevops-jobs-in-bangalore-street-sw15%3Fq%3Ddevops%26pageno%3D10%26locationId%3D4572795
Platform Engineer - Canada Life Limited,eFinancialCareers,London,2026-09-11,https://www.reed.co.uk/jobs/platform-engineer-canada-life-limited/57334175?source=searchResults&q=devops&filter=%2Fjobs%2Fdevops-jobs-in-bangalore-street-sw15%3Fq%3Ddevops%26pageno%3D10%26locationId%3D4572795,https://www.reed.co.uk/jobs/efinancial-careers/p74850,Actively Hiring,"Salary: Competitive salary | Type: Permanent, full-time, On-site | Badges: New",Reed.co.uk,https://www.reed.co.uk/jobs/efinancial-careers/p74850,https://www.reed.co.uk/jobs/platform-engineer-canada-life-limited/57334175?source=searchResults&q=devops&filter=%2Fjobs%2Fdevops-jobs-in-bangalore-street-sw15%3Fq%3Ddevops%26pageno%3D10%26locationId%3D4572795
Dev Ops Lead - Virtual Assistant and Automation,Appcast Enterprise,"Sunbury-on-Thames, Middlesex",2026-09-11,https://www.reed.co.uk/jobs/dev-ops-lead-virtual-assistant-and-automation/57338503?source=searchResults&q=devops&filter=%2Fjobs%2Fdevops-jobs-in-bangalore-street-sw15%3Fq%3Ddevops%26pageno%3D10%26locationId%3D4572795,https://www.reed.co.uk/jobs/appcast-enterprise/o674264,Actively Hiring,"Salary: Competitive salary | Type: Permanent, full-time, On-site | Badges: New",Reed.co.uk,https://www.reed.co.uk/jobs/appcast-enterprise/o674264,https://www.reed.co.uk/jobs/dev-ops-lead-virtual-assistant-and-automation/57338503?source=searchResults&q=devops&filter=%2Fjobs%2Fdevops-jobs-in-bangalore-street-sw15%3Fq%3Ddevops%26pageno%3D10%26locationId%3D4572795
Platform Engineer - AWS Cloud Observability,eFinancialCareers,London,2026-09-01,https://www.reed.co.uk/jobs/platform-engineer-aws-cloud-observability/57293859?source=searchResults&q=devops&filter=%2Fjobs%2Fdevops-jobs-in-bangalore-street-sw15%3Fq%3Ddevops%26pageno%3D10%26locationId%3D4572795,https://www.reed.co.uk/jobs/efinancial-careers/p74850,Actively Hiring,"Salary: Competitive salary | Type: Permanent, full-time, Hybrid",Reed.co.uk,https://www.reed.co.uk/jobs/efinancial-careers/p74850,https://www.reed.co.uk/jobs/platform-engineer-aws-cloud-observability/57293859?source=searchResults&q=devops&filter=%2Fjobs%2Fdevops-jobs-in-bangalore-street-sw15%3Fq%3Ddevops%26pageno%3D10%26locationId%3D4572795
Systems: Senior Linux Infrastructure Engineer - Selby Jennings,eFinancialCareers,London,2026-09-01,https://www.reed.co.uk/jobs/systems-senior-linux-infrastructure-engineer-selby-jennings/57293847?source=searchResults&q=devops&filter=%2Fjobs%2Fdevops-jobs-in-bangalore-street-sw15%3Fq%3Ddevops%26pageno%3D10%26locationId%3D4572795,https://www.reed.co.uk/jobs/efinancial-careers/p74850,Actively Hiring,"Salary: Competitive salary | Type: Permanent, full-time, On-site",Reed.co.uk,https://www.reed.co.uk/jobs/efinancial-careers/p74850,https://www.reed.co.uk/jobs/systems-senior-linux-infrastructure-engineer-selby-jennings/57293847?source=searchResults&q=devops&filter=%2Fjobs%2Fdevops-jobs-in-bangalore-street-sw15%3Fq%3Ddevops%26pageno%3D10%26locationId%3D4572795
Senior SRE / Platform Engineer- Global Prime Brokerage & Financing Platform,eFinancialCareers,London,2026-09-05,https://www.reed.co.uk/jobs/senior-sre-platform-engineer-global-prime-brokerage-financing-platform/57293641?source=searchResults&q=devops&filter=%2Fjobs%2Fdevops-jobs-in-bangalore-street-sw15%3Fq%3Ddevops%26pageno%3D10%26locationId%3D4572795,https://www.reed.co.uk/jobs/efinancial-careers/p74850,Actively Hiring,"Salary: Competitive salary | Type: Permanent, full-time, On-site",Reed.co.uk,https://www.reed.co.uk/jobs/efinancial-careers/p74850,https://www.reed.co.uk/jobs/senior-sre-platform-engineer-global-prime-brokerage-financing-platform/57293641?source=searchResults&q=devops&filter=%2Fjobs%2Fdevops-jobs-in-bangalore-street-sw15%3Fq%3Ddevops%26pageno%3D10%26locationId%3D4572795
Platform Engineer - Bruin,eFinancialCareers,London,2026-09-01,https://www.reed.co.uk/jobs/platform-engineer-bruin/57297669?source=searchResults&q=devops&filter=%2Fjobs%2Fdevops-jobs-in-bangalore-street-sw15%3Fq%3Ddevops%26pageno%3D10%26locationId%3D4572795,https://www.reed.co.uk/jobs/efinancial-careers/p74850,Actively Hiring,"Salary: Competitive salary | Type: Permanent, full-time, On-site",Reed.co.uk,https://www.reed.co.uk/jobs/efinancial-careers/p74850,https://www.reed.co.uk/jobs/platform-engineer-bruin/57297669?source=searchResults&q=devops&filter=%2Fjobs%2Fdevops-jobs-in-bangalore-street-sw15%3Fq%3Ddevops%26pageno%3D10%26locationId%3D4572795
DevOps Apprentice,QA,London,2026-09-11,https://www.reed.co.uk/jobs/devops-apprentice/57333836?source=searchResults&q=devops&filter=%2Fjobs%2Fdevops-jobs-in-bangalore-street-sw15%3Fq%3Ddevops%26pageno%3D11%26locationId%3D4572795,https://www.reed.co.uk/jobs/qa-ltd/p31199,Actively Hiring,"Salary: £26,000 per annum | Type: Permanent, full-time or part-time, Hybrid | Badges: Promoted, New",Reed.co.uk,https://www.reed.co.uk/jobs/qa-ltd/p31199,https://www.reed.co.uk/jobs/devops-apprentice/57333836?source=searchResults&q=devops&filter=%2Fjobs%2Fdevops-jobs-in-bangalore-street-sw15%3Fq%3Ddevops%26pageno%3D11%26locationId%3D4572795
DevOps Engineer- London,FDM Group,London,2026-09-03,https://www.reed.co.uk/jobs/devops-engineer-london/57307871?source=searchResults&q=devops&filter=%2Fjobs%2Fdevops-jobs-in-bangalore-street-sw15%3Fq%3Ddevops%26pageno%3D11%26locationId%3D4572795,https://www.reed.co.uk/jobs/fdm-group/p4784,Actively Hiring,"Salary: £80,000 - £90,000 per annum | Type: Contract, full-time, Hybrid | Badges: Promoted",Reed.co.uk,https://www.reed.co.uk/jobs/fdm-group/p4784,https://www.reed.co.uk/jobs/devops-engineer-london/57307871?source=searchResults&q=devops&filter=%2Fjobs%2Fdevops-jobs-in-bangalore-street-sw15%3Fq%3Ddevops%26pageno%3D11%26locationId%3D4572795
C++ Platform Engineer- Global Quant Firm,eFinancialCareers,London,2026-09-02,https://www.reed.co.uk/jobs/c-platform-engineer-global-quant-firm/57301809?source=searchResults&q=devops&filter=%2Fjobs%2Fdevops-jobs-in-bangalore-street-sw15%3Fq%3Ddevops%26pageno%3D11%26locationId%3D4572795,https://www.reed.co.uk/jobs/efinancial-careers/p74850,Actively Hiring,"Salary: Competitive salary | Type: Permanent, full-time, On-site",Reed.co.uk,https://www.reed.co.uk/jobs/efinancial-careers/p74850,https://www.reed.co.uk/jobs/c-platform-engineer-global-quant-firm/57301809?source=searchResults&q=devops&filter=%2Fjobs%2Fdevops-jobs-in-bangalore-street-sw15%3Fq%3Ddevops%26pageno%3D11%26locationId%3D4572795
Head of Data Platform Engineering,eFinancialCareers,London,2026-09-01,https://www.reed.co.uk/jobs/head-of-data-platform-engineering/57293056?source=searchResults&q=devops&filter=%2Fjobs%2Fdevops-jobs-in-bangalore-street-sw15%3Fq%3Ddevops%26pageno%3D11%26locationId%3D4572795,https://www.reed.co.uk/jobs/efinancial-careers/p74850,Actively Hiring,"Salary: Competitive salary | Type: Permanent, full-time, Hybrid",Reed.co.uk,https://www.reed.co.uk/jobs/efinancial-careers/p74850,https://www.reed.co.uk/jobs/head-of-data-platform-engineering/57293056?source=searchResults&q=devops&filter=%2Fjobs%2Fdevops-jobs-in-bangalore-street-sw15%3Fq%3Ddevops%26pageno%3D11%26locationId%3D4572795
Site Reliability Engineer - Selby Jennings,eFinancialCareers,London,2026-09-01,https://www.reed.co.uk/jobs/site-reliability-engineer-selby-jennings/57293251?source=searchResults&q=devops&filter=%2Fjobs%2Fdevops-jobs-in-bangalore-street-sw15%3Fq%3Ddevops%26pageno%3D11%26locationId%3D4572795,https://www.reed.co.uk/jobs/efinancial-careers/p74850,Actively Hiring,"Salary: Competitive salary | Type: Permanent, full-time, On-site",Reed.co.uk,https://www.reed.co.uk/jobs/efinancial-careers/p74850,https://www.reed.co.uk/jobs/site-reliability-engineer-selby-jennings/57293251?source=searchResults&q=devops&filter=%2Fjobs%2Fdevops-jobs-in-bangalore-street-sw15%3Fq%3Ddevops%26pageno%3D11%26locationId%3D4572795
Senior Site Reliability Engineer - Selby Jennings,eFinancialCareers,London,2026-09-04,https://www.reed.co.uk/jobs/senior-site-reliability-engineer-selby-jennings/57312450?source=searchResults&q=devops&filter=%2Fjobs%2Fdevops-jobs-in-bangalore-street-sw15%3Fq%3Ddevops%26pageno%3D11%26locationId%3D4572795,https://www.reed.co.uk/jobs/efinancial-careers/p74850,Actively Hiring,"Salary: Competitive salary | Type: Permanent, full-time, On-site",Reed.co.uk,https://www.reed.co.uk/jobs/efinancial-careers/p74850,https://www.reed.co.uk/jobs/senior-site-reliability-engineer-selby-jennings/57312450?source=searchResults&q=devops&filter=%2Fjobs%2Fdevops-jobs-in-bangalore-street-sw15%3Fq%3Ddevops%26pageno%3D11%26locationId%3D4572795
DevOps Apprentice,QA,London,2026-09-11,https://www.reed.co.uk/jobs/devops-apprentice/57333836?source=searchResults&q=devops&filter=%2Fjobs%2Fdevops-jobs-in-bangalore-street-sw15%3Fq%3Ddevops%26pageno%3D12%26locationId%3D4572795,https://www.reed.co.uk/jobs/qa-ltd/p31199,Actively Hiring,"Salary: £26,000 per annum | Type: Permanent, full-time or part-time, Hybrid | Badges: Promoted, New",Reed.co.uk,https://www.reed.co.uk/jobs/qa-ltd/p31199,https://www.reed.co.uk/jobs/devops-apprentice/57333836?source=searchResults&q=devops&filter=%2Fjobs%2Fdevops-jobs-in-bangalore-street-sw15%3Fq%3Ddevops%26pageno%3D12%26locationId%3D4572795
DevOps Engineer- London,FDM Group,London,2026-09-03,https://www.reed.co.uk/jobs/devops-engineer-london/57307871?source=searchResults&q=devops&filter=%2Fjobs%2Fdevops-jobs-in-bangalore-street-sw15%3Fq%3Ddevops%26pageno%3D12%26locationId%3D4572795,https://www.reed.co.uk/jobs/fdm-group/p4784,Actively Hiring,"Salary: £80,000 - £90,000 per annum | Type: Contract, full-time, Hybrid | Badges: Promoted",Reed.co.uk,https://www.reed.co.uk/jobs/fdm-group/p4784,https://www.reed.co.uk/jobs/devops-engineer-london/57307871?source=searchResults&q=devops&filter=%2Fjobs%2Fdevops-jobs-in-bangalore-street-sw15%3Fq%3Ddevops%26pageno%3D12%26locationId%3D4572795
Digital Assets Platform Engineering Team Lead - SVP - Citi,eFinancialCareers,London,2026-09-01,https://www.reed.co.uk/jobs/digital-assets-platform-engineering-team-lead-svp-citi/57292947?source=searchResults&q=devops&filter=%2Fjobs%2Fdevops-jobs-in-bangalore-street-sw15%3Fq%3Ddevops%26pageno%3D12%26locationId%3D4572795,https://www.reed.co.uk/jobs/efinancial-careers/p74850,Actively Hiring,"Salary: Competitive salary | Type: Permanent, full-time, On-site",Reed.co.uk,https://www.reed.co.uk/jobs/efinancial-careers/p74850,https://www.reed.co.uk/jobs/digital-assets-platform-engineering-team-lead-svp-citi/57292947?source=searchResults&q=devops&filter=%2Fjobs%2Fdevops-jobs-in-bangalore-street-sw15%3Fq%3Ddevops%26pageno%3D12%26locationId%3D4572795
Sales Development Representative,YuJa Inc.,London,2026-09-03,https://www.reed.co.uk/jobs/sales-development-representative/57308162?source=searchResults&q=sales%20development%20representative&filter=%2Fjobs%2Fsales-development-representative-jobs-in-bangalore-street-sw15%3Fq%3Dsales%2Bdevelopment%2Brepresentative%26locationId%3D4572795,https://www.reed.co.uk/jobs/yuja-inc/p113807,Actively Hiring,"Salary: £55,000 - £60,000 per annum, OTE | Type: Permanent, full-time, On-site | Badges: Promoted",Reed.co.uk,https://www.reed.co.uk/jobs/yuja-inc/p113807,https://www.reed.co.uk/jobs/sales-development-representative/57308162?source=searchResults&q=sales%20development%20representative&filter=%2Fjobs%2Fsales-development-representative-jobs-in-bangalore-street-sw15%3Fq%3Dsales%2Bdevelopment%2Brepresentative%26locationId%3D4572795
Sales Development Representative,Handle Recruitment,"South West London, London",2026-09-12,https://www.reed.co.uk/jobs/sales-development-representative/57342235?source=searchResults&q=sales%20development%20representative&filter=%2Fjobs%2Fsales-development-representative-jobs-in-bangalore-street-sw15%3Fq%3Dsales%2Bdevelopment%2Brepresentative%26locationId%3D4572795,https://www.reed.co.uk/jobs/handle-recruitment-22660/p22660,Actively Hiring,"Salary: £28,000 - £29,000 per annum | Type: Permanent, full-time | Badges: Featured, New, Easy Apply",Reed.co.uk,https://www.reed.co.uk/jobs/handle-recruitment-22660/p22660,https://www.reed.co.uk/jobs/sales-development-representative/57342235?source=searchResults&q=sales%20development%20representative&filter=%2Fjobs%2Fsales-development-representative-jobs-in-bangalore-street-sw15%3Fq%3Dsales%2Bdevelopment%2Brepresentative%26locationId%3D4572795
Sales Development Representative,H2 International Ltd T/A GTM People,London,2026-09-07,https://www.reed.co.uk/jobs/sales-development-representative/57327656?source=searchResults&q=sales%20development%20representative&filter=%2Fjobs%2Fsales-development-representative-jobs-in-bangalore-street-sw15%3Fq%3Dsales%2Bdevelopment%2Brepresentative%26locationId%3D4572795,https://www.reed.co.uk/jobs/h2-international-ltd-t-a-gtm-people/o702287,Actively Hiring,"Salary: £40,000 - £50,000 per annum | Type: Permanent, full-time, On-site | Badges: Easy Apply",Reed.co.uk,https://www.reed.co.uk/jobs/h2-international-ltd-t-a-gtm-people/o702287,https://www.reed.co.uk/jobs/sales-development-representative/57327656?source=searchResults&q=sales%20development%20representative&filter=%2Fjobs%2Fsales-development-representative-jobs-in-bangalore-street-sw15%3Fq%3Dsales%2Bdevelopment%2Brepresentative%26locationId%3D4572795
Sales Development Representative,Nextech,London,2026-09-02,https://www.reed.co.uk/jobs/sales-development-representative/57300867?source=searchResults&q=sales%20development%20representative&filter=%2Fjobs%2Fsales-development-representative-jobs-in-bangalore-street-sw15%3Fq%3Dsales%2Bdevelopment%2Brepresentative%26locationId%3D4572795,https://www.reed.co.uk/jobs/nextech/p102410,Actively Hiring,"Salary: £40,000 - £50,000 per annum | Type: Permanent, full-time, On-site | Badges: Featured, Easy Apply",Reed.co.uk,https://www.reed.co.uk/jobs/nextech/p102410,https://www.reed.co.uk/jobs/sales-development-representative/57300867?source=searchResults&q=sales%20development%20representative&filter=%2Fjobs%2Fsales-development-representative-jobs-in-bangalore-street-sw15%3Fq%3Dsales%2Bdevelopment%2Brepresentative%26locationId%3D4572795
Sales Development Representative,ITA,London,2026-09-01,https://www.reed.co.uk/jobs/sales-development-representative/57298995?source=searchResults&q=sales%20development%20representative&filter=%2Fjobs%2Fsales-development-representative-jobs-in-bangalore-street-sw15%3Fq%3Dsales%2Bdevelopment%2Brepresentative%26locationId%3D4572795,https://www.reed.co.uk/jobs/ita-96998/p96998,Actively Hiring,"Salary: £39,000 - £40,000 per annum | Type: Permanent, full-time, On-site | Badges: Easy Apply",Reed.co.uk,https://www.reed.co.uk/jobs/ita-96998/p96998,https://www.reed.co.uk/jobs/sales-development-representative/57298995?source=searchResults&q=sales%20development%20representative&filter=%2Fjobs%2Fsales-development-representative-jobs-in-bangalore-street-sw15%3Fq%3Dsales%2Bdevelopment%2Brepresentative%26locationId%3D4572795
Sales Development Representative,CN Sales Recruitment,London,2026-09-12,https://www.reed.co.uk/jobs/sales-development-representative/57315649?source=searchResults&q=sales%20development%20representative&filter=%2Fjobs%2Fsales-development-representative-jobs-in-bangalore-street-sw15%3Fq%3Dsales%2Bdevelopment%2Brepresentative%26locationId%3D4572795,https://www.reed.co.uk/jobs/cn-sales-recruitment-92006/p92006,Actively Hiring,"Salary: £40,000 - £42,000 per annum | Type: Permanent, full-time, Hybrid | Badges: Easy Apply",Reed.co.uk,https://www.reed.co.uk/jobs/cn-sales-recruitment-92006/p92006,https://www.reed.co.uk/jobs/sales-development-representative/57315649?source=searchResults&q=sales%20development%20representative&filter=%2Fjobs%2Fsales-development-representative-jobs-in-bangalore-street-sw15%3Fq%3Dsales%2Bdevelopment%2Brepresentative%26locationId%3D4572795
Sales Development Representative (SDR),Sphere Digital Recruitment,London,2026-08-19,https://www.reed.co.uk/jobs/sales-development-representative-sdr/57102474?source=searchResults&q=sales%20development%20representative&filter=%2Fjobs%2Fsales-development-representative-jobs-in-bangalore-street-sw15%3Fq%3Dsales%2Bdevelopment%2Brepresentative%26locationId%3D4572795,https://www.reed.co.uk/jobs/sphere-digital-recruitment-limited/p14161,Actively Hiring,"Salary: £35,000 - £40,000 per annum | Type: Permanent, full-time, Hybrid | Badges: Easy Apply",Reed.co.uk,https://www.reed.co.uk/jobs/sphere-digital-recruitment-limited/p14161,https://www.reed.co.uk/jobs/sales-development-representative-sdr/57102474?source=searchResults&q=sales%20development%20representative&filter=%2Fjobs%2Fsales-development-representative-jobs-in-bangalore-street-sw15%3Fq%3Dsales%2Bdevelopment%2Brepresentative%26locationId%3D4572795
Sales Development Representative - Fintech,Celsius Graduate Recruitment Limited,"East London, London",2026-08-17,https://www.reed.co.uk/jobs/sales-development-representative-fintech/57245386?source=searchResults&q=sales%20development%20representative&filter=%2Fjobs%2Fsales-development-representative-jobs-in-bangalore-street-sw15%3Fq%3Dsales%2Bdevelopment%2Brepresentative%26locationId%3D4572795,https://www.reed.co.uk/jobs/celsius-graduate-recruitment-limited/p14157,Actively Hiring,"Salary: £28,000 - £50,000 per annum, OTE | Type: Permanent, full-time, On-site | Badges: Easy Apply",Reed.co.uk,https://www.reed.co.uk/jobs/celsius-graduate-recruitment-limited/p14157,https://www.reed.co.uk/jobs/sales-development-representative-fintech/57245386?source=searchResults&q=sales%20development%20representative&filter=%2Fjobs%2Fsales-development-representative-jobs-in-bangalore-street-sw15%3Fq%3Dsales%2Bdevelopment%2Brepresentative%26locationId%3D4572795
Graduate Sales Development Representative,Celsius Graduate Recruitment Limited,London,2026-08-17,https://www.reed.co.uk/jobs/graduate-sales-development-representative/57245394?source=searchResults&q=sales%20development%20representative&filter=%2Fjobs%2Fsales-development-representative-jobs-in-bangalore-street-sw15%3Fq%3Dsales%2Bdevelopment%2Brepresentative%26locationId%3D4572795,https://www.reed.co.uk/jobs/celsius-graduate-recruitment-limited/p14157,Actively Hiring,"Salary: £35,000 - £40,000 per annum | Type: Permanent, full-time, On-site",Reed.co.uk,https://www.reed.co.uk/jobs/celsius-graduate-recruitment-limited/p14157,https://www.reed.co.uk/jobs/graduate-sales-development-representative/57245394?source=searchResults&q=sales%20development%20representative&filter=%2Fjobs%2Fsales-development-representative-jobs-in-bangalore-street-sw15%3Fq%3Dsales%2Bdevelopment%2Brepresentative%26locationId%3D4572795
Sales Development Representative,Office Angels,"Sutton, Surrey",2026-08-27,https://www.reed.co.uk/jobs/sales-development-representative/57282880?source=searchResults&q=sales%20development%20representative&filter=%2Fjobs%2Fsales-development-representative-jobs-in-bangalore-street-sw15%3Fq%3Dsales%2Bdevelopment%2Brepresentative%26locationId%3D4572795,https://www.reed.co.uk/jobs/office-angels-45417/p45417,Actively Hiring,"Salary: Salary negotiable | Type: Permanent, full-time, On-site | Badges: Easy Apply",Reed.co.uk,https://www.reed.co.uk/jobs/office-angels-45417/p45417,https://www.reed.co.uk/jobs/sales-development-representative/57282880?source=searchResults&q=sales%20development%20representative&filter=%2Fjobs%2Fsales-development-representative-jobs-in-bangalore-street-sw15%3Fq%3Dsales%2Bdevelopment%2Brepresentative%26locationId%3D4572795
Sales Development Representative - Construction,Aaron Wallis Sales Recruitment,London,2026-09-01,https://www.reed.co.uk/jobs/sales-development-representative-construction/57296043?source=searchResults&q=sales%20development%20representative&filter=%2Fjobs%2Fsales-development-representative-jobs-in-bangalore-street-sw15%3Fq%3Dsales%2Bdevelopment%2Brepresentative%26locationId%3D4572795,https://www.reed.co.uk/jobs/aaron-wallis-recruitment-and-training-ltd/p7473,Actively Hiring,"Salary: £30,000 - £35,000 per annum, inc benefits | Type: Permanent, full-time, On-site | Badges: Featured, Easy Apply",Reed.co.uk,https://www.reed.co.uk/jobs/aaron-wallis-recruitment-and-training-ltd/p7473,https://www.reed.co.uk/jobs/sales-development-representative-construction/57296043?source=searchResults&q=sales%20development%20representative&filter=%2Fjobs%2Fsales-development-representative-jobs-in-bangalore-street-sw15%3Fq%3Dsales%2Bdevelopment%2Brepresentative%26locationId%3D4572795
Sales Development Representative - Construction,Aaron Wallis Sales Recruitment,London,2026-09-08,https://www.reed.co.uk/jobs/sales-development-representative-construction/57322977?source=searchResults&q=sales%20development%20representative&filter=%2Fjobs%2Fsales-development-representative-jobs-in-bangalore-street-sw15%3Fq%3Dsales%2Bdevelopment%2Brepresentative%26locationId%3D4572795,https://www.reed.co.uk/jobs/aaron-wallis-recruitment-and-training-ltd/p7473,Actively Hiring,"Salary: £30,000 - £35,000 per annum, inc benefits | Type: Permanent, full-time, On-site | Badges: Featured, Easy Apply",Reed.co.uk,https://www.reed.co.uk/jobs/aaron-wallis-recruitment-and-training-ltd/p7473,https://www.reed.co.uk/jobs/sales-development-representative-construction/57322977?source=searchResults&q=sales%20development%20representative&filter=%2Fjobs%2Fsales-development-representative-jobs-in-bangalore-street-sw15%3Fq%3Dsales%2Bdevelopment%2Brepresentative%26locationId%3D4572795
Sales Development Representative (SDR) - Spanish Speaking,Euro London,London,2026-08-14,https://www.reed.co.uk/jobs/sales-development-representative-sdr-spanish-speaking/57234248?source=searchResults&q=sales%20development%20representative&filter=%2Fjobs%2Fsales-development-representative-jobs-in-bangalore-street-sw15%3Fq%3Dsales%2Bdevelopment%2Brepresentative%26locationId%3D4572795,https://www.reed.co.uk/jobs/euro-london-appointments/p2982,Actively Hiring,"Salary: £45,000 - £50,000 per annum | Type: Permanent, full-time, Remote | Badges: Featured, Easy Apply",Reed.co.uk,https://www.reed.co.uk/jobs/euro-london-appointments/p2982,https://www.reed.co.uk/jobs/sales-development-representative-sdr-spanish-speaking/57234248?source=searchResults&q=sales%20development%20representative&filter=%2Fjobs%2Fsales-development-representative-jobs-in-bangalore-street-sw15%3Fq%3Dsales%2Bdevelopment%2Brepresentative%26locationId%3D4572795
Sales Development Representative - German Speaker,Pareto,London,2026-08-04,https://www.reed.co.uk/jobs/sales-development-representative-german-speaker/57196692?source=searchResults&q=sales%20development%20representative&filter=%2Fjobs%2Fsales-development-representative-jobs-in-bangalore-street-sw15%3Fq%3Dsales%2Bdevelopment%2Brepresentative%26locationId%3D4572795,https://www.reed.co.uk/jobs/pareto-law-plc/p8256,Actively Hiring,"Salary: £35,000 per annum | Type: Permanent, full-time, Hybrid | Badges: Ending soon, Easy Apply",Reed.co.uk,https://www.reed.co.uk/jobs/pareto-law-plc/p8256,https://www.reed.co.uk/jobs/sales-development-representative-german-speaker/57196692?source=searchResults&q=sales%20development%20representative&filter=%2Fjobs%2Fsales-development-representative-jobs-in-bangalore-street-sw15%3Fq%3Dsales%2Bdevelopment%2Brepresentative%26locationId%3D4572795
SDR - Sales Development Representative - Ai - Fintech -HYBRID - Banking / Cannon Street,Hawke Search,London,2026-08-08,https://www.reed.co.uk/jobs/sdr-sales-development-representative-ai-fintech-hybrid-banking-cannon-street/57213141?source=searchResults&q=sales%20development%20representative&filter=%2Fjobs%2Fsales-development-representative-jobs-in-bangalore-street-sw15%3Fq%3Dsales%2Bdevelopment%2Brepresentative%26locationId%3D4572795,https://www.reed.co.uk/jobs/tribus-consulting-ltd-64103/p64103,Actively Hiring,"Salary: £40,000 - £45,000 per annum | Type: Permanent, full-time, On-site | Badges: Featured, Easy Apply",Reed.co.uk,https://www.reed.co.uk/jobs/tribus-consulting-ltd-64103/p64103,https://www.reed.co.uk/jobs/sdr-sales-development-representative-ai-fintech-hybrid-banking-cannon-street/57213141?source=searchResults&q=sales%20development%20representative&filter=%2Fjobs%2Fsales-development-representative-jobs-in-bangalore-street-sw15%3Fq%3Dsales%2Bdevelopment%2Brepresentative%26locationId%3D4572795
Field Sales Representative (Red Bull QSR) - East London,Acosta Europe,London,2026-09-04,https://www.reed.co.uk/jobs/field-sales-representative-red-bull-qsr-east-london/57309658?source=searchResults&q=sales%20development%20representative&filter=%2Fjobs%2Fsales-development-representative-jobs-in-bangalore-street-sw15%3Fq%3Dsales%2Bdevelopment%2Brepresentative%26locationId%3D4572795,https://www.reed.co.uk/jobs/acosta-uk-108378/p108378,Actively Hiring,"Salary: £28,796 per annum | Type: Permanent, full-time, On-site | Badges: Featured, EarlyBirdEarly bird",Reed.co.uk,https://www.reed.co.uk/jobs/acosta-uk-108378/p108378,https://www.reed.co.uk/jobs/field-sales-representative-red-bull-qsr-east-london/57309658?source=searchResults&q=sales%20development%20representative&filter=%2Fjobs%2Fsales-development-representative-jobs-in-bangalore-street-sw15%3Fq%3Dsales%2Bdevelopment%2Brepresentative%26locationId%3D4572795
Territory Representative,Howdens Joinery,"Battersea, London",2026-09-07,https://www.reed.co.uk/jobs/territory-representative/57327766?source=searchResults&q=sales%20development%20representative&filter=%2Fjobs%2Fsales-development-representative-jobs-in-bangalore-street-sw15%3Fq%3Dsales%2Bdevelopment%2Brepresentative%26locationId%3D4572795,https://www.reed.co.uk/jobs/howdens-joinery-31154/p31154,Actively Hiring,"Salary: Competitive salary | Type: Permanent, full-time, On-site | Badges: Featured, EarlyBirdEarly bird",Reed.co.uk,https://www.reed.co.uk/jobs/howdens-joinery-31154/p31154,https://www.reed.co.uk/jobs/territory-representative/57327766?source=searchResults&q=sales%20development%20representative&filter=%2Fjobs%2Fsales-development-representative-jobs-in-bangalore-street-sw15%3Fq%3Dsales%2Bdevelopment%2Brepresentative%26locationId%3D4572795
Territory Representative,Howdens Joinery,London,2026-09-08,https://www.reed.co.uk/jobs/territory-representative/57278128?source=searchResults&q=sales%20development%20representative&filter=%2Fjobs%2Fsales-development-representative-jobs-in-bangalore-street-sw15%3Fq%3Dsales%2Bdevelopment%2Brepresentative%26locationId%3D4572795,https://www.reed.co.uk/jobs/howdens-joinery-31154/p31154,Actively Hiring,"Salary: Competitive salary | Type: Permanent, full-time, On-site | Badges: Featured, EarlyBirdEarly bird",Reed.co.uk,https://www.reed.co.uk/jobs/howdens-joinery-31154/p31154,https://www.reed.co.uk/jobs/territory-representative/57278128?source=searchResults&q=sales%20development%20representative&filter=%2Fjobs%2Fsales-development-representative-jobs-in-bangalore-street-sw15%3Fq%3Dsales%2Bdevelopment%2Brepresentative%26locationId%3D4572795
Buainess Development Representative,ABR Associates Ltd,London,2026-08-18,https://www.reed.co.uk/jobs/buainess-development-representative/56616535?source=searchResults&q=sales%20development%20representative&filter=%2Fjobs%2Fsales-development-representative-jobs-in-bangalore-street-sw15%3Fq%3Dsales%2Bdevelopment%2Brepresentative%26locationId%3D4572795,https://www.reed.co.uk/jobs/abr-associates-ltd/p10635,Actively Hiring,"Salary: £35,000 - £45,000 per annum | Type: Permanent, full-time, Hybrid | Badges: Featured",Reed.co.uk,https://www.reed.co.uk/jobs/abr-associates-ltd/p10635,https://www.reed.co.uk/jobs/buainess-development-representative/56616535?source=searchResults&q=sales%20development%20representative&filter=%2Fjobs%2Fsales-development-representative-jobs-in-bangalore-street-sw15%3Fq%3Dsales%2Bdevelopment%2Brepresentative%26locationId%3D4572795
Sales Development Rep,Pareto,London,2026-09-02,https://www.reed.co.uk/jobs/sales-development-rep/57303616?source=searchResults&q=sales%20development%20representative&filter=%2Fjobs%2Fsales-development-representative-jobs-in-bangalore-street-sw15%3Fq%3Dsales%2Bdevelopment%2Brepresentative%26locationId%3D4572795,https://www.reed.co.uk/jobs/pareto-law-plc/p8256,Actively Hiring,"Salary: £21,000 - £30,000 per annum | Type: Permanent, full-time, Hybrid | Badges: Easy Apply",Reed.co.uk,https://www.reed.co.uk/jobs/pareto-law-plc/p8256,https://www.reed.co.uk/jobs/sales-development-rep/57303616?source=searchResults&q=sales%20development%20representative&filter=%2Fjobs%2Fsales-development-representative-jobs-in-bangalore-street-sw15%3Fq%3Dsales%2Bdevelopment%2Brepresentative%26locationId%3D4572795
Sales Development Rep,Pareto,London,2026-09-09,https://www.reed.co.uk/jobs/sales-development-rep/57333837?source=searchResults&q=sales%20development%20representative&filter=%2Fjobs%2Fsales-development-representative-jobs-in-bangalore-street-sw15%3Fq%3Dsales%2Bdevelopment%2Brepresentative%26locationId%3D4572795,https://www.reed.co.uk/jobs/pareto-law-plc/p8256,Actively Hiring,"Salary: £32,092 per annum | Type: Permanent, full-time, Hybrid | Badges: Easy Apply",Reed.co.uk,https://www.reed.co.uk/jobs/pareto-law-plc/p8256,https://www.reed.co.uk/jobs/sales-development-rep/57333837?source=searchResults&q=sales%20development%20representative&filter=%2Fjobs%2Fsales-development-representative-jobs-in-bangalore-street-sw15%3Fq%3Dsales%2Bdevelopment%2Brepresentative%26locationId%3D4572795
Sales Development Rep,Pareto,London,2026-09-03,https://www.reed.co.uk/jobs/sales-development-rep/57306860?source=searchResults&q=sales%20development%20representative&filter=%2Fjobs%2Fsales-development-representative-jobs-in-bangalore-street-sw15%3Fq%3Dsales%2Bdevelopment%2Brepresentative%26locationId%3D4572795,https://www.reed.co.uk/jobs/pareto-law-plc/p8256,Actively Hiring,"Salary: £30,000 per annum | Type: Permanent, full-time, Hybrid | Badges: Easy Apply",Reed.co.uk,https://www.reed.co.uk/jobs/pareto-law-plc/p8256,https://www.reed.co.uk/jobs/sales-development-rep/57306860?source=searchResults&q=sales%20development%20representative&filter=%2Fjobs%2Fsales-development-representative-jobs-in-bangalore-street-sw15%3Fq%3Dsales%2Bdevelopment%2Brepresentative%26locationId%3D4572795
Sales Development Rep,Pareto,London,2026-09-05,https://www.reed.co.uk/jobs/sales-development-rep/57316908?source=searchResults&q=sales%20development%20representative&filter=%2Fjobs%2Fsales-development-representative-jobs-in-bangalore-street-sw15%3Fq%3Dsales%2Bdevelopment%2Brepresentative%26locationId%3D4572795,https://www.reed.co.uk/jobs/pareto-law-plc/p8256,Actively Hiring,"Salary: £30,000 per annum | Type: Permanent, full-time, Hybrid | Badges: Easy Apply",Reed.co.uk,https://www.reed.co.uk/jobs/pareto-law-plc/p8256,https://www.reed.co.uk/jobs/sales-development-rep/57316908?source=searchResults&q=sales%20development%20representative&filter=%2Fjobs%2Fsales-development-representative-jobs-in-bangalore-street-sw15%3Fq%3Dsales%2Bdevelopment%2Brepresentative%26locationId%3D4572795
Field Sales Representative — South West London & Surrey,FLATPAY APS,"Kingston Upon Thames, Surrey",2026-08-21,https://www.reed.co.uk/jobs/field-sales-representative--south-west-london-surrey/57263239?source=searchResults&q=sales%20development%20representative&filter=%2Fjobs%2Fsales-development-representative-jobs-in-bangalore-street-sw15%3Fq%3Dsales%2Bdevelopment%2Brepresentative%26locationId%3D4572795,https://www.reed.co.uk/jobs/flatpay-aps-112546/p112546,Actively Hiring,"Salary: Competitive salary | Type: Permanent, full-time, Remote | Badges: Featured",Reed.co.uk,https://www.reed.co.uk/jobs/flatpay-aps-112546/p112546,https://www.reed.co.uk/jobs/field-sales-representative--south-west-london-surrey/57263239?source=searchResults&q=sales%20development%20representative&filter=%2Fjobs%2Fsales-development-representative-jobs-in-bangalore-street-sw15%3Fq%3Dsales%2Bdevelopment%2Brepresentative%26locationId%3D4572795
Sales Executive,Williams International Real Estate,United Kingdom,2026-08-27,https://www.reed.co.uk/jobs/sales-executive/57282144?source=searchResults&q=sales%20development%20representative&filter=%2Fjobs%2Fsales-development-representative-jobs-in-bangalore-street-sw15%3Fq%3Dsales%2Bdevelopment%2Brepresentative%26locationId%3D4572795,https://www.reed.co.uk/jobs/williams-international-real-estate-99381/p99381,Actively Hiring,"Salary: £50,000 - £250,000 per annum, OTE | Type: Permanent, full-time, Hybrid | Badges: Featured",Reed.co.uk,https://www.reed.co.uk/jobs/williams-international-real-estate-99381/p99381,https://www.reed.co.uk/jobs/sales-executive/57282144?source=searchResults&q=sales%20development%20representative&filter=%2Fjobs%2Fsales-development-representative-jobs-in-bangalore-street-sw15%3Fq%3Dsales%2Bdevelopment%2Brepresentative%26locationId%3D4572795
Sales Development Representative,YuJa Inc.,London,2026-09-03,https://www.reed.co.uk/jobs/sales-development-representative/57308162?source=searchResults&q=sales%20development%20representative&filter=%2Fjobs%2Fsales-development-representative-jobs-in-bangalore-street-sw15%3Fq%3Dsales%2Bdevelopment%2Brepresentative%26pageno%3D2%26locationId%3D4572795,https://www.reed.co.uk/jobs/yuja-inc/p113807,Actively Hiring,"Salary: £55,000 - £60,000 per annum, OTE | Type: Permanent, full-time, On-site | Badges: Promoted",Reed.co.uk,https://www.reed.co.uk/jobs/yuja-inc/p113807,https://www.reed.co.uk/jobs/sales-development-representative/57308162?source=searchResults&q=sales%20development%20representative&filter=%2Fjobs%2Fsales-development-representative-jobs-in-bangalore-street-sw15%3Fq%3Dsales%2Bdevelopment%2Brepresentative%26pageno%3D2%26locationId%3D4572795
Sales Executive,Dacha Real Estate,United Kingdom,2026-08-10,https://www.reed.co.uk/jobs/sales-executive/57215155?source=searchResults&q=sales%20development%20representative&filter=%2Fjobs%2Fsales-development-representative-jobs-in-bangalore-street-sw15%3Fq%3Dsales%2Bdevelopment%2Brepresentative%26pageno%3D2%26locationId%3D4572795,https://www.reed.co.uk/jobs/dacha-real-estate-0/p62344,Actively Hiring,"Salary: Commission only | Type: Permanent, full-time, On-site | Badges: Featured",Reed.co.uk,https://www.reed.co.uk/jobs/dacha-real-estate-0/p62344,https://www.reed.co.uk/jobs/sales-executive/57215155?source=searchResults&q=sales%20development%20representative&filter=%2Fjobs%2Fsales-development-representative-jobs-in-bangalore-street-sw15%3Fq%3Dsales%2Bdevelopment%2Brepresentative%26pageno%3D2%26locationId%3D4572795
Commission-Based Sales Agent / Independent Sales Representative,MSS Watch Company,London,2026-09-01,https://www.reed.co.uk/jobs/commission-based-sales-agent-independent-sales-representative/57298608?source=searchResults&q=sales%20development%20representative&filter=%2Fjobs%2Fsales-development-representative-jobs-in-bangalore-street-sw15%3Fq%3Dsales%2Bdevelopment%2Brepresentative%26pageno%3D2%26locationId%3D4572795,https://www.reed.co.uk/jobs/mss-watch-company/p113780,Actively Hiring,"Salary: Commission only | Type: Contract, full-time or part-time, Remote | Badges: Featured, Easy Apply",Reed.co.uk,https://www.reed.co.uk/jobs/mss-watch-company/p113780,https://www.reed.co.uk/jobs/commission-based-sales-agent-independent-sales-representative/57298608?source=searchResults&q=sales%20development%20representative&filter=%2Fjobs%2Fsales-development-representative-jobs-in-bangalore-street-sw15%3Fq%3Dsales%2Bdevelopment%2Brepresentative%26pageno%3D2%26locationId%3D4572795
Sales Development Associate,Marble Partners,London,2026-09-07,https://www.reed.co.uk/jobs/sales-development-associate/57327897?source=searchResults&q=sales%20development%20representative&filter=%2Fjobs%2Fsales-development-representative-jobs-in-bangalore-street-sw15%3Fq%3Dsales%2Bdevelopment%2Brepresentative%26pageno%3D2%26locationId%3D4572795,https://www.reed.co.uk/jobs/marble-partners/o699411,Actively Hiring,"Salary: £31,000 - £45,000 per annum | Type: Permanent, full-time, On-site",Reed.co.uk,https://www.reed.co.uk/jobs/marble-partners/o699411,https://www.reed.co.uk/jobs/sales-development-associate/57327897?source=searchResults&q=sales%20development%20representative&filter=%2Fjobs%2Fsales-development-representative-jobs-in-bangalore-street-sw15%3Fq%3Dsales%2Bdevelopment%2Brepresentative%26pageno%3D2%26locationId%3D4572795
Field Sales Executives (D2D),Ad Warrior,London,2026-08-17,https://www.reed.co.uk/jobs/field-sales-executives-d2d/57244502?source=searchResults&q=sales%20development%20representative&filter=%2Fjobs%2Fsales-development-representative-jobs-in-bangalore-street-sw15%3Fq%3Dsales%2Bdevelopment%2Brepresentative%26pageno%3D2%26locationId%3D4572795,https://www.reed.co.uk/jobs/ad-warrior-78275/p78275,Actively Hiring,"Salary: Competitive salary | Type: Permanent, full-time, On-site",Reed.co.uk,https://www.reed.co.uk/jobs/ad-warrior-78275/p78275,https://www.reed.co.uk/jobs/field-sales-executives-d2d/57244502?source=searchResults&q=sales%20development%20representative&filter=%2Fjobs%2Fsales-development-representative-jobs-in-bangalore-street-sw15%3Fq%3Dsales%2Bdevelopment%2Brepresentative%26pageno%3D2%26locationId%3D4572795
Business Development Executive,Reed,London,2026-09-08,https://www.reed.co.uk/jobs/business-development-executive/57320601?source=searchResults&q=sales%20development%20representative&filter=%2Fjobs%2Fsales-development-representative-jobs-in-bangalore-street-sw15%3Fq%3Dsales%2Bdevelopment%2Brepresentative%26pageno%3D2%26locationId%3D4572795,https://www.reed.co.uk/jobs/reed-specialist-recruitment/p40693,Actively Hiring,"Salary: £45,000 per annum | Type: Permanent, full-time, On-site | Badges: Featured",Reed.co.uk,https://www.reed.co.uk/jobs/reed-specialist-recruitment/p40693,https://www.reed.co.uk/jobs/business-development-executive/57320601?source=searchResults&q=sales%20development%20representative&filter=%2Fjobs%2Fsales-development-representative-jobs-in-bangalore-street-sw15%3Fq%3Dsales%2Bdevelopment%2Brepresentative%26pageno%3D2%26locationId%3D4572795
Business Development Executive,Jobheron,"Shoreditch, London, London",2026-08-11,https://www.reed.co.uk/jobs/business-development-executive/57223220?source=searchResults&q=sales%20development%20representative&filter=%2Fjobs%2Fsales-development-representative-jobs-in-bangalore-street-sw15%3Fq%3Dsales%2Bdevelopment%2Brepresentative%26pageno%3D2%26locationId%3D4572795,https://www.reed.co.uk/jobs/jobheron-106933/p106933,Actively Hiring,"Salary: £35,000 - £45,000 per annum | Type: Permanent, full-time, Hybrid | Badges: Easy Apply",Reed.co.uk,https://www.reed.co.uk/jobs/jobheron-106933/p106933,https://www.reed.co.uk/jobs/business-development-executive/57223220?source=searchResults&q=sales%20development%20representative&filter=%2Fjobs%2Fsales-development-representative-jobs-in-bangalore-street-sw15%3Fq%3Dsales%2Bdevelopment%2Brepresentative%26pageno%3D2%26locationId%3D4572795
Business Development Executive,Intretech,London,2026-08-06,https://www.reed.co.uk/jobs/business-development-executive/57205559?source=searchResults&q=sales%20development%20representative&filter=%2Fjobs%2Fsales-development-representative-jobs-in-bangalore-street-sw15%3Fq%3Dsales%2Bdevelopment%2Brepresentative%26pageno%3D2%26locationId%3D4572795,https://www.reed.co.uk/jobs/intretech/p112339,Actively Hiring,"Salary: £46,000 - £61,800 per annum, OTE | Type: Permanent, full-time, Hybrid | Badges: Easy Apply",Reed.co.uk,https://www.reed.co.uk/jobs/intretech/p112339,https://www.reed.co.uk/jobs/business-development-executive/57205559?source=searchResults&q=sales%20development%20representative&filter=%2Fjobs%2Fsales-development-representative-jobs-in-bangalore-street-sw15%3Fq%3Dsales%2Bdevelopment%2Brepresentative%26pageno%3D2%26locationId%3D4572795
Development Executive,Brown & Brown (Europe),London,2026-08-25,https://www.reed.co.uk/jobs/development-executive/56970766?source=searchResults&q=sales%20development%20representative&filter=%2Fjobs%2Fsales-development-representative-jobs-in-bangalore-street-sw15%3Fq%3Dsales%2Bdevelopment%2Brepresentative%26pageno%3D2%26locationId%3D4572795,https://www.reed.co.uk/jobs/global-risk-partners-84400/p84400,Actively Hiring,"Salary: Salary negotiable | Type: Permanent, full-time, Hybrid",Reed.co.uk,https://www.reed.co.uk/jobs/global-risk-partners-84400/p84400,https://www.reed.co.uk/jobs/development-executive/56970766?source=searchResults&q=sales%20development%20representative&filter=%2Fjobs%2Fsales-development-representative-jobs-in-bangalore-street-sw15%3Fq%3Dsales%2Bdevelopment%2Brepresentative%26pageno%3D2%26locationId%3D4572795
Sales Executive,VITICULT LTD,London,2026-09-08,https://www.reed.co.uk/jobs/sales-executive/57330975?source=searchResults&q=sales%20development%20representative&filter=%2Fjobs%2Fsales-development-representative-jobs-in-bangalore-street-sw15%3Fq%3Dsales%2Bdevelopment%2Brepresentative%26pageno%3D2%26locationId%3D4572795,https://www.reed.co.uk/jobs/viticult-ltd-112896/p112896,Actively Hiring,"Salary: £18,000 - £24,000 per annum | Type: Permanent, full-time, On-site | Badges: Featured, Easy Apply",Reed.co.uk,https://www.reed.co.uk/jobs/viticult-ltd-112896/p112896,https://www.reed.co.uk/jobs/sales-executive/57330975?source=searchResults&q=sales%20development%20representative&filter=%2Fjobs%2Fsales-development-representative-jobs-in-bangalore-street-sw15%3Fq%3Dsales%2Bdevelopment%2Brepresentative%26pageno%3D2%26locationId%3D4572795
Sales Executive,NOS Global,"East London, London",2026-09-09,https://www.reed.co.uk/jobs/sales-executive/57335735?source=searchResults&q=sales%20development%20representative&filter=%2Fjobs%2Fsales-development-representative-jobs-in-bangalore-street-sw15%3Fq%3Dsales%2Bdevelopment%2Brepresentative%26pageno%3D2%26locationId%3D4572795,https://www.reed.co.uk/jobs/nos-global/p113075,Actively Hiring,"Salary: £30,000 - £35,000 per annum | Type: Permanent, full-time, On-site | Badges: Featured",Reed.co.uk,https://www.reed.co.uk/jobs/nos-global/p113075,https://www.reed.co.uk/jobs/sales-executive/57335735?source=searchResults&q=sales%20development%20representative&filter=%2Fjobs%2Fsales-development-representative-jobs-in-bangalore-street-sw15%3Fq%3Dsales%2Bdevelopment%2Brepresentative%26pageno%3D2%26locationId%3D4572795
Sales Support Executive,Exponential-e,London,2026-09-02,https://www.reed.co.uk/jobs/sales-support-executive/57302861?source=searchResults&q=sales%20development%20representative&filter=%2Fjobs%2Fsales-development-representative-jobs-in-bangalore-street-sw15%3Fq%3Dsales%2Bdevelopment%2Brepresentative%26pageno%3D2%26locationId%3D4572795,https://www.reed.co.uk/jobs/exponential-e/p7759,Actively Hiring,"Salary: Salary negotiable | Type: Permanent, full-time or part-time, On-site | Badges: Featured",Reed.co.uk,https://www.reed.co.uk/jobs/exponential-e/p7759,https://www.reed.co.uk/jobs/sales-support-executive/57302861?source=searchResults&q=sales%20development%20representative&filter=%2Fjobs%2Fsales-development-representative-jobs-in-bangalore-street-sw15%3Fq%3Dsales%2Bdevelopment%2Brepresentative%26pageno%3D2%26locationId%3D4572795
Business Development Representative,Sphere Digital Recruitment,London,2026-08-19,https://www.reed.co.uk/jobs/business-development-representative/57102493?source=searchResults&q=sales%20development%20representative&filter=%2Fjobs%2Fsales-development-representative-jobs-in-bangalore-street-sw15%3Fq%3Dsales%2Bdevelopment%2Brepresentative%26pageno%3D2%26locationId%3D4572795,https://www.reed.co.uk/jobs/sphere-digital-recruitment-limited/p14161,Actively Hiring,"Salary: £35,000 - £45,000 per annum | Type: Permanent, full-time, Hybrid | Badges: Easy Apply",Reed.co.uk,https://www.reed.co.uk/jobs/sphere-digital-recruitment-limited/p14161,https://www.reed.co.uk/jobs/business-development-representative/57102493?source=searchResults&q=sales%20development%20representative&filter=%2Fjobs%2Fsales-development-representative-jobs-in-bangalore-street-sw15%3Fq%3Dsales%2Bdevelopment%2Brepresentative%26pageno%3D2%26locationId%3D4572795
Field Sales Representative,Adecco,London,2026-09-08,https://www.reed.co.uk/jobs/field-sales-representative/57329223?source=searchResults&q=sales%20development%20representative&filter=%2Fjobs%2Fsales-development-representative-jobs-in-bangalore-street-sw15%3Fq%3Dsales%2Bdevelopment%2Brepresentative%26pageno%3D2%26locationId%3D4572795,https://www.reed.co.uk/jobs/adecco-uk-limited-45420/p45420,Actively Hiring,"Salary: £14.42 per hour | Type: Contract, full-time, On-site | Badges: Easy Apply",Reed.co.uk,https://www.reed.co.uk/jobs/adecco-uk-limited-45420/p45420,https://www.reed.co.uk/jobs/field-sales-representative/57329223?source=searchResults&q=sales%20development%20representative&filter=%2Fjobs%2Fsales-development-representative-jobs-in-bangalore-street-sw15%3Fq%3Dsales%2Bdevelopment%2Brepresentative%26pageno%3D2%26locationId%3D4572795
Business Development Representative (BDR),Coburg Banks Limited,"City of London, London",2026-09-02,https://www.reed.co.uk/jobs/business-development-representative-bdr/57303246?source=searchResults&q=sales%20development%20representative&filter=%2Fjobs%2Fsales-development-representative-jobs-in-bangalore-street-sw15%3Fq%3Dsales%2Bdevelopment%2Brepresentative%26pageno%3D2%26locationId%3D4572795,https://www.reed.co.uk/jobs/coburg-banks-limited/p29293,Actively Hiring,"Salary: £45,000 - £50,000 per annum | Type: Permanent, full-time, Remote | Badges: Easy Apply",Reed.co.uk,https://www.reed.co.uk/jobs/coburg-banks-limited/p29293,https://www.reed.co.uk/jobs/business-development-representative-bdr/57303246?source=searchResults&q=sales%20development%20representative&filter=%2Fjobs%2Fsales-development-representative-jobs-in-bangalore-street-sw15%3Fq%3Dsales%2Bdevelopment%2Brepresentative%26pageno%3D2%26locationId%3D4572795
Sales Executive,Office Angels,"Sutton, Surrey",2026-09-04,https://www.reed.co.uk/jobs/sales-executive/57312728?source=searchResults&q=sales%20development%20representative&filter=%2Fjobs%2Fsales-development-representative-jobs-in-bangalore-street-sw15%3Fq%3Dsales%2Bdevelopment%2Brepresentative%26pageno%3D2%26locationId%3D4572795,https://www.reed.co.uk/jobs/office-angels-45417/p45417,Actively Hiring,"Salary: £26,000 - £28,000 per annum | Type: Permanent, full-time, On-site | Badges: Easy Apply",Reed.co.uk,https://www.reed.co.uk/jobs/office-angels-45417/p45417,https://www.reed.co.uk/jobs/sales-executive/57312728?source=searchResults&q=sales%20development%20representative&filter=%2Fjobs%2Fsales-development-representative-jobs-in-bangalore-street-sw15%3Fq%3Dsales%2Bdevelopment%2Brepresentative%26pageno%3D2%26locationId%3D4572795
Graduate Business Development Executive,Celsius Graduate Recruitment Limited,London,2026-08-17,https://www.reed.co.uk/jobs/graduate-business-development-executive/57245375?source=searchResults&q=sales%20development%20representative&filter=%2Fjobs%2Fsales-development-representative-jobs-in-bangalore-street-sw15%3Fq%3Dsales%2Bdevelopment%2Brepresentative%26pageno%3D2%26locationId%3D4572795,https://www.reed.co.uk/jobs/celsius-graduate-recruitment-limited/p14157,Actively Hiring,"Salary: £28,330 - £55,000 per annum, OTE | Type: Permanent, full-time, On-site",Reed.co.uk,https://www.reed.co.uk/jobs/celsius-graduate-recruitment-limited/p14157,https://www.reed.co.uk/jobs/graduate-business-development-executive/57245375?source=searchResults&q=sales%20development%20representative&filter=%2Fjobs%2Fsales-development-representative-jobs-in-bangalore-street-sw15%3Fq%3Dsales%2Bdevelopment%2Brepresentative%26pageno%3D2%26locationId%3D4572795
"GTM Engineer, B2B SaaS Sales, London,Commission, COR7626",Corriculo Ltd,London,2026-09-08,https://www.reed.co.uk/jobs/gtm-engineer-b2b-saas-sales-londoncommission-cor7626/57330863?source=searchResults&q=sales%20development%20representative&filter=%2Fjobs%2Fsales-development-representative-jobs-in-bangalore-street-sw15%3Fq%3Dsales%2Bdevelopment%2Brepresentative%26pageno%3D2%26locationId%3D4572795,https://www.reed.co.uk/jobs/corriculo-ltd/p20453,Actively Hiring,"Salary: £35,000 - £50,000 per annum | Type: Permanent, full-time, On-site | Badges: Easy Apply",Reed.co.uk,https://www.reed.co.uk/jobs/corriculo-ltd/p20453,https://www.reed.co.uk/jobs/gtm-engineer-b2b-saas-sales-londoncommission-cor7626/57330863?source=searchResults&q=sales%20development%20representative&filter=%2Fjobs%2Fsales-development-representative-jobs-in-bangalore-street-sw15%3Fq%3Dsales%2Bdevelopment%2Brepresentative%26pageno%3D2%26locationId%3D4572795
Sales Development Rep,Pareto,London,2026-09-05,https://www.reed.co.uk/jobs/sales-development-rep/57317302?source=searchResults&q=sales%20development%20representative&filter=%2Fjobs%2Fsales-development-representative-jobs-in-bangalore-street-sw15%3Fq%3Dsales%2Bdevelopment%2Brepresentative%26pageno%3D2%26locationId%3D4572795,https://www.reed.co.uk/jobs/pareto-law-plc/p8256,Actively Hiring,"Salary: £21,000 - £30,000 per annum | Type: Permanent, full-time, Hybrid | Badges: Easy Apply",Reed.co.uk,https://www.reed.co.uk/jobs/pareto-law-plc/p8256,https://www.reed.co.uk/jobs/sales-development-rep/57317302?source=searchResults&q=sales%20development%20representative&filter=%2Fjobs%2Fsales-development-representative-jobs-in-bangalore-street-sw15%3Fq%3Dsales%2Bdevelopment%2Brepresentative%26pageno%3D2%26locationId%3D4572795
Sales Development Rep,Pareto,London,2026-08-26,https://www.reed.co.uk/jobs/sales-development-rep/57280674?source=searchResults&q=sales%20development%20representative&filter=%2Fjobs%2Fsales-development-representative-jobs-in-bangalore-street-sw15%3Fq%3Dsales%2Bdevelopment%2Brepresentative%26pageno%3D2%26locationId%3D4572795,https://www.reed.co.uk/jobs/pareto-law-plc/p8256,Actively Hiring,"Salary: £30,000 per annum | Type: Permanent, full-time, Hybrid | Badges: Easy Apply",Reed.co.uk,https://www.reed.co.uk/jobs/pareto-law-plc/p8256,https://www.reed.co.uk/jobs/sales-development-rep/57280674?source=searchResults&q=sales%20development%20representative&filter=%2Fjobs%2Fsales-development-representative-jobs-in-bangalore-street-sw15%3Fq%3Dsales%2Bdevelopment%2Brepresentative%26pageno%3D2%26locationId%3D4572795
Business Development Executive,ITA,London,2026-09-01,https://www.reed.co.uk/jobs/business-development-executive/57299001?source=searchResults&q=sales%20development%20representative&filter=%2Fjobs%2Fsales-development-representative-jobs-in-bangalore-street-sw15%3Fq%3Dsales%2Bdevelopment%2Brepresentative%26pageno%3D2%26locationId%3D4572795,https://www.reed.co.uk/jobs/ita-96998/p96998,Actively Hiring,"Salary: £39,000 - £40,000 per annum | Type: Permanent, full-time, On-site | Badges: Easy Apply",Reed.co.uk,https://www.reed.co.uk/jobs/ita-96998/p96998,https://www.reed.co.uk/jobs/business-development-executive/57299001?source=searchResults&q=sales%20development%20representative&filter=%2Fjobs%2Fsales-development-representative-jobs-in-bangalore-street-sw15%3Fq%3Dsales%2Bdevelopment%2Brepresentative%26pageno%3D2%26locationId%3D4572795
Sales Development Rep,Pareto,London,2026-08-26,https://www.reed.co.uk/jobs/sales-development-rep/57280827?source=searchResults&q=sales%20development%20representative&filter=%2Fjobs%2Fsales-development-representative-jobs-in-bangalore-street-sw15%3Fq%3Dsales%2Bdevelopment%2Brepresentative%26pageno%3D2%26locationId%3D4572795,https://www.reed.co.uk/jobs/pareto-law-plc/p8256,Actively Hiring,"Salary: £21,000 - £30,000 per annum | Type: Permanent, full-time, Hybrid | Badges: Easy Apply",Reed.co.uk,https://www.reed.co.uk/jobs/pareto-law-plc/p8256,https://www.reed.co.uk/jobs/sales-development-rep/57280827?source=searchResults&q=sales%20development%20representative&filter=%2Fjobs%2Fsales-development-representative-jobs-in-bangalore-street-sw15%3Fq%3Dsales%2Bdevelopment%2Brepresentative%26pageno%3D2%26locationId%3D4572795
Business Development Manager,AWD online,London,2026-08-18,https://www.reed.co.uk/jobs/business-development-manager/57190641?source=searchResults&q=sales%20development%20representative&filter=%2Fjobs%2Fsales-development-representative-jobs-in-bangalore-street-sw15%3Fq%3Dsales%2Bdevelopment%2Brepresentative%26pageno%3D2%26locationId%3D4572795,https://www.reed.co.uk/jobs/awd-online/p15121,Actively Hiring,"Salary: £50,000 per annum, OTE | Type: Permanent, full-time, Hybrid | Badges: Ending soon, Easy Apply",Reed.co.uk,https://www.reed.co.uk/jobs/awd-online/p15121,https://www.reed.co.uk/jobs/business-development-manager/57190641?source=searchResults&q=sales%20development%20representative&filter=%2Fjobs%2Fsales-development-representative-jobs-in-bangalore-street-sw15%3Fq%3Dsales%2Bdevelopment%2Brepresentative%26pageno%3D2%26locationId%3D4572795
Business Development Representative (BDR),Hays Specialist Recruitment Limited,London,2026-08-12,https://www.reed.co.uk/jobs/business-development-representative-bdr/57231141?source=searchResults&q=sales%20development%20representative&filter=%2Fjobs%2Fsales-development-representative-jobs-in-bangalore-street-sw15%3Fq%3Dsales%2Bdevelopment%2Brepresentative%26pageno%3D2%26locationId%3D4572795,https://www.reed.co.uk/jobs/hays-specialist-recruitment-limited/p36210,Actively Hiring,"Salary: £30,000 - £40,000 per annum | Type: Permanent, full-time, On-site | Badges: Easy Apply",Reed.co.uk,https://www.reed.co.uk/jobs/hays-specialist-recruitment-limited/p36210,https://www.reed.co.uk/jobs/business-development-representative-bdr/57231141?source=searchResults&q=sales%20development%20representative&filter=%2Fjobs%2Fsales-development-representative-jobs-in-bangalore-street-sw15%3Fq%3Dsales%2Bdevelopment%2Brepresentative%26pageno%3D2%26locationId%3D4572795
Sales Development Representative,YuJa Inc.,London,2026-09-03,https://www.reed.co.uk/jobs/sales-development-representative/57308162?source=searchResults&q=sales%20development%20representative&filter=%2Fjobs%2Fsales-development-representative-jobs-in-bangalore-street-sw15%3Fq%3Dsales%2Bdevelopment%2Brepresentative%26pageno%3D3%26locationId%3D4572795,https://www.reed.co.uk/jobs/yuja-inc/p113807,Actively Hiring,"Salary: £55,000 - £60,000 per annum, OTE | Type: Permanent, full-time, On-site | Badges: Promoted",Reed.co.uk,https://www.reed.co.uk/jobs/yuja-inc/p113807,https://www.reed.co.uk/jobs/sales-development-representative/57308162?source=searchResults&q=sales%20development%20representative&filter=%2Fjobs%2Fsales-development-representative-jobs-in-bangalore-street-sw15%3Fq%3Dsales%2Bdevelopment%2Brepresentative%26pageno%3D3%26locationId%3D4572795
Business Development Representative (BDR),Hays Specialist Recruitment Limited,London,2026-08-12,https://www.reed.co.uk/jobs/business-development-representative-bdr/57231141?source=searchResults&q=sales%20development%20representative&filter=%2Fjobs%2Fsales-development-representative-jobs-in-bangalore-street-sw15%3Fq%3Dsales%2Bdevelopment%2Brepresentative%26pageno%3D3%26locationId%3D4572795,https://www.reed.co.uk/jobs/hays-specialist-recruitment-limited/p36210,Actively Hiring,"Salary: £30,000 - £40,000 per annum | Type: Permanent, full-time, On-site | Badges: Easy Apply",Reed.co.uk,https://www.reed.co.uk/jobs/hays-specialist-recruitment-limited/p36210,https://www.reed.co.uk/jobs/business-development-representative-bdr/57231141?source=searchResults&q=sales%20development%20representative&filter=%2Fjobs%2Fsales-development-representative-jobs-in-bangalore-street-sw15%3Fq%3Dsales%2Bdevelopment%2Brepresentative%26pageno%3D3%26locationId%3D4572795
Salesforce Developer,The Hyde Group,London,2026-08-17,https://www.reed.co.uk/jobs/salesforce-developer/57246062?source=searchResults&q=sales%20development%20representative&filter=%2Fjobs%2Fsales-development-representative-jobs-in-bangalore-street-sw15%3Fq%3Dsales%2Bdevelopment%2Brepresentative%26pageno%3D3%26locationId%3D4572795,https://www.reed.co.uk/jobs/the-hyde-group-72964/p72964,Actively Hiring,"Salary: £54,800 - £66,000 per annum | Type: Permanent, full-time, Hybrid | Badges: Featured",Reed.co.uk,https://www.reed.co.uk/jobs/the-hyde-group-72964/p72964,https://www.reed.co.uk/jobs/salesforce-developer/57246062?source=searchResults&q=sales%20development%20representative&filter=%2Fjobs%2Fsales-development-representative-jobs-in-bangalore-street-sw15%3Fq%3Dsales%2Bdevelopment%2Brepresentative%26pageno%3D3%26locationId%3D4572795
Telesales / Business Developer,Howdens Joinery,London,2026-09-08,https://www.reed.co.uk/jobs/telesales-business-developer/57246267?source=searchResults&q=sales%20development%20representative&filter=%2Fjobs%2Fsales-development-representative-jobs-in-bangalore-street-sw15%3Fq%3Dsales%2Bdevelopment%2Brepresentative%26pageno%3D3%26locationId%3D4572795,https://www.reed.co.uk/jobs/howdens-joinery-31154/p31154,Actively Hiring,"Salary: Competitive salary | Type: Permanent, full-time, On-site | Badges: Featured",Reed.co.uk,https://www.reed.co.uk/jobs/howdens-joinery-31154/p31154,https://www.reed.co.uk/jobs/telesales-business-developer/57246267?source=searchResults&q=sales%20development%20representative&filter=%2Fjobs%2Fsales-development-representative-jobs-in-bangalore-street-sw15%3Fq%3Dsales%2Bdevelopment%2Brepresentative%26pageno%3D3%26locationId%3D4572795
Telesales / Business Developer,Howdens Joinery,"Bermondsey, London",2026-09-06,https://www.reed.co.uk/jobs/telesales-business-developer/57303809?source=searchResults&q=sales%20development%20representative&filter=%2Fjobs%2Fsales-development-representative-jobs-in-bangalore-street-sw15%3Fq%3Dsales%2Bdevelopment%2Brepresentative%26pageno%3D3%26locationId%3D4572795,https://www.reed.co.uk/jobs/howdens-joinery-31154/p31154,Actively Hiring,"Salary: Competitive salary | Type: Permanent, full-time, On-site | Badges: Featured",Reed.co.uk,https://www.reed.co.uk/jobs/howdens-joinery-31154/p31154,https://www.reed.co.uk/jobs/telesales-business-developer/57303809?source=searchResults&q=sales%20development%20representative&filter=%2Fjobs%2Fsales-development-representative-jobs-in-bangalore-street-sw15%3Fq%3Dsales%2Bdevelopment%2Brepresentative%26pageno%3D3%26locationId%3D4572795
Medical Sales Representative,Brite Recruitment Ltd,London,2026-08-07,https://www.reed.co.uk/jobs/medical-sales-representative/57210318?source=searchResults&q=sales%20development%20representative&filter=%2Fjobs%2Fsales-development-representative-jobs-in-bangalore-street-sw15%3Fq%3Dsales%2Bdevelopment%2Brepresentative%26pageno%3D3%26locationId%3D4572795,https://www.reed.co.uk/jobs/brite-recruitment-ltd/p7066,Actively Hiring,"Salary: £51,000 - £55,000 per annum | Type: Permanent, full-time, On-site",Reed.co.uk,https://www.reed.co.uk/jobs/brite-recruitment-ltd/p7066,https://www.reed.co.uk/jobs/medical-sales-representative/57210318?source=searchResults&q=sales%20development%20representative&filter=%2Fjobs%2Fsales-development-representative-jobs-in-bangalore-street-sw15%3Fq%3Dsales%2Bdevelopment%2Brepresentative%26pageno%3D3%26locationId%3D4572795
Delegate Sales Executive,Lipton Media,London,2026-09-01,https://www.reed.co.uk/jobs/delegate-sales-executive/57296659?source=searchResults&q=sales%20development%20representative&filter=%2Fjobs%2Fsales-development-representative-jobs-in-bangalore-street-sw15%3Fq%3Dsales%2Bdevelopment%2Brepresentative%26pageno%3D3%26locationId%3D4572795,https://www.reed.co.uk/jobs/lipton-media/p25791,Actively Hiring,"Salary: £30,000 - £37,000 per annum | Type: Permanent, full-time, On-site | Badges: Easy Apply",Reed.co.uk,https://www.reed.co.uk/jobs/lipton-media/p25791,https://www.reed.co.uk/jobs/delegate-sales-executive/57296659?source=searchResults&q=sales%20development%20representative&filter=%2Fjobs%2Fsales-development-representative-jobs-in-bangalore-street-sw15%3Fq%3Dsales%2Bdevelopment%2Brepresentative%26pageno%3D3%26locationId%3D4572795
Delegate Sales Executive,Handle Recruitment,London,2026-09-08,https://www.reed.co.uk/jobs/delegate-sales-executive/57322786?source=searchResults&q=sales%20development%20representative&filter=%2Fjobs%2Fsales-development-representative-jobs-in-bangalore-street-sw15%3Fq%3Dsales%2Bdevelopment%2Brepresentative%26pageno%3D3%26locationId%3D4572795,https://www.reed.co.uk/jobs/handle-recruitment-22660/p22660,Actively Hiring,"Salary: £33,000 - £35,000 per annum | Type: Permanent, full-time, Hybrid | Badges: Featured, Easy Apply",Reed.co.uk,https://www.reed.co.uk/jobs/handle-recruitment-22660/p22660,https://www.reed.co.uk/jobs/delegate-sales-executive/57322786?source=searchResults&q=sales%20development%20representative&filter=%2Fjobs%2Fsales-development-representative-jobs-in-bangalore-street-sw15%3Fq%3Dsales%2Bdevelopment%2Brepresentative%26pageno%3D3%26locationId%3D4572795
Delegate Sales Executive,Reed Talent Solutions,London,2026-08-18,https://www.reed.co.uk/jobs/delegate-sales-executive/57250504?source=searchResults&q=sales%20development%20representative&filter=%2Fjobs%2Fsales-development-representative-jobs-in-bangalore-street-sw15%3Fq%3Dsales%2Bdevelopment%2Brepresentative%26pageno%3D3%26locationId%3D4572795,https://www.reed.co.uk/jobs/reed-talent-solutions-61219/p61219,Actively Hiring,"Salary: £30,000 - £36,000 per annum | Type: Permanent, full-time, On-site | Badges: Featured",Reed.co.uk,https://www.reed.co.uk/jobs/reed-talent-solutions-61219/p61219,https://www.reed.co.uk/jobs/delegate-sales-executive/57250504?source=searchResults&q=sales%20development%20representative&filter=%2Fjobs%2Fsales-development-representative-jobs-in-bangalore-street-sw15%3Fq%3Dsales%2Bdevelopment%2Brepresentative%26pageno%3D3%26locationId%3D4572795
Delegate Sales Executive,Reed Talent Solutions,London,2026-08-12,https://www.reed.co.uk/jobs/delegate-sales-executive/57227645?source=searchResults&q=sales%20development%20representative&filter=%2Fjobs%2Fsales-development-representative-jobs-in-bangalore-street-sw15%3Fq%3Dsales%2Bdevelopment%2Brepresentative%26pageno%3D3%26locationId%3D4572795,https://www.reed.co.uk/jobs/reed-talent-solutions-61219/p61219,Actively Hiring,"Salary: £27,000 - £30,000 per annum | Type: Permanent, full-time, Hybrid | Badges: Featured",Reed.co.uk,https://www.reed.co.uk/jobs/reed-talent-solutions-61219/p61219,https://www.reed.co.uk/jobs/delegate-sales-executive/57227645?source=searchResults&q=sales%20development%20representative&filter=%2Fjobs%2Fsales-development-representative-jobs-in-bangalore-street-sw15%3Fq%3Dsales%2Bdevelopment%2Brepresentative%26pageno%3D3%26locationId%3D4572795
Delegate Sales Executive,Lipton Media,London,2026-08-11,https://www.reed.co.uk/jobs/delegate-sales-executive/57222575?source=searchResults&q=sales%20development%20representative&filter=%2Fjobs%2Fsales-development-representative-jobs-in-bangalore-street-sw15%3Fq%3Dsales%2Bdevelopment%2Brepresentative%26pageno%3D3%26locationId%3D4572795,https://www.reed.co.uk/jobs/lipton-media/p25791,Actively Hiring,"Salary: £30,000 - £37,000 per annum | Type: Permanent, full-time, On-site | Badges: Easy Apply",Reed.co.uk,https://www.reed.co.uk/jobs/lipton-media/p25791,https://www.reed.co.uk/jobs/delegate-sales-executive/57222575?source=searchResults&q=sales%20development%20representative&filter=%2Fjobs%2Fsales-development-representative-jobs-in-bangalore-street-sw15%3Fq%3Dsales%2Bdevelopment%2Brepresentative%26pageno%3D3%26locationId%3D4572795
Medical Device Sales Representative — UK,Myn,London,2026-09-08,https://www.reed.co.uk/jobs/medical-device-sales-representative--uk/57320963?source=searchResults&q=sales%20development%20representative&filter=%2Fjobs%2Fsales-development-representative-jobs-in-bangalore-street-sw15%3Fq%3Dsales%2Bdevelopment%2Brepresentative%26pageno%3D3%26locationId%3D4572795,https://www.reed.co.uk/jobs/myn/p100662,Actively Hiring,"Salary: £35,000 - £60,000 per annum | Type: Contract, full-time, On-site | Badges: Ending soon, Easy Apply",Reed.co.uk,https://www.reed.co.uk/jobs/myn/p100662,https://www.reed.co.uk/jobs/medical-device-sales-representative--uk/57320963?source=searchResults&q=sales%20development%20representative&filter=%2Fjobs%2Fsales-development-representative-jobs-in-bangalore-street-sw15%3Fq%3Dsales%2Bdevelopment%2Brepresentative%26pageno%3D3%26locationId%3D4572795
Customer Sales Representative - Entry Level,Blackwater Recruitment,London,2026-09-10,https://www.reed.co.uk/jobs/customer-sales-representative-entry-level/57339195?source=searchResults&q=sales%20development%20representative&filter=%2Fjobs%2Fsales-development-representative-jobs-in-bangalore-street-sw15%3Fq%3Dsales%2Bdevelopment%2Brepresentative%26pageno%3D3%26locationId%3D4572795,https://www.reed.co.uk/jobs/blackwater-recruitment/p105618,Actively Hiring,"Salary: £25,000 - £30,000 per annum, OTE | Type: Permanent, full-time, On-site",Reed.co.uk,https://www.reed.co.uk/jobs/blackwater-recruitment/p105618,https://www.reed.co.uk/jobs/customer-sales-representative-entry-level/57339195?source=searchResults&q=sales%20development%20representative&filter=%2Fjobs%2Fsales-development-representative-jobs-in-bangalore-street-sw15%3Fq%3Dsales%2Bdevelopment%2Brepresentative%26pageno%3D3%26locationId%3D4572795
Sales Executive - Membership recruitment,Coburg Banks Limited,"City of London, London",2026-09-08,https://www.reed.co.uk/jobs/sales-executive-membership-recruitment/57321474?source=searchResults&q=sales%20development%20representative&filter=%2Fjobs%2Fsales-development-representative-jobs-in-bangalore-street-sw15%3Fq%3Dsales%2Bdevelopment%2Brepresentative%26pageno%3D3%26locationId%3D4572795,https://www.reed.co.uk/jobs/coburg-banks-limited/p29293,Actively Hiring,"Salary: £33,000 - £35,000 per annum | Type: Permanent, full-time, Hybrid | Badges: Easy Apply",Reed.co.uk,https://www.reed.co.uk/jobs/coburg-banks-limited/p29293,https://www.reed.co.uk/jobs/sales-executive-membership-recruitment/57321474?source=searchResults&q=sales%20development%20representative&filter=%2Fjobs%2Fsales-development-representative-jobs-in-bangalore-street-sw15%3Fq%3Dsales%2Bdevelopment%2Brepresentative%26pageno%3D3%26locationId%3D4572795
Business Development Executive,C&M Travel Recruitment,London,2026-09-10,https://www.reed.co.uk/jobs/business-development-executive/57338434?source=searchResults&q=sales%20development%20representative&filter=%2Fjobs%2Fsales-development-representative-jobs-in-bangalore-street-sw15%3Fq%3Dsales%2Bdevelopment%2Brepresentative%26pageno%3D3%26locationId%3D4572795,https://www.reed.co.uk/jobs/c-m-travel-recruitment/p3931,Actively Hiring,"Salary: £25,000 - £35,000 per annum | Type: Permanent, full-time, Hybrid",Reed.co.uk,https://www.reed.co.uk/jobs/c-m-travel-recruitment/p3931,https://www.reed.co.uk/jobs/business-development-executive/57338434?source=searchResults&q=sales%20development%20representative&filter=%2Fjobs%2Fsales-development-representative-jobs-in-bangalore-street-sw15%3Fq%3Dsales%2Bdevelopment%2Brepresentative%26pageno%3D3%26locationId%3D4572795
Business Development Executive,Larbey Evans,"City of London, London",2026-09-05,https://www.reed.co.uk/jobs/business-development-executive/57310443?source=searchResults&q=sales%20development%20representative&filter=%2Fjobs%2Fsales-development-representative-jobs-in-bangalore-street-sw15%3Fq%3Dsales%2Bdevelopment%2Brepresentative%26pageno%3D3%26locationId%3D4572795,https://www.reed.co.uk/jobs/larbey-evans/p86999,Actively Hiring,"Salary: Competitive salary | Type: Permanent, full-time, Hybrid | Badges: Easy Apply",Reed.co.uk,https://www.reed.co.uk/jobs/larbey-evans/p86999,https://www.reed.co.uk/jobs/business-development-executive/57310443?source=searchResults&q=sales%20development%20representative&filter=%2Fjobs%2Fsales-development-representative-jobs-in-bangalore-street-sw15%3Fq%3Dsales%2Bdevelopment%2Brepresentative%26pageno%3D3%26locationId%3D4572795
Business Development Executive,Tony Alan Recruitment,London,2026-09-08,https://www.reed.co.uk/jobs/business-development-executive/57191317?source=searchResults&q=sales%20development%20representative&filter=%2Fjobs%2Fsales-development-representative-jobs-in-bangalore-street-sw15%3Fq%3Dsales%2Bdevelopment%2Brepresentative%26pageno%3D3%26locationId%3D4572795,https://www.reed.co.uk/jobs/tony-alan-recruitment-ltd/p15075,Actively Hiring,"Salary: £30,000 - £35,000 per annum | Type: Permanent, full-time, On-site",Reed.co.uk,https://www.reed.co.uk/jobs/tony-alan-recruitment-ltd/p15075,https://www.reed.co.uk/jobs/business-development-executive/57191317?source=searchResults&q=sales%20development%20representative&filter=%2Fjobs%2Fsales-development-representative-jobs-in-bangalore-street-sw15%3Fq%3Dsales%2Bdevelopment%2Brepresentative%26pageno%3D3%26locationId%3D4572795
Business Development Executive,Reed,"Wembley, London, London",2026-08-26,https://www.reed.co.uk/jobs/business-development-executive/57279652?source=searchResults&q=sales%20development%20representative&filter=%2Fjobs%2Fsales-development-representative-jobs-in-bangalore-street-sw15%3Fq%3Dsales%2Bdevelopment%2Brepresentative%26pageno%3D3%26locationId%3D4572795,https://www.reed.co.uk/jobs/reed-business-support/p1311,Actively Hiring,"Salary: £30,000 - £40,000 per annum | Type: Permanent, full-time, On-site | Badges: Featured, Easy Apply",Reed.co.uk,https://www.reed.co.uk/jobs/reed-business-support/p1311,https://www.reed.co.uk/jobs/business-development-executive/57279652?source=searchResults&q=sales%20development%20representative&filter=%2Fjobs%2Fsales-development-representative-jobs-in-bangalore-street-sw15%3Fq%3Dsales%2Bdevelopment%2Brepresentative%26pageno%3D3%26locationId%3D4572795
Business Development Executive,Abbatt Property Recruitment,London,2026-08-19,https://www.reed.co.uk/jobs/business-development-executive/57254902?source=searchResults&q=sales%20development%20representative&filter=%2Fjobs%2Fsales-development-representative-jobs-in-bangalore-street-sw15%3Fq%3Dsales%2Bdevelopment%2Brepresentative%26pageno%3D3%26locationId%3D4572795,https://www.reed.co.uk/jobs/abbatt-property-services/p5495,Actively Hiring,"Salary: £27,000 - £35,000 per annum | Type: Permanent, full-time, On-site | Badges: Featured, Easy Apply",Reed.co.uk,https://www.reed.co.uk/jobs/abbatt-property-services/p5495,https://www.reed.co.uk/jobs/business-development-executive/57254902?source=searchResults&q=sales%20development%20representative&filter=%2Fjobs%2Fsales-development-representative-jobs-in-bangalore-street-sw15%3Fq%3Dsales%2Bdevelopment%2Brepresentative%26pageno%3D3%26locationId%3D4572795
Business Development Executive,Pure Resourcing Limited,London,2026-08-18,https://www.reed.co.uk/jobs/business-development-executive/57249225?source=searchResults&q=sales%20development%20representative&filter=%2Fjobs%2Fsales-development-representative-jobs-in-bangalore-street-sw15%3Fq%3Dsales%2Bdevelopment%2Brepresentative%26pageno%3D3%26locationId%3D4572795,https://www.reed.co.uk/jobs/pure-resourcing-limited/p4059,Actively Hiring,"Salary: £30,000 - £45,000 per annum | Type: Permanent, full-time, Hybrid | Badges: Easy Apply",Reed.co.uk,https://www.reed.co.uk/jobs/pure-resourcing-limited/p4059,https://www.reed.co.uk/jobs/business-development-executive/57249225?source=searchResults&q=sales%20development%20representative&filter=%2Fjobs%2Fsales-development-representative-jobs-in-bangalore-street-sw15%3Fq%3Dsales%2Bdevelopment%2Brepresentative%26pageno%3D3%26locationId%3D4572795
Business Development Executive,Upgrade Recruitment Ltd,"Putney, London",2026-08-17,https://www.reed.co.uk/jobs/business-development-executive/57246110?source=searchResults&q=sales%20development%20representative&filter=%2Fjobs%2Fsales-development-representative-jobs-in-bangalore-street-sw15%3Fq%3Dsales%2Bdevelopment%2Brepresentative%26pageno%3D3%26locationId%3D4572795,https://www.reed.co.uk/jobs/upgrade-recruitment/p3939,Actively Hiring,"Salary: £26,000 - £40,000 per annum, OTE | Type: Permanent, full-time, Hybrid | Badges: Featured",Reed.co.uk,https://www.reed.co.uk/jobs/upgrade-recruitment/p3939,https://www.reed.co.uk/jobs/business-development-executive/57246110?source=searchResults&q=sales%20development%20representative&filter=%2Fjobs%2Fsales-development-representative-jobs-in-bangalore-street-sw15%3Fq%3Dsales%2Bdevelopment%2Brepresentative%26pageno%3D3%26locationId%3D4572795
Business Development Executive,Larbey Evans,London,2026-08-13,https://www.reed.co.uk/jobs/business-development-executive/57233202?source=searchResults&q=sales%20development%20representative&filter=%2Fjobs%2Fsales-development-representative-jobs-in-bangalore-street-sw15%3Fq%3Dsales%2Bdevelopment%2Brepresentative%26pageno%3D3%26locationId%3D4572795,https://www.reed.co.uk/jobs/larbey-evans/p86999,Actively Hiring,"Salary: £65,000 per annum | Type: Permanent, full-time, Hybrid | Badges: Easy Apply",Reed.co.uk,https://www.reed.co.uk/jobs/larbey-evans/p86999,https://www.reed.co.uk/jobs/business-development-executive/57233202?source=searchResults&q=sales%20development%20representative&filter=%2Fjobs%2Fsales-development-representative-jobs-in-bangalore-street-sw15%3Fq%3Dsales%2Bdevelopment%2Brepresentative%26pageno%3D3%26locationId%3D4572795
Business Development Executive,Employal,"Epsom, Surrey",2026-08-05,https://www.reed.co.uk/jobs/business-development-executive/57201566?source=searchResults&q=sales%20development%20representative&filter=%2Fjobs%2Fsales-development-representative-jobs-in-bangalore-street-sw15%3Fq%3Dsales%2Bdevelopment%2Brepresentative%26pageno%3D3%26locationId%3D4572795,https://www.reed.co.uk/jobs/employal/p94685,Actively Hiring,"Salary: £30,000 - £40,000 per annum | Type: Permanent, full-time, Hybrid | Badges: Easy Apply",Reed.co.uk,https://www.reed.co.uk/jobs/employal/p94685,https://www.reed.co.uk/jobs/business-development-executive/57201566?source=searchResults&q=sales%20development%20representative&filter=%2Fjobs%2Fsales-development-representative-jobs-in-bangalore-street-sw15%3Fq%3Dsales%2Bdevelopment%2Brepresentative%26pageno%3D3%26locationId%3D4572795
Business Development Executive,ACS Recruitment Solutions Ltd,London,2026-08-04,https://www.reed.co.uk/jobs/business-development-executive/57194194?source=searchResults&q=sales%20development%20representative&filter=%2Fjobs%2Fsales-development-representative-jobs-in-bangalore-street-sw15%3Fq%3Dsales%2Bdevelopment%2Brepresentative%26pageno%3D3%26locationId%3D4572795,https://www.reed.co.uk/jobs/acs-recruitment-solutions-llp/p10251,Actively Hiring,"Salary: £30,000 - £35,000 per annum | Type: Permanent, full-time, On-site | Badges: Featured, Ending soon, Easy Apply",Reed.co.uk,https://www.reed.co.uk/jobs/acs-recruitment-solutions-llp/p10251,https://www.reed.co.uk/jobs/business-development-executive/57194194?source=searchResults&q=sales%20development%20representative&filter=%2Fjobs%2Fsales-development-representative-jobs-in-bangalore-street-sw15%3Fq%3Dsales%2Bdevelopment%2Brepresentative%26pageno%3D3%26locationId%3D4572795
Business Development Executive,Kevin Theobald Recruitment Agency,"Heathrow, Middlesex",2026-08-05,https://www.reed.co.uk/jobs/business-development-executive/56902833?source=searchResults&q=sales%20development%20representative&filter=%2Fjobs%2Fsales-development-representative-jobs-in-bangalore-street-sw15%3Fq%3Dsales%2Bdevelopment%2Brepresentative%26pageno%3D3%26locationId%3D4572795,https://www.reed.co.uk/jobs/kevin-theobald-employment-agency/p3283,Actively Hiring,"Salary: £50,000 - £60,000 per annum | Type: Permanent, full-time, On-site | Badges: Easy Apply",Reed.co.uk,https://www.reed.co.uk/jobs/kevin-theobald-employment-agency/p3283,https://www.reed.co.uk/jobs/business-development-executive/56902833?source=searchResults&q=sales%20development%20representative&filter=%2Fjobs%2Fsales-development-representative-jobs-in-bangalore-street-sw15%3Fq%3Dsales%2Bdevelopment%2Brepresentative%26pageno%3D3%26locationId%3D4572795
Business Development Executive - Remote,Office Angels,London,2026-09-12,https://www.reed.co.uk/jobs/business-development-executive-remote/57341650?source=searchResults&q=sales%20development%20representative&filter=%2Fjobs%2Fsales-development-representative-jobs-in-bangalore-street-sw15%3Fq%3Dsales%2Bdevelopment%2Brepresentative%26pageno%3D3%26locationId%3D4572795,https://www.reed.co.uk/jobs/office-angels-45417/p45417,Actively Hiring,"Salary: £28,000 - £35,000 per annum | Type: Permanent, full-time | Badges: New, Easy Apply",Reed.co.uk,https://www.reed.co.uk/jobs/office-angels-45417/p45417,https://www.reed.co.uk/jobs/business-development-executive-remote/57341650?source=searchResults&q=sales%20development%20representative&filter=%2Fjobs%2Fsales-development-representative-jobs-in-bangalore-street-sw15%3Fq%3Dsales%2Bdevelopment%2Brepresentative%26pageno%3D3%26locationId%3D4572795
Sales Development Representative,YuJa Inc.,London,2026-09-03,https://www.reed.co.uk/jobs/sales-development-representative/57308162?source=searchResults&q=sales%20development%20representative&filter=%2Fjobs%2Fsales-development-representative-jobs-in-bangalore-street-sw15%3Fq%3Dsales%2Bdevelopment%2Brepresentative%26pageno%3D4%26locationId%3D4572795,https://www.reed.co.uk/jobs/yuja-inc/p113807,Actively Hiring,"Salary: £55,000 - £60,000 per annum, OTE | Type: Permanent, full-time, On-site | Badges: Promoted",Reed.co.uk,https://www.reed.co.uk/jobs/yuja-inc/p113807,https://www.reed.co.uk/jobs/sales-development-representative/57308162?source=searchResults&q=sales%20development%20representative&filter=%2Fjobs%2Fsales-development-representative-jobs-in-bangalore-street-sw15%3Fq%3Dsales%2Bdevelopment%2Brepresentative%26pageno%3D4%26locationId%3D4572795
Business Development Executive - Remote,Office Angels,London,2026-09-12,https://www.reed.co.uk/jobs/business-development-executive-remote/57341650?source=searchResults&q=sales%20development%20representative&filter=%2Fjobs%2Fsales-development-representative-jobs-in-bangalore-street-sw15%3Fq%3Dsales%2Bdevelopment%2Brepresentative%26pageno%3D4%26locationId%3D4572795,https://www.reed.co.uk/jobs/office-angels-45417/p45417,Actively Hiring,"Salary: £28,000 - £35,000 per annum | Type: Permanent, full-time | Badges: New, Easy Apply",Reed.co.uk,https://www.reed.co.uk/jobs/office-angels-45417/p45417,https://www.reed.co.uk/jobs/business-development-executive-remote/57341650?source=searchResults&q=sales%20development%20representative&filter=%2Fjobs%2Fsales-development-representative-jobs-in-bangalore-street-sw15%3Fq%3Dsales%2Bdevelopment%2Brepresentative%26pageno%3D4%26locationId%3D4572795
Sales Executive,Pareto,London,2026-09-02,https://www.reed.co.uk/jobs/sales-executive/57303640?source=searchResults&q=sales%20development%20representative&filter=%2Fjobs%2Fsales-development-representative-jobs-in-bangalore-street-sw15%3Fq%3Dsales%2Bdevelopment%2Brepresentative%26pageno%3D4%26locationId%3D4572795,https://www.reed.co.uk/jobs/pareto-law-plc/p8256,Actively Hiring,"Salary: £21,000 - £30,000 per annum | Type: Permanent, full-time, On-site | Badges: Easy Apply",Reed.co.uk,https://www.reed.co.uk/jobs/pareto-law-plc/p8256,https://www.reed.co.uk/jobs/sales-executive/57303640?source=searchResults&q=sales%20development%20representative&filter=%2Fjobs%2Fsales-development-representative-jobs-in-bangalore-street-sw15%3Fq%3Dsales%2Bdevelopment%2Brepresentative%26pageno%3D4%26locationId%3D4572795
Sales Executive,Pareto,London,2026-09-02,https://www.reed.co.uk/jobs/sales-executive/57303602?source=searchResults&q=sales%20development%20representative&filter=%2Fjobs%2Fsales-development-representative-jobs-in-bangalore-street-sw15%3Fq%3Dsales%2Bdevelopment%2Brepresentative%26pageno%3D4%26locationId%3D4572795,https://www.reed.co.uk/jobs/pareto-law-plc/p8256,Actively Hiring,"Salary: £28,350 per annum | Type: Permanent, full-time, On-site | Badges: Easy Apply",Reed.co.uk,https://www.reed.co.uk/jobs/pareto-law-plc/p8256,https://www.reed.co.uk/jobs/sales-executive/57303602?source=searchResults&q=sales%20development%20representative&filter=%2Fjobs%2Fsales-development-representative-jobs-in-bangalore-street-sw15%3Fq%3Dsales%2Bdevelopment%2Brepresentative%26pageno%3D4%26locationId%3D4572795
Sales Executive,ACS Recruitment Solutions Ltd,London,2026-09-02,https://www.reed.co.uk/jobs/sales-executive/57301480?source=searchResults&q=sales%20development%20representative&filter=%2Fjobs%2Fsales-development-representative-jobs-in-bangalore-street-sw15%3Fq%3Dsales%2Bdevelopment%2Brepresentative%26pageno%3D4%26locationId%3D4572795,https://www.reed.co.uk/jobs/acs-recruitment-solutions-llp/p10251,Actively Hiring,"Salary: £25,000 per annum | Type: Permanent, full-time, On-site | Badges: Featured, Easy Apply",Reed.co.uk,https://www.reed.co.uk/jobs/acs-recruitment-solutions-llp/p10251,https://www.reed.co.uk/jobs/sales-executive/57301480?source=searchResults&q=sales%20development%20representative&filter=%2Fjobs%2Fsales-development-representative-jobs-in-bangalore-street-sw15%3Fq%3Dsales%2Bdevelopment%2Brepresentative%26pageno%3D4%26locationId%3D4572795
Sales Executive,Australasian Recruitment Company,London,2026-09-12,https://www.reed.co.uk/jobs/sales-executive/57340972?source=searchResults&q=sales%20development%20representative&filter=%2Fjobs%2Fsales-development-representative-jobs-in-bangalore-street-sw15%3Fq%3Dsales%2Bdevelopment%2Brepresentative%26pageno%3D4%26locationId%3D4572795,https://www.reed.co.uk/jobs/australasian-recruitment-company/p20959,Actively Hiring,"Salary: £30,000 - £50,000 per annum | Type: Permanent, full-time | Badges: Featured, New, Easy Apply",Reed.co.uk,https://www.reed.co.uk/jobs/australasian-recruitment-company/p20959,https://www.reed.co.uk/jobs/sales-executive/57340972?source=searchResults&q=sales%20development%20representative&filter=%2Fjobs%2Fsales-development-representative-jobs-in-bangalore-street-sw15%3Fq%3Dsales%2Bdevelopment%2Brepresentative%26pageno%3D4%26locationId%3D4572795
Sales Executive,Pareto,London,2026-09-03,https://www.reed.co.uk/jobs/sales-executive/57307066?source=searchResults&q=sales%20development%20representative&filter=%2Fjobs%2Fsales-development-representative-jobs-in-bangalore-street-sw15%3Fq%3Dsales%2Bdevelopment%2Brepresentative%26pageno%3D4%26locationId%3D4572795,https://www.reed.co.uk/jobs/pareto-law-plc/p8256,Actively Hiring,"Salary: £30,000 per annum | Type: Permanent, full-time, On-site | Badges: Easy Apply",Reed.co.uk,https://www.reed.co.uk/jobs/pareto-law-plc/p8256,https://www.reed.co.uk/jobs/sales-executive/57307066?source=searchResults&q=sales%20development%20representative&filter=%2Fjobs%2Fsales-development-representative-jobs-in-bangalore-street-sw15%3Fq%3Dsales%2Bdevelopment%2Brepresentative%26pageno%3D4%26locationId%3D4572795
Sales Executive,Zachary Daniels,London,2026-09-05,https://www.reed.co.uk/jobs/sales-executive/57315633?source=searchResults&q=sales%20development%20representative&filter=%2Fjobs%2Fsales-development-representative-jobs-in-bangalore-street-sw15%3Fq%3Dsales%2Bdevelopment%2Brepresentative%26pageno%3D4%26locationId%3D4572795,https://www.reed.co.uk/jobs/zachary-daniels-limited/p12275,Actively Hiring,"Salary: £38,000 - £48,000 per annum | Type: Permanent, full-time, On-site | Badges: Featured, Easy Apply",Reed.co.uk,https://www.reed.co.uk/jobs/zachary-daniels-limited/p12275,https://www.reed.co.uk/jobs/sales-executive/57315633?source=searchResults&q=sales%20development%20representative&filter=%2Fjobs%2Fsales-development-representative-jobs-in-bangalore-street-sw15%3Fq%3Dsales%2Bdevelopment%2Brepresentative%26pageno%3D4%26locationId%3D4572795
Sales Executive,Pareto,London,2026-08-27,https://www.reed.co.uk/jobs/sales-executive/57282748?source=searchResults&q=sales%20development%20representative&filter=%2Fjobs%2Fsales-development-representative-jobs-in-bangalore-street-sw15%3Fq%3Dsales%2Bdevelopment%2Brepresentative%26pageno%3D4%26locationId%3D4572795,https://www.reed.co.uk/jobs/pareto-law-plc/p8256,Actively Hiring,"Salary: £25,000 - £32,000 per annum | Type: Permanent, full-time, On-site | Badges: Easy Apply",Reed.co.uk,https://www.reed.co.uk/jobs/pareto-law-plc/p8256,https://www.reed.co.uk/jobs/sales-executive/57282748?source=searchResults&q=sales%20development%20representative&filter=%2Fjobs%2Fsales-development-representative-jobs-in-bangalore-street-sw15%3Fq%3Dsales%2Bdevelopment%2Brepresentative%26pageno%3D4%26locationId%3D4572795
Sales Executive,Pareto,London,2026-08-24,https://www.reed.co.uk/jobs/sales-executive/57270376?source=searchResults&q=sales%20development%20representative&filter=%2Fjobs%2Fsales-development-representative-jobs-in-bangalore-street-sw15%3Fq%3Dsales%2Bdevelopment%2Brepresentative%26pageno%3D4%26locationId%3D4572795,https://www.reed.co.uk/jobs/pareto-law-plc/p8256,Actively Hiring,"Salary: £41,500 per annum | Type: Permanent, full-time, On-site | Badges: Easy Apply",Reed.co.uk,https://www.reed.co.uk/jobs/pareto-law-plc/p8256,https://www.reed.co.uk/jobs/sales-executive/57270376?source=searchResults&q=sales%20development%20representative&filter=%2Fjobs%2Fsales-development-representative-jobs-in-bangalore-street-sw15%3Fq%3Dsales%2Bdevelopment%2Brepresentative%26pageno%3D4%26locationId%3D4572795
Sales Executive,Red Rhino Solutions,"East London, London",2026-08-23,https://www.reed.co.uk/jobs/sales-executive/57267086?source=searchResults&q=sales%20development%20representative&filter=%2Fjobs%2Fsales-development-representative-jobs-in-bangalore-street-sw15%3Fq%3Dsales%2Bdevelopment%2Brepresentative%26pageno%3D4%26locationId%3D4572795,https://www.reed.co.uk/jobs/red-rhino-solutions/p62225,Actively Hiring,"Salary: £28,000 - £36,000 per annum | Type: Permanent, full-time, On-site | Badges: Easy Apply",Reed.co.uk,https://www.reed.co.uk/jobs/red-rhino-solutions/p62225,https://www.reed.co.uk/jobs/sales-executive/57267086?source=searchResults&q=sales%20development%20representative&filter=%2Fjobs%2Fsales-development-representative-jobs-in-bangalore-street-sw15%3Fq%3Dsales%2Bdevelopment%2Brepresentative%26pageno%3D4%26locationId%3D4572795
Sales Executive,Insight Select Ltd,London,2026-08-21,https://www.reed.co.uk/jobs/sales-executive/57261564?source=searchResults&q=sales%20development%20representative&filter=%2Fjobs%2Fsales-development-representative-jobs-in-bangalore-street-sw15%3Fq%3Dsales%2Bdevelopment%2Brepresentative%26pageno%3D4%26locationId%3D4572795,https://www.reed.co.uk/jobs/insight-select-ltd/p73737,Actively Hiring,"Salary: £30,000 - £32,000 per annum | Type: Permanent, full-time, On-site | Badges: Easy Apply",Reed.co.uk,https://www.reed.co.uk/jobs/insight-select-ltd/p73737,https://www.reed.co.uk/jobs/sales-executive/57261564?source=searchResults&q=sales%20development%20representative&filter=%2Fjobs%2Fsales-development-representative-jobs-in-bangalore-street-sw15%3Fq%3Dsales%2Bdevelopment%2Brepresentative%26pageno%3D4%26locationId%3D4572795
Sales Executive,ABR Associates Ltd,London,2026-08-18,https://www.reed.co.uk/jobs/sales-executive/57252502?source=searchResults&q=sales%20development%20representative&filter=%2Fjobs%2Fsales-development-representative-jobs-in-bangalore-street-sw15%3Fq%3Dsales%2Bdevelopment%2Brepresentative%26pageno%3D4%26locationId%3D4572795,https://www.reed.co.uk/jobs/abr-associates-ltd/p10635,Actively Hiring,"Salary: £35,000 - £75,000 per annum, inc benefits, negotiable | Type: Permanent, full-time, On-site | Badges: Featured, Easy Apply",Reed.co.uk,https://www.reed.co.uk/jobs/abr-associates-ltd/p10635,https://www.reed.co.uk/jobs/sales-executive/57252502?source=searchResults&q=sales%20development%20representative&filter=%2Fjobs%2Fsales-development-representative-jobs-in-bangalore-street-sw15%3Fq%3Dsales%2Bdevelopment%2Brepresentative%26pageno%3D4%26locationId%3D4572795
Business development executives,C&M Travel Recruitment,London,2026-08-17,https://www.reed.co.uk/jobs/business-development-executives/57246776?source=searchResults&q=sales%20development%20representative&filter=%2Fjobs%2Fsales-development-representative-jobs-in-bangalore-street-sw15%3Fq%3Dsales%2Bdevelopment%2Brepresentative%26pageno%3D4%26locationId%3D4572795,https://www.reed.co.uk/jobs/c-m-travel-recruitment/p3931,Actively Hiring,"Salary: £25,000 - £35,000 per annum | Type: Permanent, full-time, Hybrid",Reed.co.uk,https://www.reed.co.uk/jobs/c-m-travel-recruitment/p3931,https://www.reed.co.uk/jobs/business-development-executives/57246776?source=searchResults&q=sales%20development%20representative&filter=%2Fjobs%2Fsales-development-representative-jobs-in-bangalore-street-sw15%3Fq%3Dsales%2Bdevelopment%2Brepresentative%26pageno%3D4%26locationId%3D4572795
Business Development Specialist,Ambition Europe Limited,London,2026-08-24,https://www.reed.co.uk/jobs/business-development-specialist/57270696?source=searchResults&q=sales%20development%20representative&filter=%2Fjobs%2Fsales-development-representative-jobs-in-bangalore-street-sw15%3Fq%3Dsales%2Bdevelopment%2Brepresentative%26pageno%3D4%26locationId%3D4572795,https://www.reed.co.uk/jobs/ambition-europe-limited/p11459,Actively Hiring,"Salary: Salary negotiable | Type: Permanent, full-time, On-site | Badges: Easy Apply",Reed.co.uk,https://www.reed.co.uk/jobs/ambition-europe-limited/p11459,https://www.reed.co.uk/jobs/business-development-specialist/57270696?source=searchResults&q=sales%20development%20representative&filter=%2Fjobs%2Fsales-development-representative-jobs-in-bangalore-street-sw15%3Fq%3Dsales%2Bdevelopment%2Brepresentative%26pageno%3D4%26locationId%3D4572795
B2B Sales Executive,Zachary Daniels,London,2026-08-13,https://www.reed.co.uk/jobs/b2b-sales-executive/57232008?source=searchResults&q=sales%20development%20representative&filter=%2Fjobs%2Fsales-development-representative-jobs-in-bangalore-street-sw15%3Fq%3Dsales%2Bdevelopment%2Brepresentative%26pageno%3D4%26locationId%3D4572795,https://www.reed.co.uk/jobs/zachary-daniels-limited/p12275,Actively Hiring,"Salary: £30,000 - £35,000 per annum | Type: Permanent, full-time, On-site | Badges: Featured, Easy Apply",Reed.co.uk,https://www.reed.co.uk/jobs/zachary-daniels-limited/p12275,https://www.reed.co.uk/jobs/b2b-sales-executive/57232008?source=searchResults&q=sales%20development%20representative&filter=%2Fjobs%2Fsales-development-representative-jobs-in-bangalore-street-sw15%3Fq%3Dsales%2Bdevelopment%2Brepresentative%26pageno%3D4%26locationId%3D4572795
Telephone Business Development Consultant,O'Loughlin Recruitment Ltd,London,2026-09-02,https://www.reed.co.uk/jobs/telephone-business-development-consultant/57025166?source=searchResults&q=sales%20development%20representative&filter=%2Fjobs%2Fsales-development-representative-jobs-in-bangalore-street-sw15%3Fq%3Dsales%2Bdevelopment%2Brepresentative%26pageno%3D4%26locationId%3D4572795,https://www.reed.co.uk/jobs/o-loughlin-recruitment-ltd/p108183,Actively Hiring,"Salary: £30,000 - £40,000 per annum | Type: Permanent, full-time, On-site | Badges: Easy Apply",Reed.co.uk,https://www.reed.co.uk/jobs/o-loughlin-recruitment-ltd/p108183,https://www.reed.co.uk/jobs/telephone-business-development-consultant/57025166?source=searchResults&q=sales%20development%20representative&filter=%2Fjobs%2Fsales-development-representative-jobs-in-bangalore-street-sw15%3Fq%3Dsales%2Bdevelopment%2Brepresentative%26pageno%3D4%26locationId%3D4572795
Software Sales / SaaS Sales,Browning Sykes Associates,South East England,2026-08-29,https://www.reed.co.uk/jobs/software-sales-saas-sales/57288332?source=searchResults&q=sales%20development%20representative&filter=%2Fjobs%2Fsales-development-representative-jobs-in-bangalore-street-sw15%3Fq%3Dsales%2Bdevelopment%2Brepresentative%26pageno%3D4%26locationId%3D4572795,https://www.reed.co.uk/jobs/browning-sykes-associates-0/p56396,Actively Hiring,"Salary: £50,000 - £120,000 per annum, OTE, negotiable | Type: Permanent, full-time, Remote",Reed.co.uk,https://www.reed.co.uk/jobs/browning-sykes-associates-0/p56396,https://www.reed.co.uk/jobs/software-sales-saas-sales/57288332?source=searchResults&q=sales%20development%20representative&filter=%2Fjobs%2Fsales-development-representative-jobs-in-bangalore-street-sw15%3Fq%3Dsales%2Bdevelopment%2Brepresentative%26pageno%3D4%26locationId%3D4572795
Sales Executive / Sales Representative,AWD online,"Brentford, Middlesex",2026-08-07,https://www.reed.co.uk/jobs/sales-executive-sales-representative/57210503?source=searchResults&q=sales%20development%20representative&filter=%2Fjobs%2Fsales-development-representative-jobs-in-bangalore-street-sw15%3Fq%3Dsales%2Bdevelopment%2Brepresentative%26pageno%3D4%26locationId%3D4572795,https://www.reed.co.uk/jobs/awd-online/p15121,Actively Hiring,"Salary: £45,000 per annum | Type: Permanent, full-time, On-site",Reed.co.uk,https://www.reed.co.uk/jobs/awd-online/p15121,https://www.reed.co.uk/jobs/sales-executive-sales-representative/57210503?source=searchResults&q=sales%20development%20representative&filter=%2Fjobs%2Fsales-development-representative-jobs-in-bangalore-street-sw15%3Fq%3Dsales%2Bdevelopment%2Brepresentative%26pageno%3D4%26locationId%3D4572795
Area Sales Manager - Building & Plumbing Tools,Mitchell Maguire,London,2026-09-05,https://www.reed.co.uk/jobs/area-sales-manager-building-plumbing-tools/57119437?source=searchResults&q=sales%20development%20representative&filter=%2Fjobs%2Fsales-development-representative-jobs-in-bangalore-street-sw15%3Fq%3Dsales%2Bdevelopment%2Brepresentative%26pageno%3D4%26locationId%3D4572795,https://www.reed.co.uk/jobs/mitchell-maguire/p58353,Actively Hiring,"Salary: £45,000 per annum, OTE | Type: Permanent, full-time, On-site | Badges: Easy Apply",Reed.co.uk,https://www.reed.co.uk/jobs/mitchell-maguire/p58353,https://www.reed.co.uk/jobs/area-sales-manager-building-plumbing-tools/57119437?source=searchResults&q=sales%20development%20representative&filter=%2Fjobs%2Fsales-development-representative-jobs-in-bangalore-street-sw15%3Fq%3Dsales%2Bdevelopment%2Brepresentative%26pageno%3D4%26locationId%3D4572795
Field Sales Representative,Surecall Recruitment,London,2026-09-08,https://www.reed.co.uk/jobs/field-sales-representative/57331121?source=searchResults&q=sales%20development%20representative&filter=%2Fjobs%2Fsales-development-representative-jobs-in-bangalore-street-sw15%3Fq%3Dsales%2Bdevelopment%2Brepresentative%26pageno%3D4%26locationId%3D4572795,https://www.reed.co.uk/jobs/surecall-recruitment/p17949,Actively Hiring,"Salary: £36,000 per annum, inc benefits | Type: Temporary, full-time, Remote | Badges: Easy Apply",Reed.co.uk,https://www.reed.co.uk/jobs/surecall-recruitment/p17949,https://www.reed.co.uk/jobs/field-sales-representative/57331121?source=searchResults&q=sales%20development%20representative&filter=%2Fjobs%2Fsales-development-representative-jobs-in-bangalore-street-sw15%3Fq%3Dsales%2Bdevelopment%2Brepresentative%26pageno%3D4%26locationId%3D4572795
Area Sales Manager - Decorative Lighting,Mitchell Maguire,London,2026-09-02,https://www.reed.co.uk/jobs/area-sales-manager-decorative-lighting/57303659?source=searchResults&q=sales%20development%20representative&filter=%2Fjobs%2Fsales-development-representative-jobs-in-bangalore-street-sw15%3Fq%3Dsales%2Bdevelopment%2Brepresentative%26pageno%3D4%26locationId%3D4572795,https://www.reed.co.uk/jobs/mitchell-maguire/p58353,Actively Hiring,"Salary: £50,000 - £65,000 per annum, OTE | Type: Permanent, full-time, On-site | Badges: Easy Apply",Reed.co.uk,https://www.reed.co.uk/jobs/mitchell-maguire/p58353,https://www.reed.co.uk/jobs/area-sales-manager-decorative-lighting/57303659?source=searchResults&q=sales%20development%20representative&filter=%2Fjobs%2Fsales-development-representative-jobs-in-bangalore-street-sw15%3Fq%3Dsales%2Bdevelopment%2Brepresentative%26pageno%3D4%26locationId%3D4572795
Business Development Representative,Pertemps SSDC - DDT,London,2026-09-08,https://www.reed.co.uk/jobs/business-development-representative/57320511?source=searchResults&q=sales%20development%20representative&filter=%2Fjobs%2Fsales-development-representative-jobs-in-bangalore-street-sw15%3Fq%3Dsales%2Bdevelopment%2Brepresentative%26pageno%3D4%26locationId%3D4572795,https://www.reed.co.uk/jobs/pertemps-ssdc-ddt/p49995,Actively Hiring,"Salary: £25.64 per hour | Type: Temporary, full-time, On-site | Badges: Featured, Easy Apply",Reed.co.uk,https://www.reed.co.uk/jobs/pertemps-ssdc-ddt/p49995,https://www.reed.co.uk/jobs/business-development-representative/57320511?source=searchResults&q=sales%20development%20representative&filter=%2Fjobs%2Fsales-development-representative-jobs-in-bangalore-street-sw15%3Fq%3Dsales%2Bdevelopment%2Brepresentative%26pageno%3D4%26locationId%3D4572795
Business Development Representative - German Speaker,Pareto,London,2026-08-04,https://www.reed.co.uk/jobs/business-development-representative-german-speaker/57196809?source=searchResults&q=sales%20development%20representative&filter=%2Fjobs%2Fsales-development-representative-jobs-in-bangalore-street-sw15%3Fq%3Dsales%2Bdevelopment%2Brepresentative%26pageno%3D4%26locationId%3D4572795,https://www.reed.co.uk/jobs/pareto-law-plc/p8256,Actively Hiring,"Salary: £35,000 - £40,000 per annum | Type: Permanent, full-time, Hybrid | Badges: Ending soon, Easy Apply",Reed.co.uk,https://www.reed.co.uk/jobs/pareto-law-plc/p8256,https://www.reed.co.uk/jobs/business-development-representative-german-speaker/57196809?source=searchResults&q=sales%20development%20representative&filter=%2Fjobs%2Fsales-development-representative-jobs-in-bangalore-street-sw15%3Fq%3Dsales%2Bdevelopment%2Brepresentative%26pageno%3D4%26locationId%3D4572795
Commercial Brand Representative - Architectural Hardware,Elix Sourcing Solutions Limited,London,2026-09-05,https://www.reed.co.uk/jobs/commercial-brand-representative-architectural-hardware/57316366?source=searchResults&q=sales%20development%20representative&filter=%2Fjobs%2Fsales-development-representative-jobs-in-bangalore-street-sw15%3Fq%3Dsales%2Bdevelopment%2Brepresentative%26pageno%3D4%26locationId%3D4572795,https://www.reed.co.uk/jobs/elix-sourcing-solutions-limited-109996/p109996,Actively Hiring,"Salary: £50,000 - £60,000 per annum, OTE, negotiable | Type: Permanent, full-time, Remote | Badges: Featured, Easy Apply",Reed.co.uk,https://www.reed.co.uk/jobs/elix-sourcing-solutions-limited-109996/p109996,https://www.reed.co.uk/jobs/commercial-brand-representative-architectural-hardware/57316366?source=searchResults&q=sales%20development%20representative&filter=%2Fjobs%2Fsales-development-representative-jobs-in-bangalore-street-sw15%3Fq%3Dsales%2Bdevelopment%2Brepresentative%26pageno%3D4%26locationId%3D4572795
Telesales Team Leader,VIA MATCH LIMITED,London,2026-09-12,https://www.reed.co.uk/jobs/telesales-team-leader/57343028?source=searchResults&q=sales%20development%20representative&filter=%2Fjobs%2Fsales-development-representative-jobs-in-bangalore-street-sw15%3Fq%3Dsales%2Bdevelopment%2Brepresentative%26pageno%3D4%26locationId%3D4572795,https://www.reed.co.uk/jobs/via-match-limited/p108077,Actively Hiring,"Salary: £35,000 - £45,000 per annum | Type: Permanent, full-time, On-site | Badges: Featured, New, Easy Apply",Reed.co.uk,https://www.reed.co.uk/jobs/via-match-limited/p108077,https://www.reed.co.uk/jobs/telesales-team-leader/57343028?source=searchResults&q=sales%20development%20representative&filter=%2Fjobs%2Fsales-development-representative-jobs-in-bangalore-street-sw15%3Fq%3Dsales%2Bdevelopment%2Brepresentative%26pageno%3D4%26locationId%3D4572795
Sales Development Representative,YuJa Inc.,London,2026-09-03,https://www.reed.co.uk/jobs/sales-development-representative/57308162?source=searchResults&q=sales%20development%20representative&filter=%2Fjobs%2Fsales-development-representative-jobs-in-bangalore-street-sw15%3Fq%3Dsales%2Bdevelopment%2Brepresentative%26pageno%3D5%26locationId%3D4572795,https://www.reed.co.uk/jobs/yuja-inc/p113807,Actively Hiring,"Salary: £55,000 - £60,000 per annum, OTE | Type: Permanent, full-time, On-site | Badges: Promoted",Reed.co.uk,https://www.reed.co.uk/jobs/yuja-inc/p113807,https://www.reed.co.uk/jobs/sales-development-representative/57308162?source=searchResults&q=sales%20development%20representative&filter=%2Fjobs%2Fsales-development-representative-jobs-in-bangalore-street-sw15%3Fq%3Dsales%2Bdevelopment%2Brepresentative%26pageno%3D5%26locationId%3D4572795
Japanese Speaking Sales Representative - Consumer Electronics,People First,London,2026-09-08,https://www.reed.co.uk/jobs/japanese-speaking-sales-representative-consumer-electronics/57321612?source=searchResults&q=sales%20development%20representative&filter=%2Fjobs%2Fsales-development-representative-jobs-in-bangalore-street-sw15%3Fq%3Dsales%2Bdevelopment%2Brepresentative%26pageno%3D5%26locationId%3D4572795,https://www.reed.co.uk/jobs/people-first/p2683,Actively Hiring,"Salary: £35,000 per annum | Type: Permanent, full-time, Hybrid | Badges: Easy Apply",Reed.co.uk,https://www.reed.co.uk/jobs/people-first/p2683,https://www.reed.co.uk/jobs/japanese-speaking-sales-representative-consumer-electronics/57321612?source=searchResults&q=sales%20development%20representative&filter=%2Fjobs%2Fsales-development-representative-jobs-in-bangalore-street-sw15%3Fq%3Dsales%2Bdevelopment%2Brepresentative%26pageno%3D5%26locationId%3D4572795
Business Development Executive - Insurance,Robert Walters,London,2026-09-08,https://www.reed.co.uk/jobs/business-development-executive-insurance/57321044?source=searchResults&q=sales%20development%20representative&filter=%2Fjobs%2Fsales-development-representative-jobs-in-bangalore-street-sw15%3Fq%3Dsales%2Bdevelopment%2Brepresentative%26pageno%3D5%26locationId%3D4572795,https://www.reed.co.uk/jobs/robert-walters-18673/p18673,Actively Hiring,"Salary: £50,000 per annum | Type: Permanent, full-time, On-site | Badges: Easy Apply",Reed.co.uk,https://www.reed.co.uk/jobs/robert-walters-18673/p18673,https://www.reed.co.uk/jobs/business-development-executive-insurance/57321044?source=searchResults&q=sales%20development%20representative&filter=%2Fjobs%2Fsales-development-representative-jobs-in-bangalore-street-sw15%3Fq%3Dsales%2Bdevelopment%2Brepresentative%26pageno%3D5%26locationId%3D4572795
Business Development Manager,AWD online,London,2026-08-07,https://www.reed.co.uk/jobs/business-development-manager/57207099?source=searchResults&q=sales%20development%20representative&filter=%2Fjobs%2Fsales-development-representative-jobs-in-bangalore-street-sw15%3Fq%3Dsales%2Bdevelopment%2Brepresentative%26pageno%3D5%26locationId%3D4572795,https://www.reed.co.uk/jobs/awd-online/p15121,Actively Hiring,"Salary: £40,000 - £45,000 per annum | Type: Permanent, full-time, On-site | Badges: Easy Apply",Reed.co.uk,https://www.reed.co.uk/jobs/awd-online/p15121,https://www.reed.co.uk/jobs/business-development-manager/57207099?source=searchResults&q=sales%20development%20representative&filter=%2Fjobs%2Fsales-development-representative-jobs-in-bangalore-street-sw15%3Fq%3Dsales%2Bdevelopment%2Brepresentative%26pageno%3D5%26locationId%3D4572795
Field Sales Representative,FLATPAY APS,London,2026-08-17,https://www.reed.co.uk/jobs/field-sales-representative/57246157?source=searchResults&q=sales%20development%20representative&filter=%2Fjobs%2Fsales-development-representative-jobs-in-bangalore-street-sw15%3Fq%3Dsales%2Bdevelopment%2Brepresentative%26pageno%3D5%26locationId%3D4572795,https://www.reed.co.uk/jobs/flatpay-aps-112546/p112546,Actively Hiring,"Salary: Competitive salary | Type: Permanent, full-time, Remote | Badges: Featured",Reed.co.uk,https://www.reed.co.uk/jobs/flatpay-aps-112546/p112546,https://www.reed.co.uk/jobs/field-sales-representative/57246157?source=searchResults&q=sales%20development%20representative&filter=%2Fjobs%2Fsales-development-representative-jobs-in-bangalore-street-sw15%3Fq%3Dsales%2Bdevelopment%2Brepresentative%26pageno%3D5%26locationId%3D4572795
"Junior Sales Executive, Pricing & Analytics",eFinancialCareers,London,2026-09-11,https://www.reed.co.uk/jobs/junior-sales-executive-pricing-analytics/57339868?source=searchResults&q=sales%20development%20representative&filter=%2Fjobs%2Fsales-development-representative-jobs-in-bangalore-street-sw15%3Fq%3Dsales%2Bdevelopment%2Brepresentative%26pageno%3D5%26locationId%3D4572795,https://www.reed.co.uk/jobs/efinancial-careers/p74850,Actively Hiring,"Salary: Competitive salary | Type: Permanent, full-time, On-site | Badges: New",Reed.co.uk,https://www.reed.co.uk/jobs/efinancial-careers/p74850,https://www.reed.co.uk/jobs/junior-sales-executive-pricing-analytics/57339868?source=searchResults&q=sales%20development%20representative&filter=%2Fjobs%2Fsales-development-representative-jobs-in-bangalore-street-sw15%3Fq%3Dsales%2Bdevelopment%2Brepresentative%26pageno%3D5%26locationId%3D4572795
"Product Development, Private Assets - Associate Director - Barings",eFinancialCareers,London,2026-09-08,https://www.reed.co.uk/jobs/product-development-private-assets-associate-director-barings/57321939?source=searchResults&q=sales%20development%20representative&filter=%2Fjobs%2Fsales-development-representative-jobs-in-bangalore-street-sw15%3Fq%3Dsales%2Bdevelopment%2Brepresentative%26pageno%3D5%26locationId%3D4572795,https://www.reed.co.uk/jobs/efinancial-careers/p74850,Actively Hiring,"Salary: Competitive salary | Type: Permanent, full-time, On-site",Reed.co.uk,https://www.reed.co.uk/jobs/efinancial-careers/p74850,https://www.reed.co.uk/jobs/product-development-private-assets-associate-director-barings/57321939?source=searchResults&q=sales%20development%20representative&filter=%2Fjobs%2Fsales-development-representative-jobs-in-bangalore-street-sw15%3Fq%3Dsales%2Bdevelopment%2Brepresentative%26pageno%3D5%26locationId%3D4572795
Business Development Representative,FLATPAY APS,London,2026-08-17,https://www.reed.co.uk/jobs/business-development-representative/57246159?source=searchResults&q=sales%20development%20representative&filter=%2Fjobs%2Fsales-development-representative-jobs-in-bangalore-street-sw15%3Fq%3Dsales%2Bdevelopment%2Brepresentative%26locationId%3D4572795,https://www.reed.co.uk/jobs/flatpay-aps-112546/p112546,Actively Hiring,"Salary: Competitive salary | Type: Permanent, full-time, On-site | Badges: Featured",Reed.co.uk,https://www.reed.co.uk/jobs/flatpay-aps-112546/p112546,https://www.reed.co.uk/jobs/business-development-representative/57246159?source=searchResults&q=sales%20development%20representative&filter=%2Fjobs%2Fsales-development-representative-jobs-in-bangalore-street-sw15%3Fq%3Dsales%2Bdevelopment%2Brepresentative%26locationId%3D4572795
Sales Development Rep,Pareto,London,2026-09-12,https://www.reed.co.uk/jobs/sales-development-rep/57350100?source=searchResults&q=sales%20development%20representative&filter=%2Fjobs%2Fsales-development-representative-jobs-in-bangalore-street-sw15%3Fq%3Dsales%2Bdevelopment%2Brepresentative%26locationId%3D4572795,https://www.reed.co.uk/jobs/pareto-law-plc/p8256,Actively Hiring,"Salary: £21,000 - £30,000 per annum | Type: Permanent, full-time | Badges: New, Easy Apply",Reed.co.uk,https://www.reed.co.uk/jobs/pareto-law-plc/p8256,https://www.reed.co.uk/jobs/sales-development-rep/57350100?source=searchResults&q=sales%20development%20representative&filter=%2Fjobs%2Fsales-development-representative-jobs-in-bangalore-street-sw15%3Fq%3Dsales%2Bdevelopment%2Brepresentative%26locationId%3D4572795
Sales Development Rep,Pareto,London,2026-09-07,https://www.reed.co.uk/jobs/sales-development-rep/57317302?source=searchResults&q=sales%20development%20representative&filter=%2Fjobs%2Fsales-development-representative-jobs-in-bangalore-street-sw15%3Fq%3Dsales%2Bdevelopment%2Brepresentative%26locationId%3D4572795,https://www.reed.co.uk/jobs/pareto-law-plc/p8256,Actively Hiring,"Salary: £21,000 - £30,000 per annum | Type: Permanent, full-time, Hybrid | Badges: Easy Apply",Reed.co.uk,https://www.reed.co.uk/jobs/pareto-law-plc/p8256,https://www.reed.co.uk/jobs/sales-development-rep/57317302?source=searchResults&q=sales%20development%20representative&filter=%2Fjobs%2Fsales-development-representative-jobs-in-bangalore-street-sw15%3Fq%3Dsales%2Bdevelopment%2Brepresentative%26locationId%3D4572795
Sales Development Rep,Pareto,London,2026-08-26,https://www.reed.co.uk/jobs/sales-development-rep/57280674?source=searchResults&q=sales%20development%20representative&filter=%2Fjobs%2Fsales-development-representative-jobs-in-bangalore-street-sw15%3Fq%3Dsales%2Bdevelopment%2Brepresentative%26locationId%3D4572795,https://www.reed.co.uk/jobs/pareto-law-plc/p8256,Actively Hiring,"Salary: £30,000 per annum | Type: Permanent, full-time, Hybrid | Badges: Easy Apply",Reed.co.uk,https://www.reed.co.uk/jobs/pareto-law-plc/p8256,https://www.reed.co.uk/jobs/sales-development-rep/57280674?source=searchResults&q=sales%20development%20representative&filter=%2Fjobs%2Fsales-development-representative-jobs-in-bangalore-street-sw15%3Fq%3Dsales%2Bdevelopment%2Brepresentative%26locationId%3D4572795
Sales Development Rep,Pareto,London,2026-09-07,https://www.reed.co.uk/jobs/sales-development-rep/57316908?source=searchResults&q=sales%20development%20representative&filter=%2Fjobs%2Fsales-development-representative-jobs-in-bangalore-street-sw15%3Fq%3Dsales%2Bdevelopment%2Brepresentative%26pageno%3D2%26locationId%3D4572795,https://www.reed.co.uk/jobs/pareto-law-plc/p8256,Actively Hiring,"Salary: £30,000 per annum | Type: Permanent, full-time, Hybrid | Badges: Easy Apply",Reed.co.uk,https://www.reed.co.uk/jobs/pareto-law-plc/p8256,https://www.reed.co.uk/jobs/sales-development-rep/57316908?source=searchResults&q=sales%20development%20representative&filter=%2Fjobs%2Fsales-development-representative-jobs-in-bangalore-street-sw15%3Fq%3Dsales%2Bdevelopment%2Brepresentative%26pageno%3D2%26locationId%3D4572795
Sales Development Rep,Pareto,London,2026-09-07,https://www.reed.co.uk/jobs/sales-development-rep/57333837?source=searchResults&q=sales%20development%20representative&filter=%2Fjobs%2Fsales-development-representative-jobs-in-bangalore-street-sw15%3Fq%3Dsales%2Bdevelopment%2Brepresentative%26pageno%3D2%26locationId%3D4572795,https://www.reed.co.uk/jobs/pareto-law-plc/p8256,Actively Hiring,"Salary: £32,092 per annum | Type: Permanent, full-time, Hybrid | Badges: Easy Apply",Reed.co.uk,https://www.reed.co.uk/jobs/pareto-law-plc/p8256,https://www.reed.co.uk/jobs/sales-development-rep/57333837?source=searchResults&q=sales%20development%20representative&filter=%2Fjobs%2Fsales-development-representative-jobs-in-bangalore-street-sw15%3Fq%3Dsales%2Bdevelopment%2Brepresentative%26pageno%3D2%26locationId%3D4572795
Field Sales Representative — South West London & Surrey,FLATPAY APS,"Kingston Upon Thames, Surrey",2026-08-21,https://www.reed.co.uk/jobs/field-sales-representative--south-west-london-surrey/57263239?source=searchResults&q=sales%20development%20representative&filter=%2Fjobs%2Fsales-development-representative-jobs-in-bangalore-street-sw15%3Fq%3Dsales%2Bdevelopment%2Brepresentative%26pageno%3D2%26locationId%3D4572795,https://www.reed.co.uk/jobs/flatpay-aps-112546/p112546,Actively Hiring,"Salary: Competitive salary | Type: Permanent, full-time, Remote | Badges: Featured",Reed.co.uk,https://www.reed.co.uk/jobs/flatpay-aps-112546/p112546,https://www.reed.co.uk/jobs/field-sales-representative--south-west-london-surrey/57263239?source=searchResults&q=sales%20development%20representative&filter=%2Fjobs%2Fsales-development-representative-jobs-in-bangalore-street-sw15%3Fq%3Dsales%2Bdevelopment%2Brepresentative%26pageno%3D2%26locationId%3D4572795
Submissions Development Representative,Chambers and Partners,London,2026-09-11,https://www.reed.co.uk/jobs/submissions-development-representative/57344175?source=searchResults&q=sales%20development%20representative&filter=%2Fjobs%2Fsales-development-representative-jobs-in-bangalore-street-sw15%3Fq%3Dsales%2Bdevelopment%2Brepresentative%26pageno%3D2%26locationId%3D4572795,https://www.reed.co.uk/jobs/chambers-and-partners/p83320,Actively Hiring,"Salary: Competitive salary | Type: Permanent, full-time, Hybrid | Badges: Featured, New, EarlyBirdEarly bird",Reed.co.uk,https://www.reed.co.uk/jobs/chambers-and-partners/p83320,https://www.reed.co.uk/jobs/submissions-development-representative/57344175?source=searchResults&q=sales%20development%20representative&filter=%2Fjobs%2Fsales-development-representative-jobs-in-bangalore-street-sw15%3Fq%3Dsales%2Bdevelopment%2Brepresentative%26pageno%3D2%26locationId%3D4572795
Field Sales Executives (D2D),Ad Warrior,London,2026-09-12,https://www.reed.co.uk/jobs/field-sales-executives-d2d/57346812?source=searchResults&q=sales%20development%20representative&filter=%2Fjobs%2Fsales-development-representative-jobs-in-bangalore-street-sw15%3Fq%3Dsales%2Bdevelopment%2Brepresentative%26pageno%3D2%26locationId%3D4572795,https://www.reed.co.uk/jobs/ad-warrior-78275/p78275,Actively Hiring,"Salary: Competitive salary | Type: Permanent, full-time, On-site | Badges: New, EarlyBirdEarly bird",Reed.co.uk,https://www.reed.co.uk/jobs/ad-warrior-78275/p78275,https://www.reed.co.uk/jobs/field-sales-executives-d2d/57346812?source=searchResults&q=sales%20development%20representative&filter=%2Fjobs%2Fsales-development-representative-jobs-in-bangalore-street-sw15%3Fq%3Dsales%2Bdevelopment%2Brepresentative%26pageno%3D2%26locationId%3D4572795
Business Development Executive,Chambers and Partners,London,2026-08-26,https://www.reed.co.uk/jobs/business-development-executive/57218944?source=searchResults&q=sales%20development%20representative&filter=%2Fjobs%2Fsales-development-representative-jobs-in-bangalore-street-sw15%3Fq%3Dsales%2Bdevelopment%2Brepresentative%26pageno%3D2%26locationId%3D4572795,https://www.reed.co.uk/jobs/chambers-and-partners/p83320,Actively Hiring,"Salary: Competitive salary | Type: Permanent, full-time, Hybrid | Badges: Featured",Reed.co.uk,https://www.reed.co.uk/jobs/chambers-and-partners/p83320,https://www.reed.co.uk/jobs/business-development-executive/57218944?source=searchResults&q=sales%20development%20representative&filter=%2Fjobs%2Fsales-development-representative-jobs-in-bangalore-street-sw15%3Fq%3Dsales%2Bdevelopment%2Brepresentative%26pageno%3D2%26locationId%3D4572795
Business Development Executive,Working Futures,London,2026-08-19,https://www.reed.co.uk/jobs/business-development-executive/57254690?source=searchResults&q=sales%20development%20representative&filter=%2Fjobs%2Fsales-development-representative-jobs-in-bangalore-street-sw15%3Fq%3Dsales%2Bdevelopment%2Brepresentative%26pageno%3D2%26locationId%3D4572795,https://www.reed.co.uk/jobs/working-futures/p112381,Actively Hiring,"Salary: £27,000 - £60,000 per annum | Type: Permanent, full-time, Hybrid | Badges: Featured, Easy Apply",Reed.co.uk,https://www.reed.co.uk/jobs/working-futures/p112381,https://www.reed.co.uk/jobs/business-development-executive/57254690?source=searchResults&q=sales%20development%20representative&filter=%2Fjobs%2Fsales-development-representative-jobs-in-bangalore-street-sw15%3Fq%3Dsales%2Bdevelopment%2Brepresentative%26pageno%3D2%26locationId%3D4572795
Graduate Medical Sales Representative,Parna Recruitment,South East England,2026-09-12,https://www.reed.co.uk/jobs/graduate-medical-sales-representative/57349658?source=searchResults&q=sales%20development%20representative&filter=%2Fjobs%2Fsales-development-representative-jobs-in-bangalore-street-sw15%3Fq%3Dsales%2Bdevelopment%2Brepresentative%26pageno%3D2%26locationId%3D4572795,https://www.reed.co.uk/jobs/parna-recruitment/p24322,Actively Hiring,"Salary: £27,000 per annum | Type: Permanent, full-time, Remote | Badges: Featured, New, Easy Apply",Reed.co.uk,https://www.reed.co.uk/jobs/parna-recruitment/p24322,https://www.reed.co.uk/jobs/graduate-medical-sales-representative/57349658?source=searchResults&q=sales%20development%20representative&filter=%2Fjobs%2Fsales-development-representative-jobs-in-bangalore-street-sw15%3Fq%3Dsales%2Bdevelopment%2Brepresentative%26pageno%3D2%26locationId%3D4572795
Business Development Executive,CN Sales Recruitment,London,2026-09-07,https://www.reed.co.uk/jobs/business-development-executive/57141117?source=searchResults&q=sales%20development%20representative&filter=%2Fjobs%2Fsales-development-representative-jobs-in-bangalore-street-sw15%3Fq%3Dsales%2Bdevelopment%2Brepresentative%26pageno%3D3%26locationId%3D4572795,https://www.reed.co.uk/jobs/cn-sales-recruitment-92006/p92006,Actively Hiring,"Salary: £40,000 - £45,000 per annum | Type: Permanent, full-time, Hybrid | Badges: Easy Apply",Reed.co.uk,https://www.reed.co.uk/jobs/cn-sales-recruitment-92006/p92006,https://www.reed.co.uk/jobs/business-development-executive/57141117?source=searchResults&q=sales%20development%20representative&filter=%2Fjobs%2Fsales-development-representative-jobs-in-bangalore-street-sw15%3Fq%3Dsales%2Bdevelopment%2Brepresentative%26pageno%3D3%26locationId%3D4572795
Business Development Executive,Ambition Europe Limited,London,2026-09-12,https://www.reed.co.uk/jobs/business-development-executive/57347612?source=searchResults&q=sales%20development%20representative&filter=%2Fjobs%2Fsales-development-representative-jobs-in-bangalore-street-sw15%3Fq%3Dsales%2Bdevelopment%2Brepresentative%26pageno%3D3%26locationId%3D4572795,https://www.reed.co.uk/jobs/ambition-europe-limited/p11459,Actively Hiring,"Salary: Salary negotiable | Type: Permanent, full-time | Badges: New, Easy Apply",Reed.co.uk,https://www.reed.co.uk/jobs/ambition-europe-limited/p11459,https://www.reed.co.uk/jobs/business-development-executive/57347612?source=searchResults&q=sales%20development%20representative&filter=%2Fjobs%2Fsales-development-representative-jobs-in-bangalore-street-sw15%3Fq%3Dsales%2Bdevelopment%2Brepresentative%26pageno%3D3%26locationId%3D4572795
Business Development Executive,Pure Resourcing Limited,London,2026-09-12,https://www.reed.co.uk/jobs/business-development-executive/57347074?source=searchResults&q=sales%20development%20representative&filter=%2Fjobs%2Fsales-development-representative-jobs-in-bangalore-street-sw15%3Fq%3Dsales%2Bdevelopment%2Brepresentative%26pageno%3D3%26locationId%3D4572795,https://www.reed.co.uk/jobs/pure-resourcing-limited/p4059,Actively Hiring,"Salary: £30,000 - £45,000 per annum | Type: Permanent, full-time, Hybrid | Badges: New, Easy Apply",Reed.co.uk,https://www.reed.co.uk/jobs/pure-resourcing-limited/p4059,https://www.reed.co.uk/jobs/business-development-executive/57347074?source=searchResults&q=sales%20development%20representative&filter=%2Fjobs%2Fsales-development-representative-jobs-in-bangalore-street-sw15%3Fq%3Dsales%2Bdevelopment%2Brepresentative%26pageno%3D3%26locationId%3D4572795
Business development executive,Law Staff Limited,London,2026-08-28,https://www.reed.co.uk/jobs/business-development-executive/57287846?source=searchResults&q=sales%20development%20representative&filter=%2Fjobs%2Fsales-development-representative-jobs-in-bangalore-street-sw15%3Fq%3Dsales%2Bdevelopment%2Brepresentative%26pageno%3D3%26locationId%3D4572795,https://www.reed.co.uk/jobs/law-staff-limited-97326/p97326,Actively Hiring,"Salary: £40,000 - £50,000 per annum | Type: Permanent, full-time, On-site | Badges: Easy Apply",Reed.co.uk,https://www.reed.co.uk/jobs/law-staff-limited-97326/p97326,https://www.reed.co.uk/jobs/business-development-executive/57287846?source=searchResults&q=sales%20development%20representative&filter=%2Fjobs%2Fsales-development-representative-jobs-in-bangalore-street-sw15%3Fq%3Dsales%2Bdevelopment%2Brepresentative%26pageno%3D3%26locationId%3D4572795
Business development executives,C&M Travel Recruitment,London,2026-08-17,https://www.reed.co.uk/jobs/business-development-executives/57246776?source=searchResults&q=sales%20development%20representative&filter=%2Fjobs%2Fsales-development-representative-jobs-in-bangalore-street-sw15%3Fq%3Dsales%2Bdevelopment%2Brepresentative%26pageno%3D3%26locationId%3D4572795,https://www.reed.co.uk/jobs/c-m-travel-recruitment/p3931,Actively Hiring,"Salary: £25,000 - £35,000 per annum | Type: Permanent, full-time, Hybrid",Reed.co.uk,https://www.reed.co.uk/jobs/c-m-travel-recruitment/p3931,https://www.reed.co.uk/jobs/business-development-executives/57246776?source=searchResults&q=sales%20development%20representative&filter=%2Fjobs%2Fsales-development-representative-jobs-in-bangalore-street-sw15%3Fq%3Dsales%2Bdevelopment%2Brepresentative%26pageno%3D3%26locationId%3D4572795
Business Development / Sales - Construction or Refurb experience essential,PEOPLE2PEOPLE RECRUITMENT (UK) LIMITED,London,2026-07-16,https://www.reed.co.uk/jobs/business-development-sales-construction-or-refurb-experience-essential/57108912?source=searchResults&q=sales%20development%20representative&filter=%2Fjobs%2Fsales-development-representative-jobs-in-bangalore-street-sw15%3Fq%3Dsales%2Bdevelopment%2Brepresentative%26pageno%3D3%26locationId%3D4572795,https://www.reed.co.uk/jobs/-people2people-recruitment-uk-limited-92055/p92055,Actively Hiring,"Salary: £35,000 - £50,000 per annum | Type: Permanent, full-time, On-site | Badges: Easy Apply",Reed.co.uk,https://www.reed.co.uk/jobs/-people2people-recruitment-uk-limited-92055/p92055,https://www.reed.co.uk/jobs/business-development-sales-construction-or-refurb-experience-essential/57108912?source=searchResults&q=sales%20development%20representative&filter=%2Fjobs%2Fsales-development-representative-jobs-in-bangalore-street-sw15%3Fq%3Dsales%2Bdevelopment%2Brepresentative%26pageno%3D3%26locationId%3D4572795
Sales Account Executive,Access Appointments Consultancy Limited,London,2026-09-04,https://www.reed.co.uk/jobs/sales-account-executive/57313016?source=searchResults&q=sales%20development%20representative&filter=%2Fjobs%2Fsales-development-representative-jobs-in-bangalore-street-sw15%3Fq%3Dsales%2Bdevelopment%2Brepresentative%26pageno%3D3%26locationId%3D4572795,https://www.reed.co.uk/jobs/access-appointments-consultancy-limited/p16352,Actively Hiring,"Salary: £28,000 - £40,000 per annum | Type: Permanent, full-time, Hybrid",Reed.co.uk,https://www.reed.co.uk/jobs/access-appointments-consultancy-limited/p16352,https://www.reed.co.uk/jobs/sales-account-executive/57313016?source=searchResults&q=sales%20development%20representative&filter=%2Fjobs%2Fsales-development-representative-jobs-in-bangalore-street-sw15%3Fq%3Dsales%2Bdevelopment%2Brepresentative%26pageno%3D3%26locationId%3D4572795
Business Development / Sales - Construction or Refurb experience essential,PEOPLE2PEOPLE RECRUITMENT (UK) LIMITED,London,2026-07-16,https://www.reed.co.uk/jobs/business-development-sales-construction-or-refurb-experience-essential/57108912?source=searchResults&q=sales%20development%20representative&filter=%2Fjobs%2Fsales-development-representative-jobs-in-bangalore-street-sw15%3Fq%3Dsales%2Bdevelopment%2Brepresentative%26pageno%3D4%26locationId%3D4572795,https://www.reed.co.uk/jobs/-people2people-recruitment-uk-limited-92055/p92055,Actively Hiring,"Salary: £35,000 - £50,000 per annum | Type: Permanent, full-time, On-site | Badges: Easy Apply",Reed.co.uk,https://www.reed.co.uk/jobs/-people2people-recruitment-uk-limited-92055/p92055,https://www.reed.co.uk/jobs/business-development-sales-construction-or-refurb-experience-essential/57108912?source=searchResults&q=sales%20development%20representative&filter=%2Fjobs%2Fsales-development-representative-jobs-in-bangalore-street-sw15%3Fq%3Dsales%2Bdevelopment%2Brepresentative%26pageno%3D4%26locationId%3D4572795
Delegate Sales Manager,Lipton Media,London,2026-09-07,https://www.reed.co.uk/jobs/delegate-sales-manager/57316330?source=searchResults&q=sales%20development%20representative&filter=%2Fjobs%2Fsales-development-representative-jobs-in-bangalore-street-sw15%3Fq%3Dsales%2Bdevelopment%2Brepresentative%26pageno%3D4%26locationId%3D4572795,https://www.reed.co.uk/jobs/lipton-media/p25791,Actively Hiring,"Salary: £40,000 - £50,000 per annum | Type: Permanent, full-time, On-site | Badges: Easy Apply",Reed.co.uk,https://www.reed.co.uk/jobs/lipton-media/p25791,https://www.reed.co.uk/jobs/delegate-sales-manager/57316330?source=searchResults&q=sales%20development%20representative&filter=%2Fjobs%2Fsales-development-representative-jobs-in-bangalore-street-sw15%3Fq%3Dsales%2Bdevelopment%2Brepresentative%26pageno%3D4%26locationId%3D4572795
Delegate Sales Manager,Lipton Media,London,2026-09-11,https://www.reed.co.uk/jobs/delegate-sales-manager/57341150?source=searchResults&q=sales%20development%20representative&filter=%2Fjobs%2Fsales-development-representative-jobs-in-bangalore-street-sw15%3Fq%3Dsales%2Bdevelopment%2Brepresentative%26pageno%3D4%26locationId%3D4572795,https://www.reed.co.uk/jobs/lipton-media/p25791,Actively Hiring,"Salary: £40,000 - £50,000 per annum | Type: Permanent, full-time, On-site | Badges: New, Easy Apply",Reed.co.uk,https://www.reed.co.uk/jobs/lipton-media/p25791,https://www.reed.co.uk/jobs/delegate-sales-manager/57341150?source=searchResults&q=sales%20development%20representative&filter=%2Fjobs%2Fsales-development-representative-jobs-in-bangalore-street-sw15%3Fq%3Dsales%2Bdevelopment%2Brepresentative%26pageno%3D4%26locationId%3D4572795
Delegate Sales Manager,Lipton Media,London,2026-09-01,https://www.reed.co.uk/jobs/delegate-sales-manager/57296749?source=searchResults&q=sales%20development%20representative&filter=%2Fjobs%2Fsales-development-representative-jobs-in-bangalore-street-sw15%3Fq%3Dsales%2Bdevelopment%2Brepresentative%26pageno%3D4%26locationId%3D4572795,https://www.reed.co.uk/jobs/lipton-media/p25791,Actively Hiring,"Salary: £40,000 - £50,000 per annum | Type: Permanent, full-time, On-site | Badges: Easy Apply",Reed.co.uk,https://www.reed.co.uk/jobs/lipton-media/p25791,https://www.reed.co.uk/jobs/delegate-sales-manager/57296749?source=searchResults&q=sales%20development%20representative&filter=%2Fjobs%2Fsales-development-representative-jobs-in-bangalore-street-sw15%3Fq%3Dsales%2Bdevelopment%2Brepresentative%26pageno%3D4%26locationId%3D4572795
Training Sales Executive,Bond Solon,"City of London, London",2026-09-07,https://www.reed.co.uk/jobs/training-sales-executive/57332019?source=searchResults&q=sales%20development%20representative&filter=%2Fjobs%2Fsales-development-representative-jobs-in-bangalore-street-sw15%3Fq%3Dsales%2Bdevelopment%2Brepresentative%26pageno%3D4%26locationId%3D4572795,https://www.reed.co.uk/jobs/bond-solon/p88570,Actively Hiring,"Salary: £32,130 per annum | Type: Permanent, full-time, Hybrid | Badges: Featured, Easy Apply",Reed.co.uk,https://www.reed.co.uk/jobs/bond-solon/p88570,https://www.reed.co.uk/jobs/training-sales-executive/57332019?source=searchResults&q=sales%20development%20representative&filter=%2Fjobs%2Fsales-development-representative-jobs-in-bangalore-street-sw15%3Fq%3Dsales%2Bdevelopment%2Brepresentative%26pageno%3D4%26locationId%3D4572795
Business Development Specialist,ABL Recruitment,London,2026-09-01,https://www.reed.co.uk/jobs/business-development-specialist/57296795?source=searchResults&q=sales%20development%20representative&filter=%2Fjobs%2Fsales-development-representative-jobs-in-bangalore-street-sw15%3Fq%3Dsales%2Bdevelopment%2Brepresentative%26pageno%3D4%26locationId%3D4572795,https://www.reed.co.uk/jobs/abl-the-language-specialists/p14303,Actively Hiring,"Salary: £45,000 - £65,000 per annum | Type: Permanent, full-time, On-site | Badges: Easy Apply",Reed.co.uk,https://www.reed.co.uk/jobs/abl-the-language-specialists/p14303,https://www.reed.co.uk/jobs/business-development-specialist/57296795?source=searchResults&q=sales%20development%20representative&filter=%2Fjobs%2Fsales-development-representative-jobs-in-bangalore-street-sw15%3Fq%3Dsales%2Bdevelopment%2Brepresentative%26pageno%3D4%26locationId%3D4572795
Business Development Specialist,Michael Page Marketing,London,2026-09-01,https://www.reed.co.uk/jobs/business-development-specialist/57295457?source=searchResults&q=sales%20development%20representative&filter=%2Fjobs%2Fsales-development-representative-jobs-in-bangalore-street-sw15%3Fq%3Dsales%2Bdevelopment%2Brepresentative%26pageno%3D4%26locationId%3D4572795,https://www.reed.co.uk/jobs/michael-page-marketing-25837/p25837,Actively Hiring,"Salary: Salary negotiable | Type: Temporary, full-time, Hybrid | Badges: Featured, Easy Apply",Reed.co.uk,https://www.reed.co.uk/jobs/michael-page-marketing-25837/p25837,https://www.reed.co.uk/jobs/business-development-specialist/57295457?source=searchResults&q=sales%20development%20representative&filter=%2Fjobs%2Fsales-development-representative-jobs-in-bangalore-street-sw15%3Fq%3Dsales%2Bdevelopment%2Brepresentative%26pageno%3D4%26locationId%3D4572795
Business Development Specialist,This is Alexander Faraday Recruitment,"Hounslow, Middlesex",2026-08-21,https://www.reed.co.uk/jobs/business-development-specialist/57263372?source=searchResults&q=sales%20development%20representative&filter=%2Fjobs%2Fsales-development-representative-jobs-in-bangalore-street-sw15%3Fq%3Dsales%2Bdevelopment%2Brepresentative%26pageno%3D4%26locationId%3D4572795,https://www.reed.co.uk/jobs/this-is-alexander-faraday-limited/p72805,Actively Hiring,"Salary: Salary negotiable | Type: Permanent, full-time, Hybrid | Badges: Easy Apply",Reed.co.uk,https://www.reed.co.uk/jobs/this-is-alexander-faraday-limited/p72805,https://www.reed.co.uk/jobs/business-development-specialist/57263372?source=searchResults&q=sales%20development%20representative&filter=%2Fjobs%2Fsales-development-representative-jobs-in-bangalore-street-sw15%3Fq%3Dsales%2Bdevelopment%2Brepresentative%26pageno%3D4%26locationId%3D4572795
Business Development Specialist,The Law Support Group,London,2026-08-05,https://www.reed.co.uk/jobs/business-development-specialist/57201122?source=searchResults&q=sales%20development%20representative&filter=%2Fjobs%2Fsales-development-representative-jobs-in-bangalore-street-sw15%3Fq%3Dsales%2Bdevelopment%2Brepresentative%26pageno%3D4%26locationId%3D4572795,https://www.reed.co.uk/jobs/law-support/p35605,Actively Hiring,"Salary: £60,000 - £65,000 per annum | Type: Contract, full-time, Hybrid | Badges: Featured, Ending soon, Easy Apply",Reed.co.uk,https://www.reed.co.uk/jobs/law-support/p35605,https://www.reed.co.uk/jobs/business-development-specialist/57201122?source=searchResults&q=sales%20development%20representative&filter=%2Fjobs%2Fsales-development-representative-jobs-in-bangalore-street-sw15%3Fq%3Dsales%2Bdevelopment%2Brepresentative%26pageno%3D4%26locationId%3D4572795
Senior Business Development Executive,Ambition Europe Limited,London,2026-08-26,https://www.reed.co.uk/jobs/senior-business-development-executive/57277758?source=searchResults&q=sales%20development%20representative&filter=%2Fjobs%2Fsales-development-representative-jobs-in-bangalore-street-sw15%3Fq%3Dsales%2Bdevelopment%2Brepresentative%26pageno%3D4%26locationId%3D4572795,https://www.reed.co.uk/jobs/ambition-europe-limited/p11459,Actively Hiring,"Salary: Salary negotiable | Type: Contract, full-time, On-site | Badges: Easy Apply",Reed.co.uk,https://www.reed.co.uk/jobs/ambition-europe-limited/p11459,https://www.reed.co.uk/jobs/senior-business-development-executive/57277758?source=searchResults&q=sales%20development%20representative&filter=%2Fjobs%2Fsales-development-representative-jobs-in-bangalore-street-sw15%3Fq%3Dsales%2Bdevelopment%2Brepresentative%26pageno%3D4%26locationId%3D4572795
Sales Manager - Fabrics,Mitchell Maguire,London,2026-09-12,https://www.reed.co.uk/jobs/sales-manager-fabrics/57347888?source=searchResults&q=sales%20development%20representative&filter=%2Fjobs%2Fsales-development-representative-jobs-in-bangalore-street-sw15%3Fq%3Dsales%2Bdevelopment%2Brepresentative%26pageno%3D4%26locationId%3D4572795,https://www.reed.co.uk/jobs/mitchell-maguire/p58353,Actively Hiring,"Salary: £30,000 - £38,000 per annum | Type: Permanent, full-time | Badges: New, Easy Apply",Reed.co.uk,https://www.reed.co.uk/jobs/mitchell-maguire/p58353,https://www.reed.co.uk/jobs/sales-manager-fabrics/57347888?source=searchResults&q=sales%20development%20representative&filter=%2Fjobs%2Fsales-development-representative-jobs-in-bangalore-street-sw15%3Fq%3Dsales%2Bdevelopment%2Brepresentative%26pageno%3D4%26locationId%3D4572795
Japanese Speaking Sales Representative - Consumer Electronics,People First,London,2026-09-05,https://www.reed.co.uk/jobs/japanese-speaking-sales-representative-consumer-electronics/57321612?source=searchResults&q=sales%20development%20representative&filter=%2Fjobs%2Fsales-development-representative-jobs-in-bangalore-street-sw15%3Fq%3Dsales%2Bdevelopment%2Brepresentative%26pageno%3D4%26locationId%3D4572795,https://www.reed.co.uk/jobs/people-first/p2683,Actively Hiring,"Salary: £35,000 per annum | Type: Permanent, full-time, Hybrid | Badges: Easy Apply",Reed.co.uk,https://www.reed.co.uk/jobs/people-first/p2683,https://www.reed.co.uk/jobs/japanese-speaking-sales-representative-consumer-electronics/57321612?source=searchResults&q=sales%20development%20representative&filter=%2Fjobs%2Fsales-development-representative-jobs-in-bangalore-street-sw15%3Fq%3Dsales%2Bdevelopment%2Brepresentative%26pageno%3D4%26locationId%3D4572795
Business Development Executive - Insurance,Robert Walters,London,2026-09-05,https://www.reed.co.uk/jobs/business-development-executive-insurance/57321044?source=searchResults&q=sales%20development%20representative&filter=%2Fjobs%2Fsales-development-representative-jobs-in-bangalore-street-sw15%3Fq%3Dsales%2Bdevelopment%2Brepresentative%26pageno%3D4%26locationId%3D4572795,https://www.reed.co.uk/jobs/robert-walters-18673/p18673,Actively Hiring,"Salary: £50,000 per annum | Type: Permanent, full-time, On-site | Badges: Easy Apply",Reed.co.uk,https://www.reed.co.uk/jobs/robert-walters-18673/p18673,https://www.reed.co.uk/jobs/business-development-executive-insurance/57321044?source=searchResults&q=sales%20development%20representative&filter=%2Fjobs%2Fsales-development-representative-jobs-in-bangalore-street-sw15%3Fq%3Dsales%2Bdevelopment%2Brepresentative%26pageno%3D4%26locationId%3D4572795
Business Development Manager,AWD online,London,2026-08-07,https://www.reed.co.uk/jobs/business-development-manager/57207099?source=searchResults&q=sales%20development%20representative&filter=%2Fjobs%2Fsales-development-representative-jobs-in-bangalore-street-sw15%3Fq%3Dsales%2Bdevelopment%2Brepresentative%26pageno%3D4%26locationId%3D4572795,https://www.reed.co.uk/jobs/awd-online/p15121,Actively Hiring,"Salary: £40,000 - £45,000 per annum | Type: Permanent, full-time, On-site | Badges: Easy Apply",Reed.co.uk,https://www.reed.co.uk/jobs/awd-online/p15121,https://www.reed.co.uk/jobs/business-development-manager/57207099?source=searchResults&q=sales%20development%20representative&filter=%2Fjobs%2Fsales-development-representative-jobs-in-bangalore-street-sw15%3Fq%3Dsales%2Bdevelopment%2Brepresentative%26pageno%3D4%26locationId%3D4572795
Business Development Representative (BDR),Hays Specialist Recruitment Limited,London,2026-08-12,https://www.reed.co.uk/jobs/business-development-representative-bdr/57231141?source=searchResults&q=sales%20development%20representative&filter=%2Fjobs%2Fsales-development-representative-jobs-in-bangalore-street-sw15%3Fq%3Dsales%2Bdevelopment%2Brepresentative%26pageno%3D5%26locationId%3D4572795,https://www.reed.co.uk/jobs/hays-specialist-recruitment-limited/p36210,Actively Hiring,"Salary: £30,000 - £40,000 per annum | Type: Permanent, full-time, On-site | Badges: Easy Apply",Reed.co.uk,https://www.reed.co.uk/jobs/hays-specialist-recruitment-limited/p36210,https://www.reed.co.uk/jobs/business-development-representative-bdr/57231141?source=searchResults&q=sales%20development%20representative&filter=%2Fjobs%2Fsales-development-representative-jobs-in-bangalore-street-sw15%3Fq%3Dsales%2Bdevelopment%2Brepresentative%26pageno%3D5%26locationId%3D4572795
"Product Development, Private Assets - Associate Director - Barings",eFinancialCareers,London,2026-09-12,https://www.reed.co.uk/jobs/product-development-private-assets-associate-director-barings/57345791?source=searchResults&q=sales%20development%20representative&filter=%2Fjobs%2Fsales-development-representative-jobs-in-bangalore-street-sw15%3Fq%3Dsales%2Bdevelopment%2Brepresentative%26pageno%3D5%26locationId%3D4572795,https://www.reed.co.uk/jobs/efinancial-careers/p74850,Actively Hiring,"Salary: Competitive salary | Type: Permanent, full-time | Badges: New",Reed.co.uk,https://www.reed.co.uk/jobs/efinancial-careers/p74850,https://www.reed.co.uk/jobs/product-development-private-assets-associate-director-barings/57345791?source=searchResults&q=sales%20development%20representative&filter=%2Fjobs%2Fsales-development-representative-jobs-in-bangalore-street-sw15%3Fq%3Dsales%2Bdevelopment%2Brepresentative%26pageno%3D5%26locationId%3D4572795
Territory Representative,Howdens Joinery,"Battersea, London",2026-09-05,https://www.reed.co.uk/jobs/territory-representative/57327766?source=searchResults&q=sales%20development%20representative&filter=%2Fjobs%2Fon-site-sales-development-representative-jobs-in-bangalore-street-sw15%3Fq%3Dsales%2Bdevelopment%2Brepresentative%26salaryFrom%3D100000%26dateCreatedOffSet%3Dlastweek%26workingOption%3DonSite%26locationId%3D4572795,https://www.reed.co.uk/jobs/howdens-joinery-31154/p31154,Actively Hiring,"Salary: Competitive salary | Type: Permanent, full-time, On-site | Badges: Promoted, EarlyBirdEarly bird",Reed.co.uk,https://www.reed.co.uk/jobs/howdens-joinery-31154/p31154,https://www.reed.co.uk/jobs/territory-representative/57327766?source=searchResults&q=sales%20development%20representative&filter=%2Fjobs%2Fon-site-sales-development-representative-jobs-in-bangalore-street-sw15%3Fq%3Dsales%2Bdevelopment%2Brepresentative%26salaryFrom%3D100000%26dateCreatedOffSet%3Dlastweek%26workingOption%3DonSite%26locationId%3D4572795
Sales Team,Clarks,London,2026-09-11,https://www.reed.co.uk/jobs/sales-team/57341981?source=searchResults&q=sales%20development%20representative&filter=%2Fjobs%2Fon-site-sales-development-representative-jobs-in-bangalore-street-sw15%3Fq%3Dsales%2Bdevelopment%2Brepresentative%26salaryFrom%3D100000%26dateCreatedOffSet%3Dlastweek%26workingOption%3DonSite%26locationId%3D4572795,https://www.reed.co.uk/jobs/clarks-57591/p57591,Actively Hiring,"Salary: Competitive salary | Type: Permanent, part-time, On-site | Badges: Featured, New",Reed.co.uk,https://www.reed.co.uk/jobs/clarks-57591/p57591,https://www.reed.co.uk/jobs/sales-team/57341981?source=searchResults&q=sales%20development%20representative&filter=%2Fjobs%2Fon-site-sales-development-representative-jobs-in-bangalore-street-sw15%3Fq%3Dsales%2Bdevelopment%2Brepresentative%26salaryFrom%3D100000%26dateCreatedOffSet%3Dlastweek%26workingOption%3DonSite%26locationId%3D4572795
Business Development Associate - Woods Foster,eFinancialCareers,London,2026-09-11,https://www.reed.co.uk/jobs/business-development-associate-woods-foster/57344526?source=searchResults&q=sales%20development%20representative&filter=%2Fjobs%2Fon-site-sales-development-representative-jobs-in-bangalore-street-sw15%3Fq%3Dsales%2Bdevelopment%2Brepresentative%26salaryFrom%3D100000%26dateCreatedOffSet%3Dlastweek%26workingOption%3DonSite%26locationId%3D4572795,https://www.reed.co.uk/jobs/efinancial-careers/p74850,Actively Hiring,"Salary: Competitive salary | Type: Permanent, full-time, On-site | Badges: New",Reed.co.uk,https://www.reed.co.uk/jobs/efinancial-careers/p74850,https://www.reed.co.uk/jobs/business-development-associate-woods-foster/57344526?source=searchResults&q=sales%20development%20representative&filter=%2Fjobs%2Fon-site-sales-development-representative-jobs-in-bangalore-street-sw15%3Fq%3Dsales%2Bdevelopment%2Brepresentative%26salaryFrom%3D100000%26dateCreatedOffSet%3Dlastweek%26workingOption%3DonSite%26locationId%3D4572795
Rates Sales - London,eFinancialCareers,London,2026-09-11,https://www.reed.co.uk/jobs/rates-sales-london/57344632?source=searchResults&q=sales%20development%20representative&filter=%2Fjobs%2Fon-site-sales-development-representative-jobs-in-bangalore-street-sw15%3Fq%3Dsales%2Bdevelopment%2Brepresentative%26salaryFrom%3D100000%26dateCreatedOffSet%3Dlastweek%26workingOption%3DonSite%26locationId%3D4572795,https://www.reed.co.uk/jobs/efinancial-careers/p74850,Actively Hiring,"Salary: Competitive salary | Type: Permanent, full-time, On-site | Badges: New",Reed.co.uk,https://www.reed.co.uk/jobs/efinancial-careers/p74850,https://www.reed.co.uk/jobs/rates-sales-london/57344632?source=searchResults&q=sales%20development%20representative&filter=%2Fjobs%2Fon-site-sales-development-representative-jobs-in-bangalore-street-sw15%3Fq%3Dsales%2Bdevelopment%2Brepresentative%26salaryFrom%3D100000%26dateCreatedOffSet%3Dlastweek%26workingOption%3DonSite%26locationId%3D4572795
"Junior Sales Executive, Pricing & Analytics",eFinancialCareers,London,2026-09-10,https://www.reed.co.uk/jobs/junior-sales-executive-pricing-analytics/57339868?source=searchResults&q=sales%20development%20representative&filter=%2Fjobs%2Fon-site-sales-development-representative-jobs-in-bangalore-street-sw15%3Fq%3Dsales%2Bdevelopment%2Brepresentative%26salaryFrom%3D100000%26dateCreatedOffSet%3Dlastweek%26workingOption%3DonSite%26locationId%3D4572795,https://www.reed.co.uk/jobs/efinancial-careers/p74850,Actively Hiring,"Salary: Competitive salary | Type: Permanent, full-time, On-site",Reed.co.uk,https://www.reed.co.uk/jobs/efinancial-careers/p74850,https://www.reed.co.uk/jobs/junior-sales-executive-pricing-analytics/57339868?source=searchResults&q=sales%20development%20representative&filter=%2Fjobs%2Fon-site-sales-development-representative-jobs-in-bangalore-street-sw15%3Fq%3Dsales%2Bdevelopment%2Brepresentative%26salaryFrom%3D100000%26dateCreatedOffSet%3Dlastweek%26workingOption%3DonSite%26locationId%3D4572795
"Product Development, Private Assets - Associate Director - Barings",eFinancialCareers,London,2026-09-11,https://www.reed.co.uk/jobs/product-development-private-assets-associate-director-barings/57345791?source=searchResults&q=sales%20development%20representative&filter=%2Fjobs%2Fon-site-sales-development-representative-jobs-in-bangalore-street-sw15%3Fq%3Dsales%2Bdevelopment%2Brepresentative%26salaryFrom%3D100000%26dateCreatedOffSet%3Dlastweek%26workingOption%3DonSite%26locationId%3D4572795,https://www.reed.co.uk/jobs/efinancial-careers/p74850,Actively Hiring,"Salary: Competitive salary | Type: Permanent, full-time, On-site | Badges: New",Reed.co.uk,https://www.reed.co.uk/jobs/efinancial-careers/p74850,https://www.reed.co.uk/jobs/product-development-private-assets-associate-director-barings/57345791?source=searchResults&q=sales%20development%20representative&filter=%2Fjobs%2Fon-site-sales-development-representative-jobs-in-bangalore-street-sw15%3Fq%3Dsales%2Bdevelopment%2Brepresentative%26salaryFrom%3D100000%26dateCreatedOffSet%3Dlastweek%26workingOption%3DonSite%26locationId%3D4572795
Lead Product Manager,Chambers and Partners,London,2026-09-09,https://www.reed.co.uk/jobs/lead-product-manager/57171814?source=searchResults&q=product%20manager&filter=%2Fjobs%2Fproduct-manager-jobs-in-london%3Fq%3Dproduct%2Bmanager,https://www.reed.co.uk/jobs/chambers-and-partners/p83320,Actively Hiring,"Company: Chambers and Partners | Salary: Competitive salary | Type: Permanent, full-time, Hybrid | Badges: Promoted",Reed.co.uk,https://www.reed.co.uk/jobs/chambers-and-partners/p83320,https://www.reed.co.uk/jobs/lead-product-manager/57171814?source=searchResults&q=product%20manager&filter=%2Fjobs%2Fproduct-manager-jobs-in-london%3Fq%3Dproduct%2Bmanager
Senior Product Manager,Chambers and Partners,London,2026-09-12,https://www.reed.co.uk/jobs/senior-product-manager/57204642?source=searchResults&q=product%20manager&filter=%2Fjobs%2Fproduct-manager-jobs-in-london%3Fq%3Dproduct%2Bmanager,https://www.reed.co.uk/jobs/chambers-and-partners/p83320,Actively Hiring,"Company: Chambers and Partners | Salary: Competitive salary | Type: Permanent, full-time, Hybrid | Badges: Promoted",Reed.co.uk,https://www.reed.co.uk/jobs/chambers-and-partners/p83320,https://www.reed.co.uk/jobs/senior-product-manager/57204642?source=searchResults&q=product%20manager&filter=%2Fjobs%2Fproduct-manager-jobs-in-london%3Fq%3Dproduct%2Bmanager
Network Product Manager,Claranet Limited,London,2026-09-07,https://www.reed.co.uk/jobs/network-product-manager/57316832?source=searchResults&q=product%20manager&filter=%2Fjobs%2Fproduct-manager-jobs-in-london%3Fq%3Dproduct%2Bmanager,https://www.reed.co.uk/jobs/claranet-limited/p33417,Actively Hiring,"Company: Claranet Limited | Salary: Competitive salary | Type: Permanent, full-time, Hybrid | Badges: Easy Apply",Reed.co.uk,https://www.reed.co.uk/jobs/claranet-limited/p33417,https://www.reed.co.uk/jobs/network-product-manager/57316832?source=searchResults&q=product%20manager&filter=%2Fjobs%2Fproduct-manager-jobs-in-london%3Fq%3Dproduct%2Bmanager
Trainee Product Manager | No experience needed (Ref: 9401),Qualify Nation Recruitment,London,2026-09-12,https://www.reed.co.uk/jobs/trainee-product-manager--no-experience-needed-ref-9401/57356188?source=searchResults&q=product%20manager&filter=%2Fjobs%2Fproduct-manager-jobs-in-london%3Fq%3Dproduct%2Bmanager,https://www.reed.co.uk/jobs/group-everest-ltd-t-a-qualify-nation-111378/p111378,Actively Hiring,"Company: Qualify Nation Recruitment | Salary: £28,000 - £38,000 per annum | Type: Permanent, full-time, Remote | Badges: Featured, New, EarlyBirdEarly bird",Reed.co.uk,https://www.reed.co.uk/jobs/group-everest-ltd-t-a-qualify-nation-111378/p111378,https://www.reed.co.uk/jobs/trainee-product-manager--no-experience-needed-ref-9401/57356188?source=searchResults&q=product%20manager&filter=%2Fjobs%2Fproduct-manager-jobs-in-london%3Fq%3Dproduct%2Bmanager
Product Manager,Sanderson,London,2026-08-19,https://www.reed.co.uk/jobs/product-manager/57256398?source=searchResults&q=product%20manager&filter=%2Fjobs%2Fproduct-manager-jobs-in-london%3Fq%3Dproduct%2Bmanager,https://www.reed.co.uk/jobs/sanderson-35038/p35038,Actively Hiring,"Company: Sanderson | Salary: £400 - £500 per day | Type: Contract, full-time, Hybrid | Badges: Easy Apply",Reed.co.uk,https://www.reed.co.uk/jobs/sanderson-35038/p35038,https://www.reed.co.uk/jobs/product-manager/57256398?source=searchResults&q=product%20manager&filter=%2Fjobs%2Fproduct-manager-jobs-in-london%3Fq%3Dproduct%2Bmanager
Product Manager,Nigel Wright Group,London,2026-09-03,https://www.reed.co.uk/jobs/product-manager/57306408?source=searchResults&q=product%20manager&filter=%2Fjobs%2Fproduct-manager-jobs-in-london%3Fq%3Dproduct%2Bmanager,https://www.reed.co.uk/jobs/nigel-wright/p2580,Actively Hiring,"Company: Nigel Wright Group | Salary: £65,000 per annum | Type: Permanent, full-time, Hybrid | Badges: Easy Apply",Reed.co.uk,https://www.reed.co.uk/jobs/nigel-wright/p2580,https://www.reed.co.uk/jobs/product-manager/57306408?source=searchResults&q=product%20manager&filter=%2Fjobs%2Fproduct-manager-jobs-in-london%3Fq%3Dproduct%2Bmanager
Product Manager,Cedar,London,2026-08-10,https://www.reed.co.uk/jobs/product-manager/57218822?source=searchResults&q=product%20manager&filter=%2Fjobs%2Fproduct-manager-jobs-in-london%3Fq%3Dproduct%2Bmanager,https://www.reed.co.uk/jobs/cedar-31427/p31427,Actively Hiring,"Company: Cedar | Salary: £85,000 - £100,000 per annum | Type: Permanent, full-time, Hybrid | Badges: Easy Apply",Reed.co.uk,https://www.reed.co.uk/jobs/cedar-31427/p31427,https://www.reed.co.uk/jobs/product-manager/57218822?source=searchResults&q=product%20manager&filter=%2Fjobs%2Fproduct-manager-jobs-in-london%3Fq%3Dproduct%2Bmanager
Product Manager,Harnham - Data & Analytics Recruitment,London,2026-08-20,https://www.reed.co.uk/jobs/product-manager/57260852?source=searchResults&q=product%20manager&filter=%2Fjobs%2Fproduct-manager-jobs-in-london%3Fq%3Dproduct%2Bmanager,https://www.reed.co.uk/jobs/harnham-search-selection/p9243,Actively Hiring,"Company: Harnham - Data & Analytics Recruitment | Salary: £70,000 - £80,000 per annum | Type: Permanent, full-time, Hybrid | Badges: Easy Apply",Reed.co.uk,https://www.reed.co.uk/jobs/harnham-search-selection/p9243,https://www.reed.co.uk/jobs/product-manager/57260852?source=searchResults&q=product%20manager&filter=%2Fjobs%2Fproduct-manager-jobs-in-london%3Fq%3Dproduct%2Bmanager
Product Manager,Michael Page Marketing,"West London, London",2026-08-20,https://www.reed.co.uk/jobs/product-manager/57259456?source=searchResults&q=product%20manager&filter=%2Fjobs%2Fproduct-manager-jobs-in-london%3Fq%3Dproduct%2Bmanager,https://www.reed.co.uk/jobs/michael-page-marketing-25837/p25837,Actively Hiring,"Company: Michael Page Marketing | Salary: £45,000 - £50,000 per annum | Type: Permanent, full-time, Hybrid | Badges: Featured, Easy Apply",Reed.co.uk,https://www.reed.co.uk/jobs/michael-page-marketing-25837/p25837,https://www.reed.co.uk/jobs/product-manager/57259456?source=searchResults&q=product%20manager&filter=%2Fjobs%2Fproduct-manager-jobs-in-london%3Fq%3Dproduct%2Bmanager
Product Manager,Wilmington Plc,"City of London, London",2026-09-11,https://www.reed.co.uk/jobs/product-manager/57354314?source=searchResults&q=product%20manager&filter=%2Fjobs%2Fproduct-manager-jobs-in-london%3Fq%3Dproduct%2Bmanager,https://www.reed.co.uk/jobs/wilmington/p28878,Actively Hiring,"Company: Wilmington Plc | Salary: Salary not specified | Type: Permanent, full-time, Hybrid | Badges: Featured, New, Easy Apply",Reed.co.uk,https://www.reed.co.uk/jobs/wilmington/p28878,https://www.reed.co.uk/jobs/product-manager/57354314?source=searchResults&q=product%20manager&filter=%2Fjobs%2Fproduct-manager-jobs-in-london%3Fq%3Dproduct%2Bmanager
Product Manager,Progress Sales Recruitment Ltd,London,2026-08-13,https://www.reed.co.uk/jobs/product-manager/57233978?source=searchResults&q=product%20manager&filter=%2Fjobs%2Fproduct-manager-jobs-in-london%3Fq%3Dproduct%2Bmanager,https://www.reed.co.uk/jobs/progress-sales-recruitment-ltd-88213/p88213,Actively Hiring,"Company: Progress Sales Recruitment Ltd | Salary: £65,000 - £75,000 per annum, OTE, inc benefits | Type: Permanent, full-time, On-site | Badges: Easy Apply",Reed.co.uk,https://www.reed.co.uk/jobs/progress-sales-recruitment-ltd-88213/p88213,https://www.reed.co.uk/jobs/product-manager/57233978?source=searchResults&q=product%20manager&filter=%2Fjobs%2Fproduct-manager-jobs-in-london%3Fq%3Dproduct%2Bmanager
Product Manager,Future Engineering Recruitment Ltd,London,2026-08-27,https://www.reed.co.uk/jobs/product-manager/57283285?source=searchResults&q=product%20manager&filter=%2Fjobs%2Fproduct-manager-jobs-in-london%3Fq%3Dproduct%2Bmanager,https://www.reed.co.uk/jobs/future-engineering-recruitment-ltd/p32676,Actively Hiring,"Company: Future Engineering Recruitment Ltd | Salary: £90,000 - £120,000 per annum | Type: Permanent, full-time, On-site | Badges: Featured, Easy Apply",Reed.co.uk,https://www.reed.co.uk/jobs/future-engineering-recruitment-ltd/p32676,https://www.reed.co.uk/jobs/product-manager/57283285?source=searchResults&q=product%20manager&filter=%2Fjobs%2Fproduct-manager-jobs-in-london%3Fq%3Dproduct%2Bmanager
Product Manager,Harnham - Data & Analytics Recruitment,London,2026-09-03,https://www.reed.co.uk/jobs/product-manager/57308527?source=searchResults&q=product%20manager&filter=%2Fjobs%2Fproduct-manager-jobs-in-london%3Fq%3Dproduct%2Bmanager,https://www.reed.co.uk/jobs/harnham-search-selection/p9243,Actively Hiring,"Company: Harnham - Data & Analytics Recruitment | Salary: £400 - £475 per day | Type: Contract, full-time, Hybrid | Badges: Easy Apply",Reed.co.uk,https://www.reed.co.uk/jobs/harnham-search-selection/p9243,https://www.reed.co.uk/jobs/product-manager/57308527?source=searchResults&q=product%20manager&filter=%2Fjobs%2Fproduct-manager-jobs-in-london%3Fq%3Dproduct%2Bmanager
Product Manager,Travel Trade Recruitment,"South West London, London",2026-08-18,https://www.reed.co.uk/jobs/product-manager/57251691?source=searchResults&q=product%20manager&filter=%2Fjobs%2Fproduct-manager-jobs-in-london%3Fq%3Dproduct%2Bmanager,https://www.reed.co.uk/jobs/travel-trade-recruitment/p10150,Actively Hiring,"Company: Travel Trade Recruitment | Salary: Salary negotiable | Type: Permanent, full-time, Hybrid | Badges: Easy Apply",Reed.co.uk,https://www.reed.co.uk/jobs/travel-trade-recruitment/p10150,https://www.reed.co.uk/jobs/product-manager/57251691?source=searchResults&q=product%20manager&filter=%2Fjobs%2Fproduct-manager-jobs-in-london%3Fq%3Dproduct%2Bmanager
Product Manager,Optima Recruitment,"Merstham, Surrey",2026-08-13,https://www.reed.co.uk/jobs/product-manager/57228516?source=searchResults&q=product%20manager&filter=%2Fjobs%2Fproduct-manager-jobs-in-london%3Fq%3Dproduct%2Bmanager,https://www.reed.co.uk/jobs/optima-recruitment/p3482,Actively Hiring,"Company: Optima Recruitment | Salary: £40,000 per annum | Type: Permanent, full-time, On-site | Badges: Featured, Easy Apply",Reed.co.uk,https://www.reed.co.uk/jobs/optima-recruitment/p3482,https://www.reed.co.uk/jobs/product-manager/57228516?source=searchResults&q=product%20manager&filter=%2Fjobs%2Fproduct-manager-jobs-in-london%3Fq%3Dproduct%2Bmanager
IT Product Manager,Context Recruitment Limited,London,2026-08-18,https://www.reed.co.uk/jobs/it-product-manager/57251105?source=searchResults&q=product%20manager&filter=%2Fjobs%2Fproduct-manager-jobs-in-london%3Fq%3Dproduct%2Bmanager,https://www.reed.co.uk/jobs/context-recruitment-limited/p39150,Actively Hiring,"Company: Context Recruitment Limited | Salary: £80,000 - £83,000 per annum | Type: Permanent, full-time, Hybrid | Badges: Easy Apply",Reed.co.uk,https://www.reed.co.uk/jobs/context-recruitment-limited/p39150,https://www.reed.co.uk/jobs/it-product-manager/57251105?source=searchResults&q=product%20manager&filter=%2Fjobs%2Fproduct-manager-jobs-in-london%3Fq%3Dproduct%2Bmanager
Senior Product Manager,Randstad Construction & Property,"West London, London",2026-09-03,https://www.reed.co.uk/jobs/senior-product-manager/57307537?source=searchResults&q=product%20manager&filter=%2Fjobs%2Fproduct-manager-jobs-in-london%3Fq%3Dproduct%2Bmanager,https://www.reed.co.uk/jobs/randstad-cpe/p44782,Actively Hiring,"Company: Randstad Construction & Property | Salary: £25.60 - £34.13 per hour | Type: Contract, full-time, Hybrid | Badges: Easy Apply",Reed.co.uk,https://www.reed.co.uk/jobs/randstad-cpe/p44782,https://www.reed.co.uk/jobs/senior-product-manager/57307537?source=searchResults&q=product%20manager&filter=%2Fjobs%2Fproduct-manager-jobs-in-london%3Fq%3Dproduct%2Bmanager
Travel Product Manager,Antella Travel Recruitment,London,2026-09-02,https://www.reed.co.uk/jobs/travel-product-manager/57303651?source=searchResults&q=product%20manager&filter=%2Fjobs%2Fproduct-manager-jobs-in-london%3Fq%3Dproduct%2Bmanager,https://www.reed.co.uk/jobs/antella-recruitment-78658/p78658,Actively Hiring,"Company: Antella Travel Recruitment | Salary: £50,000 - £60,000 per annum | Type: Permanent, full-time, Hybrid | Badges: Featured, Easy Apply",Reed.co.uk,https://www.reed.co.uk/jobs/antella-recruitment-78658/p78658,https://www.reed.co.uk/jobs/travel-product-manager/57303651?source=searchResults&q=product%20manager&filter=%2Fjobs%2Fproduct-manager-jobs-in-london%3Fq%3Dproduct%2Bmanager
Senior Product Manager,Harnham - Data & Analytics Recruitment,London,2026-09-03,https://www.reed.co.uk/jobs/senior-product-manager/57308441?source=searchResults&q=product%20manager&filter=%2Fjobs%2Fproduct-manager-jobs-in-london%3Fq%3Dproduct%2Bmanager,https://www.reed.co.uk/jobs/harnham-search-selection/p9243,Actively Hiring,"Company: Harnham - Data & Analytics Recruitment | Salary: £400 - £490 per day | Type: Contract, full-time, On-site | Badges: Easy Apply",Reed.co.uk,https://www.reed.co.uk/jobs/harnham-search-selection/p9243,https://www.reed.co.uk/jobs/senior-product-manager/57308441?source=searchResults&q=product%20manager&filter=%2Fjobs%2Fproduct-manager-jobs-in-london%3Fq%3Dproduct%2Bmanager
Lead Product Manager,Yolk Recruitment Ltd,"East London, London",2026-09-11,https://www.reed.co.uk/jobs/lead-product-manager/57352762?source=searchResults&q=product%20manager&filter=%2Fjobs%2Fproduct-manager-jobs-in-london%3Fq%3Dproduct%2Bmanager,https://www.reed.co.uk/jobs/yolk-recruitment-ltd/p5126,Actively Hiring,"Company: Yolk Recruitment Ltd | Salary: £110,000 - £120,000 per annum | Type: Permanent, full-time, Hybrid | Badges: New, Easy Apply",Reed.co.uk,https://www.reed.co.uk/jobs/yolk-recruitment-ltd/p5126,https://www.reed.co.uk/jobs/lead-product-manager/57352762?source=searchResults&q=product%20manager&filter=%2Fjobs%2Fproduct-manager-jobs-in-london%3Fq%3Dproduct%2Bmanager
IDAM Product Owner,Required IT,London,2026-08-25,https://www.reed.co.uk/jobs/idam-product-owner/57270053?source=searchResults&q=product%20manager&filter=%2Fjobs%2Fproduct-manager-jobs-in-london%3Fq%3Dproduct%2Bmanager,https://www.reed.co.uk/jobs/required-it/p34568,Actively Hiring,"Company: Required IT | Salary: £550 - £650 per day | Type: Contract, full-time, Hybrid",Reed.co.uk,https://www.reed.co.uk/jobs/required-it/p34568,https://www.reed.co.uk/jobs/idam-product-owner/57270053?source=searchResults&q=product%20manager&filter=%2Fjobs%2Fproduct-manager-jobs-in-london%3Fq%3Dproduct%2Bmanager
AI Product Manager,Tiro Partners Limited,London,2026-09-11,https://www.reed.co.uk/jobs/ai-product-manager/57352555?source=searchResults&q=product%20manager&filter=%2Fjobs%2Fproduct-manager-jobs-in-london%3Fq%3Dproduct%2Bmanager,https://www.reed.co.uk/jobs/tiro-partners-limited/p37480,Actively Hiring,"Company: Tiro Partners Limited | Salary: £70,000 - £90,000 per annum | Type: Permanent, full-time, Hybrid | Badges: New",Reed.co.uk,https://www.reed.co.uk/jobs/tiro-partners-limited/p37480,https://www.reed.co.uk/jobs/ai-product-manager/57352555?source=searchResults&q=product%20manager&filter=%2Fjobs%2Fproduct-manager-jobs-in-london%3Fq%3Dproduct%2Bmanager
Senior Product Manager,Morgan Law,London,2026-09-03,https://www.reed.co.uk/jobs/senior-product-manager/57305768?source=searchResults&q=product%20manager&filter=%2Fjobs%2Fproduct-manager-jobs-in-london%3Fq%3Dproduct%2Bmanager,https://www.reed.co.uk/jobs/morgan-law-79498/p79498,Actively Hiring,"Company: Morgan Law | Salary: £500 - £550 per day | Type: Contract, full-time, On-site | Badges: Easy Apply",Reed.co.uk,https://www.reed.co.uk/jobs/morgan-law-79498/p79498,https://www.reed.co.uk/jobs/senior-product-manager/57305768?source=searchResults&q=product%20manager&filter=%2Fjobs%2Fproduct-manager-jobs-in-london%3Fq%3Dproduct%2Bmanager
Technical Product Owner,Leo Technology Limited,London,2026-08-14,https://www.reed.co.uk/jobs/technical-product-owner/57236912?source=searchResults&q=product%20manager&filter=%2Fjobs%2Fproduct-manager-jobs-in-london%3Fq%3Dproduct%2Bmanager,https://www.reed.co.uk/jobs/leo-technology-limited-99335/p99335,Actively Hiring,"Company: Leo Technology Limited | Salary: £70,000 - £90,000 per annum | Type: Permanent, full-time, Hybrid | Badges: Easy Apply",Reed.co.uk,https://www.reed.co.uk/jobs/leo-technology-limited-99335/p99335,https://www.reed.co.uk/jobs/technical-product-owner/57236912?source=searchResults&q=product%20manager&filter=%2Fjobs%2Fproduct-manager-jobs-in-london%3Fq%3Dproduct%2Bmanager
Product Manager Ireland,Antella Travel Recruitment,London,2026-09-10,https://www.reed.co.uk/jobs/product-manager-ireland/57341522?source=searchResults&q=product%20manager&filter=%2Fjobs%2Fproduct-manager-jobs-in-london%3Fq%3Dproduct%2Bmanager,https://www.reed.co.uk/jobs/antella-recruitment-78658/p78658,Actively Hiring,"Company: Antella Travel Recruitment | Salary: £35,000 - £40,000 per annum | Type: Permanent, full-time, Hybrid | Badges: Featured, Easy Apply",Reed.co.uk,https://www.reed.co.uk/jobs/antella-recruitment-78658/p78658,https://www.reed.co.uk/jobs/product-manager-ireland/57341522?source=searchResults&q=product%20manager&filter=%2Fjobs%2Fproduct-manager-jobs-in-london%3Fq%3Dproduct%2Bmanager
Lead Generation Executive,Hays Specialist Recruitment Limited,"Shrewsbury, Shropshire",2026-08-19,https://www.reed.co.uk/jobs/lead-generation-executive/57256379?source=searchResults&q=lead%20generation%20executive&filter=%2Fjobs%2Fon-site-lead-generation-executive-jobs%3Fq%3Dlead%2Bgeneration%2Bexecutive%26keywords%3DLead%2BGeneration%2BExecutive%26perm%3Dtrue%26fullTime%3Dtrue%26workingOption%3DonSite,https://www.reed.co.uk/jobs/hays-specialist-recruitment-limited/p36210,Actively Hiring,"Company: Hays Specialist Recruitment Limited | Salary: £30,000 - £32,000 per annum | Type: Permanent, full-time, On-site | Badges: Easy Apply",Reed.co.uk,https://www.reed.co.uk/jobs/hays-specialist-recruitment-limited/p36210,https://www.reed.co.uk/jobs/lead-generation-executive/57256379?source=searchResults&q=lead%20generation%20executive&filter=%2Fjobs%2Fon-site-lead-generation-executive-jobs%3Fq%3Dlead%2Bgeneration%2Bexecutive%26keywords%3DLead%2BGeneration%2BExecutive%26perm%3Dtrue%26fullTime%3Dtrue%26workingOption%3DonSite
Lead Generation Executive,Hays Specialist Recruitment Limited,"Shrewsbury, Shropshire",2026-08-14,https://www.reed.co.uk/jobs/lead-generation-executive/57237991?source=searchResults&q=lead%20generation%20executive&filter=%2Fjobs%2Fon-site-lead-generation-executive-jobs%3Fq%3Dlead%2Bgeneration%2Bexecutive%26keywords%3DLead%2BGeneration%2BExecutive%26perm%3Dtrue%26fullTime%3Dtrue%26workingOption%3DonSite,https://www.reed.co.uk/jobs/hays-specialist-recruitment-limited/p36210,Actively Hiring,"Company: Hays Specialist Recruitment Limited | Salary: £30,000 - £32,000 per annum | Type: Permanent, full-time, On-site | Badges: Easy Apply",Reed.co.uk,https://www.reed.co.uk/jobs/hays-specialist-recruitment-limited/p36210,https://www.reed.co.uk/jobs/lead-generation-executive/57237991?source=searchResults&q=lead%20generation%20executive&filter=%2Fjobs%2Fon-site-lead-generation-executive-jobs%3Fq%3Dlead%2Bgeneration%2Bexecutive%26keywords%3DLead%2BGeneration%2BExecutive%26perm%3Dtrue%26fullTime%3Dtrue%26workingOption%3DonSite
Lead Generation Sales Executive,IMPRESSION RECRUITMENT LIMITED,"Harrogate, North Yorkshire",2026-08-20,https://www.reed.co.uk/jobs/lead-generation-sales-executive/57260518?source=searchResults&q=lead%20generation%20executive&filter=%2Fjobs%2Fon-site-lead-generation-executive-jobs%3Fq%3Dlead%2Bgeneration%2Bexecutive%26keywords%3DLead%2BGeneration%2BExecutive%26perm%3Dtrue%26fullTime%3Dtrue%26workingOption%3DonSite,https://www.reed.co.uk/jobs/impression-recruitment-limited/p50257,Actively Hiring,"Company: IMPRESSION RECRUITMENT LIMITED | Salary: £26,000 - £29,000 per annum | Type: Permanent, full-time, On-site | Badges: Easy Apply",Reed.co.uk,https://www.reed.co.uk/jobs/impression-recruitment-limited/p50257,https://www.reed.co.uk/jobs/lead-generation-sales-executive/57260518?source=searchResults&q=lead%20generation%20executive&filter=%2Fjobs%2Fon-site-lead-generation-executive-jobs%3Fq%3Dlead%2Bgeneration%2Bexecutive%26keywords%3DLead%2BGeneration%2BExecutive%26perm%3Dtrue%26fullTime%3Dtrue%26workingOption%3DonSite
Business Development Executive,Independent utility advice,"Salford, Lancashire",2026-09-11,https://www.reed.co.uk/jobs/business-development-executive/57352214?source=searchResults&q=lead%20generation%20executive&filter=%2Fjobs%2Fon-site-lead-generation-executive-jobs%3Fq%3Dlead%2Bgeneration%2Bexecutive%26keywords%3DLead%2BGeneration%2BExecutive%26perm%3Dtrue%26fullTime%3Dtrue%26workingOption%3DonSite,https://www.reed.co.uk/jobs/independent-utility-advice/p113940,Actively Hiring,"Company: Independent utility advice | Salary: £35,000 per annum | Type: Permanent, full-time, On-site | Badges: New, EarlyBirdEarly bird",Reed.co.uk,https://www.reed.co.uk/jobs/independent-utility-advice/p113940,https://www.reed.co.uk/jobs/business-development-executive/57352214?source=searchResults&q=lead%20generation%20executive&filter=%2Fjobs%2Fon-site-lead-generation-executive-jobs%3Fq%3Dlead%2Bgeneration%2Bexecutive%26keywords%3DLead%2BGeneration%2BExecutive%26perm%3Dtrue%26fullTime%3Dtrue%26workingOption%3DonSite
Business Development Executive,Independent utility advice,"Newcastle Upon Tyne, Tyne and Wear",2026-09-07,https://www.reed.co.uk/jobs/business-development-executive/57336249?source=searchResults&q=lead%20generation%20executive&filter=%2Fjobs%2Fon-site-lead-generation-executive-jobs%3Fq%3Dlead%2Bgeneration%2Bexecutive%26keywords%3DLead%2BGeneration%2BExecutive%26perm%3Dtrue%26fullTime%3Dtrue%26workingOption%3DonSite,https://www.reed.co.uk/jobs/independent-utility-advice/p113940,Actively Hiring,"Company: Independent utility advice | Salary: £35,000 per annum | Type: Permanent, full-time, On-site | Badges: EarlyBirdEarly bird",Reed.co.uk,https://www.reed.co.uk/jobs/independent-utility-advice/p113940,https://www.reed.co.uk/jobs/business-development-executive/57336249?source=searchResults&q=lead%20generation%20executive&filter=%2Fjobs%2Fon-site-lead-generation-executive-jobs%3Fq%3Dlead%2Bgeneration%2Bexecutive%26keywords%3DLead%2BGeneration%2BExecutive%26perm%3Dtrue%26fullTime%3Dtrue%26workingOption%3DonSite
Business Development Support Executive (Lead Generation),Ernest Gordon Recruitment Limited,"North London, London",2026-08-18,https://www.reed.co.uk/jobs/business-development-support-executive-lead-generation/57250783?source=searchResults&q=lead%20generation%20executive&filter=%2Fjobs%2Fon-site-lead-generation-executive-jobs%3Fq%3Dlead%2Bgeneration%2Bexecutive%26keywords%3DLead%2BGeneration%2BExecutive%26perm%3Dtrue%26fullTime%3Dtrue%26workingOption%3DonSite,https://www.reed.co.uk/jobs/ernest-gordon-recruitment-limited/p50272,Actively Hiring,"Company: Ernest Gordon Recruitment Limited | Salary: £30,000 - £35,000 per annum | Type: Permanent, full-time, On-site | Badges: Easy Apply",Reed.co.uk,https://www.reed.co.uk/jobs/ernest-gordon-recruitment-limited/p50272,https://www.reed.co.uk/jobs/business-development-support-executive-lead-generation/57250783?source=searchResults&q=lead%20generation%20executive&filter=%2Fjobs%2Fon-site-lead-generation-executive-jobs%3Fq%3Dlead%2Bgeneration%2Bexecutive%26keywords%3DLead%2BGeneration%2BExecutive%26perm%3Dtrue%26fullTime%3Dtrue%26workingOption%3DonSite
Sales Executives x10,ER Recruitment Limited,"Birmingham, West Midlands (County)",2026-09-11,https://www.reed.co.uk/jobs/sales-executives-x10/57348200?source=searchResults&q=lead%20generation%20executive&filter=%2Fjobs%2Fon-site-lead-generation-executive-jobs%3Fq%3Dlead%2Bgeneration%2Bexecutive%26keywords%3DLead%2BGeneration%2BExecutive%26perm%3Dtrue%26fullTime%3Dtrue%26workingOption%3DonSite,https://www.reed.co.uk/jobs/eileen-richards-recruitment-limited/p42205,Actively Hiring,"Company: ER Recruitment Limited | Salary: £30,000 - £35,000 per annum | Type: Permanent, full-time, On-site | Badges: Featured, New, Easy Apply",Reed.co.uk,https://www.reed.co.uk/jobs/eileen-richards-recruitment-limited/p42205,https://www.reed.co.uk/jobs/sales-executives-x10/57348200?source=searchResults&q=lead%20generation%20executive&filter=%2Fjobs%2Fon-site-lead-generation-executive-jobs%3Fq%3Dlead%2Bgeneration%2Bexecutive%26keywords%3DLead%2BGeneration%2BExecutive%26perm%3Dtrue%26fullTime%3Dtrue%26workingOption%3DonSite
Growth Marketing Executive,THE INDEPENDENT RECRUITER LTD,"Milton Keynes, Buckinghamshire",2026-08-24,https://www.reed.co.uk/jobs/growth-marketing-executive/57269357?source=searchResults&q=lead%20generation%20executive&filter=%2Fjobs%2Fon-site-lead-generation-executive-jobs%3Fq%3Dlead%2Bgeneration%2Bexecutive%26keywords%3DLead%2BGeneration%2BExecutive%26perm%3Dtrue%26fullTime%3Dtrue%26workingOption%3DonSite,https://www.reed.co.uk/jobs/the-independent-recruiter-ltd-110250/p110250,Actively Hiring,"Company: THE INDEPENDENT RECRUITER LTD | Salary: £35,000 per annum | Type: Permanent, full-time, On-site | Badges: Easy Apply",Reed.co.uk,https://www.reed.co.uk/jobs/the-independent-recruiter-ltd-110250/p110250,https://www.reed.co.uk/jobs/growth-marketing-executive/57269357?source=searchResults&q=lead%20generation%20executive&filter=%2Fjobs%2Fon-site-lead-generation-executive-jobs%3Fq%3Dlead%2Bgeneration%2Bexecutive%26keywords%3DLead%2BGeneration%2BExecutive%26perm%3Dtrue%26fullTime%3Dtrue%26workingOption%3DonSite
Business Development Executive,Get Recruited (UK) Ltd,"Lincoln, Lincolnshire",2026-08-10,https://www.reed.co.uk/jobs/business-development-executive/57218004?source=searchResults&q=lead%20generation%20executive&filter=%2Fjobs%2Fon-site-lead-generation-executive-jobs%3Fq%3Dlead%2Bgeneration%2Bexecutive%26keywords%3DLead%2BGeneration%2BExecutive%26perm%3Dtrue%26fullTime%3Dtrue%26workingOption%3DonSite,https://www.reed.co.uk/jobs/get-recruited-ltd/p4589,Actively Hiring,"Company: Get Recruited (UK) Ltd | Salary: £35,000 per annum | Type: Permanent, full-time, On-site | Badges: Easy Apply",Reed.co.uk,https://www.reed.co.uk/jobs/get-recruited-ltd/p4589,https://www.reed.co.uk/jobs/business-development-executive/57218004?source=searchResults&q=lead%20generation%20executive&filter=%2Fjobs%2Fon-site-lead-generation-executive-jobs%3Fq%3Dlead%2Bgeneration%2Bexecutive%26keywords%3DLead%2BGeneration%2BExecutive%26perm%3Dtrue%26fullTime%3Dtrue%26workingOption%3DonSite
Telemarketing Executive,WF Supplies,"Andover, Hampshire",2026-09-11,https://www.reed.co.uk/jobs/telemarketing-executive/57347869?source=searchResults&q=lead%20generation%20executive&filter=%2Fjobs%2Fon-site-lead-generation-executive-jobs%3Fq%3Dlead%2Bgeneration%2Bexecutive%26keywords%3DLead%2BGeneration%2BExecutive%26perm%3Dtrue%26fullTime%3Dtrue%26workingOption%3DonSite,https://www.reed.co.uk/jobs/wf-supplies/o702421,Actively Hiring,"Company: WF Supplies | Salary: £40,000 per annum | Type: Permanent, full-time, On-site | Badges: Featured, New, EarlyBirdEarly bird",Reed.co.uk,https://www.reed.co.uk/jobs/wf-supplies/o702421,https://www.reed.co.uk/jobs/telemarketing-executive/57347869?source=searchResults&q=lead%20generation%20executive&filter=%2Fjobs%2Fon-site-lead-generation-executive-jobs%3Fq%3Dlead%2Bgeneration%2Bexecutive%26keywords%3DLead%2BGeneration%2BExecutive%26perm%3Dtrue%26fullTime%3Dtrue%26workingOption%3DonSite
Renewals Sales Executive,Brook Street,"Bradford, West Yorkshire",2026-09-12,https://www.reed.co.uk/jobs/renewals-sales-executive/57330085?source=searchResults&q=lead%20generation%20executive&filter=%2Fjobs%2Fon-site-lead-generation-executive-jobs%3Fq%3Dlead%2Bgeneration%2Bexecutive%26keywords%3DLead%2BGeneration%2BExecutive%26perm%3Dtrue%26fullTime%3Dtrue%26workingOption%3DonSite,https://www.reed.co.uk/jobs/brook-street-108705/p108705,Actively Hiring,"Company: Brook Street | Salary: £35,000 per annum | Type: Permanent, full-time, On-site | Badges: Featured, EarlyBirdEarly bird",Reed.co.uk,https://www.reed.co.uk/jobs/brook-street-108705/p108705,https://www.reed.co.uk/jobs/renewals-sales-executive/57330085?source=searchResults&q=lead%20generation%20executive&filter=%2Fjobs%2Fon-site-lead-generation-executive-jobs%3Fq%3Dlead%2Bgeneration%2Bexecutive%26keywords%3DLead%2BGeneration%2BExecutive%26perm%3Dtrue%26fullTime%3Dtrue%26workingOption%3DonSite
Internal Sales Executive,Workstreet,"Redditch, Worcestershire",2026-08-27,https://www.reed.co.uk/jobs/internal-sales-executive/57284510?source=searchResults&q=lead%20generation%20executive&filter=%2Fjobs%2Fon-site-lead-generation-executive-jobs%3Fq%3Dlead%2Bgeneration%2Bexecutive%26keywords%3DLead%2BGeneration%2BExecutive%26perm%3Dtrue%26fullTime%3Dtrue%26workingOption%3DonSite,https://www.reed.co.uk/jobs/workstreet/p4944,Actively Hiring,"Company: Workstreet | Salary: £30,000 - £36,000 per annum | Type: Permanent, full-time, On-site",Reed.co.uk,https://www.reed.co.uk/jobs/workstreet/p4944,https://www.reed.co.uk/jobs/internal-sales-executive/57284510?source=searchResults&q=lead%20generation%20executive&filter=%2Fjobs%2Fon-site-lead-generation-executive-jobs%3Fq%3Dlead%2Bgeneration%2Bexecutive%26keywords%3DLead%2BGeneration%2BExecutive%26perm%3Dtrue%26fullTime%3Dtrue%26workingOption%3DonSite
Internal Sales Executive,Workstreet,"Tyseley, West Midlands (County)",2026-09-11,https://www.reed.co.uk/jobs/internal-sales-executive/57321450?source=searchResults&q=lead%20generation%20executive&filter=%2Fjobs%2Fon-site-lead-generation-executive-jobs%3Fq%3Dlead%2Bgeneration%2Bexecutive%26keywords%3DLead%2BGeneration%2BExecutive%26perm%3Dtrue%26fullTime%3Dtrue%26workingOption%3DonSite,https://www.reed.co.uk/jobs/workstreet/p4944,Actively Hiring,"Company: Workstreet | Salary: £30,000 per annum | Type: Permanent, full-time, On-site",Reed.co.uk,https://www.reed.co.uk/jobs/workstreet/p4944,https://www.reed.co.uk/jobs/internal-sales-executive/57321450?source=searchResults&q=lead%20generation%20executive&filter=%2Fjobs%2Fon-site-lead-generation-executive-jobs%3Fq%3Dlead%2Bgeneration%2Bexecutive%26keywords%3DLead%2BGeneration%2BExecutive%26perm%3Dtrue%26fullTime%3Dtrue%26workingOption%3DonSite
Internal Sales Executive,Workstreet,"Birmingham, West Midlands (County)",2026-08-18,https://www.reed.co.uk/jobs/internal-sales-executive/57250511?source=searchResults&q=lead%20generation%20executive&filter=%2Fjobs%2Fon-site-lead-generation-executive-jobs%3Fq%3Dlead%2Bgeneration%2Bexecutive%26keywords%3DLead%2BGeneration%2BExecutive%26perm%3Dtrue%26fullTime%3Dtrue%26workingOption%3DonSite,https://www.reed.co.uk/jobs/workstreet/p4944,Actively Hiring,"Company: Workstreet | Salary: £29,000 per annum | Type: Permanent, full-time, On-site",Reed.co.uk,https://www.reed.co.uk/jobs/workstreet/p4944,https://www.reed.co.uk/jobs/internal-sales-executive/57250511?source=searchResults&q=lead%20generation%20executive&filter=%2Fjobs%2Fon-site-lead-generation-executive-jobs%3Fq%3Dlead%2Bgeneration%2Bexecutive%26keywords%3DLead%2BGeneration%2BExecutive%26perm%3Dtrue%26fullTime%3Dtrue%26workingOption%3DonSite
Telemarketing Executive,Workshop Recruitment,"Eastleigh, Hampshire",2026-08-07,https://www.reed.co.uk/jobs/telemarketing-executive/57208777?source=searchResults&q=lead%20generation%20executive&filter=%2Fjobs%2Fon-site-lead-generation-executive-jobs%3Fq%3Dlead%2Bgeneration%2Bexecutive%26keywords%3DLead%2BGeneration%2BExecutive%26perm%3Dtrue%26fullTime%3Dtrue%26workingOption%3DonSite,https://www.reed.co.uk/jobs/the-workshop-recruitment/p16004,Actively Hiring,"Company: Workshop Recruitment | Salary: £28,000 per annum | Type: Permanent, full-time, On-site | Badges: Ending soon, Easy Apply",Reed.co.uk,https://www.reed.co.uk/jobs/the-workshop-recruitment/p16004,https://www.reed.co.uk/jobs/telemarketing-executive/57208777?source=searchResults&q=lead%20generation%20executive&filter=%2Fjobs%2Fon-site-lead-generation-executive-jobs%3Fq%3Dlead%2Bgeneration%2Bexecutive%26keywords%3DLead%2BGeneration%2BExecutive%26perm%3Dtrue%26fullTime%3Dtrue%26workingOption%3DonSite
Sales & Marketing Executive,Workstreet,"Redditch, Worcestershire",2026-08-27,https://www.reed.co.uk/jobs/sales-marketing-executive/57284500?source=searchResults&q=lead%20generation%20executive&filter=%2Fjobs%2Fon-site-lead-generation-executive-jobs%3Fq%3Dlead%2Bgeneration%2Bexecutive%26keywords%3DLead%2BGeneration%2BExecutive%26perm%3Dtrue%26fullTime%3Dtrue%26workingOption%3DonSite,https://www.reed.co.uk/jobs/workstreet/p4944,Actively Hiring,"Company: Workstreet | Salary: £35,000 - £45,000 per annum | Type: Permanent, full-time, On-site",Reed.co.uk,https://www.reed.co.uk/jobs/workstreet/p4944,https://www.reed.co.uk/jobs/sales-marketing-executive/57284500?source=searchResults&q=lead%20generation%20executive&filter=%2Fjobs%2Fon-site-lead-generation-executive-jobs%3Fq%3Dlead%2Bgeneration%2Bexecutive%26keywords%3DLead%2BGeneration%2BExecutive%26perm%3Dtrue%26fullTime%3Dtrue%26workingOption%3DonSite
Senior Sales Executive,Reed,"Orpington, Kent",2026-08-17,https://www.reed.co.uk/jobs/senior-sales-executive/57050804?source=searchResults&q=lead%20generation%20executive&filter=%2Fjobs%2Fon-site-lead-generation-executive-jobs%3Fq%3Dlead%2Bgeneration%2Bexecutive%26keywords%3DLead%2BGeneration%2BExecutive%26perm%3Dtrue%26fullTime%3Dtrue%26workingOption%3DonSite,https://www.reed.co.uk/jobs/reed-business-support/p1311,Actively Hiring,"Company: Reed | Salary: £40,000 - £45,000 per annum, inc benefits | Type: Permanent, full-time, On-site | Badges: Featured, Ending soon, Easy Apply",Reed.co.uk,https://www.reed.co.uk/jobs/reed-business-support/p1311,https://www.reed.co.uk/jobs/senior-sales-executive/57050804?source=searchResults&q=lead%20generation%20executive&filter=%2Fjobs%2Fon-site-lead-generation-executive-jobs%3Fq%3Dlead%2Bgeneration%2Bexecutive%26keywords%3DLead%2BGeneration%2BExecutive%26perm%3Dtrue%26fullTime%3Dtrue%26workingOption%3DonSite
Internal Sales Executive - Technology,Chapman Tate Associates,"Barford St. Michael, Oxfordshire",2026-08-24,https://www.reed.co.uk/jobs/internal-sales-executive-technology/57271228?source=searchResults&q=lead%20generation%20executive&filter=%2Fjobs%2Fon-site-lead-generation-executive-jobs%3Fq%3Dlead%2Bgeneration%2Bexecutive%26keywords%3DLead%2BGeneration%2BExecutive%26perm%3Dtrue%26fullTime%3Dtrue%26workingOption%3DonSite,https://www.reed.co.uk/jobs/chapman-tate-associates/p78232,Actively Hiring,"Company: Chapman Tate Associates | Salary: £35,000 - £45,000 per annum | Type: Permanent, full-time, On-site | Badges: Easy Apply",Reed.co.uk,https://www.reed.co.uk/jobs/chapman-tate-associates/p78232,https://www.reed.co.uk/jobs/internal-sales-executive-technology/57271228?source=searchResults&q=lead%20generation%20executive&filter=%2Fjobs%2Fon-site-lead-generation-executive-jobs%3Fq%3Dlead%2Bgeneration%2Bexecutive%26keywords%3DLead%2BGeneration%2BExecutive%26perm%3Dtrue%26fullTime%3Dtrue%26workingOption%3DonSite
Telesales Executive,UBT,"Fareham, Hampshire",2026-09-02,https://www.reed.co.uk/jobs/telesales-executive/57303114?source=searchResults&q=lead%20generation%20executive&filter=%2Fjobs%2Fon-site-lead-generation-executive-jobs%3Fq%3Dlead%2Bgeneration%2Bexecutive%26keywords%3DLead%2BGeneration%2BExecutive%26perm%3Dtrue%26fullTime%3Dtrue%26workingOption%3DonSite,https://www.reed.co.uk/jobs/ubt/p20494,Actively Hiring,"Company: UBT | Salary: £40,000 - £50,000 per annum | Type: Permanent, full-time, On-site | Badges: Featured, EarlyBirdEarly bird, Easy Apply",Reed.co.uk,https://www.reed.co.uk/jobs/ubt/p20494,https://www.reed.co.uk/jobs/telesales-executive/57303114?source=searchResults&q=lead%20generation%20executive&filter=%2Fjobs%2Fon-site-lead-generation-executive-jobs%3Fq%3Dlead%2Bgeneration%2Bexecutive%26keywords%3DLead%2BGeneration%2BExecutive%26perm%3Dtrue%26fullTime%3Dtrue%26workingOption%3DonSite
Senior Digital Marketing Executive,UBT,"Northwich, Cheshire",2026-08-18,https://www.reed.co.uk/jobs/senior-digital-marketing-executive/57251101?source=searchResults&q=lead%20generation%20executive&filter=%2Fjobs%2Fon-site-lead-generation-executive-jobs%3Fq%3Dlead%2Bgeneration%2Bexecutive%26keywords%3DLead%2BGeneration%2BExecutive%26pageno%3D2%26perm%3Dtrue%26fullTime%3Dtrue%26workingOption%3DonSite,https://www.reed.co.uk/jobs/ubt/p20494,Actively Hiring,"Company: UBT | Salary: £35,000 - £40,000 per annum | Type: Permanent, full-time, On-site | Badges: Featured, Easy Apply",Reed.co.uk,https://www.reed.co.uk/jobs/ubt/p20494,https://www.reed.co.uk/jobs/senior-digital-marketing-executive/57251101?source=searchResults&q=lead%20generation%20executive&filter=%2Fjobs%2Fon-site-lead-generation-executive-jobs%3Fq%3Dlead%2Bgeneration%2Bexecutive%26keywords%3DLead%2BGeneration%2BExecutive%26pageno%3D2%26perm%3Dtrue%26fullTime%3Dtrue%26workingOption%3DonSite
Sales Support Executive,Jobheron,"Stockport, Cheshire",2026-08-10,https://www.reed.co.uk/jobs/sales-support-executive/57218423?source=searchResults&q=lead%20generation%20executive&filter=%2Fjobs%2Fon-site-lead-generation-executive-jobs%3Fq%3Dlead%2Bgeneration%2Bexecutive%26keywords%3DLead%2BGeneration%2BExecutive%26pageno%3D2%26perm%3Dtrue%26fullTime%3Dtrue%26workingOption%3DonSite,https://www.reed.co.uk/jobs/jobheron-106933/p106933,Actively Hiring,"Company: Jobheron | Salary: £30,000 - £35,000 per annum | Type: Permanent, full-time, On-site | Badges: Easy Apply",Reed.co.uk,https://www.reed.co.uk/jobs/jobheron-106933/p106933,https://www.reed.co.uk/jobs/sales-support-executive/57218423?source=searchResults&q=lead%20generation%20executive&filter=%2Fjobs%2Fon-site-lead-generation-executive-jobs%3Fq%3Dlead%2Bgeneration%2Bexecutive%26keywords%3DLead%2BGeneration%2BExecutive%26pageno%3D2%26perm%3Dtrue%26fullTime%3Dtrue%26workingOption%3DonSite
Field Sales Executive,Charity Link,"Tunbridge Wells, Kent",2026-09-11,https://www.reed.co.uk/jobs/field-sales-executive/55764175?source=searchResults&q=lead%20generation%20executive&filter=%2Fjobs%2Fon-site-lead-generation-executive-jobs%3Fq%3Dlead%2Bgeneration%2Bexecutive%26keywords%3DLead%2BGeneration%2BExecutive%26pageno%3D2%26perm%3Dtrue%26fullTime%3Dtrue%26workingOption%3DonSite,https://www.reed.co.uk/jobs/charity-link/p23508,Actively Hiring,"Company: Charity Link | Salary: £40,000 - £45,000 per annum | Type: Permanent, full-time, On-site | Badges: Featured, EarlyBirdEarly bird",Reed.co.uk,https://www.reed.co.uk/jobs/charity-link/p23508,https://www.reed.co.uk/jobs/field-sales-executive/55764175?source=searchResults&q=lead%20generation%20executive&filter=%2Fjobs%2Fon-site-lead-generation-executive-jobs%3Fq%3Dlead%2Bgeneration%2Bexecutive%26keywords%3DLead%2BGeneration%2BExecutive%26pageno%3D2%26perm%3Dtrue%26fullTime%3Dtrue%26workingOption%3DonSite
Field Sales Executive,Charity Link,"Maidstone, Kent",2026-09-11,https://www.reed.co.uk/jobs/field-sales-executive/55764154?source=searchResults&q=lead%20generation%20executive&filter=%2Fjobs%2Fon-site-lead-generation-executive-jobs%3Fq%3Dlead%2Bgeneration%2Bexecutive%26keywords%3DLead%2BGeneration%2BExecutive%26pageno%3D2%26perm%3Dtrue%26fullTime%3Dtrue%26workingOption%3DonSite,https://www.reed.co.uk/jobs/charity-link/p23508,Actively Hiring,"Company: Charity Link | Salary: £26,400 - £55,000 per annum | Type: Permanent, full-time, On-site | Badges: Featured",Reed.co.uk,https://www.reed.co.uk/jobs/charity-link/p23508,https://www.reed.co.uk/jobs/field-sales-executive/55764154?source=searchResults&q=lead%20generation%20executive&filter=%2Fjobs%2Fon-site-lead-generation-executive-jobs%3Fq%3Dlead%2Bgeneration%2Bexecutive%26keywords%3DLead%2BGeneration%2BExecutive%26pageno%3D2%26perm%3Dtrue%26fullTime%3Dtrue%26workingOption%3DonSite
Field Sales Executive,Charity Link,"Canterbury, Kent",2026-09-11,https://www.reed.co.uk/jobs/field-sales-executive/55764236?source=searchResults&q=lead%20generation%20executive&filter=%2Fjobs%2Fon-site-lead-generation-executive-jobs%3Fq%3Dlead%2Bgeneration%2Bexecutive%26keywords%3DLead%2BGeneration%2BExecutive%26pageno%3D2%26perm%3Dtrue%26fullTime%3Dtrue%26workingOption%3DonSite,https://www.reed.co.uk/jobs/charity-link/p23508,Actively Hiring,"Company: Charity Link | Salary: £26,400 - £55,000 per annum | Type: Permanent, full-time, On-site | Badges: Featured",Reed.co.uk,https://www.reed.co.uk/jobs/charity-link/p23508,https://www.reed.co.uk/jobs/field-sales-executive/55764236?source=searchResults&q=lead%20generation%20executive&filter=%2Fjobs%2Fon-site-lead-generation-executive-jobs%3Fq%3Dlead%2Bgeneration%2Bexecutive%26keywords%3DLead%2BGeneration%2BExecutive%26pageno%3D2%26perm%3Dtrue%26fullTime%3Dtrue%26workingOption%3DonSite
Field Sales Executive,Charity Link,"Cambridge, Cambridgeshire",2026-09-11,https://www.reed.co.uk/jobs/field-sales-executive/55764171?source=searchResults&q=lead%20generation%20executive&filter=%2Fjobs%2Fon-site-lead-generation-executive-jobs%3Fq%3Dlead%2Bgeneration%2Bexecutive%26keywords%3DLead%2BGeneration%2BExecutive%26pageno%3D2%26perm%3Dtrue%26fullTime%3Dtrue%26workingOption%3DonSite,https://www.reed.co.uk/jobs/charity-link/p23508,Actively Hiring,"Company: Charity Link | Salary: £26,500 - £55,000 per annum | Type: Permanent, full-time, On-site | Badges: Featured",Reed.co.uk,https://www.reed.co.uk/jobs/charity-link/p23508,https://www.reed.co.uk/jobs/field-sales-executive/55764171?source=searchResults&q=lead%20generation%20executive&filter=%2Fjobs%2Fon-site-lead-generation-executive-jobs%3Fq%3Dlead%2Bgeneration%2Bexecutive%26keywords%3DLead%2BGeneration%2BExecutive%26pageno%3D2%26perm%3Dtrue%26fullTime%3Dtrue%26workingOption%3DonSite
Field Sales Executive,Charity Link,"Brighton, East Sussex",2026-09-11,https://www.reed.co.uk/jobs/field-sales-executive/55764216?source=searchResults&q=lead%20generation%20executive&filter=%2Fjobs%2Fon-site-lead-generation-executive-jobs%3Fq%3Dlead%2Bgeneration%2Bexecutive%26keywords%3DLead%2BGeneration%2BExecutive%26pageno%3D2%26perm%3Dtrue%26fullTime%3Dtrue%26workingOption%3DonSite,https://www.reed.co.uk/jobs/charity-link/p23508,Actively Hiring,"Company: Charity Link | Salary: £27,000 - £55,000 per annum | Type: Permanent, full-time, On-site | Badges: Featured",Reed.co.uk,https://www.reed.co.uk/jobs/charity-link/p23508,https://www.reed.co.uk/jobs/field-sales-executive/55764216?source=searchResults&q=lead%20generation%20executive&filter=%2Fjobs%2Fon-site-lead-generation-executive-jobs%3Fq%3Dlead%2Bgeneration%2Bexecutive%26keywords%3DLead%2BGeneration%2BExecutive%26pageno%3D2%26perm%3Dtrue%26fullTime%3Dtrue%26workingOption%3DonSite
Sales Executive,Charity Link,"Hastings, East Sussex",2026-09-11,https://www.reed.co.uk/jobs/sales-executive/55764155?source=searchResults&q=lead%20generation%20executive&filter=%2Fjobs%2Fon-site-lead-generation-executive-jobs%3Fq%3Dlead%2Bgeneration%2Bexecutive%26keywords%3DLead%2BGeneration%2BExecutive%26pageno%3D2%26perm%3Dtrue%26fullTime%3Dtrue%26workingOption%3DonSite,https://www.reed.co.uk/jobs/charity-link/p23508,Actively Hiring,"Company: Charity Link | Salary: £26,400 - £55,000 per annum | Type: Permanent, full-time, On-site | Badges: Featured",Reed.co.uk,https://www.reed.co.uk/jobs/charity-link/p23508,https://www.reed.co.uk/jobs/sales-executive/55764155?source=searchResults&q=lead%20generation%20executive&filter=%2Fjobs%2Fon-site-lead-generation-executive-jobs%3Fq%3Dlead%2Bgeneration%2Bexecutive%26keywords%3DLead%2BGeneration%2BExecutive%26pageno%3D2%26perm%3Dtrue%26fullTime%3Dtrue%26workingOption%3DonSite
Field Sales Executive,Charity Link,"Crawley, West Sussex",2026-09-11,https://www.reed.co.uk/jobs/field-sales-executive/55764167?source=searchResults&q=lead%20generation%20executive&filter=%2Fjobs%2Fon-site-lead-generation-executive-jobs%3Fq%3Dlead%2Bgeneration%2Bexecutive%26keywords%3DLead%2BGeneration%2BExecutive%26pageno%3D2%26perm%3Dtrue%26fullTime%3Dtrue%26workingOption%3DonSite,https://www.reed.co.uk/jobs/charity-link/p23508,Actively Hiring,"Company: Charity Link | Salary: £26,400 - £55,000 per annum | Type: Permanent, full-time, On-site | Badges: Featured",Reed.co.uk,https://www.reed.co.uk/jobs/charity-link/p23508,https://www.reed.co.uk/jobs/field-sales-executive/55764167?source=searchResults&q=lead%20generation%20executive&filter=%2Fjobs%2Fon-site-lead-generation-executive-jobs%3Fq%3Dlead%2Bgeneration%2Bexecutive%26keywords%3DLead%2BGeneration%2BExecutive%26pageno%3D2%26perm%3Dtrue%26fullTime%3Dtrue%26workingOption%3DonSite
Field Sales Executive,Charity Link,"Southend-on-Sea, Essex",2026-09-11,https://www.reed.co.uk/jobs/field-sales-executive/55764166?source=searchResults&q=lead%20generation%20executive&filter=%2Fjobs%2Fon-site-lead-generation-executive-jobs%3Fq%3Dlead%2Bgeneration%2Bexecutive%26keywords%3DLead%2BGeneration%2BExecutive%26pageno%3D2%26perm%3Dtrue%26fullTime%3Dtrue%26workingOption%3DonSite,https://www.reed.co.uk/jobs/charity-link/p23508,Actively Hiring,"Company: Charity Link | Salary: £26,400 - £55,000 per annum | Type: Permanent, full-time, On-site | Badges: Featured",Reed.co.uk,https://www.reed.co.uk/jobs/charity-link/p23508,https://www.reed.co.uk/jobs/field-sales-executive/55764166?source=searchResults&q=lead%20generation%20executive&filter=%2Fjobs%2Fon-site-lead-generation-executive-jobs%3Fq%3Dlead%2Bgeneration%2Bexecutive%26keywords%3DLead%2BGeneration%2BExecutive%26pageno%3D2%26perm%3Dtrue%26fullTime%3Dtrue%26workingOption%3DonSite
Field Sales Executive,Charity Link,"Bromley, Kent",2026-09-11,https://www.reed.co.uk/jobs/field-sales-executive/55764193?source=searchResults&q=lead%20generation%20executive&filter=%2Fjobs%2Fon-site-lead-generation-executive-jobs%3Fq%3Dlead%2Bgeneration%2Bexecutive%26keywords%3DLead%2BGeneration%2BExecutive%26pageno%3D2%26perm%3Dtrue%26fullTime%3Dtrue%26workingOption%3DonSite,https://www.reed.co.uk/jobs/charity-link/p23508,Actively Hiring,"Company: Charity Link | Salary: £26,400 - £55,000 per annum | Type: Permanent, full-time, On-site | Badges: Featured",Reed.co.uk,https://www.reed.co.uk/jobs/charity-link/p23508,https://www.reed.co.uk/jobs/field-sales-executive/55764193?source=searchResults&q=lead%20generation%20executive&filter=%2Fjobs%2Fon-site-lead-generation-executive-jobs%3Fq%3Dlead%2Bgeneration%2Bexecutive%26keywords%3DLead%2BGeneration%2BExecutive%26pageno%3D2%26perm%3Dtrue%26fullTime%3Dtrue%26workingOption%3DonSite
Field Sales Executive,Charity Link,"Colchester, Essex",2026-08-31,https://www.reed.co.uk/jobs/field-sales-executive/55764180?source=searchResults&q=lead%20generation%20executive&filter=%2Fjobs%2Fon-site-lead-generation-executive-jobs%3Fq%3Dlead%2Bgeneration%2Bexecutive%26keywords%3DLead%2BGeneration%2BExecutive%26pageno%3D2%26perm%3Dtrue%26fullTime%3Dtrue%26workingOption%3DonSite,https://www.reed.co.uk/jobs/charity-link/p23508,Actively Hiring,"Company: Charity Link | Salary: £26,400 - £55,000 per annum | Type: Permanent, full-time, On-site | Badges: Featured",Reed.co.uk,https://www.reed.co.uk/jobs/charity-link/p23508,https://www.reed.co.uk/jobs/field-sales-executive/55764180?source=searchResults&q=lead%20generation%20executive&filter=%2Fjobs%2Fon-site-lead-generation-executive-jobs%3Fq%3Dlead%2Bgeneration%2Bexecutive%26keywords%3DLead%2BGeneration%2BExecutive%26pageno%3D2%26perm%3Dtrue%26fullTime%3Dtrue%26workingOption%3DonSite
Field Sales Executive,Charity Link,"Watford, Hertfordshire",2026-10-17,https://www.reed.co.uk/jobs/field-sales-executive/55941490?source=searchResults&q=lead%20generation%20executive&filter=%2Fjobs%2Fon-site-lead-generation-executive-jobs%3Fq%3Dlead%2Bgeneration%2Bexecutive%26keywords%3DLead%2BGeneration%2BExecutive%26pageno%3D2%26perm%3Dtrue%26fullTime%3Dtrue%26workingOption%3DonSite,https://www.reed.co.uk/jobs/charity-link/p23508,Actively Hiring,"Company: Charity Link | Salary: £35,000 - £45,000 per annum | Type: Permanent, full-time, On-site | Badges: Featured",Reed.co.uk,https://www.reed.co.uk/jobs/charity-link/p23508,https://www.reed.co.uk/jobs/field-sales-executive/55941490?source=searchResults&q=lead%20generation%20executive&filter=%2Fjobs%2Fon-site-lead-generation-executive-jobs%3Fq%3Dlead%2Bgeneration%2Bexecutive%26keywords%3DLead%2BGeneration%2BExecutive%26pageno%3D2%26perm%3Dtrue%26fullTime%3Dtrue%26workingOption%3DonSite
Field Sales Executive,Charity Link,"Enfield, Middlesex",2026-09-11,https://www.reed.co.uk/jobs/field-sales-executive/55764177?source=searchResults&q=lead%20generation%20executive&filter=%2Fjobs%2Fon-site-lead-generation-executive-jobs%3Fq%3Dlead%2Bgeneration%2Bexecutive%26keywords%3DLead%2BGeneration%2BExecutive%26pageno%3D2%26perm%3Dtrue%26fullTime%3Dtrue%26workingOption%3DonSite,https://www.reed.co.uk/jobs/charity-link/p23508,Actively Hiring,"Company: Charity Link | Salary: £26,400 - £55,000 per annum | Type: Permanent, full-time, On-site | Badges: Featured",Reed.co.uk,https://www.reed.co.uk/jobs/charity-link/p23508,https://www.reed.co.uk/jobs/field-sales-executive/55764177?source=searchResults&q=lead%20generation%20executive&filter=%2Fjobs%2Fon-site-lead-generation-executive-jobs%3Fq%3Dlead%2Bgeneration%2Bexecutive%26keywords%3DLead%2BGeneration%2BExecutive%26pageno%3D2%26perm%3Dtrue%26fullTime%3Dtrue%26workingOption%3DonSite
Sales Executive,Charity Link,"Sevenoaks, Kent",2026-09-11,https://www.reed.co.uk/jobs/sales-executive/55764188?source=searchResults&q=lead%20generation%20executive&filter=%2Fjobs%2Fon-site-lead-generation-executive-jobs%3Fq%3Dlead%2Bgeneration%2Bexecutive%26keywords%3DLead%2BGeneration%2BExecutive%26pageno%3D2%26perm%3Dtrue%26fullTime%3Dtrue%26workingOption%3DonSite,https://www.reed.co.uk/jobs/charity-link/p23508,Actively Hiring,"Company: Charity Link | Salary: £26,400 - £55,000 per annum | Type: Permanent, full-time, On-site | Badges: Featured",Reed.co.uk,https://www.reed.co.uk/jobs/charity-link/p23508,https://www.reed.co.uk/jobs/sales-executive/55764188?source=searchResults&q=lead%20generation%20executive&filter=%2Fjobs%2Fon-site-lead-generation-executive-jobs%3Fq%3Dlead%2Bgeneration%2Bexecutive%26keywords%3DLead%2BGeneration%2BExecutive%26pageno%3D2%26perm%3Dtrue%26fullTime%3Dtrue%26workingOption%3DonSite
Field Sales Executive,Charity Link,"Norwich, Norfolk",2026-09-11,https://www.reed.co.uk/jobs/field-sales-executive/55764133?source=searchResults&q=lead%20generation%20executive&filter=%2Fjobs%2Fon-site-lead-generation-executive-jobs%3Fq%3Dlead%2Bgeneration%2Bexecutive%26keywords%3DLead%2BGeneration%2BExecutive%26pageno%3D2%26perm%3Dtrue%26fullTime%3Dtrue%26workingOption%3DonSite,https://www.reed.co.uk/jobs/charity-link/p23508,Actively Hiring,"Company: Charity Link | Salary: £26,400 - £55,000 per annum | Type: Permanent, full-time, On-site | Badges: Featured",Reed.co.uk,https://www.reed.co.uk/jobs/charity-link/p23508,https://www.reed.co.uk/jobs/field-sales-executive/55764133?source=searchResults&q=lead%20generation%20executive&filter=%2Fjobs%2Fon-site-lead-generation-executive-jobs%3Fq%3Dlead%2Bgeneration%2Bexecutive%26keywords%3DLead%2BGeneration%2BExecutive%26pageno%3D2%26perm%3Dtrue%26fullTime%3Dtrue%26workingOption%3DonSite
Field Sales Executive,Charity Link,"Romford, Essex",2026-09-11,https://www.reed.co.uk/jobs/field-sales-executive/55764204?source=searchResults&q=lead%20generation%20executive&filter=%2Fjobs%2Fon-site-lead-generation-executive-jobs%3Fq%3Dlead%2Bgeneration%2Bexecutive%26keywords%3DLead%2BGeneration%2BExecutive%26pageno%3D2%26perm%3Dtrue%26fullTime%3Dtrue%26workingOption%3DonSite,https://www.reed.co.uk/jobs/charity-link/p23508,Actively Hiring,"Company: Charity Link | Salary: £26,400 - £55,000 per annum | Type: Permanent, full-time, On-site | Badges: Featured",Reed.co.uk,https://www.reed.co.uk/jobs/charity-link/p23508,https://www.reed.co.uk/jobs/field-sales-executive/55764204?source=searchResults&q=lead%20generation%20executive&filter=%2Fjobs%2Fon-site-lead-generation-executive-jobs%3Fq%3Dlead%2Bgeneration%2Bexecutive%26keywords%3DLead%2BGeneration%2BExecutive%26pageno%3D2%26perm%3Dtrue%26fullTime%3Dtrue%26workingOption%3DonSite
Field Sales Executive,Charity Link,"St. Albans, Hertfordshire",2026-09-11,https://www.reed.co.uk/jobs/field-sales-executive/55764143?source=searchResults&q=lead%20generation%20executive&filter=%2Fjobs%2Fon-site-lead-generation-executive-jobs%3Fq%3Dlead%2Bgeneration%2Bexecutive%26keywords%3DLead%2BGeneration%2BExecutive%26pageno%3D2%26perm%3Dtrue%26fullTime%3Dtrue%26workingOption%3DonSite,https://www.reed.co.uk/jobs/charity-link/p23508,Actively Hiring,"Company: Charity Link | Salary: £26,400 - £55,000 per annum | Type: Permanent, full-time, On-site | Badges: Featured",Reed.co.uk,https://www.reed.co.uk/jobs/charity-link/p23508,https://www.reed.co.uk/jobs/field-sales-executive/55764143?source=searchResults&q=lead%20generation%20executive&filter=%2Fjobs%2Fon-site-lead-generation-executive-jobs%3Fq%3Dlead%2Bgeneration%2Bexecutive%26keywords%3DLead%2BGeneration%2BExecutive%26pageno%3D2%26perm%3Dtrue%26fullTime%3Dtrue%26workingOption%3DonSite
Field Sales Executive,Charity Link,"High Wycombe, Buckinghamshire",2026-09-11,https://www.reed.co.uk/jobs/field-sales-executive/55853810?source=searchResults&q=lead%20generation%20executive&filter=%2Fjobs%2Fon-site-lead-generation-executive-jobs%3Fq%3Dlead%2Bgeneration%2Bexecutive%26keywords%3DLead%2BGeneration%2BExecutive%26pageno%3D2%26perm%3Dtrue%26fullTime%3Dtrue%26workingOption%3DonSite,https://www.reed.co.uk/jobs/charity-link/p23508,Actively Hiring,"Company: Charity Link | Salary: £26,400 - £55,000 per annum | Type: Permanent, full-time, On-site | Badges: Featured",Reed.co.uk,https://www.reed.co.uk/jobs/charity-link/p23508,https://www.reed.co.uk/jobs/field-sales-executive/55853810?source=searchResults&q=lead%20generation%20executive&filter=%2Fjobs%2Fon-site-lead-generation-executive-jobs%3Fq%3Dlead%2Bgeneration%2Bexecutive%26keywords%3DLead%2BGeneration%2BExecutive%26pageno%3D2%26perm%3Dtrue%26fullTime%3Dtrue%26workingOption%3DonSite
Inside Sales Executive,Kelly Parrish Recruitment Limited,"Canvey Island, Essex",2026-09-03,https://www.reed.co.uk/jobs/inside-sales-executive/57191795?source=searchResults&q=lead%20generation%20executive&filter=%2Fjobs%2Fon-site-lead-generation-executive-jobs%3Fq%3Dlead%2Bgeneration%2Bexecutive%26keywords%3DLead%2BGeneration%2BExecutive%26pageno%3D2%26perm%3Dtrue%26fullTime%3Dtrue%26workingOption%3DonSite,https://www.reed.co.uk/jobs/kelly-parrish-recruitment-limited-110662/p110662,Actively Hiring,"Company: Kelly Parrish Recruitment Limited | Salary: £25,490 per annum | Type: Permanent, full-time, On-site",Reed.co.uk,https://www.reed.co.uk/jobs/kelly-parrish-recruitment-limited-110662/p110662,https://www.reed.co.uk/jobs/inside-sales-executive/57191795?source=searchResults&q=lead%20generation%20executive&filter=%2Fjobs%2Fon-site-lead-generation-executive-jobs%3Fq%3Dlead%2Bgeneration%2Bexecutive%26keywords%3DLead%2BGeneration%2BExecutive%26pageno%3D2%26perm%3Dtrue%26fullTime%3Dtrue%26workingOption%3DonSite
Sales Executive,Darling Moo Talent Limited,"Cambridge, Cambridgeshire",2026-09-07,https://www.reed.co.uk/jobs/sales-executive/57317862?source=searchResults&q=lead%20generation%20executive&filter=%2Fjobs%2Fon-site-lead-generation-executive-jobs%3Fq%3Dlead%2Bgeneration%2Bexecutive%26keywords%3DLead%2BGeneration%2BExecutive%26pageno%3D2%26perm%3Dtrue%26fullTime%3Dtrue%26workingOption%3DonSite,https://www.reed.co.uk/jobs/darling-moo-talent-limited-113823/p113823,Actively Hiring,"Company: Darling Moo Talent Limited | Salary: £30,000 - £40,000 per annum | Type: Permanent, full-time, On-site | Badges: Easy Apply",Reed.co.uk,https://www.reed.co.uk/jobs/darling-moo-talent-limited-113823/p113823,https://www.reed.co.uk/jobs/sales-executive/57317862?source=searchResults&q=lead%20generation%20executive&filter=%2Fjobs%2Fon-site-lead-generation-executive-jobs%3Fq%3Dlead%2Bgeneration%2Bexecutive%26keywords%3DLead%2BGeneration%2BExecutive%26pageno%3D2%26perm%3Dtrue%26fullTime%3Dtrue%26workingOption%3DonSite
Sales Development Executive,Legal for Landlords,"Birchwood, Warrington, Cheshire",2026-09-09,https://www.reed.co.uk/jobs/sales-development-executive/57341692?source=searchResults&q=lead%20generation%20executive&filter=%2Fjobs%2Fon-site-lead-generation-executive-jobs%3Fq%3Dlead%2Bgeneration%2Bexecutive%26keywords%3DLead%2BGeneration%2BExecutive%26pageno%3D2%26perm%3Dtrue%26fullTime%3Dtrue%26workingOption%3DonSite,https://www.reed.co.uk/jobs/legal-for-landlords/o700857,Actively Hiring,"Company: Legal for Landlords | Salary: £26,000 - £35,000 per annum | Type: Permanent, full-time, On-site | Badges: Featured, EarlyBirdEarly bird",Reed.co.uk,https://www.reed.co.uk/jobs/legal-for-landlords/o700857,https://www.reed.co.uk/jobs/sales-development-executive/57341692?source=searchResults&q=lead%20generation%20executive&filter=%2Fjobs%2Fon-site-lead-generation-executive-jobs%3Fq%3Dlead%2Bgeneration%2Bexecutive%26keywords%3DLead%2BGeneration%2BExecutive%26pageno%3D2%26perm%3Dtrue%26fullTime%3Dtrue%26workingOption%3DonSite
Door to Door Sales Executive,Charity Link,"Ipswich, Suffolk",2026-09-11,https://www.reed.co.uk/jobs/door-to-door-sales-executive/55764179?source=searchResults&q=lead%20generation%20executive&filter=%2Fjobs%2Fon-site-lead-generation-executive-jobs%3Fq%3Dlead%2Bgeneration%2Bexecutive%26keywords%3DLead%2BGeneration%2BExecutive%26pageno%3D2%26perm%3Dtrue%26fullTime%3Dtrue%26workingOption%3DonSite,https://www.reed.co.uk/jobs/charity-link/p23508,Actively Hiring,"Company: Charity Link | Salary: £26,400 - £55,000 per annum | Type: Permanent, full-time, On-site | Badges: Featured",Reed.co.uk,https://www.reed.co.uk/jobs/charity-link/p23508,https://www.reed.co.uk/jobs/door-to-door-sales-executive/55764179?source=searchResults&q=lead%20generation%20executive&filter=%2Fjobs%2Fon-site-lead-generation-executive-jobs%3Fq%3Dlead%2Bgeneration%2Bexecutive%26keywords%3DLead%2BGeneration%2BExecutive%26pageno%3D2%26perm%3Dtrue%26fullTime%3Dtrue%26workingOption%3DonSite
Door to Door Sales Executive,Charity Link,"Canterbury, Kent",2026-09-11,https://www.reed.co.uk/jobs/door-to-door-sales-executive/55764228?source=searchResults&q=lead%20generation%20executive&filter=%2Fjobs%2Fon-site-lead-generation-executive-jobs%3Fq%3Dlead%2Bgeneration%2Bexecutive%26keywords%3DLead%2BGeneration%2BExecutive%26pageno%3D3%26perm%3Dtrue%26fullTime%3Dtrue%26workingOption%3DonSite,https://www.reed.co.uk/jobs/charity-link/p23508,Actively Hiring,"Company: Charity Link | Salary: £26,400 - £55,000 per annum | Type: Permanent, full-time, On-site | Badges: Featured",Reed.co.uk,https://www.reed.co.uk/jobs/charity-link/p23508,https://www.reed.co.uk/jobs/door-to-door-sales-executive/55764228?source=searchResults&q=lead%20generation%20executive&filter=%2Fjobs%2Fon-site-lead-generation-executive-jobs%3Fq%3Dlead%2Bgeneration%2Bexecutive%26keywords%3DLead%2BGeneration%2BExecutive%26pageno%3D3%26perm%3Dtrue%26fullTime%3Dtrue%26workingOption%3DonSite
Door to Door Sales Executive,Charity Link,"Brighton, East Sussex",2026-09-11,https://www.reed.co.uk/jobs/door-to-door-sales-executive/55764196?source=searchResults&q=lead%20generation%20executive&filter=%2Fjobs%2Fon-site-lead-generation-executive-jobs%3Fq%3Dlead%2Bgeneration%2Bexecutive%26keywords%3DLead%2BGeneration%2BExecutive%26pageno%3D3%26perm%3Dtrue%26fullTime%3Dtrue%26workingOption%3DonSite,https://www.reed.co.uk/jobs/charity-link/p23508,Actively Hiring,"Company: Charity Link | Salary: £40,000 - £45,000 per annum | Type: Permanent, full-time, On-site | Badges: Featured",Reed.co.uk,https://www.reed.co.uk/jobs/charity-link/p23508,https://www.reed.co.uk/jobs/door-to-door-sales-executive/55764196?source=searchResults&q=lead%20generation%20executive&filter=%2Fjobs%2Fon-site-lead-generation-executive-jobs%3Fq%3Dlead%2Bgeneration%2Bexecutive%26keywords%3DLead%2BGeneration%2BExecutive%26pageno%3D3%26perm%3Dtrue%26fullTime%3Dtrue%26workingOption%3DonSite
Field Sales Executive - Fundraising,Charity Link,"Worthing, West Sussex",2026-09-11,https://www.reed.co.uk/jobs/field-sales-executive-fundraising/55764172?source=searchResults&q=lead%20generation%20executive&filter=%2Fjobs%2Fon-site-lead-generation-executive-jobs%3Fq%3Dlead%2Bgeneration%2Bexecutive%26keywords%3DLead%2BGeneration%2BExecutive%26pageno%3D3%26perm%3Dtrue%26fullTime%3Dtrue%26workingOption%3DonSite,https://www.reed.co.uk/jobs/charity-link/p23508,Actively Hiring,"Company: Charity Link | Salary: £40,000 - £45,000 per annum | Type: Permanent, full-time, On-site | Badges: Featured",Reed.co.uk,https://www.reed.co.uk/jobs/charity-link/p23508,https://www.reed.co.uk/jobs/field-sales-executive-fundraising/55764172?source=searchResults&q=lead%20generation%20executive&filter=%2Fjobs%2Fon-site-lead-generation-executive-jobs%3Fq%3Dlead%2Bgeneration%2Bexecutive%26keywords%3DLead%2BGeneration%2BExecutive%26pageno%3D3%26perm%3Dtrue%26fullTime%3Dtrue%26workingOption%3DonSite
Door to Door Sales Executive,Charity Link,"Chelmsford, Essex",2026-09-11,https://www.reed.co.uk/jobs/door-to-door-sales-executive/55764126?source=searchResults&q=lead%20generation%20executive&filter=%2Fjobs%2Fon-site-lead-generation-executive-jobs%3Fq%3Dlead%2Bgeneration%2Bexecutive%26keywords%3DLead%2BGeneration%2BExecutive%26pageno%3D3%26perm%3Dtrue%26fullTime%3Dtrue%26workingOption%3DonSite,https://www.reed.co.uk/jobs/charity-link/p23508,Actively Hiring,"Company: Charity Link | Salary: £26,400 - £55,000 per annum | Type: Permanent, full-time, On-site | Badges: Featured",Reed.co.uk,https://www.reed.co.uk/jobs/charity-link/p23508,https://www.reed.co.uk/jobs/door-to-door-sales-executive/55764126?source=searchResults&q=lead%20generation%20executive&filter=%2Fjobs%2Fon-site-lead-generation-executive-jobs%3Fq%3Dlead%2Bgeneration%2Bexecutive%26keywords%3DLead%2BGeneration%2BExecutive%26pageno%3D3%26perm%3Dtrue%26fullTime%3Dtrue%26workingOption%3DonSite
Door to Door Sales Executive,Charity Link,"Norwich, Norfolk",2026-09-11,https://www.reed.co.uk/jobs/door-to-door-sales-executive/55764237?source=searchResults&q=lead%20generation%20executive&filter=%2Fjobs%2Fon-site-lead-generation-executive-jobs%3Fq%3Dlead%2Bgeneration%2Bexecutive%26keywords%3DLead%2BGeneration%2BExecutive%26pageno%3D3%26perm%3Dtrue%26fullTime%3Dtrue%26workingOption%3DonSite,https://www.reed.co.uk/jobs/charity-link/p23508,Actively Hiring,"Company: Charity Link | Salary: £26,400 - £55,000 per annum | Type: Permanent, full-time, On-site | Badges: Featured",Reed.co.uk,https://www.reed.co.uk/jobs/charity-link/p23508,https://www.reed.co.uk/jobs/door-to-door-sales-executive/55764237?source=searchResults&q=lead%20generation%20executive&filter=%2Fjobs%2Fon-site-lead-generation-executive-jobs%3Fq%3Dlead%2Bgeneration%2Bexecutive%26keywords%3DLead%2BGeneration%2BExecutive%26pageno%3D3%26perm%3Dtrue%26fullTime%3Dtrue%26workingOption%3DonSite
Door to Door Sales Executive,Charity Link,"Colchester, Essex",2026-09-11,https://www.reed.co.uk/jobs/door-to-door-sales-executive/55764185?source=searchResults&q=lead%20generation%20executive&filter=%2Fjobs%2Fon-site-lead-generation-executive-jobs%3Fq%3Dlead%2Bgeneration%2Bexecutive%26keywords%3DLead%2BGeneration%2BExecutive%26pageno%3D3%26perm%3Dtrue%26fullTime%3Dtrue%26workingOption%3DonSite,https://www.reed.co.uk/jobs/charity-link/p23508,Actively Hiring,"Company: Charity Link | Salary: £40,000 - £45,000 per annum | Type: Permanent, full-time, On-site | Badges: Featured",Reed.co.uk,https://www.reed.co.uk/jobs/charity-link/p23508,https://www.reed.co.uk/jobs/door-to-door-sales-executive/55764185?source=searchResults&q=lead%20generation%20executive&filter=%2Fjobs%2Fon-site-lead-generation-executive-jobs%3Fq%3Dlead%2Bgeneration%2Bexecutive%26keywords%3DLead%2BGeneration%2BExecutive%26pageno%3D3%26perm%3Dtrue%26fullTime%3Dtrue%26workingOption%3DonSite
Business Development Executive,Liquidline,"Belfast, County Antrim",2026-09-09,https://www.reed.co.uk/jobs/business-development-executive/57321316?source=searchResults&q=lead%20generation%20executive&filter=%2Fjobs%2Fon-site-lead-generation-executive-jobs%3Fq%3Dlead%2Bgeneration%2Bexecutive%26keywords%3DLead%2BGeneration%2BExecutive%26pageno%3D3%26perm%3Dtrue%26fullTime%3Dtrue%26workingOption%3DonSite,https://www.reed.co.uk/jobs/liquidline-91946/p91946,Actively Hiring,"Company: Liquidline | Salary: £30,000 - £35,000 per annum | Type: Permanent, full-time, On-site | Badges: Featured, EarlyBirdEarly bird",Reed.co.uk,https://www.reed.co.uk/jobs/liquidline-91946/p91946,https://www.reed.co.uk/jobs/business-development-executive/57321316?source=searchResults&q=lead%20generation%20executive&filter=%2Fjobs%2Fon-site-lead-generation-executive-jobs%3Fq%3Dlead%2Bgeneration%2Bexecutive%26keywords%3DLead%2BGeneration%2BExecutive%26pageno%3D3%26perm%3Dtrue%26fullTime%3Dtrue%26workingOption%3DonSite
Data Analyst Trainee,ITOL Recruit,United Kingdom,2026-09-02,https://www.reed.co.uk/jobs/data-analyst-trainee/57302735?source=searchResults&q=data%20analyst&filter=%2Fjobs%2Fdata-analyst-jobs-in-bangalore-street-sw15%3Fq%3Ddata%2Banalyst%26keywords%3DData%2BAnalyst%26locationName%3DBangalore%2BStreet%252C%2BSW15%26locationId%3D4572795,https://www.reed.co.uk/jobs/itol-recruit/p57826,Actively Hiring,"Company: ITOL Recruit | Salary: Training Course | Type: Permanent, full-time, On-site | Badges: Promoted",Reed.co.uk,https://www.reed.co.uk/jobs/itol-recruit/p57826,https://www.reed.co.uk/jobs/data-analyst-trainee/57302735?source=searchResults&q=data%20analyst&filter=%2Fjobs%2Fdata-analyst-jobs-in-bangalore-street-sw15%3Fq%3Ddata%2Banalyst%26keywords%3DData%2BAnalyst%26locationName%3DBangalore%2BStreet%252C%2BSW15%26locationId%3D4572795
Senior Data Analyst,FDM Group,London,2026-09-09,https://www.reed.co.uk/jobs/senior-data-analyst/56212211?source=searchResults&q=data%20analyst&filter=%2Fjobs%2Fdata-analyst-jobs-in-bangalore-street-sw15%3Fq%3Ddata%2Banalyst%26keywords%3DData%2BAnalyst%26locationName%3DBangalore%2BStreet%252C%2BSW15%26locationId%3D4572795,https://www.reed.co.uk/jobs/fdm-group/p4784,Actively Hiring,"Company: FDM Group | Salary: Salary negotiable | Type: Permanent, full-time, Hybrid | Badges: Promoted",Reed.co.uk,https://www.reed.co.uk/jobs/fdm-group/p4784,https://www.reed.co.uk/jobs/senior-data-analyst/56212211?source=searchResults&q=data%20analyst&filter=%2Fjobs%2Fdata-analyst-jobs-in-bangalore-street-sw15%3Fq%3Ddata%2Banalyst%26keywords%3DData%2BAnalyst%26locationName%3DBangalore%2BStreet%252C%2BSW15%26locationId%3D4572795
Investment Fund Data Analyst,Fitz Partners,London,2026-09-07,https://www.reed.co.uk/jobs/investment-fund-data-analyst/57315830?source=searchResults&q=data%20analyst&filter=%2Fjobs%2Fdata-analyst-jobs-in-bangalore-street-sw15%3Fq%3Ddata%2Banalyst%26keywords%3DData%2BAnalyst%26locationName%3DBangalore%2BStreet%252C%2BSW15%26locationId%3D4572795,https://www.reed.co.uk/jobs/fitz-partners-88561/p88561,Actively Hiring,"Company: Fitz Partners | Salary: Competitive salary | Type: Temporary, full-time, Hybrid",Reed.co.uk,https://www.reed.co.uk/jobs/fitz-partners-88561/p88561,https://www.reed.co.uk/jobs/investment-fund-data-analyst/57315830?source=searchResults&q=data%20analyst&filter=%2Fjobs%2Fdata-analyst-jobs-in-bangalore-street-sw15%3Fq%3Ddata%2Banalyst%26keywords%3DData%2BAnalyst%26locationName%3DBangalore%2BStreet%252C%2BSW15%26locationId%3D4572795
Insights Data Analyst Apprentice,QA,London,2026-08-24,https://www.reed.co.uk/jobs/insights-data-analyst-apprentice/57268090?source=searchResults&q=data%20analyst&filter=%2Fjobs%2Fdata-analyst-jobs-in-bangalore-street-sw15%3Fq%3Ddata%2Banalyst%26keywords%3DData%2BAnalyst%26locationName%3DBangalore%2BStreet%252C%2BSW15%26locationId%3D4572795,https://www.reed.co.uk/jobs/qa-ltd/p31199,Actively Hiring,"Company: QA | Salary: £18,000 - £21,000 per annum | Type: Permanent, full-time or part-time, On-site | Badges: Featured",Reed.co.uk,https://www.reed.co.uk/jobs/qa-ltd/p31199,https://www.reed.co.uk/jobs/insights-data-analyst-apprentice/57268090?source=searchResults&q=data%20analyst&filter=%2Fjobs%2Fdata-analyst-jobs-in-bangalore-street-sw15%3Fq%3Ddata%2Banalyst%26keywords%3DData%2BAnalyst%26locationName%3DBangalore%2BStreet%252C%2BSW15%26locationId%3D4572795
Data Analyst,No1 Legal and Professional,"East London, London",2026-08-10,https://www.reed.co.uk/jobs/data-analyst/57218005?source=searchResults&q=data%20analyst&filter=%2Fjobs%2Fdata-analyst-jobs-in-bangalore-street-sw15%3Fq%3Ddata%2Banalyst%26keywords%3DData%2BAnalyst%26locationName%3DBangalore%2BStreet%252C%2BSW15%26locationId%3D4572795,https://www.reed.co.uk/jobs/no1-legal-limited/p15180,Actively Hiring,"Company: No1 Legal and Professional | Salary: Salary negotiable | Type: Permanent, full-time, On-site",Reed.co.uk,https://www.reed.co.uk/jobs/no1-legal-limited/p15180,https://www.reed.co.uk/jobs/data-analyst/57218005?source=searchResults&q=data%20analyst&filter=%2Fjobs%2Fdata-analyst-jobs-in-bangalore-street-sw15%3Fq%3Ddata%2Banalyst%26keywords%3DData%2BAnalyst%26locationName%3DBangalore%2BStreet%252C%2BSW15%26locationId%3D4572795
Data Analyst,Trace | Expert Accountancy & Finance Recruitment,London,2026-08-25,https://www.reed.co.uk/jobs/data-analyst/57276378?source=searchResults&q=data%20analyst&filter=%2Fjobs%2Fdata-analyst-jobs-in-bangalore-street-sw15%3Fq%3Ddata%2Banalyst%26keywords%3DData%2BAnalyst%26locationName%3DBangalore%2BStreet%252C%2BSW15%26locationId%3D4572795,https://www.reed.co.uk/jobs/trace-recruit-ltd/p7894,Actively Hiring,"Company: Trace | Expert Accountancy & Finance Recruitment | Salary: AUD$35,000 - AUD$45,000 per annum | Type: Permanent, full-time, Hybrid | Badges: Featured, Easy Apply",Reed.co.uk,https://www.reed.co.uk/jobs/trace-recruit-ltd/p7894,https://www.reed.co.uk/jobs/data-analyst/57276378?source=searchResults&q=data%20analyst&filter=%2Fjobs%2Fdata-analyst-jobs-in-bangalore-street-sw15%3Fq%3Ddata%2Banalyst%26keywords%3DData%2BAnalyst%26locationName%3DBangalore%2BStreet%252C%2BSW15%26locationId%3D4572795
Data Analyst,Harnham - Data & Analytics Recruitment,London,2026-08-11,https://www.reed.co.uk/jobs/data-analyst/57225110?source=searchResults&q=data%20analyst&filter=%2Fjobs%2Fdata-analyst-jobs-in-bangalore-street-sw15%3Fq%3Ddata%2Banalyst%26keywords%3DData%2BAnalyst%26locationName%3DBangalore%2BStreet%252C%2BSW15%26locationId%3D4572795,https://www.reed.co.uk/jobs/harnham-search-selection/p9243,Actively Hiring,"Company: Harnham - Data & Analytics Recruitment | Salary: £45,000 - £55,000 per annum | Type: Contract, full-time, On-site | Badges: Easy Apply",Reed.co.uk,https://www.reed.co.uk/jobs/harnham-search-selection/p9243,https://www.reed.co.uk/jobs/data-analyst/57225110?source=searchResults&q=data%20analyst&filter=%2Fjobs%2Fdata-analyst-jobs-in-bangalore-street-sw15%3Fq%3Ddata%2Banalyst%26keywords%3DData%2BAnalyst%26locationName%3DBangalore%2BStreet%252C%2BSW15%26locationId%3D4572795
Data Analyst,Proactive Appointments,"North Acton, London",2026-08-17,https://www.reed.co.uk/jobs/data-analyst/57247528?source=searchResults&q=data%20analyst&filter=%2Fjobs%2Fdata-analyst-jobs-in-bangalore-street-sw15%3Fq%3Ddata%2Banalyst%26keywords%3DData%2BAnalyst%26locationName%3DBangalore%2BStreet%252C%2BSW15%26locationId%3D4572795,https://www.reed.co.uk/jobs/proactive-appointments-72728/p72728,Actively Hiring,"Company: Proactive Appointments | Salary: £40,000 - £60,000 per annum | Type: Permanent, full-time, On-site | Badges: Featured, Easy Apply",Reed.co.uk,https://www.reed.co.uk/jobs/proactive-appointments-72728/p72728,https://www.reed.co.uk/jobs/data-analyst/57247528?source=searchResults&q=data%20analyst&filter=%2Fjobs%2Fdata-analyst-jobs-in-bangalore-street-sw15%3Fq%3Ddata%2Banalyst%26keywords%3DData%2BAnalyst%26locationName%3DBangalore%2BStreet%252C%2BSW15%26locationId%3D4572795
Data Analyst,Harnham - Data & Analytics Recruitment,London,2026-08-21,https://www.reed.co.uk/jobs/data-analyst/57265274?source=searchResults&q=data%20analyst&filter=%2Fjobs%2Fdata-analyst-jobs-in-bangalore-street-sw15%3Fq%3Ddata%2Banalyst%26keywords%3DData%2BAnalyst%26locationName%3DBangalore%2BStreet%252C%2BSW15%26locationId%3D4572795,https://www.reed.co.uk/jobs/harnham-search-selection/p9243,Actively Hiring,"Company: Harnham - Data & Analytics Recruitment | Salary: £70,000 - £75,000 per annum | Type: Permanent, full-time, Hybrid",Reed.co.uk,https://www.reed.co.uk/jobs/harnham-search-selection/p9243,https://www.reed.co.uk/jobs/data-analyst/57265274?source=searchResults&q=data%20analyst&filter=%2Fjobs%2Fdata-analyst-jobs-in-bangalore-street-sw15%3Fq%3Ddata%2Banalyst%26keywords%3DData%2BAnalyst%26locationName%3DBangalore%2BStreet%252C%2BSW15%26locationId%3D4572795
Data Analyst,Robert Half,London,2026-08-24,https://www.reed.co.uk/jobs/data-analyst/57271010?source=searchResults&q=data%20analyst&filter=%2Fjobs%2Fdata-analyst-jobs-in-bangalore-street-sw15%3Fq%3Ddata%2Banalyst%26keywords%3DData%2BAnalyst%26locationName%3DBangalore%2BStreet%252C%2BSW15%26locationId%3D4572795,https://www.reed.co.uk/jobs/robert-half-92729/p92729,Actively Hiring,"Company: Robert Half | Salary: Salary negotiable | Type: Contract, full-time, Hybrid | Badges: Featured, Easy Apply",Reed.co.uk,https://www.reed.co.uk/jobs/robert-half-92729/p92729,https://www.reed.co.uk/jobs/data-analyst/57271010?source=searchResults&q=data%20analyst&filter=%2Fjobs%2Fdata-analyst-jobs-in-bangalore-street-sw15%3Fq%3Ddata%2Banalyst%26keywords%3DData%2BAnalyst%26locationName%3DBangalore%2BStreet%252C%2BSW15%26locationId%3D4572795
Data Analyst,Harnham - Data & Analytics Recruitment,London,2026-09-07,https://www.reed.co.uk/jobs/data-analyst/57319154?source=searchResults&q=data%20analyst&filter=%2Fjobs%2Fdata-analyst-jobs-in-bangalore-street-sw15%3Fq%3Ddata%2Banalyst%26keywords%3DData%2BAnalyst%26locationName%3DBangalore%2BStreet%252C%2BSW15%26locationId%3D4572795,https://www.reed.co.uk/jobs/harnham-search-selection/p9243,Actively Hiring,"Company: Harnham - Data & Analytics Recruitment | Salary: £40,000 - £46,000 per annum | Type: Permanent, full-time, Hybrid | Badges: Easy Apply",Reed.co.uk,https://www.reed.co.uk/jobs/harnham-search-selection/p9243,https://www.reed.co.uk/jobs/data-analyst/57319154?source=searchResults&q=data%20analyst&filter=%2Fjobs%2Fdata-analyst-jobs-in-bangalore-street-sw15%3Fq%3Ddata%2Banalyst%26keywords%3DData%2BAnalyst%26locationName%3DBangalore%2BStreet%252C%2BSW15%26locationId%3D4572795
Data Analyst,Harnham - Data & Analytics Recruitment,London,2026-09-04,https://www.reed.co.uk/jobs/data-analyst/57311688?source=searchResults&q=data%20analyst&filter=%2Fjobs%2Fdata-analyst-jobs-in-bangalore-street-sw15%3Fq%3Ddata%2Banalyst%26keywords%3DData%2BAnalyst%26locationName%3DBangalore%2BStreet%252C%2BSW15%26locationId%3D4572795,https://www.reed.co.uk/jobs/harnham-search-selection/p9243,Actively Hiring,"Company: Harnham - Data & Analytics Recruitment | Salary: £40,000 - £45,000 per annum | Type: Permanent, full-time, Hybrid | Badges: Easy Apply",Reed.co.uk,https://www.reed.co.uk/jobs/harnham-search-selection/p9243,https://www.reed.co.uk/jobs/data-analyst/57311688?source=searchResults&q=data%20analyst&filter=%2Fjobs%2Fdata-analyst-jobs-in-bangalore-street-sw15%3Fq%3Ddata%2Banalyst%26keywords%3DData%2BAnalyst%26locationName%3DBangalore%2BStreet%252C%2BSW15%26locationId%3D4572795
Data Analyst,Harnham - Data & Analytics Recruitment,London,2026-09-11,https://www.reed.co.uk/jobs/data-analyst/57355215?source=searchResults&q=data%20analyst&filter=%2Fjobs%2Fdata-analyst-jobs-in-bangalore-street-sw15%3Fq%3Ddata%2Banalyst%26keywords%3DData%2BAnalyst%26locationName%3DBangalore%2BStreet%252C%2BSW15%26locationId%3D4572795,https://www.reed.co.uk/jobs/harnham-search-selection/p9243,Actively Hiring,"Company: Harnham - Data & Analytics Recruitment | Salary: £50,000 - £55,000 per annum | Type: Permanent, full-time, Remote | Badges: New",Reed.co.uk,https://www.reed.co.uk/jobs/harnham-search-selection/p9243,https://www.reed.co.uk/jobs/data-analyst/57355215?source=searchResults&q=data%20analyst&filter=%2Fjobs%2Fdata-analyst-jobs-in-bangalore-street-sw15%3Fq%3Ddata%2Banalyst%26keywords%3DData%2BAnalyst%26locationName%3DBangalore%2BStreet%252C%2BSW15%26locationId%3D4572795
Data Analyst,Harnham - Data & Analytics Recruitment,London,2026-08-18,https://www.reed.co.uk/jobs/data-analyst/57252421?source=searchResults&q=data%20analyst&filter=%2Fjobs%2Fdata-analyst-jobs-in-bangalore-street-sw15%3Fq%3Ddata%2Banalyst%26keywords%3DData%2BAnalyst%26locationName%3DBangalore%2BStreet%252C%2BSW15%26locationId%3D4572795,https://www.reed.co.uk/jobs/harnham-search-selection/p9243,Actively Hiring,"Company: Harnham - Data & Analytics Recruitment | Salary: £350 - £400 per day | Type: Contract, full-time, Remote",Reed.co.uk,https://www.reed.co.uk/jobs/harnham-search-selection/p9243,https://www.reed.co.uk/jobs/data-analyst/57252421?source=searchResults&q=data%20analyst&filter=%2Fjobs%2Fdata-analyst-jobs-in-bangalore-street-sw15%3Fq%3Ddata%2Banalyst%26keywords%3DData%2BAnalyst%26locationName%3DBangalore%2BStreet%252C%2BSW15%26locationId%3D4572795
Data Analyst,Harnham - Data & Analytics Recruitment,London,2026-09-11,https://www.reed.co.uk/jobs/data-analyst/57355276?source=searchResults&q=data%20analyst&filter=%2Fjobs%2Fdata-analyst-jobs-in-bangalore-street-sw15%3Fq%3Ddata%2Banalyst%26keywords%3DData%2BAnalyst%26locationName%3DBangalore%2BStreet%252C%2BSW15%26locationId%3D4572795,https://www.reed.co.uk/jobs/harnham-search-selection/p9243,Actively Hiring,"Company: Harnham - Data & Analytics Recruitment | Salary: £50,000 - £55,000 per annum | Type: Permanent, full-time, Remote | Badges: New, Easy Apply",Reed.co.uk,https://www.reed.co.uk/jobs/harnham-search-selection/p9243,https://www.reed.co.uk/jobs/data-analyst/57355276?source=searchResults&q=data%20analyst&filter=%2Fjobs%2Fdata-analyst-jobs-in-bangalore-street-sw15%3Fq%3Ddata%2Banalyst%26keywords%3DData%2BAnalyst%26locationName%3DBangalore%2BStreet%252C%2BSW15%26locationId%3D4572795
Data Analyst,Harnham - Data & Analytics Recruitment,London,2026-08-20,https://www.reed.co.uk/jobs/data-analyst/57260576?source=searchResults&q=data%20analyst&filter=%2Fjobs%2Fdata-analyst-jobs-in-bangalore-street-sw15%3Fq%3Ddata%2Banalyst%26keywords%3DData%2BAnalyst%26locationName%3DBangalore%2BStreet%252C%2BSW15%26locationId%3D4572795,https://www.reed.co.uk/jobs/harnham-search-selection/p9243,Actively Hiring,"Company: Harnham - Data & Analytics Recruitment | Salary: £350 - £400 per day | Type: Contract, full-time, Remote",Reed.co.uk,https://www.reed.co.uk/jobs/harnham-search-selection/p9243,https://www.reed.co.uk/jobs/data-analyst/57260576?source=searchResults&q=data%20analyst&filter=%2Fjobs%2Fdata-analyst-jobs-in-bangalore-street-sw15%3Fq%3Ddata%2Banalyst%26keywords%3DData%2BAnalyst%26locationName%3DBangalore%2BStreet%252C%2BSW15%26locationId%3D4572795
Data Analyst,Harnham - Data & Analytics Recruitment,London,2026-08-19,https://www.reed.co.uk/jobs/data-analyst/57257198?source=searchResults&q=data%20analyst&filter=%2Fjobs%2Fdata-analyst-jobs-in-bangalore-street-sw15%3Fq%3Ddata%2Banalyst%26keywords%3DData%2BAnalyst%26locationName%3DBangalore%2BStreet%252C%2BSW15%26locationId%3D4572795,https://www.reed.co.uk/jobs/harnham-search-selection/p9243,Actively Hiring,"Company: Harnham - Data & Analytics Recruitment | Salary: £350 - £400 per day | Type: Contract, full-time, Hybrid | Badges: Easy Apply",Reed.co.uk,https://www.reed.co.uk/jobs/harnham-search-selection/p9243,https://www.reed.co.uk/jobs/data-analyst/57257198?source=searchResults&q=data%20analyst&filter=%2Fjobs%2Fdata-analyst-jobs-in-bangalore-street-sw15%3Fq%3Ddata%2Banalyst%26keywords%3DData%2BAnalyst%26locationName%3DBangalore%2BStreet%252C%2BSW15%26locationId%3D4572795
Data Analyst,Addition,London,2026-08-21,https://www.reed.co.uk/jobs/data-analyst/57265515?source=searchResults&q=data%20analyst&filter=%2Fjobs%2Fdata-analyst-jobs-in-bangalore-street-sw15%3Fq%3Ddata%2Banalyst%26keywords%3DData%2BAnalyst%26locationName%3DBangalore%2BStreet%252C%2BSW15%26locationId%3D4572795,https://www.reed.co.uk/jobs/addition-solutions-ltd/p27273,Actively Hiring,"Company: Addition | Salary: £600 per day | Type: Contract, full-time, Hybrid | Badges: Featured, Easy Apply",Reed.co.uk,https://www.reed.co.uk/jobs/addition-solutions-ltd/p27273,https://www.reed.co.uk/jobs/data-analyst/57265515?source=searchResults&q=data%20analyst&filter=%2Fjobs%2Fdata-analyst-jobs-in-bangalore-street-sw15%3Fq%3Ddata%2Banalyst%26keywords%3DData%2BAnalyst%26locationName%3DBangalore%2BStreet%252C%2BSW15%26locationId%3D4572795
Data Analyst Trainee,ITOL Recruit,London,2026-09-09,https://www.reed.co.uk/jobs/data-analyst-trainee/57324922?source=searchResults&q=data%20analyst&filter=%2Fjobs%2Fdata-analyst-jobs-in-bangalore-street-sw15%3Fq%3Ddata%2Banalyst%26keywords%3DData%2BAnalyst%26locationName%3DBangalore%2BStreet%252C%2BSW15%26locationId%3D4572795,https://www.reed.co.uk/jobs/itonlinelearning-0/p57826,Actively Hiring,"Company: ITOL Recruit | Salary: Training Course | Type: Permanent, full-time, On-site",Reed.co.uk,https://www.reed.co.uk/jobs/itonlinelearning-0/p57826,https://www.reed.co.uk/jobs/data-analyst-trainee/57324922?source=searchResults&q=data%20analyst&filter=%2Fjobs%2Fdata-analyst-jobs-in-bangalore-street-sw15%3Fq%3Ddata%2Banalyst%26keywords%3DData%2BAnalyst%26locationName%3DBangalore%2BStreet%252C%2BSW15%26locationId%3D4572795
Data Analyst Trainee,ITOL Recruit,London,2026-08-24,https://www.reed.co.uk/jobs/data-analyst-trainee/57267948?source=searchResults&q=data%20analyst&filter=%2Fjobs%2Fdata-analyst-jobs-in-bangalore-street-sw15%3Fq%3Ddata%2Banalyst%26keywords%3DData%2BAnalyst%26locationName%3DBangalore%2BStreet%252C%2BSW15%26locationId%3D4572795,https://www.reed.co.uk/jobs/itonlinelearning-0/p57826,Actively Hiring,"Company: ITOL Recruit | Salary: Training Course | Type: Permanent, full-time, On-site",Reed.co.uk,https://www.reed.co.uk/jobs/itonlinelearning-0/p57826,https://www.reed.co.uk/jobs/data-analyst-trainee/57267948?source=searchResults&q=data%20analyst&filter=%2Fjobs%2Fdata-analyst-jobs-in-bangalore-street-sw15%3Fq%3Ddata%2Banalyst%26keywords%3DData%2BAnalyst%26locationName%3DBangalore%2BStreet%252C%2BSW15%26locationId%3D4572795
Senior Data Analyst,Harnham - Data & Analytics Recruitment,London,2026-09-07,https://www.reed.co.uk/jobs/senior-data-analyst/57338634?source=searchResults&q=data%20analyst&filter=%2Fjobs%2Fdata-analyst-jobs-in-bangalore-street-sw15%3Fq%3Ddata%2Banalyst%26keywords%3DData%2BAnalyst%26locationName%3DBangalore%2BStreet%252C%2BSW15%26locationId%3D4572795,https://www.reed.co.uk/jobs/harnham-search-selection/p9243,Actively Hiring,"Company: Harnham - Data & Analytics Recruitment | Salary: £80,000 - £90,000 per annum | Type: Permanent, full-time, Remote | Badges: Easy Apply",Reed.co.uk,https://www.reed.co.uk/jobs/harnham-search-selection/p9243,https://www.reed.co.uk/jobs/senior-data-analyst/57338634?source=searchResults&q=data%20analyst&filter=%2Fjobs%2Fdata-analyst-jobs-in-bangalore-street-sw15%3Fq%3Ddata%2Banalyst%26keywords%3DData%2BAnalyst%26locationName%3DBangalore%2BStreet%252C%2BSW15%26locationId%3D4572795
Technical Data Analyst,Adecco,London,2026-08-12,https://www.reed.co.uk/jobs/technical-data-analyst/57226826?source=searchResults&q=data%20analyst&filter=%2Fjobs%2Fdata-analyst-jobs-in-bangalore-street-sw15%3Fq%3Ddata%2Banalyst%26keywords%3DData%2BAnalyst%26locationName%3DBangalore%2BStreet%252C%2BSW15%26locationId%3D4572795,https://www.reed.co.uk/jobs/adecco-uk-limited-45420/p45420,Actively Hiring,"Company: Adecco | Salary: £500 - £600 per day | Type: Contract, full-time, Hybrid | Badges: Easy Apply",Reed.co.uk,https://www.reed.co.uk/jobs/adecco-uk-limited-45420/p45420,https://www.reed.co.uk/jobs/technical-data-analyst/57226826?source=searchResults&q=data%20analyst&filter=%2Fjobs%2Fdata-analyst-jobs-in-bangalore-street-sw15%3Fq%3Ddata%2Banalyst%26keywords%3DData%2BAnalyst%26locationName%3DBangalore%2BStreet%252C%2BSW15%26locationId%3D4572795
Data Analyst Trainee,ITOL Recruit,London,2026-09-10,https://www.reed.co.uk/jobs/data-analyst-trainee/57346253?source=searchResults&q=data%20analyst&filter=%2Fjobs%2Fdata-analyst-jobs-in-bangalore-street-sw15%3Fq%3Ddata%2Banalyst%26keywords%3DData%2BAnalyst%26locationName%3DBangalore%2BStreet%252C%2BSW15%26locationId%3D4572795,https://www.reed.co.uk/jobs/itonlinelearning-0/p57826,Actively Hiring,"Company: ITOL Recruit | Salary: Training Course | Type: Permanent, full-time, On-site",Reed.co.uk,https://www.reed.co.uk/jobs/itonlinelearning-0/p57826,https://www.reed.co.uk/jobs/data-analyst-trainee/57346253?source=searchResults&q=data%20analyst&filter=%2Fjobs%2Fdata-analyst-jobs-in-bangalore-street-sw15%3Fq%3Ddata%2Banalyst%26keywords%3DData%2BAnalyst%26locationName%3DBangalore%2BStreet%252C%2BSW15%26locationId%3D4572795
Data Analyst Trainee,ITOL Recruit,"Southall, Middlesex",2026-09-02,https://www.reed.co.uk/jobs/data-analyst-trainee/57299906?source=searchResults&q=data%20analyst&filter=%2Fjobs%2Fdata-analyst-jobs-in-bangalore-street-sw15%3Fq%3Ddata%2Banalyst%26keywords%3DData%2BAnalyst%26locationName%3DBangalore%2BStreet%252C%2BSW15%26locationId%3D4572795,https://www.reed.co.uk/jobs/itonlinelearning-0/p57826,Actively Hiring,"Company: ITOL Recruit | Salary: Training Course | Type: Permanent, full-time, On-site",Reed.co.uk,https://www.reed.co.uk/jobs/itonlinelearning-0/p57826,https://www.reed.co.uk/jobs/data-analyst-trainee/57299906?source=searchResults&q=data%20analyst&filter=%2Fjobs%2Fdata-analyst-jobs-in-bangalore-street-sw15%3Fq%3Ddata%2Banalyst%26keywords%3DData%2BAnalyst%26locationName%3DBangalore%2BStreet%252C%2BSW15%26locationId%3D4572795
Senior Data Analyst,Executive Facilities,London,2026-08-27,https://www.reed.co.uk/jobs/senior-data-analyst/57282082?source=searchResults&q=data%20analyst&filter=%2Fjobs%2Fdata-analyst-jobs-in-bangalore-street-sw15%3Fq%3Ddata%2Banalyst%26keywords%3DData%2BAnalyst%26locationName%3DBangalore%2BStreet%252C%2BSW15%26locationId%3D4572795,https://www.reed.co.uk/jobs/executive-facilities/p55194,Actively Hiring,"Company: Executive Facilities | Salary: £500 per hour | Type: Contract, full-time, On-site | Badges: Easy Apply",Reed.co.uk,https://www.reed.co.uk/jobs/executive-facilities/p55194,https://www.reed.co.uk/jobs/senior-data-analyst/57282082?source=searchResults&q=data%20analyst&filter=%2Fjobs%2Fdata-analyst-jobs-in-bangalore-street-sw15%3Fq%3Ddata%2Banalyst%26keywords%3DData%2BAnalyst%26locationName%3DBangalore%2BStreet%252C%2BSW15%26locationId%3D4572795
Procurement Data Analyst,Oliver James,London,2026-08-11,https://www.reed.co.uk/jobs/procurement-data-analyst/57224872?source=searchResults&q=data%20analyst&filter=%2Fjobs%2Fdata-analyst-jobs-in-bangalore-street-sw15%3Fq%3Ddata%2Banalyst%26keywords%3DData%2BAnalyst%26locationName%3DBangalore%2BStreet%252C%2BSW15%26locationId%3D4572795,https://www.reed.co.uk/jobs/oliver-james-associates/p21881,Actively Hiring,"Company: Oliver James | Salary: Salary negotiable | Type: Permanent, full-time, Hybrid | Badges: Easy Apply",Reed.co.uk,https://www.reed.co.uk/jobs/oliver-james-associates/p21881,https://www.reed.co.uk/jobs/procurement-data-analyst/57224872?source=searchResults&q=data%20analyst&filter=%2Fjobs%2Fdata-analyst-jobs-in-bangalore-street-sw15%3Fq%3Ddata%2Banalyst%26keywords%3DData%2BAnalyst%26locationName%3DBangalore%2BStreet%252C%2BSW15%26locationId%3D4572795
Data Analyst Trainee,ITOL Recruit,United Kingdom,2026-09-02,https://www.reed.co.uk/jobs/data-analyst-trainee/57302735?source=searchResults&q=data%20analyst&filter=%2Fjobs%2Fdata-analyst-jobs-in-bangalore-street-sw15%3Fq%3Ddata%2Banalyst%26keywords%3DData%2BAnalyst%26locationName%3DBangalore%2BStreet%252C%2BSW15%26locationId%3D4572795%26pageno%3D2,https://www.reed.co.uk/jobs/itol-recruit/p57826,Actively Hiring,"Company: ITOL Recruit | Salary: Training Course | Type: Permanent, full-time, On-site | Badges: Promoted",Reed.co.uk,https://www.reed.co.uk/jobs/itol-recruit/p57826,https://www.reed.co.uk/jobs/data-analyst-trainee/57302735?source=searchResults&q=data%20analyst&filter=%2Fjobs%2Fdata-analyst-jobs-in-bangalore-street-sw15%3Fq%3Ddata%2Banalyst%26keywords%3DData%2BAnalyst%26locationName%3DBangalore%2BStreet%252C%2BSW15%26locationId%3D4572795%26pageno%3D2
Insights Data Analyst Apprentice,QA,London,2026-08-24,https://www.reed.co.uk/jobs/insights-data-analyst-apprentice/57268090?source=searchResults&q=data%20analyst&filter=%2Fjobs%2Fdata-analyst-jobs-in-bangalore-street-sw15%3Fq%3Ddata%2Banalyst%26keywords%3DData%2BAnalyst%26locationName%3DBangalore%2BStreet%252C%2BSW15%26locationId%3D4572795%26pageno%3D2,https://www.reed.co.uk/jobs/qa-ltd/p31199,Actively Hiring,"Company: QA | Salary: £18,000 - £21,000 per annum | Type: Permanent, full-time or part-time, On-site | Badges: Promoted",Reed.co.uk,https://www.reed.co.uk/jobs/qa-ltd/p31199,https://www.reed.co.uk/jobs/insights-data-analyst-apprentice/57268090?source=searchResults&q=data%20analyst&filter=%2Fjobs%2Fdata-analyst-jobs-in-bangalore-street-sw15%3Fq%3Ddata%2Banalyst%26keywords%3DData%2BAnalyst%26locationName%3DBangalore%2BStreet%252C%2BSW15%26locationId%3D4572795%26pageno%3D2
Senior Data Analyst,FDM Group,London,2026-09-09,https://www.reed.co.uk/jobs/senior-data-analyst/56212211?source=searchResults&q=data%20analyst&filter=%2Fjobs%2Fdata-analyst-jobs-in-bangalore-street-sw15%3Fq%3Ddata%2Banalyst%26keywords%3DData%2BAnalyst%26locationName%3DBangalore%2BStreet%252C%2BSW15%26locationId%3D4572795%26pageno%3D2,https://www.reed.co.uk/jobs/fdm-group/p4784,Actively Hiring,"Company: FDM Group | Salary: Salary negotiable | Type: Permanent, full-time, Hybrid | Badges: Promoted",Reed.co.uk,https://www.reed.co.uk/jobs/fdm-group/p4784,https://www.reed.co.uk/jobs/senior-data-analyst/56212211?source=searchResults&q=data%20analyst&filter=%2Fjobs%2Fdata-analyst-jobs-in-bangalore-street-sw15%3Fq%3Ddata%2Banalyst%26keywords%3DData%2BAnalyst%26locationName%3DBangalore%2BStreet%252C%2BSW15%26locationId%3D4572795%26pageno%3D2
Data Analyst Trainee,ITOL Recruit,London,2026-09-01,https://www.reed.co.uk/jobs/data-analyst-trainee/57294619?source=searchResults&q=data%20analyst&filter=%2Fjobs%2Fdata-analyst-jobs-in-bangalore-street-sw15%3Fq%3Ddata%2Banalyst%26keywords%3DData%2BAnalyst%26locationName%3DBangalore%2BStreet%252C%2BSW15%26locationId%3D4572795%26pageno%3D2,https://www.reed.co.uk/jobs/itonlinelearning-0/p57826,Actively Hiring,"Company: ITOL Recruit | Salary: Training Course | Type: Permanent, full-time, On-site",Reed.co.uk,https://www.reed.co.uk/jobs/itonlinelearning-0/p57826,https://www.reed.co.uk/jobs/data-analyst-trainee/57294619?source=searchResults&q=data%20analyst&filter=%2Fjobs%2Fdata-analyst-jobs-in-bangalore-street-sw15%3Fq%3Ddata%2Banalyst%26keywords%3DData%2BAnalyst%26locationName%3DBangalore%2BStreet%252C%2BSW15%26locationId%3D4572795%26pageno%3D2
Senior Data Analyst,Harnham - Data & Analytics Recruitment,London,2026-09-07,https://www.reed.co.uk/jobs/senior-data-analyst/57338634?source=searchResults&q=data%20analyst&filter=%2Fjobs%2Fdata-analyst-jobs-in-bangalore-street-sw15%3Fq%3Ddata%2Banalyst%26keywords%3DData%2BAnalyst%26locationName%3DBangalore%2BStreet%252C%2BSW15%26locationId%3D4572795%26pageno%3D2,https://www.reed.co.uk/jobs/harnham-search-selection/p9243,Actively Hiring,"Company: Harnham - Data & Analytics Recruitment | Salary: £80,000 - £90,000 per annum | Type: Permanent, full-time, Remote | Badges: Easy Apply",Reed.co.uk,https://www.reed.co.uk/jobs/harnham-search-selection/p9243,https://www.reed.co.uk/jobs/senior-data-analyst/57338634?source=searchResults&q=data%20analyst&filter=%2Fjobs%2Fdata-analyst-jobs-in-bangalore-street-sw15%3Fq%3Ddata%2Banalyst%26keywords%3DData%2BAnalyst%26locationName%3DBangalore%2BStreet%252C%2BSW15%26locationId%3D4572795%26pageno%3D2
Technical Data Analyst,Adecco,London,2026-08-12,https://www.reed.co.uk/jobs/technical-data-analyst/57226826?source=searchResults&q=data%20analyst&filter=%2Fjobs%2Fdata-analyst-jobs-in-bangalore-street-sw15%3Fq%3Ddata%2Banalyst%26keywords%3DData%2BAnalyst%26locationName%3DBangalore%2BStreet%252C%2BSW15%26locationId%3D4572795%26pageno%3D2,https://www.reed.co.uk/jobs/adecco-uk-limited-45420/p45420,Actively Hiring,"Company: Adecco | Salary: £500 - £600 per day | Type: Contract, full-time, Hybrid | Badges: Easy Apply",Reed.co.uk,https://www.reed.co.uk/jobs/adecco-uk-limited-45420/p45420,https://www.reed.co.uk/jobs/technical-data-analyst/57226826?source=searchResults&q=data%20analyst&filter=%2Fjobs%2Fdata-analyst-jobs-in-bangalore-street-sw15%3Fq%3Ddata%2Banalyst%26keywords%3DData%2BAnalyst%26locationName%3DBangalore%2BStreet%252C%2BSW15%26locationId%3D4572795%26pageno%3D2
Commercial Data Analyst,Forward Role,London,2026-08-21,https://www.reed.co.uk/jobs/commercial-data-analyst/57265793?source=searchResults&q=data%20analyst&filter=%2Fjobs%2Fdata-analyst-jobs-in-bangalore-street-sw15%3Fq%3Ddata%2Banalyst%26keywords%3DData%2BAnalyst%26locationName%3DBangalore%2BStreet%252C%2BSW15%26locationId%3D4572795%26pageno%3D2,https://www.reed.co.uk/jobs/forward-role-recruitment-ltd/p13510,Actively Hiring,"Company: Forward Role | Salary: £45,000 - £55,000 per annum | Type: Permanent, full-time, Hybrid | Badges: Easy Apply",Reed.co.uk,https://www.reed.co.uk/jobs/forward-role-recruitment-ltd/p13510,https://www.reed.co.uk/jobs/commercial-data-analyst/57265793?source=searchResults&q=data%20analyst&filter=%2Fjobs%2Fdata-analyst-jobs-in-bangalore-street-sw15%3Fq%3Ddata%2Banalyst%26keywords%3DData%2BAnalyst%26locationName%3DBangalore%2BStreet%252C%2BSW15%26locationId%3D4572795%26pageno%3D2
Senior Data Analyst,Harnham - Data & Analytics Recruitment,London,2026-09-07,https://www.reed.co.uk/jobs/senior-data-analyst/57337696?source=searchResults&q=data%20analyst&filter=%2Fjobs%2Fdata-analyst-jobs-in-bangalore-street-sw15%3Fq%3Ddata%2Banalyst%26keywords%3DData%2BAnalyst%26locationName%3DBangalore%2BStreet%252C%2BSW15%26locationId%3D4572795%26pageno%3D2,https://www.reed.co.uk/jobs/harnham-search-selection/p9243,Actively Hiring,"Company: Harnham - Data & Analytics Recruitment | Salary: £80,000 - £90,000 per annum | Type: Permanent, full-time, Remote",Reed.co.uk,https://www.reed.co.uk/jobs/harnham-search-selection/p9243,https://www.reed.co.uk/jobs/senior-data-analyst/57337696?source=searchResults&q=data%20analyst&filter=%2Fjobs%2Fdata-analyst-jobs-in-bangalore-street-sw15%3Fq%3Ddata%2Banalyst%26keywords%3DData%2BAnalyst%26locationName%3DBangalore%2BStreet%252C%2BSW15%26locationId%3D4572795%26pageno%3D2
Senior Data Analyst,Tenth Revolution Group,London,2026-08-12,https://www.reed.co.uk/jobs/senior-data-analyst/57228302?source=searchResults&q=data%20analyst&filter=%2Fjobs%2Fdata-analyst-jobs-in-bangalore-street-sw15%3Fq%3Ddata%2Banalyst%26keywords%3DData%2BAnalyst%26locationName%3DBangalore%2BStreet%252C%2BSW15%26locationId%3D4572795%26pageno%3D2,https://www.reed.co.uk/jobs/tenth-revolution-group-91770/p91770,Actively Hiring,"Company: Tenth Revolution Group | Salary: £45,000 - £55,000 per annum | Type: Permanent, full-time, Hybrid | Badges: Easy Apply",Reed.co.uk,https://www.reed.co.uk/jobs/tenth-revolution-group-91770/p91770,https://www.reed.co.uk/jobs/senior-data-analyst/57228302?source=searchResults&q=data%20analyst&filter=%2Fjobs%2Fdata-analyst-jobs-in-bangalore-street-sw15%3Fq%3Ddata%2Banalyst%26keywords%3DData%2BAnalyst%26locationName%3DBangalore%2BStreet%252C%2BSW15%26locationId%3D4572795%26pageno%3D2
Data Analyst Trainee,ITOL Recruit,London,2026-09-10,https://www.reed.co.uk/jobs/data-analyst-trainee/57346253?source=searchResults&q=data%20analyst&filter=%2Fjobs%2Fdata-analyst-jobs-in-bangalore-street-sw15%3Fq%3Ddata%2Banalyst%26keywords%3DData%2BAnalyst%26locationName%3DBangalore%2BStreet%252C%2BSW15%26locationId%3D4572795%26pageno%3D2,https://www.reed.co.uk/jobs/itonlinelearning-0/p57826,Actively Hiring,"Company: ITOL Recruit | Salary: Training Course | Type: Permanent, full-time, On-site",Reed.co.uk,https://www.reed.co.uk/jobs/itonlinelearning-0/p57826,https://www.reed.co.uk/jobs/data-analyst-trainee/57346253?source=searchResults&q=data%20analyst&filter=%2Fjobs%2Fdata-analyst-jobs-in-bangalore-street-sw15%3Fq%3Ddata%2Banalyst%26keywords%3DData%2BAnalyst%26locationName%3DBangalore%2BStreet%252C%2BSW15%26locationId%3D4572795%26pageno%3D2
Data Analyst Trainee,ITOL Recruit,"Southall, Middlesex",2026-09-02,https://www.reed.co.uk/jobs/data-analyst-trainee/57299906?source=searchResults&q=data%20analyst&filter=%2Fjobs%2Fdata-analyst-jobs-in-bangalore-street-sw15%3Fq%3Ddata%2Banalyst%26keywords%3DData%2BAnalyst%26locationName%3DBangalore%2BStreet%252C%2BSW15%26locationId%3D4572795%26pageno%3D2,https://www.reed.co.uk/jobs/itonlinelearning-0/p57826,Actively Hiring,"Company: ITOL Recruit | Salary: Training Course | Type: Permanent, full-time, On-site",Reed.co.uk,https://www.reed.co.uk/jobs/itonlinelearning-0/p57826,https://www.reed.co.uk/jobs/data-analyst-trainee/57299906?source=searchResults&q=data%20analyst&filter=%2Fjobs%2Fdata-analyst-jobs-in-bangalore-street-sw15%3Fq%3Ddata%2Banalyst%26keywords%3DData%2BAnalyst%26locationName%3DBangalore%2BStreet%252C%2BSW15%26locationId%3D4572795%26pageno%3D2
Senior Data Analyst,Executive Facilities,London,2026-08-27,https://www.reed.co.uk/jobs/senior-data-analyst/57282082?source=searchResults&q=data%20analyst&filter=%2Fjobs%2Fdata-analyst-jobs-in-bangalore-street-sw15%3Fq%3Ddata%2Banalyst%26keywords%3DData%2BAnalyst%26locationName%3DBangalore%2BStreet%252C%2BSW15%26locationId%3D4572795%26pageno%3D2,https://www.reed.co.uk/jobs/executive-facilities/p55194,Actively Hiring,"Company: Executive Facilities | Salary: £500 per hour | Type: Contract, full-time, On-site | Badges: Easy Apply",Reed.co.uk,https://www.reed.co.uk/jobs/executive-facilities/p55194,https://www.reed.co.uk/jobs/senior-data-analyst/57282082?source=searchResults&q=data%20analyst&filter=%2Fjobs%2Fdata-analyst-jobs-in-bangalore-street-sw15%3Fq%3Ddata%2Banalyst%26keywords%3DData%2BAnalyst%26locationName%3DBangalore%2BStreet%252C%2BSW15%26locationId%3D4572795%26pageno%3D2
Data Analyst Trainee,ITOL Recruit,London,2026-09-10,https://www.reed.co.uk/jobs/data-analyst-trainee/57346234?source=searchResults&q=data%20analyst&filter=%2Fjobs%2Fdata-analyst-jobs-in-bangalore-street-sw15%3Fq%3Ddata%2Banalyst%26keywords%3DData%2BAnalyst%26locationName%3DBangalore%2BStreet%252C%2BSW15%26locationId%3D4572795%26pageno%3D2,https://www.reed.co.uk/jobs/itonlinelearning-0/p57826,Actively Hiring,"Company: ITOL Recruit | Salary: Training Course | Type: Permanent, full-time, On-site",Reed.co.uk,https://www.reed.co.uk/jobs/itonlinelearning-0/p57826,https://www.reed.co.uk/jobs/data-analyst-trainee/57346234?source=searchResults&q=data%20analyst&filter=%2Fjobs%2Fdata-analyst-jobs-in-bangalore-street-sw15%3Fq%3Ddata%2Banalyst%26keywords%3DData%2BAnalyst%26locationName%3DBangalore%2BStreet%252C%2BSW15%26locationId%3D4572795%26pageno%3D2
Data Analyst Trainee,ITOL Recruit,London,2026-09-02,https://www.reed.co.uk/jobs/data-analyst-trainee/57299913?source=searchResults&q=data%20analyst&filter=%2Fjobs%2Fdata-analyst-jobs-in-bangalore-street-sw15%3Fq%3Ddata%2Banalyst%26keywords%3DData%2BAnalyst%26locationName%3DBangalore%2BStreet%252C%2BSW15%26locationId%3D4572795%26pageno%3D2,https://www.reed.co.uk/jobs/itonlinelearning-0/p57826,Actively Hiring,"Company: ITOL Recruit | Salary: Training Course | Type: Permanent, full-time, On-site",Reed.co.uk,https://www.reed.co.uk/jobs/itonlinelearning-0/p57826,https://www.reed.co.uk/jobs/data-analyst-trainee/57299913?source=searchResults&q=data%20analyst&filter=%2Fjobs%2Fdata-analyst-jobs-in-bangalore-street-sw15%3Fq%3Ddata%2Banalyst%26keywords%3DData%2BAnalyst%26locationName%3DBangalore%2BStreet%252C%2BSW15%26locationId%3D4572795%26pageno%3D2
Business Data Analyst,Robert Half,London,2026-08-26,https://www.reed.co.uk/jobs/business-data-analyst/57280150?source=searchResults&q=data%20analyst&filter=%2Fjobs%2Fdata-analyst-jobs-in-bangalore-street-sw15%3Fq%3Ddata%2Banalyst%26keywords%3DData%2BAnalyst%26locationName%3DBangalore%2BStreet%252C%2BSW15%26locationId%3D4572795%26pageno%3D2,https://www.reed.co.uk/jobs/robert-half-92729/p92729,Actively Hiring,"Company: Robert Half | Salary: Salary negotiable | Type: Contract, full-time, Hybrid | Badges: Featured, Easy Apply",Reed.co.uk,https://www.reed.co.uk/jobs/robert-half-92729/p92729,https://www.reed.co.uk/jobs/business-data-analyst/57280150?source=searchResults&q=data%20analyst&filter=%2Fjobs%2Fdata-analyst-jobs-in-bangalore-street-sw15%3Fq%3Ddata%2Banalyst%26keywords%3DData%2BAnalyst%26locationName%3DBangalore%2BStreet%252C%2BSW15%26locationId%3D4572795%26pageno%3D2
Procurement Data Analyst,Oliver James,London,2026-08-11,https://www.reed.co.uk/jobs/procurement-data-analyst/57224872?source=searchResults&q=data%20analyst&filter=%2Fjobs%2Fdata-analyst-jobs-in-bangalore-street-sw15%3Fq%3Ddata%2Banalyst%26keywords%3DData%2BAnalyst%26locationName%3DBangalore%2BStreet%252C%2BSW15%26locationId%3D4572795%26pageno%3D2,https://www.reed.co.uk/jobs/oliver-james-associates/p21881,Actively Hiring,"Company: Oliver James | Salary: Salary negotiable | Type: Permanent, full-time, Hybrid | Badges: Easy Apply",Reed.co.uk,https://www.reed.co.uk/jobs/oliver-james-associates/p21881,https://www.reed.co.uk/jobs/procurement-data-analyst/57224872?source=searchResults&q=data%20analyst&filter=%2Fjobs%2Fdata-analyst-jobs-in-bangalore-street-sw15%3Fq%3Ddata%2Banalyst%26keywords%3DData%2BAnalyst%26locationName%3DBangalore%2BStreet%252C%2BSW15%26locationId%3D4572795%26pageno%3D2
Senior Data Analyst,Executive Facilities,London,2026-08-27,https://www.reed.co.uk/jobs/senior-data-analyst/57282103?source=searchResults&q=data%20analyst&filter=%2Fjobs%2Fdata-analyst-jobs-in-bangalore-street-sw15%3Fq%3Ddata%2Banalyst%26keywords%3DData%2BAnalyst%26locationName%3DBangalore%2BStreet%252C%2BSW15%26locationId%3D4572795%26pageno%3D2,https://www.reed.co.uk/jobs/executive-facilities/p55194,Actively Hiring,"Company: Executive Facilities | Salary: £500 per day | Type: Contract, full-time, Hybrid",Reed.co.uk,https://www.reed.co.uk/jobs/executive-facilities/p55194,https://www.reed.co.uk/jobs/senior-data-analyst/57282103?source=searchResults&q=data%20analyst&filter=%2Fjobs%2Fdata-analyst-jobs-in-bangalore-street-sw15%3Fq%3Ddata%2Banalyst%26keywords%3DData%2BAnalyst%26locationName%3DBangalore%2BStreet%252C%2BSW15%26locationId%3D4572795%26pageno%3D2
Senior Data Analyst,SF Partners,London,2026-08-19,https://www.reed.co.uk/jobs/senior-data-analyst/57254038?source=searchResults&q=data%20analyst&filter=%2Fjobs%2Fdata-analyst-jobs-in-bangalore-street-sw15%3Fq%3Ddata%2Banalyst%26keywords%3DData%2BAnalyst%26locationName%3DBangalore%2BStreet%252C%2BSW15%26locationId%3D4572795%26pageno%3D2,https://www.reed.co.uk/jobs/sf-group/p2347,Actively Hiring,"Company: SF Partners | Salary: £70,000 - £75,000 per annum | Type: Permanent, full-time, On-site | Badges: Featured, Easy Apply",Reed.co.uk,https://www.reed.co.uk/jobs/sf-group/p2347,https://www.reed.co.uk/jobs/senior-data-analyst/57254038?source=searchResults&q=data%20analyst&filter=%2Fjobs%2Fdata-analyst-jobs-in-bangalore-street-sw15%3Fq%3Ddata%2Banalyst%26keywords%3DData%2BAnalyst%26locationName%3DBangalore%2BStreet%252C%2BSW15%26locationId%3D4572795%26pageno%3D2
Business Data Analyst,Executive Facilities,London,2026-09-03,https://www.reed.co.uk/jobs/business-data-analyst/57306456?source=searchResults&q=data%20analyst&filter=%2Fjobs%2Fdata-analyst-jobs-in-bangalore-street-sw15%3Fq%3Ddata%2Banalyst%26keywords%3DData%2BAnalyst%26locationName%3DBangalore%2BStreet%252C%2BSW15%26locationId%3D4572795%26pageno%3D2,https://www.reed.co.uk/jobs/executive-facilities/p55194,Actively Hiring,"Company: Executive Facilities | Salary: £250 - £260 per day | Type: Contract, full-time, Hybrid | Badges: Easy Apply",Reed.co.uk,https://www.reed.co.uk/jobs/executive-facilities/p55194,https://www.reed.co.uk/jobs/business-data-analyst/57306456?source=searchResults&q=data%20analyst&filter=%2Fjobs%2Fdata-analyst-jobs-in-bangalore-street-sw15%3Fq%3Ddata%2Banalyst%26keywords%3DData%2BAnalyst%26locationName%3DBangalore%2BStreet%252C%2BSW15%26locationId%3D4572795%26pageno%3D2
Senior Data Analyst,Eden James Consulting Limited,London,2026-08-26,https://www.reed.co.uk/jobs/senior-data-analyst/57280072?source=searchResults&q=data%20analyst&filter=%2Fjobs%2Fdata-analyst-jobs-in-bangalore-street-sw15%3Fq%3Ddata%2Banalyst%26keywords%3DData%2BAnalyst%26locationName%3DBangalore%2BStreet%252C%2BSW15%26locationId%3D4572795%26pageno%3D2,https://www.reed.co.uk/jobs/eden-james-consulting-ltd/p45167,Actively Hiring,"Company: Eden James Consulting Limited | Salary: Salary negotiable | Type: Permanent, full-time, Hybrid | Badges: Easy Apply",Reed.co.uk,https://www.reed.co.uk/jobs/eden-james-consulting-ltd/p45167,https://www.reed.co.uk/jobs/senior-data-analyst/57280072?source=searchResults&q=data%20analyst&filter=%2Fjobs%2Fdata-analyst-jobs-in-bangalore-street-sw15%3Fq%3Ddata%2Banalyst%26keywords%3DData%2BAnalyst%26locationName%3DBangalore%2BStreet%252C%2BSW15%26locationId%3D4572795%26pageno%3D2
Senior Data Analyst,Avencia Consulting,London,2026-09-09,https://www.reed.co.uk/jobs/senior-data-analyst/57341507?source=searchResults&q=data%20analyst&filter=%2Fjobs%2Fdata-analyst-jobs-in-bangalore-street-sw15%3Fq%3Ddata%2Banalyst%26keywords%3DData%2BAnalyst%26locationName%3DBangalore%2BStreet%252C%2BSW15%26locationId%3D4572795%26pageno%3D2,https://www.reed.co.uk/jobs/avencia-consulting/p58534,Actively Hiring,"Company: Avencia Consulting | Salary: Competitive salary | Type: Contract, full-time, On-site",Reed.co.uk,https://www.reed.co.uk/jobs/avencia-consulting/p58534,https://www.reed.co.uk/jobs/senior-data-analyst/57341507?source=searchResults&q=data%20analyst&filter=%2Fjobs%2Fdata-analyst-jobs-in-bangalore-street-sw15%3Fq%3Ddata%2Banalyst%26keywords%3DData%2BAnalyst%26locationName%3DBangalore%2BStreet%252C%2BSW15%26locationId%3D4572795%26pageno%3D2
Senior Data Analyst,Brian Durham Recruitment Services,London,2026-09-02,https://www.reed.co.uk/jobs/senior-data-analyst/57300744?source=searchResults&q=data%20analyst&filter=%2Fjobs%2Fdata-analyst-jobs-in-bangalore-street-sw15%3Fq%3Ddata%2Banalyst%26keywords%3DData%2BAnalyst%26locationName%3DBangalore%2BStreet%252C%2BSW15%26locationId%3D4572795%26pageno%3D2,https://www.reed.co.uk/jobs/brian-durham-recruitment-services/p6127,Actively Hiring,"Company: Brian Durham Recruitment Services | Salary: £70,000 - £80,000 per annum | Type: Permanent, full-time, Hybrid | Badges: Easy Apply",Reed.co.uk,https://www.reed.co.uk/jobs/brian-durham-recruitment-services/p6127,https://www.reed.co.uk/jobs/senior-data-analyst/57300744?source=searchResults&q=data%20analyst&filter=%2Fjobs%2Fdata-analyst-jobs-in-bangalore-street-sw15%3Fq%3Ddata%2Banalyst%26keywords%3DData%2BAnalyst%26locationName%3DBangalore%2BStreet%252C%2BSW15%26locationId%3D4572795%26pageno%3D2
Data Analyst - Financial Services,SR2,London,2026-09-07,https://www.reed.co.uk/jobs/data-analyst-financial-services/57319160?source=searchResults&q=data%20analyst&filter=%2Fjobs%2Fdata-analyst-jobs-in-bangalore-street-sw15%3Fq%3Ddata%2Banalyst%26keywords%3DData%2BAnalyst%26locationName%3DBangalore%2BStreet%252C%2BSW15%26locationId%3D4572795%26pageno%3D2,https://www.reed.co.uk/jobs/sr2/p46944,Actively Hiring,"Company: SR2 | Salary: £475 - £500 per day | Type: Contract, full-time, Hybrid | Badges: Easy Apply",Reed.co.uk,https://www.reed.co.uk/jobs/sr2/p46944,https://www.reed.co.uk/jobs/data-analyst-financial-services/57319160?source=searchResults&q=data%20analyst&filter=%2Fjobs%2Fdata-analyst-jobs-in-bangalore-street-sw15%3Fq%3Ddata%2Banalyst%26keywords%3DData%2BAnalyst%26locationName%3DBangalore%2BStreet%252C%2BSW15%26locationId%3D4572795%26pageno%3D2
Data Analyst - Customer Success,Executive Facilities,London,2026-09-05,https://www.reed.co.uk/jobs/data-analyst-customer-success/57332276?source=searchResults&q=data%20analyst&filter=%2Fjobs%2Fdata-analyst-jobs-in-bangalore-street-sw15%3Fq%3Ddata%2Banalyst%26keywords%3DData%2BAnalyst%26locationName%3DBangalore%2BStreet%252C%2BSW15%26locationId%3D4572795%26pageno%3D2,https://www.reed.co.uk/jobs/executive-facilities/p55194,Actively Hiring,"Company: Executive Facilities | Salary: £250 - £260 per day | Type: Contract, full-time, Hybrid | Badges: Easy Apply",Reed.co.uk,https://www.reed.co.uk/jobs/executive-facilities/p55194,https://www.reed.co.uk/jobs/data-analyst-customer-success/57332276?source=searchResults&q=data%20analyst&filter=%2Fjobs%2Fdata-analyst-jobs-in-bangalore-street-sw15%3Fq%3Ddata%2Banalyst%26keywords%3DData%2BAnalyst%26locationName%3DBangalore%2BStreet%252C%2BSW15%26locationId%3D4572795%26pageno%3D2
Exposure / Quantitative Data Analyst,Insight Select Ltd,"City of London, London",2026-08-10,https://www.reed.co.uk/jobs/exposure-quantitative-data-analyst/57216301?source=searchResults&q=data%20analyst&filter=%2Fjobs%2Fdata-analyst-jobs-in-bangalore-street-sw15%3Fq%3Ddata%2Banalyst%26keywords%3DData%2BAnalyst%26locationName%3DBangalore%2BStreet%252C%2BSW15%26locationId%3D4572795%26pageno%3D2,https://www.reed.co.uk/jobs/insight-select-ltd/p73737,Actively Hiring,"Company: Insight Select Ltd | Salary: £80,000 - £90,000 per annum | Type: Permanent, full-time, On-site | Badges: Easy Apply",Reed.co.uk,https://www.reed.co.uk/jobs/insight-select-ltd/p73737,https://www.reed.co.uk/jobs/exposure-quantitative-data-analyst/57216301?source=searchResults&q=data%20analyst&filter=%2Fjobs%2Fdata-analyst-jobs-in-bangalore-street-sw15%3Fq%3Ddata%2Banalyst%26keywords%3DData%2BAnalyst%26locationName%3DBangalore%2BStreet%252C%2BSW15%26locationId%3D4572795%26pageno%3D2
Data Analyst,Harnham - Data & Analytics Recruitment,London,2026-08-20,https://www.reed.co.uk/jobs/data-analyst/57260576?source=searchResults&q=data%20analyst&filter=%2Fjobs%2Fdata-analyst-jobs-in-bangalore-street-sw15%3Fq%3Ddata%2Banalyst%26keywords%3DData%2BAnalyst%26locationName%3DBangalore%2BStreet%252C%2BSW15%26locationId%3D4572795%26pageno%3D2,https://www.reed.co.uk/jobs/harnham-search-selection/p9243,Actively Hiring,"Company: Harnham - Data & Analytics Recruitment | Salary: £350 - £400 per day | Type: Contract, full-time, Remote",Reed.co.uk,https://www.reed.co.uk/jobs/harnham-search-selection/p9243,https://www.reed.co.uk/jobs/data-analyst/57260576?source=searchResults&q=data%20analyst&filter=%2Fjobs%2Fdata-analyst-jobs-in-bangalore-street-sw15%3Fq%3Ddata%2Banalyst%26keywords%3DData%2BAnalyst%26locationName%3DBangalore%2BStreet%252C%2BSW15%26locationId%3D4572795%26pageno%3D2
Senior Data Analyst - Marketing Science,Harnham - Data & Analytics Recruitment,London,2026-08-19,https://www.reed.co.uk/jobs/senior-data-analyst-marketing-science/57257070?source=searchResults&q=data%20analyst&filter=%2Fjobs%2Fdata-analyst-jobs-in-bangalore-street-sw15%3Fq%3Ddata%2Banalyst%26keywords%3DData%2BAnalyst%26locationName%3DBangalore%2BStreet%252C%2BSW15%26locationId%3D4572795%26pageno%3D2,https://www.reed.co.uk/jobs/harnham-search-selection/p9243,Actively Hiring,"Company: Harnham - Data & Analytics Recruitment | Salary: £60,000 - £75,000 per annum | Type: Permanent, full-time, Hybrid | Badges: Easy Apply",Reed.co.uk,https://www.reed.co.uk/jobs/harnham-search-selection/p9243,https://www.reed.co.uk/jobs/senior-data-analyst-marketing-science/57257070?source=searchResults&q=data%20analyst&filter=%2Fjobs%2Fdata-analyst-jobs-in-bangalore-street-sw15%3Fq%3Ddata%2Banalyst%26keywords%3DData%2BAnalyst%26locationName%3DBangalore%2BStreet%252C%2BSW15%26locationId%3D4572795%26pageno%3D2
Data Analyst (Forecasting & Modelling),ADLIB,London,2026-09-11,https://www.reed.co.uk/jobs/data-analyst-forecasting-modelling/57348872?source=searchResults&q=data%20analyst&filter=%2Fjobs%2Fdata-analyst-jobs-in-bangalore-street-sw15%3Fq%3Ddata%2Banalyst%26keywords%3DData%2BAnalyst%26locationName%3DBangalore%2BStreet%252C%2BSW15%26locationId%3D4572795%26pageno%3D2,https://www.reed.co.uk/jobs/adlib/p8891,Actively Hiring,"Company: ADLIB | Salary: £50,000 - £60,000 per annum | Type: Permanent, full-time, Remote | Badges: New",Reed.co.uk,https://www.reed.co.uk/jobs/adlib/p8891,https://www.reed.co.uk/jobs/data-analyst-forecasting-modelling/57348872?source=searchResults&q=data%20analyst&filter=%2Fjobs%2Fdata-analyst-jobs-in-bangalore-street-sw15%3Fq%3Ddata%2Banalyst%26keywords%3DData%2BAnalyst%26locationName%3DBangalore%2BStreet%252C%2BSW15%26locationId%3D4572795%26pageno%3D2
Data Analyst Trainee,ITOL Recruit,United Kingdom,2026-09-02,https://www.reed.co.uk/jobs/data-analyst-trainee/57302735?source=searchResults&q=data%20analyst&filter=%2Fjobs%2Fdata-analyst-jobs-in-bangalore-street-sw15%3Fq%3Ddata%2Banalyst%26keywords%3DData%2BAnalyst%26locationName%3DBangalore%2BStreet%252C%2BSW15%26locationId%3D4572795%26pageno%3D3,https://www.reed.co.uk/jobs/itol-recruit/p57826,Actively Hiring,"Company: ITOL Recruit | Salary: Training Course | Type: Permanent, full-time, On-site | Badges: Promoted",Reed.co.uk,https://www.reed.co.uk/jobs/itol-recruit/p57826,https://www.reed.co.uk/jobs/data-analyst-trainee/57302735?source=searchResults&q=data%20analyst&filter=%2Fjobs%2Fdata-analyst-jobs-in-bangalore-street-sw15%3Fq%3Ddata%2Banalyst%26keywords%3DData%2BAnalyst%26locationName%3DBangalore%2BStreet%252C%2BSW15%26locationId%3D4572795%26pageno%3D3
Senior Data Analyst,FDM Group,London,2026-09-09,https://www.reed.co.uk/jobs/senior-data-analyst/56212211?source=searchResults&q=data%20analyst&filter=%2Fjobs%2Fdata-analyst-jobs-in-bangalore-street-sw15%3Fq%3Ddata%2Banalyst%26keywords%3DData%2BAnalyst%26locationName%3DBangalore%2BStreet%252C%2BSW15%26locationId%3D4572795%26pageno%3D3,https://www.reed.co.uk/jobs/fdm-group/p4784,Actively Hiring,"Company: FDM Group | Salary: Salary negotiable | Type: Permanent, full-time, Hybrid | Badges: Promoted",Reed.co.uk,https://www.reed.co.uk/jobs/fdm-group/p4784,https://www.reed.co.uk/jobs/senior-data-analyst/56212211?source=searchResults&q=data%20analyst&filter=%2Fjobs%2Fdata-analyst-jobs-in-bangalore-street-sw15%3Fq%3Ddata%2Banalyst%26keywords%3DData%2BAnalyst%26locationName%3DBangalore%2BStreet%252C%2BSW15%26locationId%3D4572795%26pageno%3D3
Insights Data Analyst Apprentice,QA,London,2026-08-24,https://www.reed.co.uk/jobs/insights-data-analyst-apprentice/57268090?source=searchResults&q=data%20analyst&filter=%2Fjobs%2Fdata-analyst-jobs-in-bangalore-street-sw15%3Fq%3Ddata%2Banalyst%26keywords%3DData%2BAnalyst%26locationName%3DBangalore%2BStreet%252C%2BSW15%26locationId%3D4572795%26pageno%3D3,https://www.reed.co.uk/jobs/qa-ltd/p31199,Actively Hiring,"Company: QA | Salary: £18,000 - £21,000 per annum | Type: Permanent, full-time or part-time, On-site | Badges: Promoted",Reed.co.uk,https://www.reed.co.uk/jobs/qa-ltd/p31199,https://www.reed.co.uk/jobs/insights-data-analyst-apprentice/57268090?source=searchResults&q=data%20analyst&filter=%2Fjobs%2Fdata-analyst-jobs-in-bangalore-street-sw15%3Fq%3Ddata%2Banalyst%26keywords%3DData%2BAnalyst%26locationName%3DBangalore%2BStreet%252C%2BSW15%26locationId%3D4572795%26pageno%3D3
Senior Data Analyst - Marketing Science,Harnham - Data & Analytics Recruitment,London,2026-08-19,https://www.reed.co.uk/jobs/senior-data-analyst-marketing-science/57257070?source=searchResults&q=data%20analyst&filter=%2Fjobs%2Fdata-analyst-jobs-in-bangalore-street-sw15%3Fq%3Ddata%2Banalyst%26keywords%3DData%2BAnalyst%26locationName%3DBangalore%2BStreet%252C%2BSW15%26locationId%3D4572795%26pageno%3D3,https://www.reed.co.uk/jobs/harnham-search-selection/p9243,Actively Hiring,"Company: Harnham - Data & Analytics Recruitment | Salary: £60,000 - £75,000 per annum | Type: Permanent, full-time, Hybrid | Badges: Easy Apply",Reed.co.uk,https://www.reed.co.uk/jobs/harnham-search-selection/p9243,https://www.reed.co.uk/jobs/senior-data-analyst-marketing-science/57257070?source=searchResults&q=data%20analyst&filter=%2Fjobs%2Fdata-analyst-jobs-in-bangalore-street-sw15%3Fq%3Ddata%2Banalyst%26keywords%3DData%2BAnalyst%26locationName%3DBangalore%2BStreet%252C%2BSW15%26locationId%3D4572795%26pageno%3D3
Trainee Data Analyst,ITOL Recruit,United Kingdom,2026-08-06,https://www.reed.co.uk/jobs/trainee-data-analyst/57205497?source=searchResults&q=data%20analyst&filter=%2Fjobs%2Fdata-analyst-jobs-in-bangalore-street-sw15%3Fq%3Ddata%2Banalyst%26keywords%3DData%2BAnalyst%26locationName%3DBangalore%2BStreet%252C%2BSW15%26locationId%3D4572795%26pageno%3D3,https://www.reed.co.uk/jobs/itonlinelearning-0/p57826,Actively Hiring,"Company: ITOL Recruit | Salary: Training Course | Type: Permanent, full-time, On-site | Badges: Featured, Ending soon",Reed.co.uk,https://www.reed.co.uk/jobs/itonlinelearning-0/p57826,https://www.reed.co.uk/jobs/trainee-data-analyst/57205497?source=searchResults&q=data%20analyst&filter=%2Fjobs%2Fdata-analyst-jobs-in-bangalore-street-sw15%3Fq%3Ddata%2Banalyst%26keywords%3DData%2BAnalyst%26locationName%3DBangalore%2BStreet%252C%2BSW15%26locationId%3D4572795%26pageno%3D3
"Data Analyst - Regulatory, Data Quality, PowerBI",Hays Specialist Recruitment Limited,London,2026-09-11,https://www.reed.co.uk/jobs/data-analyst-regulatory-data-quality-powerbi/57350187?source=searchResults&q=data%20analyst&filter=%2Fjobs%2Fdata-analyst-jobs-in-bangalore-street-sw15%3Fq%3Ddata%2Banalyst%26keywords%3DData%2BAnalyst%26locationName%3DBangalore%2BStreet%252C%2BSW15%26locationId%3D4572795%26pageno%3D3,https://www.reed.co.uk/jobs/hays-specialist-recruitment-limited/p36210,Actively Hiring,"Company: Hays Specialist Recruitment Limited | Salary: Salary negotiable | Type: Contract, full-time, Remote | Badges: New, Easy Apply",Reed.co.uk,https://www.reed.co.uk/jobs/hays-specialist-recruitment-limited/p36210,https://www.reed.co.uk/jobs/data-analyst-regulatory-data-quality-powerbi/57350187?source=searchResults&q=data%20analyst&filter=%2Fjobs%2Fdata-analyst-jobs-in-bangalore-street-sw15%3Fq%3Ddata%2Banalyst%26keywords%3DData%2BAnalyst%26locationName%3DBangalore%2BStreet%252C%2BSW15%26locationId%3D4572795%26pageno%3D3
Data Analyst (Forecasting & Modelling),ADLIB,London,2026-09-11,https://www.reed.co.uk/jobs/data-analyst-forecasting-modelling/57348872?source=searchResults&q=data%20analyst&filter=%2Fjobs%2Fdata-analyst-jobs-in-bangalore-street-sw15%3Fq%3Ddata%2Banalyst%26keywords%3DData%2BAnalyst%26locationName%3DBangalore%2BStreet%252C%2BSW15%26locationId%3D4572795%26pageno%3D3,https://www.reed.co.uk/jobs/adlib/p8891,Actively Hiring,"Company: ADLIB | Salary: £50,000 - £60,000 per annum | Type: Permanent, full-time, Remote | Badges: New",Reed.co.uk,https://www.reed.co.uk/jobs/adlib/p8891,https://www.reed.co.uk/jobs/data-analyst-forecasting-modelling/57348872?source=searchResults&q=data%20analyst&filter=%2Fjobs%2Fdata-analyst-jobs-in-bangalore-street-sw15%3Fq%3Ddata%2Banalyst%26keywords%3DData%2BAnalyst%26locationName%3DBangalore%2BStreet%252C%2BSW15%26locationId%3D4572795%26pageno%3D3
Data Analyst Trainee,ITOL Recruit,"Croydon, Surrey",2026-09-11,https://www.reed.co.uk/jobs/data-analyst-trainee/57351411?source=searchResults&q=data%20analyst&filter=%2Fjobs%2Fdata-analyst-jobs-in-bangalore-street-sw15%3Fq%3Ddata%2Banalyst%26keywords%3DData%2BAnalyst%26locationName%3DBangalore%2BStreet%252C%2BSW15%26locationId%3D4572795%26pageno%3D3,https://www.reed.co.uk/jobs/itonlinelearning-0/p57826,Actively Hiring,"Company: ITOL Recruit | Salary: Training Course | Type: Permanent, full-time, On-site | Badges: New",Reed.co.uk,https://www.reed.co.uk/jobs/itonlinelearning-0/p57826,https://www.reed.co.uk/jobs/data-analyst-trainee/57351411?source=searchResults&q=data%20analyst&filter=%2Fjobs%2Fdata-analyst-jobs-in-bangalore-street-sw15%3Fq%3Ddata%2Banalyst%26keywords%3DData%2BAnalyst%26locationName%3DBangalore%2BStreet%252C%2BSW15%26locationId%3D4572795%26pageno%3D3
Data Analyst Trainee,ITOL Recruit,London,2026-09-08,https://www.reed.co.uk/jobs/data-analyst-trainee/57319807?source=searchResults&q=data%20analyst&filter=%2Fjobs%2Fdata-analyst-jobs-in-bangalore-street-sw15%3Fq%3Ddata%2Banalyst%26keywords%3DData%2BAnalyst%26locationName%3DBangalore%2BStreet%252C%2BSW15%26locationId%3D4572795%26pageno%3D3,https://www.reed.co.uk/jobs/itonlinelearning-0/p57826,Actively Hiring,"Company: ITOL Recruit | Salary: Training Course | Type: Permanent, full-time, On-site",Reed.co.uk,https://www.reed.co.uk/jobs/itonlinelearning-0/p57826,https://www.reed.co.uk/jobs/data-analyst-trainee/57319807?source=searchResults&q=data%20analyst&filter=%2Fjobs%2Fdata-analyst-jobs-in-bangalore-street-sw15%3Fq%3Ddata%2Banalyst%26keywords%3DData%2BAnalyst%26locationName%3DBangalore%2BStreet%252C%2BSW15%26locationId%3D4572795%26pageno%3D3
Data Analyst Trainee,ITOL Recruit,London,2026-09-08,https://www.reed.co.uk/jobs/data-analyst-trainee/57319793?source=searchResults&q=data%20analyst&filter=%2Fjobs%2Fdata-analyst-jobs-in-bangalore-street-sw15%3Fq%3Ddata%2Banalyst%26keywords%3DData%2BAnalyst%26locationName%3DBangalore%2BStreet%252C%2BSW15%26locationId%3D4572795%26pageno%3D3,https://www.reed.co.uk/jobs/itonlinelearning-0/p57826,Actively Hiring,"Company: ITOL Recruit | Salary: Training Course | Type: Permanent, full-time, On-site",Reed.co.uk,https://www.reed.co.uk/jobs/itonlinelearning-0/p57826,https://www.reed.co.uk/jobs/data-analyst-trainee/57319793?source=searchResults&q=data%20analyst&filter=%2Fjobs%2Fdata-analyst-jobs-in-bangalore-street-sw15%3Fq%3Ddata%2Banalyst%26keywords%3DData%2BAnalyst%26locationName%3DBangalore%2BStreet%252C%2BSW15%26locationId%3D4572795%26pageno%3D3
Trainee Data Analyst,ITOL Recruit,"Croydon, Surrey",2026-09-02,https://www.reed.co.uk/jobs/trainee-data-analyst/57300144?source=searchResults&q=data%20analyst&filter=%2Fjobs%2Fdata-analyst-jobs-in-bangalore-street-sw15%3Fq%3Ddata%2Banalyst%26keywords%3DData%2BAnalyst%26locationName%3DBangalore%2BStreet%252C%2BSW15%26locationId%3D4572795%26pageno%3D3,https://www.reed.co.uk/jobs/itonlinelearning-0/p57826,Actively Hiring,"Company: ITOL Recruit | Salary: Training Course | Type: Permanent, full-time, On-site",Reed.co.uk,https://www.reed.co.uk/jobs/itonlinelearning-0/p57826,https://www.reed.co.uk/jobs/trainee-data-analyst/57300144?source=searchResults&q=data%20analyst&filter=%2Fjobs%2Fdata-analyst-jobs-in-bangalore-street-sw15%3Fq%3Ddata%2Banalyst%26keywords%3DData%2BAnalyst%26locationName%3DBangalore%2BStreet%252C%2BSW15%26locationId%3D4572795%26pageno%3D3
Trainee Data Analyst,ITOL Recruit,"North London, London",2026-08-26,https://www.reed.co.uk/jobs/trainee-data-analyst/57277444?source=searchResults&q=data%20analyst&filter=%2Fjobs%2Fdata-analyst-jobs-in-bangalore-street-sw15%3Fq%3Ddata%2Banalyst%26keywords%3DData%2BAnalyst%26locationName%3DBangalore%2BStreet%252C%2BSW15%26locationId%3D4572795%26pageno%3D3,https://www.reed.co.uk/jobs/itonlinelearning-0/p57826,Actively Hiring,"Company: ITOL Recruit | Salary: Training Course | Type: Permanent, full-time, On-site",Reed.co.uk,https://www.reed.co.uk/jobs/itonlinelearning-0/p57826,https://www.reed.co.uk/jobs/trainee-data-analyst/57277444?source=searchResults&q=data%20analyst&filter=%2Fjobs%2Fdata-analyst-jobs-in-bangalore-street-sw15%3Fq%3Ddata%2Banalyst%26keywords%3DData%2BAnalyst%26locationName%3DBangalore%2BStreet%252C%2BSW15%26locationId%3D4572795%26pageno%3D3
Trainee Data Analyst,ITOL Recruit,"Kingston Upon Thames, Surrey",2026-08-26,https://www.reed.co.uk/jobs/trainee-data-analyst/57277424?source=searchResults&q=data%20analyst&filter=%2Fjobs%2Fdata-analyst-jobs-in-bangalore-street-sw15%3Fq%3Ddata%2Banalyst%26keywords%3DData%2BAnalyst%26locationName%3DBangalore%2BStreet%252C%2BSW15%26locationId%3D4572795%26pageno%3D3,https://www.reed.co.uk/jobs/itonlinelearning-0/p57826,Actively Hiring,"Company: ITOL Recruit | Salary: Training Course | Type: Permanent, full-time, On-site",Reed.co.uk,https://www.reed.co.uk/jobs/itonlinelearning-0/p57826,https://www.reed.co.uk/jobs/trainee-data-analyst/57277424?source=searchResults&q=data%20analyst&filter=%2Fjobs%2Fdata-analyst-jobs-in-bangalore-street-sw15%3Fq%3Ddata%2Banalyst%26keywords%3DData%2BAnalyst%26locationName%3DBangalore%2BStreet%252C%2BSW15%26locationId%3D4572795%26pageno%3D3
Trainee Data Analyst,ITOL Recruit,"Twickenham, Middlesex",2026-08-25,https://www.reed.co.uk/jobs/trainee-data-analyst/57271987?source=searchResults&q=data%20analyst&filter=%2Fjobs%2Fdata-analyst-jobs-in-bangalore-street-sw15%3Fq%3Ddata%2Banalyst%26keywords%3DData%2BAnalyst%26locationName%3DBangalore%2BStreet%252C%2BSW15%26locationId%3D4572795%26pageno%3D3,https://www.reed.co.uk/jobs/itonlinelearning-0/p57826,Actively Hiring,"Company: ITOL Recruit | Salary: Training Course | Type: Permanent, full-time, On-site",Reed.co.uk,https://www.reed.co.uk/jobs/itonlinelearning-0/p57826,https://www.reed.co.uk/jobs/trainee-data-analyst/57271987?source=searchResults&q=data%20analyst&filter=%2Fjobs%2Fdata-analyst-jobs-in-bangalore-street-sw15%3Fq%3Ddata%2Banalyst%26keywords%3DData%2BAnalyst%26locationName%3DBangalore%2BStreet%252C%2BSW15%26locationId%3D4572795%26pageno%3D3
Trainee Data Analyst,ITOL Recruit,London,2026-08-24,https://www.reed.co.uk/jobs/trainee-data-analyst/57267856?source=searchResults&q=data%20analyst&filter=%2Fjobs%2Fdata-analyst-jobs-in-bangalore-street-sw15%3Fq%3Ddata%2Banalyst%26keywords%3DData%2BAnalyst%26locationName%3DBangalore%2BStreet%252C%2BSW15%26locationId%3D4572795%26pageno%3D3,https://www.reed.co.uk/jobs/itonlinelearning-0/p57826,Actively Hiring,"Company: ITOL Recruit | Salary: Training Course | Type: Permanent, full-time, On-site",Reed.co.uk,https://www.reed.co.uk/jobs/itonlinelearning-0/p57826,https://www.reed.co.uk/jobs/trainee-data-analyst/57267856?source=searchResults&q=data%20analyst&filter=%2Fjobs%2Fdata-analyst-jobs-in-bangalore-street-sw15%3Fq%3Ddata%2Banalyst%26keywords%3DData%2BAnalyst%26locationName%3DBangalore%2BStreet%252C%2BSW15%26locationId%3D4572795%26pageno%3D3
Data Analyst Trainee,ITOL Recruit,"Hounslow, Middlesex",2026-09-09,https://www.reed.co.uk/jobs/data-analyst-trainee/57325085?source=searchResults&q=data%20analyst&filter=%2Fjobs%2Fdata-analyst-jobs-in-bangalore-street-sw15%3Fq%3Ddata%2Banalyst%26keywords%3DData%2BAnalyst%26locationName%3DBangalore%2BStreet%252C%2BSW15%26locationId%3D4572795%26pageno%3D3,https://www.reed.co.uk/jobs/itonlinelearning-0/p57826,Actively Hiring,"Company: ITOL Recruit | Salary: Training Course | Type: Permanent, full-time, On-site",Reed.co.uk,https://www.reed.co.uk/jobs/itonlinelearning-0/p57826,https://www.reed.co.uk/jobs/data-analyst-trainee/57325085?source=searchResults&q=data%20analyst&filter=%2Fjobs%2Fdata-analyst-jobs-in-bangalore-street-sw15%3Fq%3Ddata%2Banalyst%26keywords%3DData%2BAnalyst%26locationName%3DBangalore%2BStreet%252C%2BSW15%26locationId%3D4572795%26pageno%3D3
Data Analyst Trainee,ITOL Recruit,London,2026-09-09,https://www.reed.co.uk/jobs/data-analyst-trainee/57325028?source=searchResults&q=data%20analyst&filter=%2Fjobs%2Fdata-analyst-jobs-in-bangalore-street-sw15%3Fq%3Ddata%2Banalyst%26keywords%3DData%2BAnalyst%26locationName%3DBangalore%2BStreet%252C%2BSW15%26locationId%3D4572795%26pageno%3D3,https://www.reed.co.uk/jobs/itonlinelearning-0/p57826,Actively Hiring,"Company: ITOL Recruit | Salary: Training Course | Type: Permanent, full-time, On-site",Reed.co.uk,https://www.reed.co.uk/jobs/itonlinelearning-0/p57826,https://www.reed.co.uk/jobs/data-analyst-trainee/57325028?source=searchResults&q=data%20analyst&filter=%2Fjobs%2Fdata-analyst-jobs-in-bangalore-street-sw15%3Fq%3Ddata%2Banalyst%26keywords%3DData%2BAnalyst%26locationName%3DBangalore%2BStreet%252C%2BSW15%26locationId%3D4572795%26pageno%3D3
Data Analyst Trainee,ITOL Recruit,London,2026-09-11,https://www.reed.co.uk/jobs/data-analyst-trainee/57351427?source=searchResults&q=data%20analyst&filter=%2Fjobs%2Fdata-analyst-jobs-in-bangalore-street-sw15%3Fq%3Ddata%2Banalyst%26keywords%3DData%2BAnalyst%26locationName%3DBangalore%2BStreet%252C%2BSW15%26locationId%3D4572795%26pageno%3D3,https://www.reed.co.uk/jobs/itonlinelearning-0/p57826,Actively Hiring,"Company: ITOL Recruit | Salary: Training Course | Type: Permanent, full-time, On-site | Badges: New",Reed.co.uk,https://www.reed.co.uk/jobs/itonlinelearning-0/p57826,https://www.reed.co.uk/jobs/data-analyst-trainee/57351427?source=searchResults&q=data%20analyst&filter=%2Fjobs%2Fdata-analyst-jobs-in-bangalore-street-sw15%3Fq%3Ddata%2Banalyst%26keywords%3DData%2BAnalyst%26locationName%3DBangalore%2BStreet%252C%2BSW15%26locationId%3D4572795%26pageno%3D3
Data Analyst Trainee,ITOL Recruit,London,2026-09-02,https://www.reed.co.uk/jobs/data-analyst-trainee/57299927?source=searchResults&q=data%20analyst&filter=%2Fjobs%2Fdata-analyst-jobs-in-bangalore-street-sw15%3Fq%3Ddata%2Banalyst%26keywords%3DData%2BAnalyst%26locationName%3DBangalore%2BStreet%252C%2BSW15%26locationId%3D4572795%26pageno%3D3,https://www.reed.co.uk/jobs/itonlinelearning-0/p57826,Actively Hiring,"Company: ITOL Recruit | Salary: Training Course | Type: Permanent, full-time, On-site",Reed.co.uk,https://www.reed.co.uk/jobs/itonlinelearning-0/p57826,https://www.reed.co.uk/jobs/data-analyst-trainee/57299927?source=searchResults&q=data%20analyst&filter=%2Fjobs%2Fdata-analyst-jobs-in-bangalore-street-sw15%3Fq%3Ddata%2Banalyst%26keywords%3DData%2BAnalyst%26locationName%3DBangalore%2BStreet%252C%2BSW15%26locationId%3D4572795%26pageno%3D3
Trainee Data Analyst,ITOL Recruit,"Croydon, Surrey",2026-08-25,https://www.reed.co.uk/jobs/trainee-data-analyst/57272015?source=searchResults&q=data%20analyst&filter=%2Fjobs%2Fdata-analyst-jobs-in-bangalore-street-sw15%3Fq%3Ddata%2Banalyst%26keywords%3DData%2BAnalyst%26locationName%3DBangalore%2BStreet%252C%2BSW15%26locationId%3D4572795%26pageno%3D3,https://www.reed.co.uk/jobs/itonlinelearning-0/p57826,Actively Hiring,"Company: ITOL Recruit | Salary: Training Course | Type: Permanent, full-time, On-site",Reed.co.uk,https://www.reed.co.uk/jobs/itonlinelearning-0/p57826,https://www.reed.co.uk/jobs/trainee-data-analyst/57272015?source=searchResults&q=data%20analyst&filter=%2Fjobs%2Fdata-analyst-jobs-in-bangalore-street-sw15%3Fq%3Ddata%2Banalyst%26keywords%3DData%2BAnalyst%26locationName%3DBangalore%2BStreet%252C%2BSW15%26locationId%3D4572795%26pageno%3D3
Trainee Data Analyst,ITOL Recruit,"Twickenham, Middlesex",2026-09-07,https://www.reed.co.uk/jobs/trainee-data-analyst/57315425?source=searchResults&q=data%20analyst&filter=%2Fjobs%2Fdata-analyst-jobs-in-bangalore-street-sw15%3Fq%3Ddata%2Banalyst%26keywords%3DData%2BAnalyst%26locationName%3DBangalore%2BStreet%252C%2BSW15%26locationId%3D4572795%26pageno%3D3,https://www.reed.co.uk/jobs/itonlinelearning-0/p57826,Actively Hiring,"Company: ITOL Recruit | Salary: Training Course | Type: Permanent, full-time, On-site",Reed.co.uk,https://www.reed.co.uk/jobs/itonlinelearning-0/p57826,https://www.reed.co.uk/jobs/trainee-data-analyst/57315425?source=searchResults&q=data%20analyst&filter=%2Fjobs%2Fdata-analyst-jobs-in-bangalore-street-sw15%3Fq%3Ddata%2Banalyst%26keywords%3DData%2BAnalyst%26locationName%3DBangalore%2BStreet%252C%2BSW15%26locationId%3D4572795%26pageno%3D3
Graduate Data Analyst,Consula Group LTD,London,2026-09-10,https://www.reed.co.uk/jobs/graduate-data-analyst/57286167?source=searchResults&q=data%20analyst&filter=%2Fjobs%2Fdata-analyst-jobs-in-bangalore-street-sw15%3Fq%3Ddata%2Banalyst%26keywords%3DData%2BAnalyst%26locationName%3DBangalore%2BStreet%252C%2BSW15%26locationId%3D4572795%26pageno%3D3,https://www.reed.co.uk/jobs/consula-group-ltd-112861/p112861,Actively Hiring,"Company: Consula Group LTD | Salary: £48,000 - £52,000 per annum | Type: Permanent, full-time, On-site | Badges: Featured",Reed.co.uk,https://www.reed.co.uk/jobs/consula-group-ltd-112861/p112861,https://www.reed.co.uk/jobs/graduate-data-analyst/57286167?source=searchResults&q=data%20analyst&filter=%2Fjobs%2Fdata-analyst-jobs-in-bangalore-street-sw15%3Fq%3Ddata%2Banalyst%26keywords%3DData%2BAnalyst%26locationName%3DBangalore%2BStreet%252C%2BSW15%26locationId%3D4572795%26pageno%3D3
Graduate Data Analyst,Consula Group LTD,London,2026-09-10,https://www.reed.co.uk/jobs/graduate-data-analyst/57308695?source=searchResults&q=data%20analyst&filter=%2Fjobs%2Fdata-analyst-jobs-in-bangalore-street-sw15%3Fq%3Ddata%2Banalyst%26keywords%3DData%2BAnalyst%26locationName%3DBangalore%2BStreet%252C%2BSW15%26locationId%3D4572795%26pageno%3D3,https://www.reed.co.uk/jobs/consula-group-ltd-112861/p112861,Actively Hiring,"Company: Consula Group LTD | Salary: £45,000 per annum | Type: Permanent, full-time, On-site | Badges: Featured",Reed.co.uk,https://www.reed.co.uk/jobs/consula-group-ltd-112861/p112861,https://www.reed.co.uk/jobs/graduate-data-analyst/57308695?source=searchResults&q=data%20analyst&filter=%2Fjobs%2Fdata-analyst-jobs-in-bangalore-street-sw15%3Fq%3Ddata%2Banalyst%26keywords%3DData%2BAnalyst%26locationName%3DBangalore%2BStreet%252C%2BSW15%26locationId%3D4572795%26pageno%3D3
Data Analyst Trainee,ITOL Recruit,London,2026-09-07,https://www.reed.co.uk/jobs/data-analyst-trainee/57315540?source=searchResults&q=data%20analyst&filter=%2Fjobs%2Fdata-analyst-jobs-in-bangalore-street-sw15%3Fq%3Ddata%2Banalyst%26keywords%3DData%2BAnalyst%26locationName%3DBangalore%2BStreet%252C%2BSW15%26locationId%3D4572795%26pageno%3D3,https://www.reed.co.uk/jobs/itonlinelearning-0/p57826,Actively Hiring,"Company: ITOL Recruit | Salary: Training Course | Type: Permanent, full-time, On-site",Reed.co.uk,https://www.reed.co.uk/jobs/itonlinelearning-0/p57826,https://www.reed.co.uk/jobs/data-analyst-trainee/57315540?source=searchResults&q=data%20analyst&filter=%2Fjobs%2Fdata-analyst-jobs-in-bangalore-street-sw15%3Fq%3Ddata%2Banalyst%26keywords%3DData%2BAnalyst%26locationName%3DBangalore%2BStreet%252C%2BSW15%26locationId%3D4572795%26pageno%3D3
Data Analyst Trainee,ITOL Recruit,London,2026-09-09,https://www.reed.co.uk/jobs/data-analyst-trainee/57340540?source=searchResults&q=data%20analyst&filter=%2Fjobs%2Fdata-analyst-jobs-in-bangalore-street-sw15%3Fq%3Ddata%2Banalyst%26keywords%3DData%2BAnalyst%26locationName%3DBangalore%2BStreet%252C%2BSW15%26locationId%3D4572795%26pageno%3D3,https://www.reed.co.uk/jobs/itonlinelearning-0/p57826,Actively Hiring,"Company: ITOL Recruit | Salary: Training Course | Type: Permanent, full-time, On-site",Reed.co.uk,https://www.reed.co.uk/jobs/itonlinelearning-0/p57826,https://www.reed.co.uk/jobs/data-analyst-trainee/57340540?source=searchResults&q=data%20analyst&filter=%2Fjobs%2Fdata-analyst-jobs-in-bangalore-street-sw15%3Fq%3Ddata%2Banalyst%26keywords%3DData%2BAnalyst%26locationName%3DBangalore%2BStreet%252C%2BSW15%26locationId%3D4572795%26pageno%3D3
Data Analyst Trainee,ITOL Recruit,"Twickenham, Middlesex",2026-09-02,https://www.reed.co.uk/jobs/data-analyst-trainee/57300122?source=searchResults&q=data%20analyst&filter=%2Fjobs%2Fdata-analyst-jobs-in-bangalore-street-sw15%3Fq%3Ddata%2Banalyst%26keywords%3DData%2BAnalyst%26locationName%3DBangalore%2BStreet%252C%2BSW15%26locationId%3D4572795%26pageno%3D3,https://www.reed.co.uk/jobs/itonlinelearning-0/p57826,Actively Hiring,"Company: ITOL Recruit | Salary: Training Course | Type: Permanent, full-time, On-site",Reed.co.uk,https://www.reed.co.uk/jobs/itonlinelearning-0/p57826,https://www.reed.co.uk/jobs/data-analyst-trainee/57300122?source=searchResults&q=data%20analyst&filter=%2Fjobs%2Fdata-analyst-jobs-in-bangalore-street-sw15%3Fq%3Ddata%2Banalyst%26keywords%3DData%2BAnalyst%26locationName%3DBangalore%2BStreet%252C%2BSW15%26locationId%3D4572795%26pageno%3D3
Data Analyst Trainee,ITOL Recruit,London,2026-09-09,https://www.reed.co.uk/jobs/data-analyst-trainee/57340308?source=searchResults&q=data%20analyst&filter=%2Fjobs%2Fdata-analyst-jobs-in-bangalore-street-sw15%3Fq%3Ddata%2Banalyst%26keywords%3DData%2BAnalyst%26locationName%3DBangalore%2BStreet%252C%2BSW15%26locationId%3D4572795%26pageno%3D3,https://www.reed.co.uk/jobs/itonlinelearning-0/p57826,Actively Hiring,"Company: ITOL Recruit | Salary: Training Course | Type: Permanent, full-time, On-site",Reed.co.uk,https://www.reed.co.uk/jobs/itonlinelearning-0/p57826,https://www.reed.co.uk/jobs/data-analyst-trainee/57340308?source=searchResults&q=data%20analyst&filter=%2Fjobs%2Fdata-analyst-jobs-in-bangalore-street-sw15%3Fq%3Ddata%2Banalyst%26keywords%3DData%2BAnalyst%26locationName%3DBangalore%2BStreet%252C%2BSW15%26locationId%3D4572795%26pageno%3D3
Data Analyst Trainee,ITOL Recruit,United Kingdom,2026-09-02,https://www.reed.co.uk/jobs/data-analyst-trainee/57302735?source=searchResults&q=data%20analyst&filter=%2Fjobs%2Fdata-analyst-jobs-in-bangalore-street-sw15%3Fq%3Ddata%2Banalyst%26keywords%3DData%2BAnalyst%26locationName%3DBangalore%2BStreet%252C%2BSW15%26locationId%3D4572795%26pageno%3D4,https://www.reed.co.uk/jobs/itol-recruit/p57826,Actively Hiring,"Company: ITOL Recruit | Salary: Training Course | Type: Permanent, full-time, On-site | Badges: Promoted",Reed.co.uk,https://www.reed.co.uk/jobs/itol-recruit/p57826,https://www.reed.co.uk/jobs/data-analyst-trainee/57302735?source=searchResults&q=data%20analyst&filter=%2Fjobs%2Fdata-analyst-jobs-in-bangalore-street-sw15%3Fq%3Ddata%2Banalyst%26keywords%3DData%2BAnalyst%26locationName%3DBangalore%2BStreet%252C%2BSW15%26locationId%3D4572795%26pageno%3D4
Senior Data Analyst,FDM Group,London,2026-09-09,https://www.reed.co.uk/jobs/senior-data-analyst/56212211?source=searchResults&q=data%20analyst&filter=%2Fjobs%2Fdata-analyst-jobs-in-bangalore-street-sw15%3Fq%3Ddata%2Banalyst%26keywords%3DData%2BAnalyst%26locationName%3DBangalore%2BStreet%252C%2BSW15%26locationId%3D4572795%26pageno%3D4,https://www.reed.co.uk/jobs/fdm-group/p4784,Actively Hiring,"Company: FDM Group | Salary: Salary negotiable | Type: Permanent, full-time, Hybrid | Badges: Promoted",Reed.co.uk,https://www.reed.co.uk/jobs/fdm-group/p4784,https://www.reed.co.uk/jobs/senior-data-analyst/56212211?source=searchResults&q=data%20analyst&filter=%2Fjobs%2Fdata-analyst-jobs-in-bangalore-street-sw15%3Fq%3Ddata%2Banalyst%26keywords%3DData%2BAnalyst%26locationName%3DBangalore%2BStreet%252C%2BSW15%26locationId%3D4572795%26pageno%3D4
Data Analyst Trainee,ITOL Recruit,"North West London, London",2026-09-09,https://www.reed.co.uk/jobs/data-analyst-trainee/57340304?source=searchResults&q=data%20analyst&filter=%2Fjobs%2Fdata-analyst-jobs-in-bangalore-street-sw15%3Fq%3Ddata%2Banalyst%26keywords%3DData%2BAnalyst%26locationName%3DBangalore%2BStreet%252C%2BSW15%26locationId%3D4572795%26pageno%3D4,https://www.reed.co.uk/jobs/itonlinelearning-0/p57826,Actively Hiring,"Company: ITOL Recruit | Salary: Training Course | Type: Permanent, full-time, On-site",Reed.co.uk,https://www.reed.co.uk/jobs/itonlinelearning-0/p57826,https://www.reed.co.uk/jobs/data-analyst-trainee/57340304?source=searchResults&q=data%20analyst&filter=%2Fjobs%2Fdata-analyst-jobs-in-bangalore-street-sw15%3Fq%3Ddata%2Banalyst%26keywords%3DData%2BAnalyst%26locationName%3DBangalore%2BStreet%252C%2BSW15%26locationId%3D4572795%26pageno%3D4
Data Analyst Trainee,ITOL Recruit,London,2026-08-26,https://www.reed.co.uk/jobs/data-analyst-trainee/57277450?source=searchResults&q=data%20analyst&filter=%2Fjobs%2Fdata-analyst-jobs-in-bangalore-street-sw15%3Fq%3Ddata%2Banalyst%26keywords%3DData%2BAnalyst%26locationName%3DBangalore%2BStreet%252C%2BSW15%26locationId%3D4572795%26pageno%3D4,https://www.reed.co.uk/jobs/itonlinelearning-0/p57826,Actively Hiring,"Company: ITOL Recruit | Salary: Training Course | Type: Permanent, full-time, On-site",Reed.co.uk,https://www.reed.co.uk/jobs/itonlinelearning-0/p57826,https://www.reed.co.uk/jobs/data-analyst-trainee/57277450?source=searchResults&q=data%20analyst&filter=%2Fjobs%2Fdata-analyst-jobs-in-bangalore-street-sw15%3Fq%3Ddata%2Banalyst%26keywords%3DData%2BAnalyst%26locationName%3DBangalore%2BStreet%252C%2BSW15%26locationId%3D4572795%26pageno%3D4
Data Analyst Trainee,ITOL Recruit,London,2026-08-26,https://www.reed.co.uk/jobs/data-analyst-trainee/57277405?source=searchResults&q=data%20analyst&filter=%2Fjobs%2Fdata-analyst-jobs-in-bangalore-street-sw15%3Fq%3Ddata%2Banalyst%26keywords%3DData%2BAnalyst%26locationName%3DBangalore%2BStreet%252C%2BSW15%26locationId%3D4572795%26pageno%3D4,https://www.reed.co.uk/jobs/itonlinelearning-0/p57826,Actively Hiring,"Company: ITOL Recruit | Salary: Training Course | Type: Permanent, full-time, On-site",Reed.co.uk,https://www.reed.co.uk/jobs/itonlinelearning-0/p57826,https://www.reed.co.uk/jobs/data-analyst-trainee/57277405?source=searchResults&q=data%20analyst&filter=%2Fjobs%2Fdata-analyst-jobs-in-bangalore-street-sw15%3Fq%3Ddata%2Banalyst%26keywords%3DData%2BAnalyst%26locationName%3DBangalore%2BStreet%252C%2BSW15%26locationId%3D4572795%26pageno%3D4
Data Analyst Trainee,ITOL Recruit,London,2026-08-25,https://www.reed.co.uk/jobs/data-analyst-trainee/57272109?source=searchResults&q=data%20analyst&filter=%2Fjobs%2Fdata-analyst-jobs-in-bangalore-street-sw15%3Fq%3Ddata%2Banalyst%26keywords%3DData%2BAnalyst%26locationName%3DBangalore%2BStreet%252C%2BSW15%26locationId%3D4572795%26pageno%3D4,https://www.reed.co.uk/jobs/itonlinelearning-0/p57826,Actively Hiring,"Company: ITOL Recruit | Salary: Training Course | Type: Permanent, full-time, On-site",Reed.co.uk,https://www.reed.co.uk/jobs/itonlinelearning-0/p57826,https://www.reed.co.uk/jobs/data-analyst-trainee/57272109?source=searchResults&q=data%20analyst&filter=%2Fjobs%2Fdata-analyst-jobs-in-bangalore-street-sw15%3Fq%3Ddata%2Banalyst%26keywords%3DData%2BAnalyst%26locationName%3DBangalore%2BStreet%252C%2BSW15%26locationId%3D4572795%26pageno%3D4
Data Analyst Trainee,Newto Training,London,2026-09-11,https://www.reed.co.uk/jobs/data-analyst-trainee/57335543?source=searchResults&q=data%20analyst&filter=%2Fjobs%2Fdata-analyst-jobs-in-bangalore-street-sw15%3Fq%3Ddata%2Banalyst%26keywords%3DData%2BAnalyst%26locationName%3DBangalore%2BStreet%252C%2BSW15%26locationId%3D4572795%26pageno%3D4,https://www.reed.co.uk/jobs/newto-training1/p90206,Actively Hiring,"Company: Newto Training | Salary: Training Course | Type: Permanent, full-time, On-site",Reed.co.uk,https://www.reed.co.uk/jobs/newto-training1/p90206,https://www.reed.co.uk/jobs/data-analyst-trainee/57335543?source=searchResults&q=data%20analyst&filter=%2Fjobs%2Fdata-analyst-jobs-in-bangalore-street-sw15%3Fq%3Ddata%2Banalyst%26keywords%3DData%2BAnalyst%26locationName%3DBangalore%2BStreet%252C%2BSW15%26locationId%3D4572795%26pageno%3D4
Senior Data Analyst,Executive Facilities,London,2026-08-27,https://www.reed.co.uk/jobs/senior-data-analyst/57282103?source=searchResults&q=data%20analyst&filter=%2Fjobs%2Fdata-analyst-jobs-in-bangalore-street-sw15%3Fq%3Ddata%2Banalyst%26keywords%3DData%2BAnalyst%26locationName%3DBangalore%2BStreet%252C%2BSW15%26locationId%3D4572795%26pageno%3D4,https://www.reed.co.uk/jobs/executive-facilities/p55194,Actively Hiring,"Company: Executive Facilities | Salary: £500 per day | Type: Contract, full-time, Hybrid",Reed.co.uk,https://www.reed.co.uk/jobs/executive-facilities/p55194,https://www.reed.co.uk/jobs/senior-data-analyst/57282103?source=searchResults&q=data%20analyst&filter=%2Fjobs%2Fdata-analyst-jobs-in-bangalore-street-sw15%3Fq%3Ddata%2Banalyst%26keywords%3DData%2BAnalyst%26locationName%3DBangalore%2BStreet%252C%2BSW15%26locationId%3D4572795%26pageno%3D4
Senior Data Analyst,SF Partners,London,2026-08-19,https://www.reed.co.uk/jobs/senior-data-analyst/57254038?source=searchResults&q=data%20analyst&filter=%2Fjobs%2Fdata-analyst-jobs-in-bangalore-street-sw15%3Fq%3Ddata%2Banalyst%26keywords%3DData%2BAnalyst%26locationName%3DBangalore%2BStreet%252C%2BSW15%26locationId%3D4572795%26pageno%3D4,https://www.reed.co.uk/jobs/sf-group/p2347,Actively Hiring,"Company: SF Partners | Salary: £70,000 - £75,000 per annum | Type: Permanent, full-time, On-site | Badges: Featured, Easy Apply",Reed.co.uk,https://www.reed.co.uk/jobs/sf-group/p2347,https://www.reed.co.uk/jobs/senior-data-analyst/57254038?source=searchResults&q=data%20analyst&filter=%2Fjobs%2Fdata-analyst-jobs-in-bangalore-street-sw15%3Fq%3Ddata%2Banalyst%26keywords%3DData%2BAnalyst%26locationName%3DBangalore%2BStreet%252C%2BSW15%26locationId%3D4572795%26pageno%3D4
Senior Data Analyst,Eden James Consulting Limited,London,2026-08-26,https://www.reed.co.uk/jobs/senior-data-analyst/57280072?source=searchResults&q=data%20analyst&filter=%2Fjobs%2Fdata-analyst-jobs-in-bangalore-street-sw15%3Fq%3Ddata%2Banalyst%26keywords%3DData%2BAnalyst%26locationName%3DBangalore%2BStreet%252C%2BSW15%26locationId%3D4572795%26pageno%3D4,https://www.reed.co.uk/jobs/eden-james-consulting-ltd/p45167,Actively Hiring,"Company: Eden James Consulting Limited | Salary: Salary negotiable | Type: Permanent, full-time, Hybrid | Badges: Easy Apply",Reed.co.uk,https://www.reed.co.uk/jobs/eden-james-consulting-ltd/p45167,https://www.reed.co.uk/jobs/senior-data-analyst/57280072?source=searchResults&q=data%20analyst&filter=%2Fjobs%2Fdata-analyst-jobs-in-bangalore-street-sw15%3Fq%3Ddata%2Banalyst%26keywords%3DData%2BAnalyst%26locationName%3DBangalore%2BStreet%252C%2BSW15%26locationId%3D4572795%26pageno%3D4
Senior Data Analyst,Brian Durham Recruitment Services,London,2026-09-02,https://www.reed.co.uk/jobs/senior-data-analyst/57300744?source=searchResults&q=data%20analyst&filter=%2Fjobs%2Fdata-analyst-jobs-in-bangalore-street-sw15%3Fq%3Ddata%2Banalyst%26keywords%3DData%2BAnalyst%26locationName%3DBangalore%2BStreet%252C%2BSW15%26locationId%3D4572795%26pageno%3D4,https://www.reed.co.uk/jobs/brian-durham-recruitment-services/p6127,Actively Hiring,"Company: Brian Durham Recruitment Services | Salary: £70,000 - £80,000 per annum | Type: Permanent, full-time, Hybrid | Badges: Easy Apply",Reed.co.uk,https://www.reed.co.uk/jobs/brian-durham-recruitment-services/p6127,https://www.reed.co.uk/jobs/senior-data-analyst/57300744?source=searchResults&q=data%20analyst&filter=%2Fjobs%2Fdata-analyst-jobs-in-bangalore-street-sw15%3Fq%3Ddata%2Banalyst%26keywords%3DData%2BAnalyst%26locationName%3DBangalore%2BStreet%252C%2BSW15%26locationId%3D4572795%26pageno%3D4
Pricing Analyst - Data & Pricing Program,Morgan McKinley,London,2026-08-27,https://www.reed.co.uk/jobs/pricing-analyst-data-pricing-program/57224849?source=searchResults&q=data%20analyst&filter=%2Fjobs%2Fdata-analyst-jobs-in-bangalore-street-sw15%3Fq%3Ddata%2Banalyst%26keywords%3DData%2BAnalyst%26locationName%3DBangalore%2BStreet%252C%2BSW15%26locationId%3D4572795%26pageno%3D4,https://www.reed.co.uk/jobs/morgan-mckinley/p2210,Actively Hiring,"Company: Morgan McKinley | Salary: £70,000 - £90,000 per annum | Type: Permanent, full-time, Hybrid",Reed.co.uk,https://www.reed.co.uk/jobs/morgan-mckinley/p2210,https://www.reed.co.uk/jobs/pricing-analyst-data-pricing-program/57224849?source=searchResults&q=data%20analyst&filter=%2Fjobs%2Fdata-analyst-jobs-in-bangalore-street-sw15%3Fq%3Ddata%2Banalyst%26keywords%3DData%2BAnalyst%26locationName%3DBangalore%2BStreet%252C%2BSW15%26locationId%3D4572795%26pageno%3D4
"Interim Data Analyst, Adults Social Care",Eden Brown Synergy,London,2026-09-12,https://www.reed.co.uk/jobs/interim-data-analyst-adults-social-care/57357901?source=searchResults&q=data%20analyst&filter=%2Fjobs%2Fdata-analyst-jobs-in-bangalore-street-sw15%3Fq%3Ddata%2Banalyst%26keywords%3DData%2BAnalyst%26locationName%3DBangalore%2BStreet%252C%2BSW15%26locationId%3D4572795%26pageno%3D4,https://www.reed.co.uk/jobs/synergy-group/p4211,Actively Hiring,"Company: Eden Brown Synergy | Salary: £400 per day | Type: Contract, full-time | Badges: New, Easy Apply",Reed.co.uk,https://www.reed.co.uk/jobs/synergy-group/p4211,https://www.reed.co.uk/jobs/interim-data-analyst-adults-social-care/57357901?source=searchResults&q=data%20analyst&filter=%2Fjobs%2Fdata-analyst-jobs-in-bangalore-street-sw15%3Fq%3Ddata%2Banalyst%26keywords%3DData%2BAnalyst%26locationName%3DBangalore%2BStreet%252C%2BSW15%26locationId%3D4572795%26pageno%3D4
Data and Insight Analyst,Harnham - Data & Analytics Recruitment,London,2026-09-02,https://www.reed.co.uk/jobs/data-and-insight-analyst/57300984?source=searchResults&q=data%20analyst&filter=%2Fjobs%2Fdata-analyst-jobs-in-bangalore-street-sw15%3Fq%3Ddata%2Banalyst%26keywords%3DData%2BAnalyst%26locationName%3DBangalore%2BStreet%252C%2BSW15%26locationId%3D4572795%26pageno%3D4,https://www.reed.co.uk/jobs/harnham-search-selection/p9243,Actively Hiring,"Company: Harnham - Data & Analytics Recruitment | Salary: £45,000 - £50,000 per annum | Type: Permanent, full-time, Hybrid | Badges: Easy Apply",Reed.co.uk,https://www.reed.co.uk/jobs/harnham-search-selection/p9243,https://www.reed.co.uk/jobs/data-and-insight-analyst/57300984?source=searchResults&q=data%20analyst&filter=%2Fjobs%2Fdata-analyst-jobs-in-bangalore-street-sw15%3Fq%3Ddata%2Banalyst%26keywords%3DData%2BAnalyst%26locationName%3DBangalore%2BStreet%252C%2BSW15%26locationId%3D4572795%26pageno%3D4
Data Engineer Apprentice,QA,London,2026-08-24,https://www.reed.co.uk/jobs/data-engineer-apprentice/57268164?source=searchResults&q=data%20analyst&filter=%2Fjobs%2Fdata-analyst-jobs-in-bangalore-street-sw15%3Fq%3Ddata%2Banalyst%26keywords%3DData%2BAnalyst%26locationName%3DBangalore%2BStreet%252C%2BSW15%26locationId%3D4572795%26pageno%3D4,https://www.reed.co.uk/jobs/qa-ltd/p31199,Actively Hiring,"Company: QA | Salary: £28,860 per annum | Type: Permanent, full-time or part-time, On-site | Badges: Featured",Reed.co.uk,https://www.reed.co.uk/jobs/qa-ltd/p31199,https://www.reed.co.uk/jobs/data-engineer-apprentice/57268164?source=searchResults&q=data%20analyst&filter=%2Fjobs%2Fdata-analyst-jobs-in-bangalore-street-sw15%3Fq%3Ddata%2Banalyst%26keywords%3DData%2BAnalyst%26locationName%3DBangalore%2BStreet%252C%2BSW15%26locationId%3D4572795%26pageno%3D4
Market Data and Trade Systems Analyst,Pontoon,London,2026-08-14,https://www.reed.co.uk/jobs/market-data-and-trade-systems-analyst/57240054?source=searchResults&q=data%20analyst&filter=%2Fjobs%2Fdata-analyst-jobs-in-bangalore-street-sw15%3Fq%3Ddata%2Banalyst%26keywords%3DData%2BAnalyst%26locationName%3DBangalore%2BStreet%252C%2BSW15%26locationId%3D4572795%26pageno%3D4,https://www.reed.co.uk/jobs/pontoon-45427/p45427,Actively Hiring,"Company: Pontoon | Salary: £539 per day | Type: Contract, full-time, Hybrid | Badges: Easy Apply",Reed.co.uk,https://www.reed.co.uk/jobs/pontoon-45427/p45427,https://www.reed.co.uk/jobs/market-data-and-trade-systems-analyst/57240054?source=searchResults&q=data%20analyst&filter=%2Fjobs%2Fdata-analyst-jobs-in-bangalore-street-sw15%3Fq%3Ddata%2Banalyst%26keywords%3DData%2BAnalyst%26locationName%3DBangalore%2BStreet%252C%2BSW15%26locationId%3D4572795%26pageno%3D4
Data Business Analyst - AUM/Fund Data - Asset Management,Robert Walters,London,2026-08-28,https://www.reed.co.uk/jobs/data-business-analyst-aum-fund-data-asset-management/57286500?source=searchResults&q=data%20analyst&filter=%2Fjobs%2Fdata-analyst-jobs-in-bangalore-street-sw15%3Fq%3Ddata%2Banalyst%26keywords%3DData%2BAnalyst%26locationName%3DBangalore%2BStreet%252C%2BSW15%26locationId%3D4572795%26pageno%3D4,https://www.reed.co.uk/jobs/robert-walters-18673/p18673,Actively Hiring,"Company: Robert Walters | Salary: £80,000 - £95,000 per annum | Type: Permanent, full-time, On-site | Badges: Easy Apply",Reed.co.uk,https://www.reed.co.uk/jobs/robert-walters-18673/p18673,https://www.reed.co.uk/jobs/data-business-analyst-aum-fund-data-asset-management/57286500?source=searchResults&q=data%20analyst&filter=%2Fjobs%2Fdata-analyst-jobs-in-bangalore-street-sw15%3Fq%3Ddata%2Banalyst%26keywords%3DData%2BAnalyst%26locationName%3DBangalore%2BStreet%252C%2BSW15%26locationId%3D4572795%26pageno%3D4
Lead BI Analyst - Tableau,Harnham - Data & Analytics Recruitment,London,2026-08-18,https://www.reed.co.uk/jobs/lead-bi-analyst-tableau/57251411?source=searchResults&q=data%20analyst&filter=%2Fjobs%2Fdata-analyst-jobs-in-bangalore-street-sw15%3Fq%3Ddata%2Banalyst%26keywords%3DData%2BAnalyst%26locationName%3DBangalore%2BStreet%252C%2BSW15%26locationId%3D4572795%26pageno%3D4,https://www.reed.co.uk/jobs/harnham-search-selection/p9243,Actively Hiring,"Company: Harnham - Data & Analytics Recruitment | Salary: £56,000 per annum | Type: Permanent, full-time, Hybrid",Reed.co.uk,https://www.reed.co.uk/jobs/harnham-search-selection/p9243,https://www.reed.co.uk/jobs/lead-bi-analyst-tableau/57251411?source=searchResults&q=data%20analyst&filter=%2Fjobs%2Fdata-analyst-jobs-in-bangalore-street-sw15%3Fq%3Ddata%2Banalyst%26keywords%3DData%2BAnalyst%26locationName%3DBangalore%2BStreet%252C%2BSW15%26locationId%3D4572795%26pageno%3D4
BI Analyst,Harnham - Data & Analytics Recruitment,London,2026-09-09,https://www.reed.co.uk/jobs/bi-analyst/57329169?source=searchResults&q=data%20analyst&filter=%2Fjobs%2Fdata-analyst-jobs-in-bangalore-street-sw15%3Fq%3Ddata%2Banalyst%26keywords%3DData%2BAnalyst%26locationName%3DBangalore%2BStreet%252C%2BSW15%26locationId%3D4572795%26pageno%3D4,https://www.reed.co.uk/jobs/harnham-search-selection/p9243,Actively Hiring,"Company: Harnham - Data & Analytics Recruitment | Salary: £500 - £550 per day | Type: Contract, full-time, On-site | Badges: Easy Apply",Reed.co.uk,https://www.reed.co.uk/jobs/harnham-search-selection/p9243,https://www.reed.co.uk/jobs/bi-analyst/57329169?source=searchResults&q=data%20analyst&filter=%2Fjobs%2Fdata-analyst-jobs-in-bangalore-street-sw15%3Fq%3Ddata%2Banalyst%26keywords%3DData%2BAnalyst%26locationName%3DBangalore%2BStreet%252C%2BSW15%26locationId%3D4572795%26pageno%3D4
Data Analyst Trainee,ITOL Recruit,United Kingdom,2026-09-02,https://www.reed.co.uk/jobs/data-analyst-trainee/57302735?source=searchResults&q=data%20analyst&filter=%2Fjobs%2Fdata-analyst-jobs-in-bangalore-street-sw15%3Fq%3Ddata%2Banalyst%26keywords%3DData%2BAnalyst%26locationName%3DBangalore%2BStreet%252C%2BSW15%26locationId%3D4572795%26pageno%3D5,https://www.reed.co.uk/jobs/itol-recruit/p57826,Actively Hiring,"Company: ITOL Recruit | Salary: Training Course | Type: Permanent, full-time, On-site | Badges: Promoted",Reed.co.uk,https://www.reed.co.uk/jobs/itol-recruit/p57826,https://www.reed.co.uk/jobs/data-analyst-trainee/57302735?source=searchResults&q=data%20analyst&filter=%2Fjobs%2Fdata-analyst-jobs-in-bangalore-street-sw15%3Fq%3Ddata%2Banalyst%26keywords%3DData%2BAnalyst%26locationName%3DBangalore%2BStreet%252C%2BSW15%26locationId%3D4572795%26pageno%3D5
Insights Data Analyst Apprentice,QA,London,2026-08-24,https://www.reed.co.uk/jobs/insights-data-analyst-apprentice/57268090?source=searchResults&q=data%20analyst&filter=%2Fjobs%2Fdata-analyst-jobs-in-bangalore-street-sw15%3Fq%3Ddata%2Banalyst%26keywords%3DData%2BAnalyst%26locationName%3DBangalore%2BStreet%252C%2BSW15%26locationId%3D4572795%26pageno%3D5,https://www.reed.co.uk/jobs/qa-ltd/p31199,Actively Hiring,"Company: QA | Salary: £18,000 - £21,000 per annum | Type: Permanent, full-time or part-time, On-site | Badges: Promoted",Reed.co.uk,https://www.reed.co.uk/jobs/qa-ltd/p31199,https://www.reed.co.uk/jobs/insights-data-analyst-apprentice/57268090?source=searchResults&q=data%20analyst&filter=%2Fjobs%2Fdata-analyst-jobs-in-bangalore-street-sw15%3Fq%3Ddata%2Banalyst%26keywords%3DData%2BAnalyst%26locationName%3DBangalore%2BStreet%252C%2BSW15%26locationId%3D4572795%26pageno%3D5
Senior Data Analyst,FDM Group,London,2026-09-09,https://www.reed.co.uk/jobs/senior-data-analyst/56212211?source=searchResults&q=data%20analyst&filter=%2Fjobs%2Fdata-analyst-jobs-in-bangalore-street-sw15%3Fq%3Ddata%2Banalyst%26keywords%3DData%2BAnalyst%26locationName%3DBangalore%2BStreet%252C%2BSW15%26locationId%3D4572795%26pageno%3D5,https://www.reed.co.uk/jobs/fdm-group/p4784,Actively Hiring,"Company: FDM Group | Salary: Salary negotiable | Type: Permanent, full-time, Hybrid | Badges: Promoted",Reed.co.uk,https://www.reed.co.uk/jobs/fdm-group/p4784,https://www.reed.co.uk/jobs/senior-data-analyst/56212211?source=searchResults&q=data%20analyst&filter=%2Fjobs%2Fdata-analyst-jobs-in-bangalore-street-sw15%3Fq%3Ddata%2Banalyst%26keywords%3DData%2BAnalyst%26locationName%3DBangalore%2BStreet%252C%2BSW15%26locationId%3D4572795%26pageno%3D5
BI Analyst,Harnham - Data & Analytics Recruitment,London,2026-09-09,https://www.reed.co.uk/jobs/bi-analyst/57329169?source=searchResults&q=data%20analyst&filter=%2Fjobs%2Fdata-analyst-jobs-in-bangalore-street-sw15%3Fq%3Ddata%2Banalyst%26keywords%3DData%2BAnalyst%26locationName%3DBangalore%2BStreet%252C%2BSW15%26locationId%3D4572795%26pageno%3D5,https://www.reed.co.uk/jobs/harnham-search-selection/p9243,Actively Hiring,"Company: Harnham - Data & Analytics Recruitment | Salary: £500 - £550 per day | Type: Contract, full-time, On-site | Badges: Easy Apply",Reed.co.uk,https://www.reed.co.uk/jobs/harnham-search-selection/p9243,https://www.reed.co.uk/jobs/bi-analyst/57329169?source=searchResults&q=data%20analyst&filter=%2Fjobs%2Fdata-analyst-jobs-in-bangalore-street-sw15%3Fq%3Ddata%2Banalyst%26keywords%3DData%2BAnalyst%26locationName%3DBangalore%2BStreet%252C%2BSW15%26locationId%3D4572795%26pageno%3D5
Data Science Trainee,ITOL Recruit,United Kingdom,2026-09-02,https://www.reed.co.uk/jobs/data-science-trainee/57302755?source=searchResults&q=data%20analyst&filter=%2Fjobs%2Fdata-analyst-jobs-in-bangalore-street-sw15%3Fq%3Ddata%2Banalyst%26keywords%3DData%2BAnalyst%26locationName%3DBangalore%2BStreet%252C%2BSW15%26locationId%3D4572795%26pageno%3D5,https://www.reed.co.uk/jobs/itonlinelearning-0/p57826,Actively Hiring,"Company: ITOL Recruit | Salary: Training Course | Type: Permanent, full-time, On-site | Badges: Featured",Reed.co.uk,https://www.reed.co.uk/jobs/itonlinelearning-0/p57826,https://www.reed.co.uk/jobs/data-science-trainee/57302755?source=searchResults&q=data%20analyst&filter=%2Fjobs%2Fdata-analyst-jobs-in-bangalore-street-sw15%3Fq%3Ddata%2Banalyst%26keywords%3DData%2BAnalyst%26locationName%3DBangalore%2BStreet%252C%2BSW15%26locationId%3D4572795%26pageno%3D5
Trainee Data Admin,Newto Training,United Kingdom,2026-09-11,https://www.reed.co.uk/jobs/trainee-data-admin/57335043?source=searchResults&q=data%20analyst&filter=%2Fjobs%2Fdata-analyst-jobs-in-bangalore-street-sw15%3Fq%3Ddata%2Banalyst%26keywords%3DData%2BAnalyst%26locationName%3DBangalore%2BStreet%252C%2BSW15%26locationId%3D4572795%26pageno%3D5,https://www.reed.co.uk/jobs/newto-training1/p90206,Actively Hiring,"Company: Newto Training | Salary: Training Course | Type: Permanent, full-time, Remote",Reed.co.uk,https://www.reed.co.uk/jobs/newto-training1/p90206,https://www.reed.co.uk/jobs/trainee-data-admin/57335043?source=searchResults&q=data%20analyst&filter=%2Fjobs%2Fdata-analyst-jobs-in-bangalore-street-sw15%3Fq%3Ddata%2Banalyst%26keywords%3DData%2BAnalyst%26locationName%3DBangalore%2BStreet%252C%2BSW15%26locationId%3D4572795%26pageno%3D5
Data Science Trainee,ITOL Recruit,"West London, London",2026-09-02,https://www.reed.co.uk/jobs/data-science-trainee/57300539?source=searchResults&q=data%20analyst&filter=%2Fjobs%2Fdata-analyst-jobs-in-bangalore-street-sw15%3Fq%3Ddata%2Banalyst%26keywords%3DData%2BAnalyst%26locationName%3DBangalore%2BStreet%252C%2BSW15%26locationId%3D4572795%26pageno%3D5,https://www.reed.co.uk/jobs/itonlinelearning-0/p57826,Actively Hiring,"Company: ITOL Recruit | Salary: Training Course | Type: Permanent, full-time, On-site",Reed.co.uk,https://www.reed.co.uk/jobs/itonlinelearning-0/p57826,https://www.reed.co.uk/jobs/data-science-trainee/57300539?source=searchResults&q=data%20analyst&filter=%2Fjobs%2Fdata-analyst-jobs-in-bangalore-street-sw15%3Fq%3Ddata%2Banalyst%26keywords%3DData%2BAnalyst%26locationName%3DBangalore%2BStreet%252C%2BSW15%26locationId%3D4572795%26pageno%3D5
Data Administrator,Reed,"Chessington, Surrey",2026-09-03,https://www.reed.co.uk/jobs/data-administrator/57305373?source=searchResults&q=data%20analyst&filter=%2Fjobs%2Fdata-analyst-jobs-in-bangalore-street-sw15%3Fq%3Ddata%2Banalyst%26keywords%3DData%2BAnalyst%26locationName%3DBangalore%2BStreet%252C%2BSW15%26locationId%3D4572795%26pageno%3D5,https://www.reed.co.uk/jobs/reed-business-support/p1311,Actively Hiring,"Company: Reed | Salary: £14 per hour | Type: Temporary, full-time, Hybrid | Badges: Featured",Reed.co.uk,https://www.reed.co.uk/jobs/reed-business-support/p1311,https://www.reed.co.uk/jobs/data-administrator/57305373?source=searchResults&q=data%20analyst&filter=%2Fjobs%2Fdata-analyst-jobs-in-bangalore-street-sw15%3Fq%3Ddata%2Banalyst%26keywords%3DData%2BAnalyst%26locationName%3DBangalore%2BStreet%252C%2BSW15%26locationId%3D4572795%26pageno%3D5
Data Administrator,Reed,"Chessington, Surrey",2026-09-03,https://www.reed.co.uk/jobs/data-administrator/57305372?source=searchResults&q=data%20analyst&filter=%2Fjobs%2Fdata-analyst-jobs-in-bangalore-street-sw15%3Fq%3Ddata%2Banalyst%26keywords%3DData%2BAnalyst%26locationName%3DBangalore%2BStreet%252C%2BSW15%26locationId%3D4572795%26pageno%3D5,https://www.reed.co.uk/jobs/reed-business-support/p1311,Actively Hiring,"Company: Reed | Salary: £14 per hour | Type: Temporary, full-time, Hybrid | Badges: Featured",Reed.co.uk,https://www.reed.co.uk/jobs/reed-business-support/p1311,https://www.reed.co.uk/jobs/data-administrator/57305372?source=searchResults&q=data%20analyst&filter=%2Fjobs%2Fdata-analyst-jobs-in-bangalore-street-sw15%3Fq%3Ddata%2Banalyst%26keywords%3DData%2BAnalyst%26locationName%3DBangalore%2BStreet%252C%2BSW15%26locationId%3D4572795%26pageno%3D5
Junior Data Engineer,Newto Training,London,2026-09-11,https://www.reed.co.uk/jobs/junior-data-engineer/57335540?source=searchResults&q=data%20analyst&filter=%2Fjobs%2Fdata-analyst-jobs-in-bangalore-street-sw15%3Fq%3Ddata%2Banalyst%26keywords%3DData%2BAnalyst%26locationName%3DBangalore%2BStreet%252C%2BSW15%26locationId%3D4572795%26pageno%3D5,https://www.reed.co.uk/jobs/newto-training1/p90206,Actively Hiring,"Company: Newto Training | Salary: Training Course | Type: Permanent, full-time, On-site",Reed.co.uk,https://www.reed.co.uk/jobs/newto-training1/p90206,https://www.reed.co.uk/jobs/junior-data-engineer/57335540?source=searchResults&q=data%20analyst&filter=%2Fjobs%2Fdata-analyst-jobs-in-bangalore-street-sw15%3Fq%3Ddata%2Banalyst%26keywords%3DData%2BAnalyst%26locationName%3DBangalore%2BStreet%252C%2BSW15%26locationId%3D4572795%26pageno%3D5
Data Consultant,Harnham - Data & Analytics Recruitment,London,2026-09-01,https://www.reed.co.uk/jobs/data-consultant/57296193?source=searchResults&q=data%20analyst&filter=%2Fjobs%2Fdata-analyst-jobs-in-bangalore-street-sw15%3Fq%3Ddata%2Banalyst%26keywords%3DData%2BAnalyst%26locationName%3DBangalore%2BStreet%252C%2BSW15%26locationId%3D4572795%26pageno%3D5,https://www.reed.co.uk/jobs/harnham-search-selection/p9243,Actively Hiring,"Company: Harnham - Data & Analytics Recruitment | Salary: £275 - £300 per day | Type: Contract, full-time, Hybrid | Badges: Easy Apply",Reed.co.uk,https://www.reed.co.uk/jobs/harnham-search-selection/p9243,https://www.reed.co.uk/jobs/data-consultant/57296193?source=searchResults&q=data%20analyst&filter=%2Fjobs%2Fdata-analyst-jobs-in-bangalore-street-sw15%3Fq%3Ddata%2Banalyst%26keywords%3DData%2BAnalyst%26locationName%3DBangalore%2BStreet%252C%2BSW15%26locationId%3D4572795%26pageno%3D5
Data Scientist - BAU Analytics,Executive Facilities,London,2026-09-05,https://www.reed.co.uk/jobs/data-scientist-bau-analytics/57332281?source=searchResults&q=data%20analyst&filter=%2Fjobs%2Fdata-analyst-jobs-in-bangalore-street-sw15%3Fq%3Ddata%2Banalyst%26keywords%3DData%2BAnalyst%26locationName%3DBangalore%2BStreet%252C%2BSW15%26locationId%3D4572795%26pageno%3D5,https://www.reed.co.uk/jobs/executive-facilities/p55194,Actively Hiring,"Company: Executive Facilities | Salary: £500 per day | Type: Contract, full-time, Hybrid",Reed.co.uk,https://www.reed.co.uk/jobs/executive-facilities/p55194,https://www.reed.co.uk/jobs/data-scientist-bau-analytics/57332281?source=searchResults&q=data%20analyst&filter=%2Fjobs%2Fdata-analyst-jobs-in-bangalore-street-sw15%3Fq%3Ddata%2Banalyst%26keywords%3DData%2BAnalyst%26locationName%3DBangalore%2BStreet%252C%2BSW15%26locationId%3D4572795%26pageno%3D5
DevOps Engineer,Opus Recruitment Solutions Ltd,London,2026-09-12,https://www.reed.co.uk/jobs/devops-engineer/57357083?source=searchResults&q=devops%20engineer&filter=%2Fjobs%2Fdevops-engineer-jobs-in-bangalore-street-sw15%3Fq%3Ddevops%2Bengineer%26keywords%3DDevOps%2BEngineer%26locationName%3DBangalore%2BStreet%252C%2BSW15%26locationId%3D4572795%26dateCreatedOffSet%3Dlastweek,https://www.reed.co.uk/jobs/opus-recruitment-solutions-ltd/p9311,Actively Hiring,"Company: Opus Recruitment Solutions Ltd | Salary: £500 - £550 per day | Type: Contract, full-time | Badges: New, Easy Apply",Reed.co.uk,https://www.reed.co.uk/jobs/opus-recruitment-solutions-ltd/p9311,https://www.reed.co.uk/jobs/devops-engineer/57357083?source=searchResults&q=devops%20engineer&filter=%2Fjobs%2Fdevops-engineer-jobs-in-bangalore-street-sw15%3Fq%3Ddevops%2Bengineer%26keywords%3DDevOps%2BEngineer%26locationName%3DBangalore%2BStreet%252C%2BSW15%26locationId%3D4572795%26dateCreatedOffSet%3Dlastweek
DevOps Engineer,Harnham - Data & Analytics Recruitment,London,2026-09-05,https://www.reed.co.uk/jobs/devops-engineer/57334136?source=searchResults&q=devops%20engineer&filter=%2Fjobs%2Fdevops-engineer-jobs-in-bangalore-street-sw15%3Fq%3Ddevops%2Bengineer%26keywords%3DDevOps%2BEngineer%26locationName%3DBangalore%2BStreet%252C%2BSW15%26locationId%3D4572795%26dateCreatedOffSet%3Dlastweek,https://www.reed.co.uk/jobs/harnham-search-selection/p9243,Actively Hiring,"Company: Harnham - Data & Analytics Recruitment | Salary: £100,000 - £120,000 per annum | Type: Permanent, full-time, On-site | Badges: Easy Apply",Reed.co.uk,https://www.reed.co.uk/jobs/harnham-search-selection/p9243,https://www.reed.co.uk/jobs/devops-engineer/57334136?source=searchResults&q=devops%20engineer&filter=%2Fjobs%2Fdevops-engineer-jobs-in-bangalore-street-sw15%3Fq%3Ddevops%2Bengineer%26keywords%3DDevOps%2BEngineer%26locationName%3DBangalore%2BStreet%252C%2BSW15%26locationId%3D4572795%26dateCreatedOffSet%3Dlastweek
Trainee DevOps Engineer | No experience needed (Ref: 7501),Qualify Nation Recruitment,London,2026-09-12,https://www.reed.co.uk/jobs/trainee-devops-engineer--no-experience-needed-ref-7501/57356186?source=searchResults&q=devops%20engineer&filter=%2Fjobs%2Fdevops-engineer-jobs-in-bangalore-street-sw15%3Fq%3Ddevops%2Bengineer%26keywords%3DDevOps%2BEngineer%26locationName%3DBangalore%2BStreet%252C%2BSW15%26locationId%3D4572795%26dateCreatedOffSet%3Dlastweek,https://www.reed.co.uk/jobs/group-everest-ltd-t-a-qualify-nation-111378/p111378,Actively Hiring,"Company: Qualify Nation Recruitment | Salary: Training Course | Type: Permanent, full-time, Remote | Badges: Featured, New, EarlyBirdEarly bird",Reed.co.uk,https://www.reed.co.uk/jobs/group-everest-ltd-t-a-qualify-nation-111378/p111378,https://www.reed.co.uk/jobs/trainee-devops-engineer--no-experience-needed-ref-7501/57356186?source=searchResults&q=devops%20engineer&filter=%2Fjobs%2Fdevops-engineer-jobs-in-bangalore-street-sw15%3Fq%3Ddevops%2Bengineer%26keywords%3DDevOps%2BEngineer%26locationName%3DBangalore%2BStreet%252C%2BSW15%26locationId%3D4572795%26dateCreatedOffSet%3Dlastweek
Public sector DevOps Engineer,Atrium Workforce Solutions Ltd,London,2026-09-09,https://www.reed.co.uk/jobs/public-sector-devops-engineer/57341215?source=searchResults&q=devops%20engineer&filter=%2Fjobs%2Fdevops-engineer-jobs-in-bangalore-street-sw15%3Fq%3Ddevops%2Bengineer%26keywords%3DDevOps%2BEngineer%26locationName%3DBangalore%2BStreet%252C%2BSW15%26locationId%3D4572795%26dateCreatedOffSet%3Dlastweek,https://www.reed.co.uk/jobs/gibbs-s3-ltd/p13364,Actively Hiring,"Company: Atrium Workforce Solutions Ltd | Salary: £500 - £510 per day | Type: Contract, full-time, Remote | Badges: Easy Apply",Reed.co.uk,https://www.reed.co.uk/jobs/gibbs-s3-ltd/p13364,https://www.reed.co.uk/jobs/public-sector-devops-engineer/57341215?source=searchResults&q=devops%20engineer&filter=%2Fjobs%2Fdevops-engineer-jobs-in-bangalore-street-sw15%3Fq%3Ddevops%2Bengineer%26keywords%3DDevOps%2BEngineer%26locationName%3DBangalore%2BStreet%252C%2BSW15%26locationId%3D4572795%26dateCreatedOffSet%3Dlastweek
Platform & DevOps Engineer,Be-IT Resourcing,London,2026-09-11,https://www.reed.co.uk/jobs/platform-devops-engineer/57337403?source=searchResults&q=devops%20engineer&filter=%2Fjobs%2Fdevops-engineer-jobs-in-bangalore-street-sw15%3Fq%3Ddevops%2Bengineer%26keywords%3DDevOps%2BEngineer%26locationName%3DBangalore%2BStreet%252C%2BSW15%26locationId%3D4572795%26dateCreatedOffSet%3Dlastweek,https://www.reed.co.uk/jobs/be-it/p18791,Actively Hiring,"Company: Be-IT Resourcing | Salary: Salary not specified | Type: Permanent, full-time, Hybrid | Badges: Ending soon, Easy Apply",Reed.co.uk,https://www.reed.co.uk/jobs/be-it/p18791,https://www.reed.co.uk/jobs/platform-devops-engineer/57337403?source=searchResults&q=devops%20engineer&filter=%2Fjobs%2Fdevops-engineer-jobs-in-bangalore-street-sw15%3Fq%3Ddevops%2Bengineer%26keywords%3DDevOps%2BEngineer%26locationName%3DBangalore%2BStreet%252C%2BSW15%26locationId%3D4572795%26dateCreatedOffSet%3Dlastweek
Azure Cloud DevOps Engineer,Reed,"Raynes Park, London",2026-09-05,https://www.reed.co.uk/jobs/azure-cloud-devops-engineer/57332834?source=searchResults&q=devops%20engineer&filter=%2Fjobs%2Fdevops-engineer-jobs-in-bangalore-street-sw15%3Fq%3Ddevops%2Bengineer%26keywords%3DDevOps%2BEngineer%26locationName%3DBangalore%2BStreet%252C%2BSW15%26locationId%3D4572795%26dateCreatedOffSet%3Dlastweek,https://www.reed.co.uk/jobs/reed/p1342,Actively Hiring,"Company: Reed | Salary: £45,000 - £55,000 per annum, inc benefits | Type: Permanent, full-time, On-site | Badges: Featured, Easy Apply",Reed.co.uk,https://www.reed.co.uk/jobs/reed/p1342,https://www.reed.co.uk/jobs/azure-cloud-devops-engineer/57332834?source=searchResults&q=devops%20engineer&filter=%2Fjobs%2Fdevops-engineer-jobs-in-bangalore-street-sw15%3Fq%3Ddevops%2Bengineer%26keywords%3DDevOps%2BEngineer%26locationName%3DBangalore%2BStreet%252C%2BSW15%26locationId%3D4572795%26dateCreatedOffSet%3Dlastweek
DevOps Platform Engineer,Context Recruitment Limited,London,2026-09-10,https://www.reed.co.uk/jobs/devops-platform-engineer/57346538?source=searchResults&q=devops%20engineer&filter=%2Fjobs%2Fdevops-engineer-jobs-in-bangalore-street-sw15%3Fq%3Ddevops%2Bengineer%26keywords%3DDevOps%2BEngineer%26locationName%3DBangalore%2BStreet%252C%2BSW15%26locationId%3D4572795%26dateCreatedOffSet%3Dlastweek,https://www.reed.co.uk/jobs/context-recruitment-limited/p39150,Actively Hiring,"Company: Context Recruitment Limited | Salary: £90,000 - £100,000 per annum, inc benefits | Type: Permanent, full-time, Hybrid | Badges: Easy Apply",Reed.co.uk,https://www.reed.co.uk/jobs/context-recruitment-limited/p39150,https://www.reed.co.uk/jobs/devops-platform-engineer/57346538?source=searchResults&q=devops%20engineer&filter=%2Fjobs%2Fdevops-engineer-jobs-in-bangalore-street-sw15%3Fq%3Ddevops%2Bengineer%26keywords%3DDevOps%2BEngineer%26locationName%3DBangalore%2BStreet%252C%2BSW15%26locationId%3D4572795%26dateCreatedOffSet%3Dlastweek
DevOps Apprentice,QA,London,2026-09-05,https://www.reed.co.uk/jobs/devops-apprentice/57333836?source=searchResults&q=devops%20engineer&filter=%2Fjobs%2Fdevops-engineer-jobs-in-bangalore-street-sw15%3Fq%3Ddevops%2Bengineer%26keywords%3DDevOps%2BEngineer%26locationName%3DBangalore%2BStreet%252C%2BSW15%26locationId%3D4572795%26dateCreatedOffSet%3Dlastweek,https://www.reed.co.uk/jobs/qa-ltd/p31199,Actively Hiring,"Company: QA | Salary: £26,000 per annum | Type: Permanent, full-time or part-time, Hybrid | Badges: Featured",Reed.co.uk,https://www.reed.co.uk/jobs/qa-ltd/p31199,https://www.reed.co.uk/jobs/devops-apprentice/57333836?source=searchResults&q=devops%20engineer&filter=%2Fjobs%2Fdevops-engineer-jobs-in-bangalore-street-sw15%3Fq%3Ddevops%2Bengineer%26keywords%3DDevOps%2BEngineer%26locationName%3DBangalore%2BStreet%252C%2BSW15%26locationId%3D4572795%26dateCreatedOffSet%3Dlastweek
Senior AWS Site Reliability Engineer,Spectrum IT Recruitment,London,2026-09-09,https://www.reed.co.uk/jobs/senior-aws-site-reliability-engineer/57343300?source=searchResults&q=devops%20engineer&filter=%2Fjobs%2Fdevops-engineer-jobs-in-bangalore-street-sw15%3Fq%3Ddevops%2Bengineer%26keywords%3DDevOps%2BEngineer%26locationName%3DBangalore%2BStreet%252C%2BSW15%26locationId%3D4572795%26dateCreatedOffSet%3Dlastweek,https://www.reed.co.uk/jobs/spectrum-it/p8868,Actively Hiring,"Company: Spectrum IT Recruitment | Salary: £60,000 - £70,000 per annum | Type: Permanent, full-time, Hybrid | Badges: Featured, Easy Apply",Reed.co.uk,https://www.reed.co.uk/jobs/spectrum-it/p8868,https://www.reed.co.uk/jobs/senior-aws-site-reliability-engineer/57343300?source=searchResults&q=devops%20engineer&filter=%2Fjobs%2Fdevops-engineer-jobs-in-bangalore-street-sw15%3Fq%3Ddevops%2Bengineer%26keywords%3DDevOps%2BEngineer%26locationName%3DBangalore%2BStreet%252C%2BSW15%26locationId%3D4572795%26dateCreatedOffSet%3Dlastweek
Data Platform Engineer,ALTERED RESOURCING LTD,London,2026-09-09,https://www.reed.co.uk/jobs/data-platform-engineer/57343320?source=searchResults&q=devops%20engineer&filter=%2Fjobs%2Fdevops-engineer-jobs-in-bangalore-street-sw15%3Fq%3Ddevops%2Bengineer%26keywords%3DDevOps%2BEngineer%26locationName%3DBangalore%2BStreet%252C%2BSW15%26locationId%3D4572795%26dateCreatedOffSet%3Dlastweek,https://www.reed.co.uk/jobs/-altered-resourcing-ltd-105287/p105287,Actively Hiring,"Company: ALTERED RESOURCING LTD | Salary: £70,000 - £75,000 per annum | Type: Permanent, full-time, On-site | Badges: Easy Apply",Reed.co.uk,https://www.reed.co.uk/jobs/-altered-resourcing-ltd-105287/p105287,https://www.reed.co.uk/jobs/data-platform-engineer/57343320?source=searchResults&q=devops%20engineer&filter=%2Fjobs%2Fdevops-engineer-jobs-in-bangalore-street-sw15%3Fq%3Ddevops%2Bengineer%26keywords%3DDevOps%2BEngineer%26locationName%3DBangalore%2BStreet%252C%2BSW15%26locationId%3D4572795%26dateCreatedOffSet%3Dlastweek
Cloud Engineer,Arc IT Recruitment,London,2026-09-10,https://www.reed.co.uk/jobs/cloud-engineer/57347172?source=searchResults&q=devops%20engineer&filter=%2Fjobs%2Fdevops-engineer-jobs-in-bangalore-street-sw15%3Fq%3Ddevops%2Bengineer%26keywords%3DDevOps%2BEngineer%26locationName%3DBangalore%2BStreet%252C%2BSW15%26locationId%3D4572795%26dateCreatedOffSet%3Dlastweek,https://www.reed.co.uk/jobs/arc-it-recruitment/p5850,Actively Hiring,"Company: Arc IT Recruitment | Salary: £50,000 - £60,000 per annum | Type: Permanent, full-time, On-site | Badges: Easy Apply",Reed.co.uk,https://www.reed.co.uk/jobs/arc-it-recruitment/p5850,https://www.reed.co.uk/jobs/cloud-engineer/57347172?source=searchResults&q=devops%20engineer&filter=%2Fjobs%2Fdevops-engineer-jobs-in-bangalore-street-sw15%3Fq%3Ddevops%2Bengineer%26keywords%3DDevOps%2BEngineer%26locationName%3DBangalore%2BStreet%252C%2BSW15%26locationId%3D4572795%26dateCreatedOffSet%3Dlastweek
Senior DevOps (SC Cleared),Adecco,London,2026-09-11,https://www.reed.co.uk/jobs/senior-devops-sc-cleared/57336627?source=searchResults&q=devops%20engineer&filter=%2Fjobs%2Fdevops-engineer-jobs-in-bangalore-street-sw15%3Fq%3Ddevops%2Bengineer%26keywords%3DDevOps%2BEngineer%26locationName%3DBangalore%2BStreet%252C%2BSW15%26locationId%3D4572795%26dateCreatedOffSet%3Dlastweek,https://www.reed.co.uk/jobs/adecco-uk-limited-45420/p45420,Actively Hiring,"Company: Adecco | Salary: £650 - £750 per day | Type: Contract, full-time, Hybrid | Badges: Ending soon, Easy Apply",Reed.co.uk,https://www.reed.co.uk/jobs/adecco-uk-limited-45420/p45420,https://www.reed.co.uk/jobs/senior-devops-sc-cleared/57336627?source=searchResults&q=devops%20engineer&filter=%2Fjobs%2Fdevops-engineer-jobs-in-bangalore-street-sw15%3Fq%3Ddevops%2Bengineer%26keywords%3DDevOps%2BEngineer%26locationName%3DBangalore%2BStreet%252C%2BSW15%26locationId%3D4572795%26dateCreatedOffSet%3Dlastweek
Senior AWS Platform engineer,Reed,"City of London, London",2026-09-11,https://www.reed.co.uk/jobs/senior-aws-platform-engineer/57337440?source=searchResults&q=devops%20engineer&filter=%2Fjobs%2Fdevops-engineer-jobs-in-bangalore-street-sw15%3Fq%3Ddevops%2Bengineer%26keywords%3DDevOps%2BEngineer%26locationName%3DBangalore%2BStreet%252C%2BSW15%26locationId%3D4572795%26dateCreatedOffSet%3Dlastweek,https://www.reed.co.uk/jobs/reed-professional-services/p17455,Actively Hiring,"Company: Reed | Salary: Salary negotiable | Type: Temporary, full-time, Hybrid | Badges: Featured, Easy Apply",Reed.co.uk,https://www.reed.co.uk/jobs/reed-professional-services/p17455,https://www.reed.co.uk/jobs/senior-aws-platform-engineer/57337440?source=searchResults&q=devops%20engineer&filter=%2Fjobs%2Fdevops-engineer-jobs-in-bangalore-street-sw15%3Fq%3Ddevops%2Bengineer%26keywords%3DDevOps%2BEngineer%26locationName%3DBangalore%2BStreet%252C%2BSW15%26locationId%3D4572795%26dateCreatedOffSet%3Dlastweek
Azure Cloud Engineer,Hays Specialist Recruitment Limited,London,2026-09-09,https://www.reed.co.uk/jobs/azure-cloud-engineer/57343378?source=searchResults&q=devops%20engineer&filter=%2Fjobs%2Fdevops-engineer-jobs-in-bangalore-street-sw15%3Fq%3Ddevops%2Bengineer%26keywords%3DDevOps%2BEngineer%26locationName%3DBangalore%2BStreet%252C%2BSW15%26locationId%3D4572795%26dateCreatedOffSet%3Dlastweek,https://www.reed.co.uk/jobs/hays-specialist-recruitment-limited/p36210,Actively Hiring,"Company: Hays Specialist Recruitment Limited | Salary: £428.40 per day | Type: Contract, full-time, Remote | Badges: Easy Apply",Reed.co.uk,https://www.reed.co.uk/jobs/hays-specialist-recruitment-limited/p36210,https://www.reed.co.uk/jobs/azure-cloud-engineer/57343378?source=searchResults&q=devops%20engineer&filter=%2Fjobs%2Fdevops-engineer-jobs-in-bangalore-street-sw15%3Fq%3Ddevops%2Bengineer%26keywords%3DDevOps%2BEngineer%26locationName%3DBangalore%2BStreet%252C%2BSW15%26locationId%3D4572795%26dateCreatedOffSet%3Dlastweek
Platform Engineer,Oscar Technology,London,2026-09-07,https://www.reed.co.uk/jobs/platform-engineer/57338304?source=searchResults&q=devops%20engineer&filter=%2Fjobs%2Fdevops-engineer-jobs-in-bangalore-street-sw15%3Fq%3Ddevops%2Bengineer%26keywords%3DDevOps%2BEngineer%26locationName%3DBangalore%2BStreet%252C%2BSW15%26locationId%3D4572795%26dateCreatedOffSet%3Dlastweek,https://www.reed.co.uk/jobs/oscar-associates/p20715,Actively Hiring,"Company: Oscar Technology | Salary: £580 - £610 per day | Type: Contract, full-time, Remote | Badges: Easy Apply",Reed.co.uk,https://www.reed.co.uk/jobs/oscar-associates/p20715,https://www.reed.co.uk/jobs/platform-engineer/57338304?source=searchResults&q=devops%20engineer&filter=%2Fjobs%2Fdevops-engineer-jobs-in-bangalore-street-sw15%3Fq%3Ddevops%2Bengineer%26keywords%3DDevOps%2BEngineer%26locationName%3DBangalore%2BStreet%252C%2BSW15%26locationId%3D4572795%26dateCreatedOffSet%3Dlastweek
Azure Platform Engineer,Picture More,London,2026-09-12,https://www.reed.co.uk/jobs/azure-platform-engineer/57350346?source=searchResults&q=devops%20engineer&filter=%2Fjobs%2Fdevops-engineer-jobs-in-bangalore-street-sw15%3Fq%3Ddevops%2Bengineer%26keywords%3DDevOps%2BEngineer%26locationName%3DBangalore%2BStreet%252C%2BSW15%26locationId%3D4572795%26dateCreatedOffSet%3Dlastweek,https://www.reed.co.uk/jobs/picture-more-94052/p94052,Actively Hiring,"Company: Picture More | Salary: £80,000 - £90,000 per annum | Type: Permanent, full-time, Hybrid | Badges: New, Easy Apply",Reed.co.uk,https://www.reed.co.uk/jobs/picture-more-94052/p94052,https://www.reed.co.uk/jobs/azure-platform-engineer/57350346?source=searchResults&q=devops%20engineer&filter=%2Fjobs%2Fdevops-engineer-jobs-in-bangalore-street-sw15%3Fq%3Ddevops%2Bengineer%26keywords%3DDevOps%2BEngineer%26locationName%3DBangalore%2BStreet%252C%2BSW15%26locationId%3D4572795%26dateCreatedOffSet%3Dlastweek
Senior Cloud Engineer,Searchability,"South West London, London",2026-09-12,https://www.reed.co.uk/jobs/senior-cloud-engineer/57356468?source=searchResults&q=devops%20engineer&filter=%2Fjobs%2Fdevops-engineer-jobs-in-bangalore-street-sw15%3Fq%3Ddevops%2Bengineer%26keywords%3DDevOps%2BEngineer%26locationName%3DBangalore%2BStreet%252C%2BSW15%26locationId%3D4572795%26dateCreatedOffSet%3Dlastweek,https://www.reed.co.uk/jobs/searchability-28670/p28670,Actively Hiring,"Company: Searchability | Salary: £45,000 - £50,000 per annum | Type: Permanent, full-time | Badges: New, Easy Apply",Reed.co.uk,https://www.reed.co.uk/jobs/searchability-28670/p28670,https://www.reed.co.uk/jobs/senior-cloud-engineer/57356468?source=searchResults&q=devops%20engineer&filter=%2Fjobs%2Fdevops-engineer-jobs-in-bangalore-street-sw15%3Fq%3Ddevops%2Bengineer%26keywords%3DDevOps%2BEngineer%26locationName%3DBangalore%2BStreet%252C%2BSW15%26locationId%3D4572795%26dateCreatedOffSet%3Dlastweek
Senior Cloud Engineer,Gold Group Ltd,"South West London, London",2026-09-05,https://www.reed.co.uk/jobs/senior-cloud-engineer/57332769?source=searchResults&q=devops%20engineer&filter=%2Fjobs%2Fdevops-engineer-jobs-in-bangalore-street-sw15%3Fq%3Ddevops%2Bengineer%26keywords%3DDevOps%2BEngineer%26locationName%3DBangalore%2BStreet%252C%2BSW15%26locationId%3D4572795%26dateCreatedOffSet%3Dlastweek,https://www.reed.co.uk/jobs/gold-group-ltd/p58628,Actively Hiring,"Company: Gold Group Ltd | Salary: £45,000 - £50,000 per annum | Type: Permanent, full-time, On-site | Badges: Featured, Easy Apply",Reed.co.uk,https://www.reed.co.uk/jobs/gold-group-ltd/p58628,https://www.reed.co.uk/jobs/senior-cloud-engineer/57332769?source=searchResults&q=devops%20engineer&filter=%2Fjobs%2Fdevops-engineer-jobs-in-bangalore-street-sw15%3Fq%3Ddevops%2Bengineer%26keywords%3DDevOps%2BEngineer%26locationName%3DBangalore%2BStreet%252C%2BSW15%26locationId%3D4572795%26dateCreatedOffSet%3Dlastweek
Systems & Cloud Engineer,Larbey Evans,London,2026-09-12,https://www.reed.co.uk/jobs/systems-cloud-engineer/57356893?source=searchResults&q=devops%20engineer&filter=%2Fjobs%2Fdevops-engineer-jobs-in-bangalore-street-sw15%3Fq%3Ddevops%2Bengineer%26keywords%3DDevOps%2BEngineer%26locationName%3DBangalore%2BStreet%252C%2BSW15%26locationId%3D4572795%26dateCreatedOffSet%3Dlastweek,https://www.reed.co.uk/jobs/larbey-evans/p86999,Actively Hiring,"Company: Larbey Evans | Salary: Competitive salary | Type: Permanent, full-time | Badges: New, Easy Apply",Reed.co.uk,https://www.reed.co.uk/jobs/larbey-evans/p86999,https://www.reed.co.uk/jobs/systems-cloud-engineer/57356893?source=searchResults&q=devops%20engineer&filter=%2Fjobs%2Fdevops-engineer-jobs-in-bangalore-street-sw15%3Fq%3Ddevops%2Bengineer%26keywords%3DDevOps%2BEngineer%26locationName%3DBangalore%2BStreet%252C%2BSW15%26locationId%3D4572795%26dateCreatedOffSet%3Dlastweek
Trainee DevOps Engineer | No experience needed (Ref: 7501),Qualify Nation Recruitment,London,2026-09-12,https://www.reed.co.uk/jobs/trainee-devops-engineer--no-experience-needed-ref-7501/57356186?source=searchResults&q=devops%20engineer&filter=%2Fjobs%2Fdevops-engineer-jobs-in-bangalore-street-sw15%3Fq%3Ddevops%2Bengineer%26keywords%3DDevOps%2BEngineer%26locationName%3DBangalore%2BStreet%252C%2BSW15%26locationId%3D4572795%26pageno%3D2%26dateCreatedOffSet%3Dlastweek,https://www.reed.co.uk/jobs/group-everest-ltd-t-a-qualify-nation-111378/p111378,Actively Hiring,"Company: Qualify Nation Recruitment | Salary: Training Course | Type: Permanent, full-time, Remote | Badges: Promoted, New, EarlyBirdEarly bird",Reed.co.uk,https://www.reed.co.uk/jobs/group-everest-ltd-t-a-qualify-nation-111378/p111378,https://www.reed.co.uk/jobs/trainee-devops-engineer--no-experience-needed-ref-7501/57356186?source=searchResults&q=devops%20engineer&filter=%2Fjobs%2Fdevops-engineer-jobs-in-bangalore-street-sw15%3Fq%3Ddevops%2Bengineer%26keywords%3DDevOps%2BEngineer%26locationName%3DBangalore%2BStreet%252C%2BSW15%26locationId%3D4572795%26pageno%3D2%26dateCreatedOffSet%3Dlastweek
DevOps Engineer,eFinancialCareers,London,2026-09-11,https://www.reed.co.uk/jobs/devops-engineer/57354986?source=searchResults&q=devops%20engineer&filter=%2Fjobs%2Fdevops-engineer-jobs-in-bangalore-street-sw15%3Fq%3Ddevops%2Bengineer%26keywords%3DDevOps%2BEngineer%26locationName%3DBangalore%2BStreet%252C%2BSW15%26locationId%3D4572795%26pageno%3D2%26dateCreatedOffSet%3Dlastweek,https://www.reed.co.uk/jobs/efinancial-careers/p74850,Actively Hiring,"Company: eFinancialCareers | Salary: Competitive salary | Type: Permanent, full-time, Hybrid | Badges: New",Reed.co.uk,https://www.reed.co.uk/jobs/efinancial-careers/p74850,https://www.reed.co.uk/jobs/devops-engineer/57354986?source=searchResults&q=devops%20engineer&filter=%2Fjobs%2Fdevops-engineer-jobs-in-bangalore-street-sw15%3Fq%3Ddevops%2Bengineer%26keywords%3DDevOps%2BEngineer%26locationName%3DBangalore%2BStreet%252C%2BSW15%26locationId%3D4572795%26pageno%3D2%26dateCreatedOffSet%3Dlastweek
Senior DevOps Engineer - Selby Jennings,eFinancialCareers,London,2026-09-11,https://www.reed.co.uk/jobs/senior-devops-engineer-selby-jennings/57353278?source=searchResults&q=devops%20engineer&filter=%2Fjobs%2Fdevops-engineer-jobs-in-bangalore-street-sw15%3Fq%3Ddevops%2Bengineer%26keywords%3DDevOps%2BEngineer%26locationName%3DBangalore%2BStreet%252C%2BSW15%26locationId%3D4572795%26pageno%3D2%26dateCreatedOffSet%3Dlastweek,https://www.reed.co.uk/jobs/efinancial-careers/p74850,Actively Hiring,"Company: eFinancialCareers | Salary: Competitive salary | Type: Permanent, full-time, On-site | Badges: New",Reed.co.uk,https://www.reed.co.uk/jobs/efinancial-careers/p74850,https://www.reed.co.uk/jobs/senior-devops-engineer-selby-jennings/57353278?source=searchResults&q=devops%20engineer&filter=%2Fjobs%2Fdevops-engineer-jobs-in-bangalore-street-sw15%3Fq%3Ddevops%2Bengineer%26keywords%3DDevOps%2BEngineer%26locationName%3DBangalore%2BStreet%252C%2BSW15%26locationId%3D4572795%26pageno%3D2%26dateCreatedOffSet%3Dlastweek
Senior DevOps Engineer London - Selby Jennings,eFinancialCareers,London,2026-09-11,https://www.reed.co.uk/jobs/senior-devops-engineer-london-selby-jennings/57353318?source=searchResults&q=devops%20engineer&filter=%2Fjobs%2Fdevops-engineer-jobs-in-bangalore-street-sw15%3Fq%3Ddevops%2Bengineer%26keywords%3DDevOps%2BEngineer%26locationName%3DBangalore%2BStreet%252C%2BSW15%26locationId%3D4572795%26pageno%3D2%26dateCreatedOffSet%3Dlastweek,https://www.reed.co.uk/jobs/efinancial-careers/p74850,Actively Hiring,"Company: eFinancialCareers | Salary: Competitive salary | Type: Permanent, full-time, On-site | Badges: New",Reed.co.uk,https://www.reed.co.uk/jobs/efinancial-careers/p74850,https://www.reed.co.uk/jobs/senior-devops-engineer-london-selby-jennings/57353318?source=searchResults&q=devops%20engineer&filter=%2Fjobs%2Fdevops-engineer-jobs-in-bangalore-street-sw15%3Fq%3Ddevops%2Bengineer%26keywords%3DDevOps%2BEngineer%26locationName%3DBangalore%2BStreet%252C%2BSW15%26locationId%3D4572795%26pageno%3D2%26dateCreatedOffSet%3Dlastweek
Azure DevOps Engineer Contract - OUTSIDE OF IR35 - Up to £600 P/D - Elite Fintech Firm,eFinancialCareers,London,2026-09-12,https://www.reed.co.uk/jobs/azure-devops-engineer-contract-outside-of-ir35-up-to-600-p-d-elite-fintech-firm/57358293?source=searchResults&q=devops%20engineer&filter=%2Fjobs%2Fdevops-engineer-jobs-in-bangalore-street-sw15%3Fq%3Ddevops%2Bengineer%26keywords%3DDevOps%2BEngineer%26locationName%3DBangalore%2BStreet%252C%2BSW15%26locationId%3D4572795%26pageno%3D2%26dateCreatedOffSet%3Dlastweek,https://www.reed.co.uk/jobs/efinancial-careers/p74850,Actively Hiring,"Company: eFinancialCareers | Salary: Competitive salary | Type: Permanent, full-time | Badges: New",Reed.co.uk,https://www.reed.co.uk/jobs/efinancial-careers/p74850,https://www.reed.co.uk/jobs/azure-devops-engineer-contract-outside-of-ir35-up-to-600-p-d-elite-fintech-firm/57358293?source=searchResults&q=devops%20engineer&filter=%2Fjobs%2Fdevops-engineer-jobs-in-bangalore-street-sw15%3Fq%3Ddevops%2Bengineer%26keywords%3DDevOps%2BEngineer%26locationName%3DBangalore%2BStreet%252C%2BSW15%26locationId%3D4572795%26pageno%3D2%26dateCreatedOffSet%3Dlastweek
Trainee DevOps Engineer | No experience needed (Ref: 7501),Qualify Nation Recruitment,London,2026-09-12,https://www.reed.co.uk/jobs/trainee-devops-engineer--no-experience-needed-ref-7501/57356186?source=searchResults&q=devops%20engineer&filter=%2Fjobs%2Fdevops-engineer-jobs-in-bangalore-street-sw15%3Fq%3Ddevops%2Bengineer%26keywords%3DDevOps%2BEngineer%26locationName%3DBangalore%2BStreet%252C%2BSW15%26locationId%3D4572795%26pageno%3D3%26dateCreatedOffSet%3Dlastweek,https://www.reed.co.uk/jobs/group-everest-ltd-t-a-qualify-nation-111378/p111378,Actively Hiring,"Company: Qualify Nation Recruitment | Salary: Training Course | Type: Permanent, full-time, Remote | Badges: Promoted, New, EarlyBirdEarly bird",Reed.co.uk,https://www.reed.co.uk/jobs/group-everest-ltd-t-a-qualify-nation-111378/p111378,https://www.reed.co.uk/jobs/trainee-devops-engineer--no-experience-needed-ref-7501/57356186?source=searchResults&q=devops%20engineer&filter=%2Fjobs%2Fdevops-engineer-jobs-in-bangalore-street-sw15%3Fq%3Ddevops%2Bengineer%26keywords%3DDevOps%2BEngineer%26locationName%3DBangalore%2BStreet%252C%2BSW15%26locationId%3D4572795%26pageno%3D3%26dateCreatedOffSet%3Dlastweek
Cloud Engineer,eFinancialCareers,London,2026-09-10,https://www.reed.co.uk/jobs/cloud-engineer/57345197?source=searchResults&q=devops%20engineer&filter=%2Fjobs%2Fdevops-engineer-jobs-in-bangalore-street-sw15%3Fq%3Ddevops%2Bengineer%26keywords%3DDevOps%2BEngineer%26locationName%3DBangalore%2BStreet%252C%2BSW15%26locationId%3D4572795%26pageno%3D3%26dateCreatedOffSet%3Dlastweek,https://www.reed.co.uk/jobs/efinancial-careers/p74850,Actively Hiring,"Company: eFinancialCareers | Salary: Competitive salary | Type: Permanent, full-time, Hybrid",Reed.co.uk,https://www.reed.co.uk/jobs/efinancial-careers/p74850,https://www.reed.co.uk/jobs/cloud-engineer/57345197?source=searchResults&q=devops%20engineer&filter=%2Fjobs%2Fdevops-engineer-jobs-in-bangalore-street-sw15%3Fq%3Ddevops%2Bengineer%26keywords%3DDevOps%2BEngineer%26locationName%3DBangalore%2BStreet%252C%2BSW15%26locationId%3D4572795%26pageno%3D3%26dateCreatedOffSet%3Dlastweek
Platform Engineer - Canada Life Limited,eFinancialCareers,London,2026-09-10,https://www.reed.co.uk/jobs/platform-engineer-canada-life-limited/57344714?source=searchResults&q=devops%20engineer&filter=%2Fjobs%2Fdevops-engineer-jobs-in-bangalore-street-sw15%3Fq%3Ddevops%2Bengineer%26keywords%3DDevOps%2BEngineer%26locationName%3DBangalore%2BStreet%252C%2BSW15%26locationId%3D4572795%26pageno%3D3%26dateCreatedOffSet%3Dlastweek,https://www.reed.co.uk/jobs/efinancial-careers/p74850,Actively Hiring,"Company: eFinancialCareers | Salary: Competitive salary | Type: Permanent, full-time, On-site",Reed.co.uk,https://www.reed.co.uk/jobs/efinancial-careers/p74850,https://www.reed.co.uk/jobs/platform-engineer-canada-life-limited/57344714?source=searchResults&q=devops%20engineer&filter=%2Fjobs%2Fdevops-engineer-jobs-in-bangalore-street-sw15%3Fq%3Ddevops%2Bengineer%26keywords%3DDevOps%2BEngineer%26locationName%3DBangalore%2BStreet%252C%2BSW15%26locationId%3D4572795%26pageno%3D3%26dateCreatedOffSet%3Dlastweek
Devops/High Performance Trading Systems Engineer- Global Quant Firm,eFinancialCareers,London,2026-09-10,https://www.reed.co.uk/jobs/devops-high-performance-trading-systems-engineer-global-quant-firm/57344838?source=searchResults&q=devops%20engineer&filter=%2Fjobs%2Fdevops-engineer-jobs-in-bangalore-street-sw15%3Fq%3Ddevops%2Bengineer%26keywords%3DDevOps%2BEngineer%26locationName%3DBangalore%2BStreet%252C%2BSW15%26locationId%3D4572795%26pageno%3D3%26dateCreatedOffSet%3Dlastweek,https://www.reed.co.uk/jobs/efinancial-careers/p74850,Actively Hiring,"Company: eFinancialCareers | Salary: Competitive salary | Type: Permanent, full-time, On-site",Reed.co.uk,https://www.reed.co.uk/jobs/efinancial-careers/p74850,https://www.reed.co.uk/jobs/devops-high-performance-trading-systems-engineer-global-quant-firm/57344838?source=searchResults&q=devops%20engineer&filter=%2Fjobs%2Fdevops-engineer-jobs-in-bangalore-street-sw15%3Fq%3Ddevops%2Bengineer%26keywords%3DDevOps%2BEngineer%26locationName%3DBangalore%2BStreet%252C%2BSW15%26locationId%3D4572795%26pageno%3D3%26dateCreatedOffSet%3Dlastweek
Platform Engineer - AWS Cloud Observability,eFinancialCareers,London,2026-09-10,https://www.reed.co.uk/jobs/platform-engineer-aws-cloud-observability/57345546?source=searchResults&q=devops%20engineer&filter=%2Fjobs%2Fdevops-engineer-jobs-in-bangalore-street-sw15%3Fq%3Ddevops%2Bengineer%26keywords%3DDevOps%2BEngineer%26locationName%3DBangalore%2BStreet%252C%2BSW15%26locationId%3D4572795%26pageno%3D3%26dateCreatedOffSet%3Dlastweek,https://www.reed.co.uk/jobs/efinancial-careers/p74850,Actively Hiring,"Company: eFinancialCareers | Salary: Competitive salary | Type: Permanent, full-time, Hybrid",Reed.co.uk,https://www.reed.co.uk/jobs/efinancial-careers/p74850,https://www.reed.co.uk/jobs/platform-engineer-aws-cloud-observability/57345546?source=searchResults&q=devops%20engineer&filter=%2Fjobs%2Fdevops-engineer-jobs-in-bangalore-street-sw15%3Fq%3Ddevops%2Bengineer%26keywords%3DDevOps%2BEngineer%26locationName%3DBangalore%2BStreet%252C%2BSW15%26locationId%3D4572795%26pageno%3D3%26dateCreatedOffSet%3Dlastweek
Senior Platform Engineer - Selby Jennings,eFinancialCareers,London,2026-09-12,https://www.reed.co.uk/jobs/senior-platform-engineer-selby-jennings/57358276?source=searchResults&q=devops%20engineer&filter=%2Fjobs%2Fdevops-engineer-jobs-in-bangalore-street-sw15%3Fq%3Ddevops%2Bengineer%26keywords%3DDevOps%2BEngineer%26locationName%3DBangalore%2BStreet%252C%2BSW15%26locationId%3D4572795%26pageno%3D3%26dateCreatedOffSet%3Dlastweek,https://www.reed.co.uk/jobs/efinancial-careers/p74850,Actively Hiring,"Company: eFinancialCareers | Salary: Competitive salary | Type: Permanent, full-time | Badges: New",Reed.co.uk,https://www.reed.co.uk/jobs/efinancial-careers/p74850,https://www.reed.co.uk/jobs/senior-platform-engineer-selby-jennings/57358276?source=searchResults&q=devops%20engineer&filter=%2Fjobs%2Fdevops-engineer-jobs-in-bangalore-street-sw15%3Fq%3Ddevops%2Bengineer%26keywords%3DDevOps%2BEngineer%26locationName%3DBangalore%2BStreet%252C%2BSW15%26locationId%3D4572795%26pageno%3D3%26dateCreatedOffSet%3Dlastweek
Platform Engineer - Bruin,eFinancialCareers,London,2026-09-10,https://www.reed.co.uk/jobs/platform-engineer-bruin/57344948?source=searchResults&q=devops%20engineer&filter=%2Fjobs%2Fdevops-engineer-jobs-in-bangalore-street-sw15%3Fq%3Ddevops%2Bengineer%26keywords%3DDevOps%2BEngineer%26locationName%3DBangalore%2BStreet%252C%2BSW15%26locationId%3D4572795%26pageno%3D3%26dateCreatedOffSet%3Dlastweek,https://www.reed.co.uk/jobs/efinancial-careers/p74850,Actively Hiring,"Company: eFinancialCareers | Salary: Competitive salary | Type: Permanent, full-time, On-site",Reed.co.uk,https://www.reed.co.uk/jobs/efinancial-careers/p74850,https://www.reed.co.uk/jobs/platform-engineer-bruin/57344948?source=searchResults&q=devops%20engineer&filter=%2Fjobs%2Fdevops-engineer-jobs-in-bangalore-street-sw15%3Fq%3Ddevops%2Bengineer%26keywords%3DDevOps%2BEngineer%26locationName%3DBangalore%2BStreet%252C%2BSW15%26locationId%3D4572795%26pageno%3D3%26dateCreatedOffSet%3Dlastweek
Cloud Engineer - Crypto- Systematic Quant Fund,eFinancialCareers,London,2026-09-10,https://www.reed.co.uk/jobs/cloud-engineer-crypto-systematic-quant-fund/57345152?source=searchResults&q=devops%20engineer&filter=%2Fjobs%2Fdevops-engineer-jobs-in-bangalore-street-sw15%3Fq%3Ddevops%2Bengineer%26keywords%3DDevOps%2BEngineer%26locationName%3DBangalore%2BStreet%252C%2BSW15%26locationId%3D4572795%26pageno%3D3%26dateCreatedOffSet%3Dlastweek,https://www.reed.co.uk/jobs/efinancial-careers/p74850,Actively Hiring,"Company: eFinancialCareers | Salary: Competitive salary | Type: Permanent, full-time, On-site",Reed.co.uk,https://www.reed.co.uk/jobs/efinancial-careers/p74850,https://www.reed.co.uk/jobs/cloud-engineer-crypto-systematic-quant-fund/57345152?source=searchResults&q=devops%20engineer&filter=%2Fjobs%2Fdevops-engineer-jobs-in-bangalore-street-sw15%3Fq%3Ddevops%2Bengineer%26keywords%3DDevOps%2BEngineer%26locationName%3DBangalore%2BStreet%252C%2BSW15%26locationId%3D4572795%26pageno%3D3%26dateCreatedOffSet%3Dlastweek
"Senior Software Engineer, Platform Engineering - Identity - Selby Jennings",eFinancialCareers,London,2026-09-11,https://www.reed.co.uk/jobs/senior-software-engineer-platform-engineering-identity-selby-jennings/57353237?source=searchResults&q=devops%20engineer&filter=%2Fjobs%2Fdevops-engineer-jobs-in-bangalore-street-sw15%3Fq%3Ddevops%2Bengineer%26keywords%3DDevOps%2BEngineer%26locationName%3DBangalore%2BStreet%252C%2BSW15%26locationId%3D4572795%26pageno%3D3%26dateCreatedOffSet%3Dlastweek,https://www.reed.co.uk/jobs/efinancial-careers/p74850,Actively Hiring,"Company: eFinancialCareers | Salary: Competitive salary | Type: Permanent, full-time, On-site | Badges: New",Reed.co.uk,https://www.reed.co.uk/jobs/efinancial-careers/p74850,https://www.reed.co.uk/jobs/senior-software-engineer-platform-engineering-identity-selby-jennings/57353237?source=searchResults&q=devops%20engineer&filter=%2Fjobs%2Fdevops-engineer-jobs-in-bangalore-street-sw15%3Fq%3Ddevops%2Bengineer%26keywords%3DDevOps%2BEngineer%26locationName%3DBangalore%2BStreet%252C%2BSW15%26locationId%3D4572795%26pageno%3D3%26dateCreatedOffSet%3Dlastweek
C++ Platform Engineer- Global Quant Firm,eFinancialCareers,London,2026-09-10,https://www.reed.co.uk/jobs/c-platform-engineer-global-quant-firm/57345919?source=searchResults&q=devops%20engineer&filter=%2Fjobs%2Fdevops-engineer-jobs-in-bangalore-street-sw15%3Fq%3Ddevops%2Bengineer%26keywords%3DDevOps%2BEngineer%26locationName%3DBangalore%2BStreet%252C%2BSW15%26locationId%3D4572795%26pageno%3D3%26dateCreatedOffSet%3Dlastweek,https://www.reed.co.uk/jobs/efinancial-careers/p74850,Actively Hiring,"Company: eFinancialCareers | Salary: Competitive salary | Type: Permanent, full-time, On-site",Reed.co.uk,https://www.reed.co.uk/jobs/efinancial-careers/p74850,https://www.reed.co.uk/jobs/c-platform-engineer-global-quant-firm/57345919?source=searchResults&q=devops%20engineer&filter=%2Fjobs%2Fdevops-engineer-jobs-in-bangalore-street-sw15%3Fq%3Ddevops%2Bengineer%26keywords%3DDevOps%2BEngineer%26locationName%3DBangalore%2BStreet%252C%2BSW15%26locationId%3D4572795%26pageno%3D3%26dateCreatedOffSet%3Dlastweek
Digital Assets Platform Engineering Team Lead - SVP - Citi,eFinancialCareers,London,2026-09-11,https://www.reed.co.uk/jobs/digital-assets-platform-engineering-team-lead-svp-citi/57353252?source=searchResults&q=devops%20engineer&filter=%2Fjobs%2Fdevops-engineer-jobs-in-bangalore-street-sw15%3Fq%3Ddevops%2Bengineer%26keywords%3DDevOps%2BEngineer%26locationName%3DBangalore%2BStreet%252C%2BSW15%26locationId%3D4572795%26pageno%3D4%26dateCreatedOffSet%3Dlastweek,https://www.reed.co.uk/jobs/efinancial-careers/p74850,Actively Hiring,"Company: eFinancialCareers | Salary: Competitive salary | Type: Permanent, full-time, On-site | Badges: New",Reed.co.uk,https://www.reed.co.uk/jobs/efinancial-careers/p74850,https://www.reed.co.uk/jobs/digital-assets-platform-engineering-team-lead-svp-citi/57353252?source=searchResults&q=devops%20engineer&filter=%2Fjobs%2Fdevops-engineer-jobs-in-bangalore-street-sw15%3Fq%3Ddevops%2Bengineer%26keywords%3DDevOps%2BEngineer%26locationName%3DBangalore%2BStreet%252C%2BSW15%26locationId%3D4572795%26pageno%3D4%26dateCreatedOffSet%3Dlastweek
Trainee Software Developer,ITOL Recruit,United Kingdom,2026-09-02,https://www.reed.co.uk/jobs/trainee-software-developer/57302732?source=searchResults&q=software%20engineer&filter=%2Fjobs%2Fsoftware-engineer-jobs-in-bangalore-street-sw15%3Fq%3Dsoftware%2Bengineer%26keywords%3DSoftware%2BEngineer%26locationName%3DBangalore%2BStreet%252C%2BSW15%26locationId%3D4572795%26salaryFrom%3D1500000,https://www.reed.co.uk/jobs/itol-recruit/p57826,Actively Hiring,"Company: ITOL Recruit | Salary: Training Course | Type: Permanent, full-time, On-site | Badges: Promoted",Reed.co.uk,https://www.reed.co.uk/jobs/itol-recruit/p57826,https://www.reed.co.uk/jobs/trainee-software-developer/57302732?source=searchResults&q=software%20engineer&filter=%2Fjobs%2Fsoftware-engineer-jobs-in-bangalore-street-sw15%3Fq%3Dsoftware%2Bengineer%26keywords%3DSoftware%2BEngineer%26locationName%3DBangalore%2BStreet%252C%2BSW15%26locationId%3D4572795%26salaryFrom%3D1500000
Trainee Software Developer,ITOL Recruit,United Kingdom,2026-09-02,https://www.reed.co.uk/jobs/trainee-software-developer/57302732?source=searchResults&q=software%20engineer&filter=%2Fjobs%2Fsoftware-engineer-jobs%3Fq%3Dsoftware%2Bengineer%26keywords%3DSoftware%2BEngineer,https://www.reed.co.uk/jobs/itol-recruit/p57826,Actively Hiring,"Company: ITOL Recruit | Salary: Training Course | Type: Permanent, full-time, On-site | Badges: Promoted",Reed.co.uk,https://www.reed.co.uk/jobs/itol-recruit/p57826,https://www.reed.co.uk/jobs/trainee-software-developer/57302732?source=searchResults&q=software%20engineer&filter=%2Fjobs%2Fsoftware-engineer-jobs%3Fq%3Dsoftware%2Bengineer%26keywords%3DSoftware%2BEngineer
Software Engineer,IBM SIXworks Limited,"Cheltenham, Gloucestershire",2026-09-11,https://www.reed.co.uk/jobs/software-engineer/57336518?source=searchResults&q=software%20engineer&filter=%2Fjobs%2Fsoftware-engineer-jobs%3Fq%3Dsoftware%2Bengineer%26keywords%3DSoftware%2BEngineer,https://www.reed.co.uk/jobs/bm-sixworks-limited-113864/p113864,Actively Hiring,"Company: IBM SIXworks Limited | Salary: Competitive salary | Type: Permanent, full-time, Hybrid | Badges: Promoted",Reed.co.uk,https://www.reed.co.uk/jobs/bm-sixworks-limited-113864/p113864,https://www.reed.co.uk/jobs/software-engineer/57336518?source=searchResults&q=software%20engineer&filter=%2Fjobs%2Fsoftware-engineer-jobs%3Fq%3Dsoftware%2Bengineer%26keywords%3DSoftware%2BEngineer
Software Engineer,IBM SIXworks Limited,"Taunton, Somerset",2026-09-11,https://www.reed.co.uk/jobs/software-engineer/57336545?source=searchResults&q=software%20engineer&filter=%2Fjobs%2Fsoftware-engineer-jobs%3Fq%3Dsoftware%2Bengineer%26keywords%3DSoftware%2BEngineer,https://www.reed.co.uk/jobs/bm-sixworks-limited-113864/p113864,Actively Hiring,"Company: IBM SIXworks Limited | Salary: Competitive salary | Type: Contract, full-time, Hybrid | Badges: Promoted, EarlyBirdEarly bird",Reed.co.uk,https://www.reed.co.uk/jobs/bm-sixworks-limited-113864/p113864,https://www.reed.co.uk/jobs/software-engineer/57336545?source=searchResults&q=software%20engineer&filter=%2Fjobs%2Fsoftware-engineer-jobs%3Fq%3Dsoftware%2Bengineer%26keywords%3DSoftware%2BEngineer
Software Engineer,Moorepay,"Manchester, Lancashire",2026-08-26,https://www.reed.co.uk/jobs/software-engineer/56785467?source=searchResults&q=software%20engineer&filter=%2Fjobs%2Fsoftware-engineer-jobs%3Fq%3Dsoftware%2Bengineer%26keywords%3DSoftware%2BEngineer,https://www.reed.co.uk/jobs/-moorepay-97694/p97694,Actively Hiring,"Company: Moorepay | Salary: Competitive salary | Type: Permanent, full-time, Hybrid",Reed.co.uk,https://www.reed.co.uk/jobs/-moorepay-97694/p97694,https://www.reed.co.uk/jobs/software-engineer/56785467?source=searchResults&q=software%20engineer&filter=%2Fjobs%2Fsoftware-engineer-jobs%3Fq%3Dsoftware%2Bengineer%26keywords%3DSoftware%2BEngineer
Software Developer,Network Mapping Limited,"Knaresborough, North Yorkshire",2026-08-19,https://www.reed.co.uk/jobs/software-developer/57256826?source=searchResults&q=software%20engineer&filter=%2Fjobs%2Fsoftware-engineer-jobs%3Fq%3Dsoftware%2Bengineer%26keywords%3DSoftware%2BEngineer,https://www.reed.co.uk/jobs/network-mapping-limited/p113609,Actively Hiring,"Company: Network Mapping Limited | Salary: £35,000 - £45,000 per annum | Type: Permanent, full-time, Hybrid | Badges: Easy Apply",Reed.co.uk,https://www.reed.co.uk/jobs/network-mapping-limited/p113609,https://www.reed.co.uk/jobs/software-developer/57256826?source=searchResults&q=software%20engineer&filter=%2Fjobs%2Fsoftware-engineer-jobs%3Fq%3Dsoftware%2Bengineer%26keywords%3DSoftware%2BEngineer
Lead Software Engineer,Saab UK,"Fareham, Hampshire",2026-09-01,https://www.reed.co.uk/jobs/lead-software-engineer/57296413?source=searchResults&q=software%20engineer&filter=%2Fjobs%2Fsoftware-engineer-jobs%3Fq%3Dsoftware%2Bengineer%26keywords%3DSoftware%2BEngineer,https://www.reed.co.uk/jobs/saab-technologies-uk-limited/p90468,Actively Hiring,"Company: Saab UK | Salary: Salary negotiable | Type: Permanent, full-time, On-site | Badges: Featured",Reed.co.uk,https://www.reed.co.uk/jobs/saab-technologies-uk-limited/p90468,https://www.reed.co.uk/jobs/lead-software-engineer/57296413?source=searchResults&q=software%20engineer&filter=%2Fjobs%2Fsoftware-engineer-jobs%3Fq%3Dsoftware%2Bengineer%26keywords%3DSoftware%2BEngineer
Lead Software Engineer,BroadbandUK,"East London, London",2026-09-11,https://www.reed.co.uk/jobs/lead-software-engineer/57337433?source=searchResults&q=software%20engineer&filter=%2Fjobs%2Fsoftware-engineer-jobs%3Fq%3Dsoftware%2Bengineer%26keywords%3DSoftware%2BEngineer,https://www.reed.co.uk/jobs/broadband-uk-108627/p108627,Actively Hiring,"Company: BroadbandUK | Salary: Salary negotiable | Type: Permanent, full-time, Hybrid | Badges: Easy Apply",Reed.co.uk,https://www.reed.co.uk/jobs/broadband-uk-108627/p108627,https://www.reed.co.uk/jobs/lead-software-engineer/57337433?source=searchResults&q=software%20engineer&filter=%2Fjobs%2Fsoftware-engineer-jobs%3Fq%3Dsoftware%2Bengineer%26keywords%3DSoftware%2BEngineer
Embedded Software Engineer,Archangel Lightworks Ltd,"Oxford, Oxfordshire",2026-08-25,https://www.reed.co.uk/jobs/embedded-software-engineer/57276812?source=searchResults&q=software%20engineer&filter=%2Fjobs%2Fsoftware-engineer-jobs%3Fq%3Dsoftware%2Bengineer%26keywords%3DSoftware%2BEngineer,https://www.reed.co.uk/jobs/archangel-lightworks-ltd/p111211,Actively Hiring,"Company: Archangel Lightworks Ltd | Salary: Salary negotiable | Type: Permanent, full-time, On-site",Reed.co.uk,https://www.reed.co.uk/jobs/archangel-lightworks-ltd/p111211,https://www.reed.co.uk/jobs/embedded-software-engineer/57276812?source=searchResults&q=software%20engineer&filter=%2Fjobs%2Fsoftware-engineer-jobs%3Fq%3Dsoftware%2Bengineer%26keywords%3DSoftware%2BEngineer
Software Engineer Apprentice,QA,London,2026-09-15,https://www.reed.co.uk/jobs/software-engineer-apprentice/57344073?source=searchResults&q=software%20engineer&filter=%2Fjobs%2Fsoftware-engineer-jobs%3Fq%3Dsoftware%2Bengineer%26keywords%3DSoftware%2BEngineer,https://www.reed.co.uk/jobs/qa-ltd/p31199,Actively Hiring,"Company: QA | Salary: £25,500 per annum | Type: Permanent, full-time or part-time, Hybrid | Badges: Featured",Reed.co.uk,https://www.reed.co.uk/jobs/qa-ltd/p31199,https://www.reed.co.uk/jobs/software-engineer-apprentice/57344073?source=searchResults&q=software%20engineer&filter=%2Fjobs%2Fsoftware-engineer-jobs%3Fq%3Dsoftware%2Bengineer%26keywords%3DSoftware%2BEngineer
C# Software Engineer,Matchtech,"Luton, Bedfordshire",2026-09-08,https://www.reed.co.uk/jobs/c-software-engineer/57321518?source=searchResults&q=software%20engineer&filter=%2Fjobs%2Fsoftware-engineer-jobs%3Fq%3Dsoftware%2Bengineer%26keywords%3DSoftware%2BEngineer,https://www.reed.co.uk/jobs/matchtech-19617/p19617,Actively Hiring,"Company: Matchtech | Salary: £78 per hour | Type: Contract, full-time, Hybrid | Badges: Featured",Reed.co.uk,https://www.reed.co.uk/jobs/matchtech-19617/p19617,https://www.reed.co.uk/jobs/c-software-engineer/57321518?source=searchResults&q=software%20engineer&filter=%2Fjobs%2Fsoftware-engineer-jobs%3Fq%3Dsoftware%2Bengineer%26keywords%3DSoftware%2BEngineer
Senior Software Engineer,AJ Bell,"Salford, Lancashire",2026-08-20,https://www.reed.co.uk/jobs/senior-software-engineer/57122279?source=searchResults&q=software%20engineer&filter=%2Fjobs%2Fsoftware-engineer-jobs%3Fq%3Dsoftware%2Bengineer%26keywords%3DSoftware%2BEngineer,https://www.reed.co.uk/jobs/aj-bell-0/p48440,Actively Hiring,"Company: AJ Bell | Salary: Competitive salary | Type: Permanent, full-time, Hybrid",Reed.co.uk,https://www.reed.co.uk/jobs/aj-bell-0/p48440,https://www.reed.co.uk/jobs/senior-software-engineer/57122279?source=searchResults&q=software%20engineer&filter=%2Fjobs%2Fsoftware-engineer-jobs%3Fq%3Dsoftware%2Bengineer%26keywords%3DSoftware%2BEngineer
Software Developer Apprentice,QA,"Wellington, Somerset",2026-08-18,https://www.reed.co.uk/jobs/software-developer-apprentice/57251627?source=searchResults&q=software%20engineer&filter=%2Fjobs%2Fsoftware-engineer-jobs%3Fq%3Dsoftware%2Bengineer%26keywords%3DSoftware%2BEngineer,https://www.reed.co.uk/jobs/qa-ltd/p31199,Actively Hiring,"Company: QA | Salary: £26,227.50 per annum | Type: Permanent, full-time or part-time, On-site | Badges: Featured",Reed.co.uk,https://www.reed.co.uk/jobs/qa-ltd/p31199,https://www.reed.co.uk/jobs/software-developer-apprentice/57251627?source=searchResults&q=software%20engineer&filter=%2Fjobs%2Fsoftware-engineer-jobs%3Fq%3Dsoftware%2Bengineer%26keywords%3DSoftware%2BEngineer
Contract C# Software Developer,Connells Group HQ,"Milton Keynes, Buckinghamshire",2026-09-09,https://www.reed.co.uk/jobs/contract-c-software-developer/57327946?source=searchResults&q=software%20engineer&filter=%2Fjobs%2Fsoftware-engineer-jobs%3Fq%3Dsoftware%2Bengineer%26keywords%3DSoftware%2BEngineer,https://www.reed.co.uk/jobs/connells-group-hq/p83865,Actively Hiring,"Company: Connells Group HQ | Salary: £450 per day | Type: Permanent, full-time or part-time, Hybrid",Reed.co.uk,https://www.reed.co.uk/jobs/connells-group-hq/p83865,https://www.reed.co.uk/jobs/contract-c-software-developer/57327946?source=searchResults&q=software%20engineer&filter=%2Fjobs%2Fsoftware-engineer-jobs%3Fq%3Dsoftware%2Bengineer%26keywords%3DSoftware%2BEngineer
Senior Front Office Software Engineer,CMC Markets,London,2026-09-16,https://www.reed.co.uk/jobs/senior-front-office-software-engineer/57227370?source=searchResults&q=software%20engineer&filter=%2Fjobs%2Fsoftware-engineer-jobs%3Fq%3Dsoftware%2Bengineer%26keywords%3DSoftware%2BEngineer,https://www.reed.co.uk/jobs/cmc-markets-78499/p78499,Actively Hiring,"Company: CMC Markets | Salary: Competitive salary | Type: Permanent, full-time, On-site | Badges: Featured",Reed.co.uk,https://www.reed.co.uk/jobs/cmc-markets-78499/p78499,https://www.reed.co.uk/jobs/senior-front-office-software-engineer/57227370?source=searchResults&q=software%20engineer&filter=%2Fjobs%2Fsoftware-engineer-jobs%3Fq%3Dsoftware%2Bengineer%26keywords%3DSoftware%2BEngineer
Software Engineer,one2one Recruitment,"Rushden, Northamptonshire",2026-08-26,https://www.reed.co.uk/jobs/software-engineer/57276179?source=searchResults&q=software%20engineer&filter=%2Fjobs%2Fsoftware-engineer-jobs%3Fq%3Dsoftware%2Bengineer%26keywords%3DSoftware%2BEngineer,https://www.reed.co.uk/jobs/one2one/p7330,Actively Hiring,"Company: one2one Recruitment | Salary: Salary negotiable | Type: Permanent, full-time, On-site",Reed.co.uk,https://www.reed.co.uk/jobs/one2one/p7330,https://www.reed.co.uk/jobs/software-engineer/57276179?source=searchResults&q=software%20engineer&filter=%2Fjobs%2Fsoftware-engineer-jobs%3Fq%3Dsoftware%2Bengineer%26keywords%3DSoftware%2BEngineer
Software Engineer,Consula Group LTD,"Manchester, Lancashire",2026-09-15,https://www.reed.co.uk/jobs/software-engineer/57329310?source=searchResults&q=software%20engineer&filter=%2Fjobs%2Fsoftware-engineer-jobs%3Fq%3Dsoftware%2Bengineer%26keywords%3DSoftware%2BEngineer,https://www.reed.co.uk/jobs/consula-group-ltd-112861/p112861,Actively Hiring,"Company: Consula Group LTD | Salary: £60,000 - £80,000 per annum | Type: Permanent, full-time, Hybrid | Badges: Featured",Reed.co.uk,https://www.reed.co.uk/jobs/consula-group-ltd-112861/p112861,https://www.reed.co.uk/jobs/software-engineer/57329310?source=searchResults&q=software%20engineer&filter=%2Fjobs%2Fsoftware-engineer-jobs%3Fq%3Dsoftware%2Bengineer%26keywords%3DSoftware%2BEngineer
Software Developer,Oscar Technology,"Nottingham, Nottinghamshire",2026-08-26,https://www.reed.co.uk/jobs/software-developer/57279907?source=searchResults&q=software%20engineer&filter=%2Fjobs%2Fsoftware-engineer-jobs%3Fq%3Dsoftware%2Bengineer%26keywords%3DSoftware%2BEngineer,https://www.reed.co.uk/jobs/oscar-associates/p20715,Actively Hiring,"Company: Oscar Technology | Salary: £50,000 - £65,000 per annum | Type: Permanent, full-time, Hybrid | Badges: Easy Apply",Reed.co.uk,https://www.reed.co.uk/jobs/oscar-associates/p20715,https://www.reed.co.uk/jobs/software-developer/57279907?source=searchResults&q=software%20engineer&filter=%2Fjobs%2Fsoftware-engineer-jobs%3Fq%3Dsoftware%2Bengineer%26keywords%3DSoftware%2BEngineer
Software Engineer,Addition,"Cheltenham, Gloucestershire",2026-08-20,https://www.reed.co.uk/jobs/software-engineer/57259051?source=searchResults&q=software%20engineer&filter=%2Fjobs%2Fsoftware-engineer-jobs%3Fq%3Dsoftware%2Bengineer%26keywords%3DSoftware%2BEngineer,https://www.reed.co.uk/jobs/addition-solutions-ltd/p27273,Actively Hiring,"Company: Addition | Salary: £65,000 - £70,000 per annum | Type: Permanent, full-time, Hybrid | Badges: Featured, Easy Apply",Reed.co.uk,https://www.reed.co.uk/jobs/addition-solutions-ltd/p27273,https://www.reed.co.uk/jobs/software-engineer/57259051?source=searchResults&q=software%20engineer&filter=%2Fjobs%2Fsoftware-engineer-jobs%3Fq%3Dsoftware%2Bengineer%26keywords%3DSoftware%2BEngineer
Software Engineer,Tiro Partners Limited,London,2026-08-18,https://www.reed.co.uk/jobs/software-engineer/57250514?source=searchResults&q=software%20engineer&filter=%2Fjobs%2Fsoftware-engineer-jobs%3Fq%3Dsoftware%2Bengineer%26keywords%3DSoftware%2BEngineer,https://www.reed.co.uk/jobs/tiro-partners-limited/p37480,Actively Hiring,"Company: Tiro Partners Limited | Salary: £70,000 - £75,000 per annum | Type: Permanent, full-time, Hybrid | Badges: Easy Apply",Reed.co.uk,https://www.reed.co.uk/jobs/tiro-partners-limited/p37480,https://www.reed.co.uk/jobs/software-engineer/57250514?source=searchResults&q=software%20engineer&filter=%2Fjobs%2Fsoftware-engineer-jobs%3Fq%3Dsoftware%2Bengineer%26keywords%3DSoftware%2BEngineer
Software Engineer,Noir,"Cheltenham, Gloucestershire",2026-09-02,https://www.reed.co.uk/jobs/software-engineer/57301538?source=searchResults&q=software%20engineer&filter=%2Fjobs%2Fsoftware-engineer-jobs%3Fq%3Dsoftware%2Bengineer%26keywords%3DSoftware%2BEngineer,https://www.reed.co.uk/jobs/noir/p10319,Actively Hiring,"Company: Noir | Salary: £35,000 - £50,000 per annum | Type: Permanent, full-time, Hybrid | Badges: Easy Apply",Reed.co.uk,https://www.reed.co.uk/jobs/noir/p10319,https://www.reed.co.uk/jobs/software-engineer/57301538?source=searchResults&q=software%20engineer&filter=%2Fjobs%2Fsoftware-engineer-jobs%3Fq%3Dsoftware%2Bengineer%26keywords%3DSoftware%2BEngineer
Software Engineer,Cathcart Technology,"Edinburgh, Midlothian",2026-09-03,https://www.reed.co.uk/jobs/software-engineer/57306728?source=searchResults&q=software%20engineer&filter=%2Fjobs%2Fsoftware-engineer-jobs%3Fq%3Dsoftware%2Bengineer%26keywords%3DSoftware%2BEngineer,https://www.reed.co.uk/jobs/cathcart-technology/p8661,Actively Hiring,"Company: Cathcart Technology | Salary: £30,000 - £48,000 per annum | Type: Permanent, full-time, Hybrid | Badges: Featured, Easy Apply",Reed.co.uk,https://www.reed.co.uk/jobs/cathcart-technology/p8661,https://www.reed.co.uk/jobs/software-engineer/57306728?source=searchResults&q=software%20engineer&filter=%2Fjobs%2Fsoftware-engineer-jobs%3Fq%3Dsoftware%2Bengineer%26keywords%3DSoftware%2BEngineer
Software Engineer,Spectrum IT Recruitment,"Southampton, Hampshire",2026-08-17,https://www.reed.co.uk/jobs/software-engineer/57216958?source=searchResults&q=software%20engineer&filter=%2Fjobs%2Fsoftware-engineer-jobs%3Fq%3Dsoftware%2Bengineer%26keywords%3DSoftware%2BEngineer,https://www.reed.co.uk/jobs/spectrum-it/p8868,Actively Hiring,"Company: Spectrum IT Recruitment | Salary: £45,000 - £50,000 per annum | Type: Permanent, full-time, On-site | Badges: Featured, Easy Apply",Reed.co.uk,https://www.reed.co.uk/jobs/spectrum-it/p8868,https://www.reed.co.uk/jobs/software-engineer/57216958?source=searchResults&q=software%20engineer&filter=%2Fjobs%2Fsoftware-engineer-jobs%3Fq%3Dsoftware%2Bengineer%26keywords%3DSoftware%2BEngineer
Software Engineer,Reed,"Ipswich, Suffolk",2026-09-11,https://www.reed.co.uk/jobs/software-engineer/57335915?source=searchResults&q=software%20engineer&filter=%2Fjobs%2Fsoftware-engineer-jobs%3Fq%3Dsoftware%2Bengineer%26keywords%3DSoftware%2BEngineer,https://www.reed.co.uk/jobs/reed/p1342,Actively Hiring,"Company: Reed | Salary: £350 - £375 per day, inc benefits | Type: Contract, full-time, Hybrid | Badges: Featured, Easy Apply",Reed.co.uk,https://www.reed.co.uk/jobs/reed/p1342,https://www.reed.co.uk/jobs/software-engineer/57335915?source=searchResults&q=software%20engineer&filter=%2Fjobs%2Fsoftware-engineer-jobs%3Fq%3Dsoftware%2Bengineer%26keywords%3DSoftware%2BEngineer
Software Engineer,Sanderson,Devon,2026-08-14,https://www.reed.co.uk/jobs/software-engineer/57238795?source=searchResults&q=software%20engineer&filter=%2Fjobs%2Fsoftware-engineer-jobs%3Fq%3Dsoftware%2Bengineer%26keywords%3DSoftware%2BEngineer,https://www.reed.co.uk/jobs/sanderson-35038/p35038,Actively Hiring,"Company: Sanderson | Salary: £68,000 per annum | Type: Permanent, full-time, Remote | Badges: Easy Apply",Reed.co.uk,https://www.reed.co.uk/jobs/sanderson-35038/p35038,https://www.reed.co.uk/jobs/software-engineer/57238795?source=searchResults&q=software%20engineer&filter=%2Fjobs%2Fsoftware-engineer-jobs%3Fq%3Dsoftware%2Bengineer%26keywords%3DSoftware%2BEngineer
Software Engineer,Searchability,"Newark, Nottinghamshire",2026-08-25,https://www.reed.co.uk/jobs/software-engineer/57273115?source=searchResults&q=software%20engineer&filter=%2Fjobs%2Fsoftware-engineer-jobs%3Fq%3Dsoftware%2Bengineer%26keywords%3DSoftware%2BEngineer,https://www.reed.co.uk/jobs/searchability-28670/p28670,Actively Hiring,"Company: Searchability | Salary: £35,000 - £40,000 per annum | Type: Permanent, full-time, Hybrid | Badges: Easy Apply",Reed.co.uk,https://www.reed.co.uk/jobs/searchability-28670/p28670,https://www.reed.co.uk/jobs/software-engineer/57273115?source=searchResults&q=software%20engineer&filter=%2Fjobs%2Fsoftware-engineer-jobs%3Fq%3Dsoftware%2Bengineer%26keywords%3DSoftware%2BEngineer
Software Developer,Reed,"Exeter, Devon",2026-08-24,https://www.reed.co.uk/jobs/software-developer/57271312?source=searchResults&q=software%20engineer&filter=%2Fjobs%2Fsoftware-engineer-jobs%3Fq%3Dsoftware%2Bengineer%26keywords%3DSoftware%2BEngineer,https://www.reed.co.uk/jobs/reed/p1342,Actively Hiring,"Company: Reed | Salary: £50,000 - £55,000 per annum, inc benefits | Type: Permanent, full-time, Remote | Badges: Featured, Easy Apply",Reed.co.uk,https://www.reed.co.uk/jobs/reed/p1342,https://www.reed.co.uk/jobs/software-developer/57271312?source=searchResults&q=software%20engineer&filter=%2Fjobs%2Fsoftware-engineer-jobs%3Fq%3Dsoftware%2Bengineer%26keywords%3DSoftware%2BEngineer
Data Analyst Trainee,ITOL Recruit,United Kingdom,2026-09-02,https://www.reed.co.uk/jobs/data-analyst-trainee/57302735?source=searchResults&q=data%20analyst&filter=%2Fjobs%2Fdata-analyst-jobs%3Fq%3Ddata%2Banalyst%26keywords%3DData%2BAnalyst,https://www.reed.co.uk/jobs/itol-recruit/p57826,Actively Hiring,"Company: ITOL Recruit | Salary: Training Course | Type: Permanent, full-time, On-site | Badges: Promoted",Reed.co.uk,https://www.reed.co.uk/jobs/itol-recruit/p57826,https://www.reed.co.uk/jobs/data-analyst-trainee/57302735?source=searchResults&q=data%20analyst&filter=%2Fjobs%2Fdata-analyst-jobs%3Fq%3Ddata%2Banalyst%26keywords%3DData%2BAnalyst
Data analyst,Kingdom People,"Newton-le-Willows, Merseyside",2026-09-17,https://www.reed.co.uk/jobs/data-analyst/57359488?source=searchResults&q=data%20analyst&filter=%2Fjobs%2Fdata-analyst-jobs%3Fq%3Ddata%2Banalyst%26keywords%3DData%2BAnalyst,https://www.reed.co.uk/jobs/mlw-recruit-ltd/p39981,Actively Hiring,"Company: Kingdom People | Salary: £35,000 - £40,000 per annum | Type: Permanent, full-time, On-site | Badges: New",Reed.co.uk,https://www.reed.co.uk/jobs/mlw-recruit-ltd/p39981,https://www.reed.co.uk/jobs/data-analyst/57359488?source=searchResults&q=data%20analyst&filter=%2Fjobs%2Fdata-analyst-jobs%3Fq%3Ddata%2Banalyst%26keywords%3DData%2BAnalyst
Trainee Data Analyst,Netcom Online Learning,"Birmingham, West Midlands (County)",2026-09-15,https://www.reed.co.uk/jobs/trainee-data-analyst/57340691?source=searchResults&q=data%20analyst&filter=%2Fjobs%2Fdata-analyst-jobs%3Fq%3Ddata%2Banalyst%26keywords%3DData%2BAnalyst,https://www.reed.co.uk/jobs/netcom-online-learning-111409/p111409,Actively Hiring,"Company: Netcom Online Learning | Salary: Training Course | Type: Permanent, full-time, Remote | Badges: Featured, Easy Apply",Reed.co.uk,https://www.reed.co.uk/jobs/netcom-online-learning-111409/p111409,https://www.reed.co.uk/jobs/trainee-data-analyst/57340691?source=searchResults&q=data%20analyst&filter=%2Fjobs%2Fdata-analyst-jobs%3Fq%3Ddata%2Banalyst%26keywords%3DData%2BAnalyst
Junior Data Analyst,Foresight Data Ltd Consultancy,"Southampton, Hampshire",2026-09-08,https://www.reed.co.uk/jobs/junior-data-analyst/57323409?source=searchResults&q=data%20analyst&filter=%2Fjobs%2Fdata-analyst-jobs%3Fq%3Ddata%2Banalyst%26keywords%3DData%2BAnalyst,https://www.reed.co.uk/jobs/foresight-data-ltd-consultancy-113877/p113877,Actively Hiring,"Company: Foresight Data Ltd Consultancy | Salary: £26,000 - £28,000 per annum | Type: Permanent, full-time, On-site | Badges: Easy Apply",Reed.co.uk,https://www.reed.co.uk/jobs/foresight-data-ltd-consultancy-113877/p113877,https://www.reed.co.uk/jobs/junior-data-analyst/57323409?source=searchResults&q=data%20analyst&filter=%2Fjobs%2Fdata-analyst-jobs%3Fq%3Ddata%2Banalyst%26keywords%3DData%2BAnalyst
Senior Data Analyst,DVSA,"Uxbridge, Middlesex",2026-09-15,https://www.reed.co.uk/jobs/senior-data-analyst/57342520?source=searchResults&q=data%20analyst&filter=%2Fjobs%2Fdata-analyst-jobs%3Fq%3Ddata%2Banalyst%26keywords%3DData%2BAnalyst,https://www.reed.co.uk/jobs/dvsa/p107027,Actively Hiring,"Company: DVSA | Salary: £44,241 per annum | Type: Permanent, full-time, On-site",Reed.co.uk,https://www.reed.co.uk/jobs/dvsa/p107027,https://www.reed.co.uk/jobs/senior-data-analyst/57342520?source=searchResults&q=data%20analyst&filter=%2Fjobs%2Fdata-analyst-jobs%3Fq%3Ddata%2Banalyst%26keywords%3DData%2BAnalyst
Senior Data Analyst,DVSA,"Leeds, West Yorkshire",2026-09-15,https://www.reed.co.uk/jobs/senior-data-analyst/57342508?source=searchResults&q=data%20analyst&filter=%2Fjobs%2Fdata-analyst-jobs%3Fq%3Ddata%2Banalyst%26keywords%3DData%2BAnalyst,https://www.reed.co.uk/jobs/dvsa/p107027,Actively Hiring,"Company: DVSA | Salary: £44,241 per annum | Type: Permanent, full-time, On-site",Reed.co.uk,https://www.reed.co.uk/jobs/dvsa/p107027,https://www.reed.co.uk/jobs/senior-data-analyst/57342508?source=searchResults&q=data%20analyst&filter=%2Fjobs%2Fdata-analyst-jobs%3Fq%3Ddata%2Banalyst%26keywords%3DData%2BAnalyst
Senior Data Analyst,DVSA,"Nottingham, Nottinghamshire",2026-09-16,https://www.reed.co.uk/jobs/senior-data-analyst/57342528?source=searchResults&q=data%20analyst&filter=%2Fjobs%2Fdata-analyst-jobs%3Fq%3Ddata%2Banalyst%26keywords%3DData%2BAnalyst,https://www.reed.co.uk/jobs/dvsa/p107027,Actively Hiring,"Company: DVSA | Salary: £44,241 per annum | Type: Permanent, full-time, On-site",Reed.co.uk,https://www.reed.co.uk/jobs/dvsa/p107027,https://www.reed.co.uk/jobs/senior-data-analyst/57342528?source=searchResults&q=data%20analyst&filter=%2Fjobs%2Fdata-analyst-jobs%3Fq%3Ddata%2Banalyst%26keywords%3DData%2BAnalyst
Data and AI Analyst,Digital Futures,"Sheffield, South Yorkshire",2026-09-11,https://www.reed.co.uk/jobs/data-and-ai-analyst/57338087?source=searchResults&q=data%20analyst&filter=%2Fjobs%2Fdata-analyst-jobs%3Fq%3Ddata%2Banalyst%26keywords%3DData%2BAnalyst,https://www.reed.co.uk/jobs/digital-futures-107368/p107368,Actively Hiring,"Company: Digital Futures | Salary: £27,500 per annum | Type: Permanent, full-time, On-site | Badges: Featured",Reed.co.uk,https://www.reed.co.uk/jobs/digital-futures-107368/p107368,https://www.reed.co.uk/jobs/data-and-ai-analyst/57338087?source=searchResults&q=data%20analyst&filter=%2Fjobs%2Fdata-analyst-jobs%3Fq%3Ddata%2Banalyst%26keywords%3DData%2BAnalyst
Data Analyst Apprentice,QA,"Reading, Berkshire",2026-08-18,https://www.reed.co.uk/jobs/data-analyst-apprentice/57251597?source=searchResults&q=data%20analyst&filter=%2Fjobs%2Fdata-analyst-jobs%3Fq%3Ddata%2Banalyst%26keywords%3DData%2BAnalyst,https://www.reed.co.uk/jobs/qa-ltd/p31199,Actively Hiring,"Company: QA | Salary: £21,000 per annum | Type: Permanent, full-time or part-time, On-site | Badges: Featured",Reed.co.uk,https://www.reed.co.uk/jobs/qa-ltd/p31199,https://www.reed.co.uk/jobs/data-analyst-apprentice/57251597?source=searchResults&q=data%20analyst&filter=%2Fjobs%2Fdata-analyst-jobs%3Fq%3Ddata%2Banalyst%26keywords%3DData%2BAnalyst
Senior Data Analyst,FDM Group,London,2026-09-15,https://www.reed.co.uk/jobs/senior-data-analyst/56212211?source=searchResults&q=data%20analyst&filter=%2Fjobs%2Fdata-analyst-jobs%3Fq%3Ddata%2Banalyst%26keywords%3DData%2BAnalyst,https://www.reed.co.uk/jobs/fdm-group/p4784,Actively Hiring,"Company: FDM Group | Salary: Salary negotiable | Type: Permanent, full-time, Hybrid | Badges: Featured",Reed.co.uk,https://www.reed.co.uk/jobs/fdm-group/p4784,https://www.reed.co.uk/jobs/senior-data-analyst/56212211?source=searchResults&q=data%20analyst&filter=%2Fjobs%2Fdata-analyst-jobs%3Fq%3Ddata%2Banalyst%26keywords%3DData%2BAnalyst
Junior Data Analyst Apprentice,QA,"Lowfields Business Park, West Yorkshire",2026-08-18,https://www.reed.co.uk/jobs/junior-data-analyst-apprentice/57251650?source=searchResults&q=data%20analyst&filter=%2Fjobs%2Fdata-analyst-jobs%3Fq%3Ddata%2Banalyst%26keywords%3DData%2BAnalyst,https://www.reed.co.uk/jobs/qa-ltd/p31199,Actively Hiring,"Company: QA | Salary: £18,000 per annum | Type: Permanent, full-time or part-time, On-site | Badges: Featured",Reed.co.uk,https://www.reed.co.uk/jobs/qa-ltd/p31199,https://www.reed.co.uk/jobs/junior-data-analyst-apprentice/57251650?source=searchResults&q=data%20analyst&filter=%2Fjobs%2Fdata-analyst-jobs%3Fq%3Ddata%2Banalyst%26keywords%3DData%2BAnalyst
International Export Data Analyst,GXO Logistics,"Bradford, West Yorkshire",2026-09-16,https://www.reed.co.uk/jobs/international-export-data-analyst/57347690?source=searchResults&q=data%20analyst&filter=%2Fjobs%2Fdata-analyst-jobs%3Fq%3Ddata%2Banalyst%26keywords%3DData%2BAnalyst,https://www.reed.co.uk/jobs/xpo-logistics/p4259,Actively Hiring,"Company: GXO Logistics | Salary: £27,000 per annum | Type: Permanent, full-time or part-time, On-site | Badges: Featured",Reed.co.uk,https://www.reed.co.uk/jobs/xpo-logistics/p4259,https://www.reed.co.uk/jobs/international-export-data-analyst/57347690?source=searchResults&q=data%20analyst&filter=%2Fjobs%2Fdata-analyst-jobs%3Fq%3Ddata%2Banalyst%26keywords%3DData%2BAnalyst
Investment Fund Data Analyst,Fitz Partners,London,2026-09-07,https://www.reed.co.uk/jobs/investment-fund-data-analyst/57315830?source=searchResults&q=data%20analyst&filter=%2Fjobs%2Fdata-analyst-jobs%3Fq%3Ddata%2Banalyst%26keywords%3DData%2BAnalyst,https://www.reed.co.uk/jobs/fitz-partners-88561/p88561,Actively Hiring,"Company: Fitz Partners | Salary: Competitive salary | Type: Temporary, full-time, Hybrid",Reed.co.uk,https://www.reed.co.uk/jobs/fitz-partners-88561/p88561,https://www.reed.co.uk/jobs/investment-fund-data-analyst/57315830?source=searchResults&q=data%20analyst&filter=%2Fjobs%2Fdata-analyst-jobs%3Fq%3Ddata%2Banalyst%26keywords%3DData%2BAnalyst
Insights Data Analyst Apprentice,QA,London,2026-08-24,https://www.reed.co.uk/jobs/insights-data-analyst-apprentice/57268090?source=searchResults&q=data%20analyst&filter=%2Fjobs%2Fdata-analyst-jobs%3Fq%3Ddata%2Banalyst%26keywords%3DData%2BAnalyst,https://www.reed.co.uk/jobs/qa-ltd/p31199,Actively Hiring,"Company: QA | Salary: £18,000 - £21,000 per annum | Type: Permanent, full-time or part-time, On-site | Badges: Featured",Reed.co.uk,https://www.reed.co.uk/jobs/qa-ltd/p31199,https://www.reed.co.uk/jobs/insights-data-analyst-apprentice/57268090?source=searchResults&q=data%20analyst&filter=%2Fjobs%2Fdata-analyst-jobs%3Fq%3Ddata%2Banalyst%26keywords%3DData%2BAnalyst
People Systems and Data Analyst,BPHA,"Bedford, Bedfordshire",2026-09-10,https://www.reed.co.uk/jobs/people-systems-and-data-analyst/57331932?source=searchResults&q=data%20analyst&filter=%2Fjobs%2Fdata-analyst-jobs%3Fq%3Ddata%2Banalyst%26keywords%3DData%2BAnalyst,https://www.reed.co.uk/jobs/bpha/o693570,Actively Hiring,"Company: BPHA | Salary: £38,000 per annum | Type: Permanent, full-time or part-time, Hybrid",Reed.co.uk,https://www.reed.co.uk/jobs/bpha/o693570,https://www.reed.co.uk/jobs/people-systems-and-data-analyst/57331932?source=searchResults&q=data%20analyst&filter=%2Fjobs%2Fdata-analyst-jobs%3Fq%3Ddata%2Banalyst%26keywords%3DData%2BAnalyst
Data Analyst,No1 Legal and Professional,"Spring Gardens, Manchester, Lancashire",2026-08-10,https://www.reed.co.uk/jobs/data-analyst/57217826?source=searchResults&q=data%20analyst&filter=%2Fjobs%2Fdata-analyst-jobs%3Fq%3Ddata%2Banalyst%26keywords%3DData%2BAnalyst,https://www.reed.co.uk/jobs/no1-legal-limited/p15180,Actively Hiring,"Company: No1 Legal and Professional | Salary: Salary negotiable | Type: Permanent, full-time, On-site",Reed.co.uk,https://www.reed.co.uk/jobs/no1-legal-limited/p15180,https://www.reed.co.uk/jobs/data-analyst/57217826?source=searchResults&q=data%20analyst&filter=%2Fjobs%2Fdata-analyst-jobs%3Fq%3Ddata%2Banalyst%26keywords%3DData%2BAnalyst
Data Analyst,No1 Legal and Professional,"East London, London",2026-08-10,https://www.reed.co.uk/jobs/data-analyst/57218005?source=searchResults&q=data%20analyst&filter=%2Fjobs%2Fdata-analyst-jobs%3Fq%3Ddata%2Banalyst%26keywords%3DData%2BAnalyst,https://www.reed.co.uk/jobs/no1-legal-limited/p15180,Actively Hiring,"Company: No1 Legal and Professional | Salary: Salary negotiable | Type: Permanent, full-time, On-site",Reed.co.uk,https://www.reed.co.uk/jobs/no1-legal-limited/p15180,https://www.reed.co.uk/jobs/data-analyst/57218005?source=searchResults&q=data%20analyst&filter=%2Fjobs%2Fdata-analyst-jobs%3Fq%3Ddata%2Banalyst%26keywords%3DData%2BAnalyst
Data Analyst,Reed,"Birmingham, West Midlands (County)",2026-08-24,https://www.reed.co.uk/jobs/data-analyst/57268587?source=searchResults&q=data%20analyst&filter=%2Fjobs%2Fdata-analyst-jobs%3Fq%3Ddata%2Banalyst%26keywords%3DData%2BAnalyst,https://www.reed.co.uk/jobs/reed/p1342,Actively Hiring,"Company: Reed | Salary: £18 - £23 per hour, inc benefits | Type: Contract, full-time, Hybrid | Badges: Featured, Easy Apply",Reed.co.uk,https://www.reed.co.uk/jobs/reed/p1342,https://www.reed.co.uk/jobs/data-analyst/57268587?source=searchResults&q=data%20analyst&filter=%2Fjobs%2Fdata-analyst-jobs%3Fq%3Ddata%2Banalyst%26keywords%3DData%2BAnalyst
Data Analyst,Penguin Recruitment Ltd,"Bristol, Avon",2026-09-09,https://www.reed.co.uk/jobs/data-analyst/57327903?source=searchResults&q=data%20analyst&filter=%2Fjobs%2Fdata-analyst-jobs%3Fq%3Ddata%2Banalyst%26keywords%3DData%2BAnalyst,https://www.reed.co.uk/jobs/penguin-recruitment/p2808,Actively Hiring,"Company: Penguin Recruitment Ltd | Salary: £28,000 - £32,000 per annum | Type: Permanent, full-time, On-site | Badges: Featured, Easy Apply",Reed.co.uk,https://www.reed.co.uk/jobs/penguin-recruitment/p2808,https://www.reed.co.uk/jobs/data-analyst/57327903?source=searchResults&q=data%20analyst&filter=%2Fjobs%2Fdata-analyst-jobs%3Fq%3Ddata%2Banalyst%26keywords%3DData%2BAnalyst
Data Analyst,VIQU IT Recruitment,"Solihull, West Midlands (County)",2026-08-31,https://www.reed.co.uk/jobs/data-analyst/57214244?source=searchResults&q=data%20analyst&filter=%2Fjobs%2Fdata-analyst-jobs%3Fq%3Ddata%2Banalyst%26keywords%3DData%2BAnalyst,https://www.reed.co.uk/jobs/viqu-limited-86416/p86416,Actively Hiring,"Company: VIQU IT Recruitment | Salary: £30,000 - £35,000 per annum | Type: Permanent, full-time, On-site | Badges: Easy Apply",Reed.co.uk,https://www.reed.co.uk/jobs/viqu-limited-86416/p86416,https://www.reed.co.uk/jobs/data-analyst/57214244?source=searchResults&q=data%20analyst&filter=%2Fjobs%2Fdata-analyst-jobs%3Fq%3Ddata%2Banalyst%26keywords%3DData%2BAnalyst
Data Analyst,Harnham - Data & Analytics Recruitment,London,2026-08-21,https://www.reed.co.uk/jobs/data-analyst/57265274?source=searchResults&q=data%20analyst&filter=%2Fjobs%2Fdata-analyst-jobs%3Fq%3Ddata%2Banalyst%26keywords%3DData%2BAnalyst,https://www.reed.co.uk/jobs/harnham-search-selection/p9243,Actively Hiring,"Company: Harnham - Data & Analytics Recruitment | Salary: £70,000 - £75,000 per annum | Type: Permanent, full-time, Hybrid",Reed.co.uk,https://www.reed.co.uk/jobs/harnham-search-selection/p9243,https://www.reed.co.uk/jobs/data-analyst/57265274?source=searchResults&q=data%20analyst&filter=%2Fjobs%2Fdata-analyst-jobs%3Fq%3Ddata%2Banalyst%26keywords%3DData%2BAnalyst
Data Analyst,Robert Half,London,2026-08-24,https://www.reed.co.uk/jobs/data-analyst/57271010?source=searchResults&q=data%20analyst&filter=%2Fjobs%2Fdata-analyst-jobs%3Fq%3Ddata%2Banalyst%26keywords%3DData%2BAnalyst,https://www.reed.co.uk/jobs/robert-half-92729/p92729,Actively Hiring,"Company: Robert Half | Salary: Salary negotiable | Type: Contract, full-time, Hybrid | Badges: Featured, Easy Apply",Reed.co.uk,https://www.reed.co.uk/jobs/robert-half-92729/p92729,https://www.reed.co.uk/jobs/data-analyst/57271010?source=searchResults&q=data%20analyst&filter=%2Fjobs%2Fdata-analyst-jobs%3Fq%3Ddata%2Banalyst%26keywords%3DData%2BAnalyst
Data Analyst,Harnham - Data & Analytics Recruitment,London,2026-09-17,https://www.reed.co.uk/jobs/data-analyst/57355215?source=searchResults&q=data%20analyst&filter=%2Fjobs%2Fdata-analyst-jobs%3Fq%3Ddata%2Banalyst%26keywords%3DData%2BAnalyst,https://www.reed.co.uk/jobs/harnham-search-selection/p9243,Actively Hiring,"Company: Harnham - Data & Analytics Recruitment | Salary: £50,000 - £55,000 per annum | Type: Permanent, full-time, Remote | Badges: New",Reed.co.uk,https://www.reed.co.uk/jobs/harnham-search-selection/p9243,https://www.reed.co.uk/jobs/data-analyst/57355215?source=searchResults&q=data%20analyst&filter=%2Fjobs%2Fdata-analyst-jobs%3Fq%3Ddata%2Banalyst%26keywords%3DData%2BAnalyst
Data Analyst,Harnham - Data & Analytics Recruitment,"Leicester, Leicestershire",2026-09-10,https://www.reed.co.uk/jobs/data-analyst/57331824?source=searchResults&q=data%20analyst&filter=%2Fjobs%2Fdata-analyst-jobs%3Fq%3Ddata%2Banalyst%26keywords%3DData%2BAnalyst,https://www.reed.co.uk/jobs/harnham-search-selection/p9243,Actively Hiring,"Company: Harnham - Data & Analytics Recruitment | Salary: £350 - £400 per day | Type: Contract, full-time, Hybrid | Badges: Easy Apply",Reed.co.uk,https://www.reed.co.uk/jobs/harnham-search-selection/p9243,https://www.reed.co.uk/jobs/data-analyst/57331824?source=searchResults&q=data%20analyst&filter=%2Fjobs%2Fdata-analyst-jobs%3Fq%3Ddata%2Banalyst%26keywords%3DData%2BAnalyst
Data Analyst,Harnham - Data & Analytics Recruitment,London,2026-08-18,https://www.reed.co.uk/jobs/data-analyst/57252421?source=searchResults&q=data%20analyst&filter=%2Fjobs%2Fdata-analyst-jobs%3Fq%3Ddata%2Banalyst%26keywords%3DData%2BAnalyst,https://www.reed.co.uk/jobs/harnham-search-selection/p9243,Actively Hiring,"Company: Harnham - Data & Analytics Recruitment | Salary: £350 - £400 per day | Type: Contract, full-time, Remote",Reed.co.uk,https://www.reed.co.uk/jobs/harnham-search-selection/p9243,https://www.reed.co.uk/jobs/data-analyst/57252421?source=searchResults&q=data%20analyst&filter=%2Fjobs%2Fdata-analyst-jobs%3Fq%3Ddata%2Banalyst%26keywords%3DData%2BAnalyst
Data Analyst,Catalyst,"Gateshead, Tyne and Wear",2026-09-10,https://www.reed.co.uk/jobs/data-analyst/57330813?source=searchResults&q=data%20analyst&filter=%2Fjobs%2Fdata-analyst-jobs%3Fq%3Ddata%2Banalyst%26keywords%3DData%2BAnalyst,https://www.reed.co.uk/jobs/catalyst/p8970,Actively Hiring,"Company: Catalyst | Salary: £50,000 - £80,000 per annum, negotiable | Type: Permanent, full-time, On-site | Badges: Featured",Reed.co.uk,https://www.reed.co.uk/jobs/catalyst/p8970,https://www.reed.co.uk/jobs/data-analyst/57330813?source=searchResults&q=data%20analyst&filter=%2Fjobs%2Fdata-analyst-jobs%3Fq%3Ddata%2Banalyst%26keywords%3DData%2BAnalyst
Data Analyst,Trace | Expert Accountancy & Finance Recruitment,London,2026-08-25,https://www.reed.co.uk/jobs/data-analyst/57276378?source=searchResults&q=data%20analyst&filter=%2Fjobs%2Fdata-analyst-jobs%3Fq%3Ddata%2Banalyst%26keywords%3DData%2BAnalyst,https://www.reed.co.uk/jobs/trace-recruit-ltd/p7894,Actively Hiring,"Company: Trace | Expert Accountancy & Finance Recruitment | Salary: AUD$35,000 - AUD$45,000 per annum | Type: Permanent, full-time, Hybrid | Badges: Featured, Easy Apply",Reed.co.uk,https://www.reed.co.uk/jobs/trace-recruit-ltd/p7894,https://www.reed.co.uk/jobs/data-analyst/57276378?source=searchResults&q=data%20analyst&filter=%2Fjobs%2Fdata-analyst-jobs%3Fq%3Ddata%2Banalyst%26keywords%3DData%2BAnalyst
Data Analyst,Harnham - Data & Analytics Recruitment,"Leicester, Leicestershire",2026-09-17,https://www.reed.co.uk/jobs/data-analyst/57352194?source=searchResults&q=data%20analyst&filter=%2Fjobs%2Fdata-analyst-jobs%3Fq%3Ddata%2Banalyst%26keywords%3DData%2BAnalyst,https://www.reed.co.uk/jobs/harnham-search-selection/p9243,Actively Hiring,"Company: Harnham - Data & Analytics Recruitment | Salary: £350 - £400 per day | Type: Contract, full-time, On-site | Badges: New, Easy Apply",Reed.co.uk,https://www.reed.co.uk/jobs/harnham-search-selection/p9243,https://www.reed.co.uk/jobs/data-analyst/57352194?source=searchResults&q=data%20analyst&filter=%2Fjobs%2Fdata-analyst-jobs%3Fq%3Ddata%2Banalyst%26keywords%3DData%2BAnalyst
Data Analyst,Finlay Jude Associates Limited,Hampshire,2026-09-17,https://www.reed.co.uk/jobs/data-analyst/57352729?source=searchResults&q=data%20analyst&filter=%2Fjobs%2Fdata-analyst-jobs%3Fq%3Ddata%2Banalyst%26keywords%3DData%2BAnalyst,https://www.reed.co.uk/jobs/-finlay-jude-associates-limited-91519/p91519,Actively Hiring,"Company: Finlay Jude Associates Limited | Salary: £13 per hour | Type: Permanent, full-time, On-site | Badges: New, Easy Apply",Reed.co.uk,https://www.reed.co.uk/jobs/-finlay-jude-associates-limited-91519/p91519,https://www.reed.co.uk/jobs/data-analyst/57352729?source=searchResults&q=data%20analyst&filter=%2Fjobs%2Fdata-analyst-jobs%3Fq%3Ddata%2Banalyst%26keywords%3DData%2BAnalyst
Data Analyst,Harnham - Data & Analytics Recruitment,London,2026-08-11,https://www.reed.co.uk/jobs/data-analyst/57225110?source=searchResults&q=data%20analyst&filter=%2Fjobs%2Fdata-analyst-jobs%3Fq%3Ddata%2Banalyst%26keywords%3DData%2BAnalyst,https://www.reed.co.uk/jobs/harnham-search-selection/p9243,Actively Hiring,"Company: Harnham - Data & Analytics Recruitment | Salary: £45,000 - £55,000 per annum | Type: Contract, full-time, On-site | Badges: Easy Apply",Reed.co.uk,https://www.reed.co.uk/jobs/harnham-search-selection/p9243,https://www.reed.co.uk/jobs/data-analyst/57225110?source=searchResults&q=data%20analyst&filter=%2Fjobs%2Fdata-analyst-jobs%3Fq%3Ddata%2Banalyst%26keywords%3DData%2BAnalyst
One Year Management Placement / Internship - Reading,Enterprise Mobility,"Reading, Berkshire",2026-09-10,https://www.reed.co.uk/jobs/one-year-management-placement-internship-reading/57326855?source=searchResults&q=intern&filter=%2Fjobs%2Fintern-jobs%3Fq%3Dintern%26keywords%3DIntern,https://www.reed.co.uk/jobs/enterprise-rent-a-car-41114/p41114,Actively Hiring,"Company: Enterprise Mobility | Salary: Competitive salary | Type: Contract, full-time, On-site | Badges: Promoted, EarlyBirdEarly bird",Reed.co.uk,https://www.reed.co.uk/jobs/enterprise-rent-a-car-41114/p41114,https://www.reed.co.uk/jobs/one-year-management-placement-internship-reading/57326855?source=searchResults&q=intern&filter=%2Fjobs%2Fintern-jobs%3Fq%3Dintern%26keywords%3DIntern
One Year Management Placement / Internship - High Wycombe / Aylesbury,Enterprise Mobility,"High Wycombe, Buckinghamshire",2026-09-10,https://www.reed.co.uk/jobs/one-year-management-placement-internship-high-wycombe-aylesbury/57326871?source=searchResults&q=intern&filter=%2Fjobs%2Fintern-jobs%3Fq%3Dintern%26keywords%3DIntern,https://www.reed.co.uk/jobs/enterprise-rent-a-car-41114/p41114,Actively Hiring,"Company: Enterprise Mobility | Salary: Competitive salary | Type: Contract, full-time, On-site | Badges: Promoted, EarlyBirdEarly bird",Reed.co.uk,https://www.reed.co.uk/jobs/enterprise-rent-a-car-41114/p41114,https://www.reed.co.uk/jobs/one-year-management-placement-internship-high-wycombe-aylesbury/57326871?source=searchResults&q=intern&filter=%2Fjobs%2Fintern-jobs%3Fq%3Dintern%26keywords%3DIntern
One Year Management Placement / Internship - Daventry,Enterprise Mobility,"Long March Industrial Estate, Northamptonshire",2026-09-10,https://www.reed.co.uk/jobs/one-year-management-placement-internship-daventry/57326837?source=searchResults&q=intern&filter=%2Fjobs%2Fintern-jobs%3Fq%3Dintern%26keywords%3DIntern,https://www.reed.co.uk/jobs/enterprise-rent-a-car-41114/p41114,Actively Hiring,"Company: Enterprise Mobility | Salary: Competitive salary | Type: Contract, full-time, On-site | Badges: Featured, EarlyBirdEarly bird",Reed.co.uk,https://www.reed.co.uk/jobs/enterprise-rent-a-car-41114/p41114,https://www.reed.co.uk/jobs/one-year-management-placement-internship-daventry/57326837?source=searchResults&q=intern&filter=%2Fjobs%2Fintern-jobs%3Fq%3Dintern%26keywords%3DIntern
One Year Management Placement / Internship - Ayr,Enterprise Mobility,"Heathfield Industrial Estate, Ayr, Ayrshire",2026-09-10,https://www.reed.co.uk/jobs/one-year-management-placement-internship-ayr/57326989?source=searchResults&q=intern&filter=%2Fjobs%2Fintern-jobs%3Fq%3Dintern%26keywords%3DIntern,https://www.reed.co.uk/jobs/enterprise-rent-a-car-41114/p41114,Actively Hiring,"Company: Enterprise Mobility | Salary: Competitive salary | Type: Contract, full-time, On-site | Badges: Featured, EarlyBirdEarly bird",Reed.co.uk,https://www.reed.co.uk/jobs/enterprise-rent-a-car-41114/p41114,https://www.reed.co.uk/jobs/one-year-management-placement-internship-ayr/57326989?source=searchResults&q=intern&filter=%2Fjobs%2Fintern-jobs%3Fq%3Dintern%26keywords%3DIntern
One Year Management Placement / Internship - Weston Super Mare,Enterprise Mobility,"Weston-super-Mare, Avon",2026-09-10,https://www.reed.co.uk/jobs/one-year-management-placement-internship-weston-super-mare/57326892?source=searchResults&q=intern&filter=%2Fjobs%2Fintern-jobs%3Fq%3Dintern%26keywords%3DIntern,https://www.reed.co.uk/jobs/enterprise-rent-a-car-41114/p41114,Actively Hiring,"Company: Enterprise Mobility | Salary: Competitive salary | Type: Contract, full-time, On-site | Badges: Featured, EarlyBirdEarly bird",Reed.co.uk,https://www.reed.co.uk/jobs/enterprise-rent-a-car-41114/p41114,https://www.reed.co.uk/jobs/one-year-management-placement-internship-weston-super-mare/57326892?source=searchResults&q=intern&filter=%2Fjobs%2Fintern-jobs%3Fq%3Dintern%26keywords%3DIntern
One Year Management Placement / Internship - London,Enterprise Mobility,"London Heathrow Airport, Middlesex",2026-09-15,https://www.reed.co.uk/jobs/one-year-management-placement-internship-london/57344500?source=searchResults&q=intern&filter=%2Fjobs%2Fintern-jobs%3Fq%3Dintern%26keywords%3DIntern,https://www.reed.co.uk/jobs/enterprise-rent-a-car-41114/p41114,Actively Hiring,"Company: Enterprise Mobility | Salary: Competitive salary | Type: Contract, full-time, On-site | Badges: Featured",Reed.co.uk,https://www.reed.co.uk/jobs/enterprise-rent-a-car-41114/p41114,https://www.reed.co.uk/jobs/one-year-management-placement-internship-london/57344500?source=searchResults&q=intern&filter=%2Fjobs%2Fintern-jobs%3Fq%3Dintern%26keywords%3DIntern
One Year Management Placement / Internship - Bristol,Enterprise Mobility,"Bristol, Avon",2026-09-10,https://www.reed.co.uk/jobs/one-year-management-placement-internship-bristol/57326905?source=searchResults&q=intern&filter=%2Fjobs%2Fintern-jobs%3Fq%3Dintern%26keywords%3DIntern,https://www.reed.co.uk/jobs/enterprise-rent-a-car-41114/p41114,Actively Hiring,"Company: Enterprise Mobility | Salary: Competitive salary | Type: Contract, full-time, On-site | Badges: Featured, EarlyBirdEarly bird",Reed.co.uk,https://www.reed.co.uk/jobs/enterprise-rent-a-car-41114/p41114,https://www.reed.co.uk/jobs/one-year-management-placement-internship-bristol/57326905?source=searchResults&q=intern&filter=%2Fjobs%2Fintern-jobs%3Fq%3Dintern%26keywords%3DIntern
One Year Management Placement / Internship - Manchester,Enterprise Mobility,"Manchester, Lancashire",2026-09-10,https://www.reed.co.uk/jobs/one-year-management-placement-internship-manchester/57326839?source=searchResults&q=intern&filter=%2Fjobs%2Fintern-jobs%3Fq%3Dintern%26keywords%3DIntern,https://www.reed.co.uk/jobs/enterprise-rent-a-car-41114/p41114,Actively Hiring,"Company: Enterprise Mobility | Salary: Competitive salary | Type: Contract, full-time, On-site | Badges: Featured, EarlyBirdEarly bird",Reed.co.uk,https://www.reed.co.uk/jobs/enterprise-rent-a-car-41114/p41114,https://www.reed.co.uk/jobs/one-year-management-placement-internship-manchester/57326839?source=searchResults&q=intern&filter=%2Fjobs%2Fintern-jobs%3Fq%3Dintern%26keywords%3DIntern
One Year Management Placement / Internship - Wolverhampton,Enterprise Mobility,"Wolverhampton, West Midlands (County)",2026-09-10,https://www.reed.co.uk/jobs/one-year-management-placement-internship-wolverhampton/57326918?source=searchResults&q=intern&filter=%2Fjobs%2Fintern-jobs%3Fq%3Dintern%26keywords%3DIntern,https://www.reed.co.uk/jobs/enterprise-rent-a-car-41114/p41114,Actively Hiring,"Company: Enterprise Mobility | Salary: Competitive salary | Type: Contract, full-time, On-site | Badges: Featured, EarlyBirdEarly bird",Reed.co.uk,https://www.reed.co.uk/jobs/enterprise-rent-a-car-41114/p41114,https://www.reed.co.uk/jobs/one-year-management-placement-internship-wolverhampton/57326918?source=searchResults&q=intern&filter=%2Fjobs%2Fintern-jobs%3Fq%3Dintern%26keywords%3DIntern
One Year Management Placement / Internship - Newcastle,Enterprise Mobility,"Newcastle Upon Tyne, Tyne and Wear",2026-09-10,https://www.reed.co.uk/jobs/one-year-management-placement-internship-newcastle/57326908?source=searchResults&q=intern&filter=%2Fjobs%2Fintern-jobs%3Fq%3Dintern%26keywords%3DIntern,https://www.reed.co.uk/jobs/enterprise-rent-a-car-41114/p41114,Actively Hiring,"Company: Enterprise Mobility | Salary: Competitive salary | Type: Contract, full-time, On-site | Badges: Featured, EarlyBirdEarly bird",Reed.co.uk,https://www.reed.co.uk/jobs/enterprise-rent-a-car-41114/p41114,https://www.reed.co.uk/jobs/one-year-management-placement-internship-newcastle/57326908?source=searchResults&q=intern&filter=%2Fjobs%2Fintern-jobs%3Fq%3Dintern%26keywords%3DIntern
One Year Management Placement / Internship - Whitehaven,Enterprise Mobility,"Workington, Cumbria",2026-09-10,https://www.reed.co.uk/jobs/one-year-management-placement-internship-whitehaven/57326987?source=searchResults&q=intern&filter=%2Fjobs%2Fintern-jobs%3Fq%3Dintern%26keywords%3DIntern,https://www.reed.co.uk/jobs/enterprise-rent-a-car-41114/p41114,Actively Hiring,"Company: Enterprise Mobility | Salary: Competitive salary | Type: Contract, full-time, On-site | Badges: Featured, EarlyBirdEarly bird",Reed.co.uk,https://www.reed.co.uk/jobs/enterprise-rent-a-car-41114/p41114,https://www.reed.co.uk/jobs/one-year-management-placement-internship-whitehaven/57326987?source=searchResults&q=intern&filter=%2Fjobs%2Fintern-jobs%3Fq%3Dintern%26keywords%3DIntern
One Year Management Placement / Internship - Dorchester,Enterprise Mobility,"Dorchester, Dorset",2026-09-10,https://www.reed.co.uk/jobs/one-year-management-placement-internship-dorchester/57327014?source=searchResults&q=intern&filter=%2Fjobs%2Fintern-jobs%3Fq%3Dintern%26keywords%3DIntern,https://www.reed.co.uk/jobs/enterprise-rent-a-car-41114/p41114,Actively Hiring,"Company: Enterprise Mobility | Salary: Competitive salary | Type: Contract, full-time, On-site | Badges: Featured, EarlyBirdEarly bird",Reed.co.uk,https://www.reed.co.uk/jobs/enterprise-rent-a-car-41114/p41114,https://www.reed.co.uk/jobs/one-year-management-placement-internship-dorchester/57327014?source=searchResults&q=intern&filter=%2Fjobs%2Fintern-jobs%3Fq%3Dintern%26keywords%3DIntern
One Year Management Placement / Internship - Sunderland,Enterprise Mobility,"Sunderland, Tyne and Wear",2026-09-10,https://www.reed.co.uk/jobs/one-year-management-placement-internship-sunderland/57326840?source=searchResults&q=intern&filter=%2Fjobs%2Fintern-jobs%3Fq%3Dintern%26keywords%3DIntern,https://www.reed.co.uk/jobs/enterprise-rent-a-car-41114/p41114,Actively Hiring,"Company: Enterprise Mobility | Salary: Competitive salary | Type: Contract, full-time, On-site | Badges: Featured, EarlyBirdEarly bird",Reed.co.uk,https://www.reed.co.uk/jobs/enterprise-rent-a-car-41114/p41114,https://www.reed.co.uk/jobs/one-year-management-placement-internship-sunderland/57326840?source=searchResults&q=intern&filter=%2Fjobs%2Fintern-jobs%3Fq%3Dintern%26keywords%3DIntern
One Year Management Placement / Internship - Liverpool,Enterprise Mobility,"Birkenhead, Merseyside",2026-09-10,https://www.reed.co.uk/jobs/one-year-management-placement-internship-liverpool/57326882?source=searchResults&q=intern&filter=%2Fjobs%2Fintern-jobs%3Fq%3Dintern%26keywords%3DIntern,https://www.reed.co.uk/jobs/enterprise-rent-a-car-41114/p41114,Actively Hiring,"Company: Enterprise Mobility | Salary: Competitive salary | Type: Contract, full-time, On-site | Badges: Featured, EarlyBirdEarly bird",Reed.co.uk,https://www.reed.co.uk/jobs/enterprise-rent-a-car-41114/p41114,https://www.reed.co.uk/jobs/one-year-management-placement-internship-liverpool/57326882?source=searchResults&q=intern&filter=%2Fjobs%2Fintern-jobs%3Fq%3Dintern%26keywords%3DIntern
One Year Management Placement / Internship - Cheshire,Enterprise Mobility,Cheshire,2026-09-10,https://www.reed.co.uk/jobs/one-year-management-placement-internship-cheshire/57326938?source=searchResults&q=intern&filter=%2Fjobs%2Fintern-jobs%3Fq%3Dintern%26keywords%3DIntern,https://www.reed.co.uk/jobs/enterprise-rent-a-car-41114/p41114,Actively Hiring,"Company: Enterprise Mobility | Salary: Competitive salary | Type: Contract, full-time, On-site | Badges: Featured, EarlyBirdEarly bird",Reed.co.uk,https://www.reed.co.uk/jobs/enterprise-rent-a-car-41114/p41114,https://www.reed.co.uk/jobs/one-year-management-placement-internship-cheshire/57326938?source=searchResults&q=intern&filter=%2Fjobs%2Fintern-jobs%3Fq%3Dintern%26keywords%3DIntern
One Year Management Placement / Internship - Salisbury / Andover,Enterprise Mobility,"Andover, Hampshire",2026-09-10,https://www.reed.co.uk/jobs/one-year-management-placement-internship-salisbury-andover/57326974?source=searchResults&q=intern&filter=%2Fjobs%2Fintern-jobs%3Fq%3Dintern%26keywords%3DIntern,https://www.reed.co.uk/jobs/enterprise-rent-a-car-41114/p41114,Actively Hiring,"Company: Enterprise Mobility | Salary: Competitive salary | Type: Contract, full-time, On-site | Badges: Featured, EarlyBirdEarly bird",Reed.co.uk,https://www.reed.co.uk/jobs/enterprise-rent-a-car-41114/p41114,https://www.reed.co.uk/jobs/one-year-management-placement-internship-salisbury-andover/57326974?source=searchResults&q=intern&filter=%2Fjobs%2Fintern-jobs%3Fq%3Dintern%26keywords%3DIntern
One Year Management Placement / Internship - Chelmsford,Enterprise Mobility,"Chelmsford, Essex",2026-09-10,https://www.reed.co.uk/jobs/one-year-management-placement-internship-chelmsford/57327027?source=searchResults&q=intern&filter=%2Fjobs%2Fintern-jobs%3Fq%3Dintern%26keywords%3DIntern,https://www.reed.co.uk/jobs/enterprise-rent-a-car-41114/p41114,Actively Hiring,"Company: Enterprise Mobility | Salary: Competitive salary | Type: Contract, full-time, On-site | Badges: Featured, EarlyBirdEarly bird",Reed.co.uk,https://www.reed.co.uk/jobs/enterprise-rent-a-car-41114/p41114,https://www.reed.co.uk/jobs/one-year-management-placement-internship-chelmsford/57327027?source=searchResults&q=intern&filter=%2Fjobs%2Fintern-jobs%3Fq%3Dintern%26keywords%3DIntern
One Year Management Placement / Internship - Cumbria,Enterprise Mobility,"Carlisle, Cumbria",2026-09-10,https://www.reed.co.uk/jobs/one-year-management-placement-internship-cumbria/57326975?source=searchResults&q=intern&filter=%2Fjobs%2Fintern-jobs%3Fq%3Dintern%26keywords%3DIntern,https://www.reed.co.uk/jobs/enterprise-rent-a-car-41114/p41114,Actively Hiring,"Company: Enterprise Mobility | Salary: Competitive salary | Type: Contract, full-time, On-site | Badges: Featured, EarlyBirdEarly bird",Reed.co.uk,https://www.reed.co.uk/jobs/enterprise-rent-a-car-41114/p41114,https://www.reed.co.uk/jobs/one-year-management-placement-internship-cumbria/57326975?source=searchResults&q=intern&filter=%2Fjobs%2Fintern-jobs%3Fq%3Dintern%26keywords%3DIntern
One Year Management Placement / Internship - Barnstaple,Enterprise Mobility,"Whiddon Valley Industrial Estate, Devon",2026-09-10,https://www.reed.co.uk/jobs/one-year-management-placement-internship-barnstaple/57326962?source=searchResults&q=intern&filter=%2Fjobs%2Fintern-jobs%3Fq%3Dintern%26keywords%3DIntern,https://www.reed.co.uk/jobs/enterprise-rent-a-car-41114/p41114,Actively Hiring,"Company: Enterprise Mobility | Salary: Competitive salary | Type: Contract, full-time, On-site | Badges: Featured, EarlyBirdEarly bird",Reed.co.uk,https://www.reed.co.uk/jobs/enterprise-rent-a-car-41114/p41114,https://www.reed.co.uk/jobs/one-year-management-placement-internship-barnstaple/57326962?source=searchResults&q=intern&filter=%2Fjobs%2Fintern-jobs%3Fq%3Dintern%26keywords%3DIntern
One Year Management Placement / Internship - Derby,Enterprise Mobility,"Pride Park, Derbyshire",2026-09-10,https://www.reed.co.uk/jobs/one-year-management-placement-internship-derby/57326916?source=searchResults&q=intern&filter=%2Fjobs%2Fintern-jobs%3Fq%3Dintern%26keywords%3DIntern,https://www.reed.co.uk/jobs/enterprise-rent-a-car-41114/p41114,Actively Hiring,"Company: Enterprise Mobility | Salary: Competitive salary | Type: Contract, full-time, On-site | Badges: Featured, EarlyBirdEarly bird",Reed.co.uk,https://www.reed.co.uk/jobs/enterprise-rent-a-car-41114/p41114,https://www.reed.co.uk/jobs/one-year-management-placement-internship-derby/57326916?source=searchResults&q=intern&filter=%2Fjobs%2Fintern-jobs%3Fq%3Dintern%26keywords%3DIntern
One Year Management Placement / Internship - Penzance,Enterprise Mobility,"Long Rock, Cornwall",2026-09-10,https://www.reed.co.uk/jobs/one-year-management-placement-internship-penzance/57327022?source=searchResults&q=intern&filter=%2Fjobs%2Fintern-jobs%3Fq%3Dintern%26keywords%3DIntern,https://www.reed.co.uk/jobs/enterprise-rent-a-car-41114/p41114,Actively Hiring,"Company: Enterprise Mobility | Salary: Competitive salary | Type: Contract, full-time, On-site | Badges: Featured, EarlyBirdEarly bird",Reed.co.uk,https://www.reed.co.uk/jobs/enterprise-rent-a-car-41114/p41114,https://www.reed.co.uk/jobs/one-year-management-placement-internship-penzance/57327022?source=searchResults&q=intern&filter=%2Fjobs%2Fintern-jobs%3Fq%3Dintern%26keywords%3DIntern
One Year Management Placement / Internship - Huddersfield,Enterprise Mobility,"Huddersfield, West Yorkshire",2026-09-10,https://www.reed.co.uk/jobs/one-year-management-placement-internship-huddersfield/57326934?source=searchResults&q=intern&filter=%2Fjobs%2Fintern-jobs%3Fq%3Dintern%26keywords%3DIntern,https://www.reed.co.uk/jobs/enterprise-rent-a-car-41114/p41114,Actively Hiring,"Company: Enterprise Mobility | Salary: Competitive salary | Type: Contract, full-time, On-site | Badges: Featured, EarlyBirdEarly bird",Reed.co.uk,https://www.reed.co.uk/jobs/enterprise-rent-a-car-41114/p41114,https://www.reed.co.uk/jobs/one-year-management-placement-internship-huddersfield/57326934?source=searchResults&q=intern&filter=%2Fjobs%2Fintern-jobs%3Fq%3Dintern%26keywords%3DIntern
One Year Management Placement / Internship - Dumfries,Enterprise Mobility,"Dumfries, Dumfriesshire",2026-09-10,https://www.reed.co.uk/jobs/one-year-management-placement-internship-dumfries/57326946?source=searchResults&q=intern&filter=%2Fjobs%2Fintern-jobs%3Fq%3Dintern%26keywords%3DIntern,https://www.reed.co.uk/jobs/enterprise-rent-a-car-41114/p41114,Actively Hiring,"Company: Enterprise Mobility | Salary: Competitive salary | Type: Contract, full-time, On-site | Badges: Featured, EarlyBirdEarly bird",Reed.co.uk,https://www.reed.co.uk/jobs/enterprise-rent-a-car-41114/p41114,https://www.reed.co.uk/jobs/one-year-management-placement-internship-dumfries/57326946?source=searchResults&q=intern&filter=%2Fjobs%2Fintern-jobs%3Fq%3Dintern%26keywords%3DIntern
One Year Management Placement / Internship - Scarborough,Enterprise Mobility,"Scarborough, North Yorkshire",2026-09-10,https://www.reed.co.uk/jobs/one-year-management-placement-internship-scarborough/57327039?source=searchResults&q=intern&filter=%2Fjobs%2Fintern-jobs%3Fq%3Dintern%26keywords%3DIntern,https://www.reed.co.uk/jobs/enterprise-rent-a-car-41114/p41114,Actively Hiring,"Company: Enterprise Mobility | Salary: Competitive salary | Type: Contract, full-time, On-site | Badges: Featured, EarlyBirdEarly bird",Reed.co.uk,https://www.reed.co.uk/jobs/enterprise-rent-a-car-41114/p41114,https://www.reed.co.uk/jobs/one-year-management-placement-internship-scarborough/57327039?source=searchResults&q=intern&filter=%2Fjobs%2Fintern-jobs%3Fq%3Dintern%26keywords%3DIntern
One Year Management Placement / Internship - Carmarthen / Llanelli,Enterprise Mobility,"Johnstown, Carmarthen, Dyfed",2026-09-10,https://www.reed.co.uk/jobs/one-year-management-placement-internship-carmarthen-llanelli/57326900?source=searchResults&q=intern&filter=%2Fjobs%2Fintern-jobs%3Fq%3Dintern%26keywords%3DIntern,https://www.reed.co.uk/jobs/enterprise-rent-a-car-41114/p41114,Actively Hiring,"Company: Enterprise Mobility | Salary: Competitive salary | Type: Contract, full-time, On-site | Badges: Featured, EarlyBirdEarly bird",Reed.co.uk,https://www.reed.co.uk/jobs/enterprise-rent-a-car-41114/p41114,https://www.reed.co.uk/jobs/one-year-management-placement-internship-carmarthen-llanelli/57326900?source=searchResults&q=intern&filter=%2Fjobs%2Fintern-jobs%3Fq%3Dintern%26keywords%3DIntern
Trainee Software Developer,ITOL Recruit,United Kingdom,2026-09-02,https://www.reed.co.uk/jobs/trainee-software-developer/57302732?source=searchResults&q=software%20engineer&filter=%2Fjobs%2Fsoftware-engineer-jobs%3Fq%3Dsoftware%2Bengineer%26keywords%3DSoftware%2BEngineer%26salaryFrom%3D1500000,https://www.reed.co.uk/jobs/itol-recruit/p57826,Actively Hiring,"Company: ITOL Recruit | Salary: Training Course | Type: Permanent, full-time, On-site | Badges: Promoted",Reed.co.uk,https://www.reed.co.uk/jobs/itol-recruit/p57826,https://www.reed.co.uk/jobs/trainee-software-developer/57302732?source=searchResults&q=software%20engineer&filter=%2Fjobs%2Fsoftware-engineer-jobs%3Fq%3Dsoftware%2Bengineer%26keywords%3DSoftware%2BEngineer%26salaryFrom%3D1500000
Trainee Software Developer,ITOL Recruit,United Kingdom,2026-09-02,https://www.reed.co.uk/jobs/trainee-software-developer/57302732?source=searchResults&q=software%20engineer&filter=%2Fjobs%2Fsoftware-engineer-jobs%3Fq%3Dsoftware%2Bengineer%26keywords%3DSoftware%2BEngineer%26dateCreatedOffSet%3Dtoday,https://www.reed.co.uk/jobs/itol-recruit/p57826,Actively Hiring,"Company: ITOL Recruit | Salary: Training Course | Type: Permanent, full-time, On-site | Badges: Promoted",Reed.co.uk,https://www.reed.co.uk/jobs/itol-recruit/p57826,https://www.reed.co.uk/jobs/trainee-software-developer/57302732?source=searchResults&q=software%20engineer&filter=%2Fjobs%2Fsoftware-engineer-jobs%3Fq%3Dsoftware%2Bengineer%26keywords%3DSoftware%2BEngineer%26dateCreatedOffSet%3Dtoday
Trainee Software Developer,ITOL Recruit,United Kingdom,2026-09-02,https://www.reed.co.uk/jobs/trainee-software-developer/57302732?source=searchResults&q=software%20engineer&filter=%2Fjobs%2Fsoftware-engineer-jobs-in-bangalore-street-sw15%3Fq%3Dsoftware%2Bengineer%26keywords%3DSoftware%2BEngineer%26locationName%3DBangalore%2BStreet%252C%2BSW15%26locationId%3D4572795,https://www.reed.co.uk/jobs/itol-recruit/p57826,Actively Hiring,"Company: ITOL Recruit | Salary: Training Course | Type: Permanent, full-time, On-site | Badges: Promoted",Reed.co.uk,https://www.reed.co.uk/jobs/itol-recruit/p57826,https://www.reed.co.uk/jobs/trainee-software-developer/57302732?source=searchResults&q=software%20engineer&filter=%2Fjobs%2Fsoftware-engineer-jobs-in-bangalore-street-sw15%3Fq%3Dsoftware%2Bengineer%26keywords%3DSoftware%2BEngineer%26locationName%3DBangalore%2BStreet%252C%2BSW15%26locationId%3D4572795
Software Engineer Apprentice,QA,London,2026-09-15,https://www.reed.co.uk/jobs/software-engineer-apprentice/57344073?source=searchResults&q=software%20engineer&filter=%2Fjobs%2Fsoftware-engineer-jobs-in-bangalore-street-sw15%3Fq%3Dsoftware%2Bengineer%26keywords%3DSoftware%2BEngineer%26locationName%3DBangalore%2BStreet%252C%2BSW15%26locationId%3D4572795,https://www.reed.co.uk/jobs/qa-ltd/p31199,Actively Hiring,"Company: QA | Salary: £25,500 per annum | Type: Permanent, full-time or part-time, Hybrid | Badges: Promoted",Reed.co.uk,https://www.reed.co.uk/jobs/qa-ltd/p31199,https://www.reed.co.uk/jobs/software-engineer-apprentice/57344073?source=searchResults&q=software%20engineer&filter=%2Fjobs%2Fsoftware-engineer-jobs-in-bangalore-street-sw15%3Fq%3Dsoftware%2Bengineer%26keywords%3DSoftware%2BEngineer%26locationName%3DBangalore%2BStreet%252C%2BSW15%26locationId%3D4572795
Senior Front Office Software Engineer,CMC Markets,London,2026-09-16,https://www.reed.co.uk/jobs/senior-front-office-software-engineer/57227370?source=searchResults&q=software%20engineer&filter=%2Fjobs%2Fsoftware-engineer-jobs-in-bangalore-street-sw15%3Fq%3Dsoftware%2Bengineer%26keywords%3DSoftware%2BEngineer%26locationName%3DBangalore%2BStreet%252C%2BSW15%26locationId%3D4572795,https://www.reed.co.uk/jobs/cmc-markets-78499/p78499,Actively Hiring,"Company: CMC Markets | Salary: Competitive salary | Type: Permanent, full-time, On-site | Badges: Featured",Reed.co.uk,https://www.reed.co.uk/jobs/cmc-markets-78499/p78499,https://www.reed.co.uk/jobs/senior-front-office-software-engineer/57227370?source=searchResults&q=software%20engineer&filter=%2Fjobs%2Fsoftware-engineer-jobs-in-bangalore-street-sw15%3Fq%3Dsoftware%2Bengineer%26keywords%3DSoftware%2BEngineer%26locationName%3DBangalore%2BStreet%252C%2BSW15%26locationId%3D4572795
Software Engineer,Tiro Partners Limited,London,2026-08-18,https://www.reed.co.uk/jobs/software-engineer/57250514?source=searchResults&q=software%20engineer&filter=%2Fjobs%2Fsoftware-engineer-jobs-in-bangalore-street-sw15%3Fq%3Dsoftware%2Bengineer%26keywords%3DSoftware%2BEngineer%26locationName%3DBangalore%2BStreet%252C%2BSW15%26locationId%3D4572795,https://www.reed.co.uk/jobs/tiro-partners-limited/p37480,Actively Hiring,"Company: Tiro Partners Limited | Salary: £70,000 - £75,000 per annum | Type: Permanent, full-time, Hybrid | Badges: Easy Apply",Reed.co.uk,https://www.reed.co.uk/jobs/tiro-partners-limited/p37480,https://www.reed.co.uk/jobs/software-engineer/57250514?source=searchResults&q=software%20engineer&filter=%2Fjobs%2Fsoftware-engineer-jobs-in-bangalore-street-sw15%3Fq%3Dsoftware%2Bengineer%26keywords%3DSoftware%2BEngineer%26locationName%3DBangalore%2BStreet%252C%2BSW15%26locationId%3D4572795
Software Engineer,Harnham - Data & Analytics Recruitment,London,2026-08-12,https://www.reed.co.uk/jobs/software-engineer/57229189?source=searchResults&q=software%20engineer&filter=%2Fjobs%2Fsoftware-engineer-jobs-in-bangalore-street-sw15%3Fq%3Dsoftware%2Bengineer%26keywords%3DSoftware%2BEngineer%26locationName%3DBangalore%2BStreet%252C%2BSW15%26locationId%3D4572795,https://www.reed.co.uk/jobs/harnham-search-selection/p9243,Actively Hiring,"Company: Harnham - Data & Analytics Recruitment | Salary: £100,000 - £130,000 per annum | Type: Permanent, full-time, On-site | Badges: Easy Apply",Reed.co.uk,https://www.reed.co.uk/jobs/harnham-search-selection/p9243,https://www.reed.co.uk/jobs/software-engineer/57229189?source=searchResults&q=software%20engineer&filter=%2Fjobs%2Fsoftware-engineer-jobs-in-bangalore-street-sw15%3Fq%3Dsoftware%2Bengineer%26keywords%3DSoftware%2BEngineer%26locationName%3DBangalore%2BStreet%252C%2BSW15%26locationId%3D4572795
Software Engineer,Ncounter,London,2026-08-12,https://www.reed.co.uk/jobs/software-engineer/57231272?source=searchResults&q=software%20engineer&filter=%2Fjobs%2Fsoftware-engineer-jobs-in-bangalore-street-sw15%3Fq%3Dsoftware%2Bengineer%26keywords%3DSoftware%2BEngineer%26locationName%3DBangalore%2BStreet%252C%2BSW15%26locationId%3D4572795,https://www.reed.co.uk/jobs/ncounter/p97947,Actively Hiring,"Company: Ncounter | Salary: £550 - £650 per day | Type: Contract, full-time, Hybrid | Badges: Easy Apply",Reed.co.uk,https://www.reed.co.uk/jobs/ncounter/p97947,https://www.reed.co.uk/jobs/software-engineer/57231272?source=searchResults&q=software%20engineer&filter=%2Fjobs%2Fsoftware-engineer-jobs-in-bangalore-street-sw15%3Fq%3Dsoftware%2Bengineer%26keywords%3DSoftware%2BEngineer%26locationName%3DBangalore%2BStreet%252C%2BSW15%26locationId%3D4572795
Software Developer,Addition,London,2026-08-27,https://www.reed.co.uk/jobs/software-developer/57281415?source=searchResults&q=software%20engineer&filter=%2Fjobs%2Fsoftware-engineer-jobs-in-bangalore-street-sw15%3Fq%3Dsoftware%2Bengineer%26keywords%3DSoftware%2BEngineer%26locationName%3DBangalore%2BStreet%252C%2BSW15%26locationId%3D4572795,https://www.reed.co.uk/jobs/addition-solutions-ltd/p27273,Actively Hiring,"Company: Addition | Salary: Competitive salary | Type: Permanent, full-time, Remote | Badges: Featured, Easy Apply",Reed.co.uk,https://www.reed.co.uk/jobs/addition-solutions-ltd/p27273,https://www.reed.co.uk/jobs/software-developer/57281415?source=searchResults&q=software%20engineer&filter=%2Fjobs%2Fsoftware-engineer-jobs-in-bangalore-street-sw15%3Fq%3Dsoftware%2Bengineer%26keywords%3DSoftware%2BEngineer%26locationName%3DBangalore%2BStreet%252C%2BSW15%26locationId%3D4572795
Software Engineer,Ashdown Group,"Hampton, Middlesex",2026-09-17,https://www.reed.co.uk/jobs/software-engineer/57360244?source=searchResults&q=software%20engineer&filter=%2Fjobs%2Fsoftware-engineer-jobs-in-bangalore-street-sw15%3Fq%3Dsoftware%2Bengineer%26keywords%3DSoftware%2BEngineer%26locationName%3DBangalore%2BStreet%252C%2BSW15%26locationId%3D4572795,https://www.reed.co.uk/jobs/ashdown-group-ltd/p4810,Actively Hiring,"Company: Ashdown Group | Salary: £72,000 - £80,000 per annum | Type: Permanent, full-time | Badges: Featured, New, Easy Apply",Reed.co.uk,https://www.reed.co.uk/jobs/ashdown-group-ltd/p4810,https://www.reed.co.uk/jobs/software-engineer/57360244?source=searchResults&q=software%20engineer&filter=%2Fjobs%2Fsoftware-engineer-jobs-in-bangalore-street-sw15%3Fq%3Dsoftware%2Bengineer%26keywords%3DSoftware%2BEngineer%26locationName%3DBangalore%2BStreet%252C%2BSW15%26locationId%3D4572795
Software Developer,Randstad Technologies,London,2026-08-11,https://www.reed.co.uk/jobs/software-developer/57224287?source=searchResults&q=software%20engineer&filter=%2Fjobs%2Fsoftware-engineer-jobs-in-bangalore-street-sw15%3Fq%3Dsoftware%2Bengineer%26keywords%3DSoftware%2BEngineer%26locationName%3DBangalore%2BStreet%252C%2BSW15%26locationId%3D4572795,https://www.reed.co.uk/jobs/randstad-technologies-101642/p101642,Actively Hiring,"Company: Randstad Technologies | Salary: £559 - £600 per day | Type: Contract, full-time, Hybrid | Badges: Easy Apply",Reed.co.uk,https://www.reed.co.uk/jobs/randstad-technologies-101642/p101642,https://www.reed.co.uk/jobs/software-developer/57224287?source=searchResults&q=software%20engineer&filter=%2Fjobs%2Fsoftware-engineer-jobs-in-bangalore-street-sw15%3Fq%3Dsoftware%2Bengineer%26keywords%3DSoftware%2BEngineer%26locationName%3DBangalore%2BStreet%252C%2BSW15%26locationId%3D4572795
Software Engineer,Consula Group LTD,London,2026-09-15,https://www.reed.co.uk/jobs/software-engineer/57329309?source=searchResults&q=software%20engineer&filter=%2Fjobs%2Fsoftware-engineer-jobs-in-bangalore-street-sw15%3Fq%3Dsoftware%2Bengineer%26keywords%3DSoftware%2BEngineer%26locationName%3DBangalore%2BStreet%252C%2BSW15%26locationId%3D4572795,https://www.reed.co.uk/jobs/consula-group-ltd-112861/p112861,Actively Hiring,"Company: Consula Group LTD | Salary: £60,000 - £80,000 per annum | Type: Permanent, full-time, Hybrid | Badges: Featured",Reed.co.uk,https://www.reed.co.uk/jobs/consula-group-ltd-112861/p112861,https://www.reed.co.uk/jobs/software-engineer/57329309?source=searchResults&q=software%20engineer&filter=%2Fjobs%2Fsoftware-engineer-jobs-in-bangalore-street-sw15%3Fq%3Dsoftware%2Bengineer%26keywords%3DSoftware%2BEngineer%26locationName%3DBangalore%2BStreet%252C%2BSW15%26locationId%3D4572795
Senior Software Engineer,Harvey Nash,London,2026-08-13,https://www.reed.co.uk/jobs/senior-software-engineer/57236245?source=searchResults&q=software%20engineer&filter=%2Fjobs%2Fsoftware-engineer-jobs-in-bangalore-street-sw15%3Fq%3Dsoftware%2Bengineer%26keywords%3DSoftware%2BEngineer%26locationName%3DBangalore%2BStreet%252C%2BSW15%26locationId%3D4572795,https://www.reed.co.uk/jobs/harvey-nash-56419/p56419,Actively Hiring,"Company: Harvey Nash | Salary: £75,000 - £105,000 per annum | Type: Permanent, full-time, Hybrid | Badges: Featured, Easy Apply",Reed.co.uk,https://www.reed.co.uk/jobs/harvey-nash-56419/p56419,https://www.reed.co.uk/jobs/senior-software-engineer/57236245?source=searchResults&q=software%20engineer&filter=%2Fjobs%2Fsoftware-engineer-jobs-in-bangalore-street-sw15%3Fq%3Dsoftware%2Bengineer%26keywords%3DSoftware%2BEngineer%26locationName%3DBangalore%2BStreet%252C%2BSW15%26locationId%3D4572795
Software Engineer - Treasury,Harnham - Data & Analytics Recruitment,London,2026-09-10,https://www.reed.co.uk/jobs/software-engineer-treasury/57334137?source=searchResults&q=software%20engineer&filter=%2Fjobs%2Fsoftware-engineer-jobs-in-bangalore-street-sw15%3Fq%3Dsoftware%2Bengineer%26keywords%3DSoftware%2BEngineer%26locationName%3DBangalore%2BStreet%252C%2BSW15%26locationId%3D4572795,https://www.reed.co.uk/jobs/harnham-search-selection/p9243,Actively Hiring,"Company: Harnham - Data & Analytics Recruitment | Salary: £180,000 - £200,000 per annum | Type: Permanent, full-time, On-site",Reed.co.uk,https://www.reed.co.uk/jobs/harnham-search-selection/p9243,https://www.reed.co.uk/jobs/software-engineer-treasury/57334137?source=searchResults&q=software%20engineer&filter=%2Fjobs%2Fsoftware-engineer-jobs-in-bangalore-street-sw15%3Fq%3Dsoftware%2Bengineer%26keywords%3DSoftware%2BEngineer%26locationName%3DBangalore%2BStreet%252C%2BSW15%26locationId%3D4572795
Software Engineer - Treasury,Harnham - Data & Analytics Recruitment,London,2026-09-01,https://www.reed.co.uk/jobs/software-engineer-treasury/57298787?source=searchResults&q=software%20engineer&filter=%2Fjobs%2Fsoftware-engineer-jobs-in-bangalore-street-sw15%3Fq%3Dsoftware%2Bengineer%26keywords%3DSoftware%2BEngineer%26locationName%3DBangalore%2BStreet%252C%2BSW15%26locationId%3D4572795,https://www.reed.co.uk/jobs/harnham-search-selection/p9243,Actively Hiring,"Company: Harnham - Data & Analytics Recruitment | Salary: £180,000 - £200,000 per annum | Type: Permanent, full-time, On-site",Reed.co.uk,https://www.reed.co.uk/jobs/harnham-search-selection/p9243,https://www.reed.co.uk/jobs/software-engineer-treasury/57298787?source=searchResults&q=software%20engineer&filter=%2Fjobs%2Fsoftware-engineer-jobs-in-bangalore-street-sw15%3Fq%3Dsoftware%2Bengineer%26keywords%3DSoftware%2BEngineer%26locationName%3DBangalore%2BStreet%252C%2BSW15%26locationId%3D4572795
Senior Software Developer,Harnham - Data & Analytics Recruitment,London,2026-09-02,https://www.reed.co.uk/jobs/senior-software-developer/57304113?source=searchResults&q=software%20engineer&filter=%2Fjobs%2Fsoftware-engineer-jobs-in-bangalore-street-sw15%3Fq%3Dsoftware%2Bengineer%26keywords%3DSoftware%2BEngineer%26locationName%3DBangalore%2BStreet%252C%2BSW15%26locationId%3D4572795,https://www.reed.co.uk/jobs/harnham-search-selection/p9243,Actively Hiring,"Company: Harnham - Data & Analytics Recruitment | Salary: £110,000 - £160,000 per annum | Type: Permanent, full-time, On-site",Reed.co.uk,https://www.reed.co.uk/jobs/harnham-search-selection/p9243,https://www.reed.co.uk/jobs/senior-software-developer/57304113?source=searchResults&q=software%20engineer&filter=%2Fjobs%2Fsoftware-engineer-jobs-in-bangalore-street-sw15%3Fq%3Dsoftware%2Bengineer%26keywords%3DSoftware%2BEngineer%26locationName%3DBangalore%2BStreet%252C%2BSW15%26locationId%3D4572795
Rust Software Engineer,"Yoh, A Day & Zimmermann Company","New Malden, Surrey",2026-08-20,https://www.reed.co.uk/jobs/rust-software-engineer/57258363?source=searchResults&q=software%20engineer&filter=%2Fjobs%2Fsoftware-engineer-jobs-in-bangalore-street-sw15%3Fq%3Dsoftware%2Bengineer%26keywords%3DSoftware%2BEngineer%26locationName%3DBangalore%2BStreet%252C%2BSW15%26locationId%3D4572795,https://www.reed.co.uk/jobs/yoh-a-day-zimmermann-company/p27327,Actively Hiring,"Company: Yoh, A Day & Zimmermann Company | Salary: £60,000 - £65,000 per annum, negotiable | Type: Permanent, full-time, On-site | Badges: Easy Apply",Reed.co.uk,https://www.reed.co.uk/jobs/yoh-a-day-zimmermann-company/p27327,https://www.reed.co.uk/jobs/rust-software-engineer/57258363?source=searchResults&q=software%20engineer&filter=%2Fjobs%2Fsoftware-engineer-jobs-in-bangalore-street-sw15%3Fq%3Dsoftware%2Bengineer%26keywords%3DSoftware%2BEngineer%26locationName%3DBangalore%2BStreet%252C%2BSW15%26locationId%3D4572795
Junior Software Engineer,Harnham - Data & Analytics Recruitment,London,2026-08-18,https://www.reed.co.uk/jobs/junior-software-engineer/57249952?source=searchResults&q=software%20engineer&filter=%2Fjobs%2Fsoftware-engineer-jobs-in-bangalore-street-sw15%3Fq%3Dsoftware%2Bengineer%26keywords%3DSoftware%2BEngineer%26locationName%3DBangalore%2BStreet%252C%2BSW15%26locationId%3D4572795,https://www.reed.co.uk/jobs/harnham-search-selection/p9243,Actively Hiring,"Company: Harnham - Data & Analytics Recruitment | Salary: £30,000 - £40,000 per annum | Type: Permanent, full-time, On-site | Badges: Easy Apply",Reed.co.uk,https://www.reed.co.uk/jobs/harnham-search-selection/p9243,https://www.reed.co.uk/jobs/junior-software-engineer/57249952?source=searchResults&q=software%20engineer&filter=%2Fjobs%2Fsoftware-engineer-jobs-in-bangalore-street-sw15%3Fq%3Dsoftware%2Bengineer%26keywords%3DSoftware%2BEngineer%26locationName%3DBangalore%2BStreet%252C%2BSW15%26locationId%3D4572795
Senior Software Developer,Young's Employment Services Ltd,London,2026-09-10,https://www.reed.co.uk/jobs/senior-software-developer/57330886?source=searchResults&q=software%20engineer&filter=%2Fjobs%2Fsoftware-engineer-jobs-in-bangalore-street-sw15%3Fq%3Dsoftware%2Bengineer%26keywords%3DSoftware%2BEngineer%26locationName%3DBangalore%2BStreet%252C%2BSW15%26locationId%3D4572795,https://www.reed.co.uk/jobs/young-s-employment-services-ltd/p104374,Actively Hiring,"Company: Young's Employment Services Ltd | Salary: £65,000 - £75,000 per annum, negotiable | Type: Permanent, full-time, Hybrid | Badges: Easy Apply",Reed.co.uk,https://www.reed.co.uk/jobs/young-s-employment-services-ltd/p104374,https://www.reed.co.uk/jobs/senior-software-developer/57330886?source=searchResults&q=software%20engineer&filter=%2Fjobs%2Fsoftware-engineer-jobs-in-bangalore-street-sw15%3Fq%3Dsoftware%2Bengineer%26keywords%3DSoftware%2BEngineer%26locationName%3DBangalore%2BStreet%252C%2BSW15%26locationId%3D4572795
Software Developer Trainee,ITOL Recruit,"North London, London",2026-09-09,https://www.reed.co.uk/jobs/software-developer-trainee/57325250?source=searchResults&q=software%20engineer&filter=%2Fjobs%2Fsoftware-engineer-jobs-in-bangalore-street-sw15%3Fq%3Dsoftware%2Bengineer%26keywords%3DSoftware%2BEngineer%26locationName%3DBangalore%2BStreet%252C%2BSW15%26locationId%3D4572795,https://www.reed.co.uk/jobs/itonlinelearning-0/p57826,Actively Hiring,"Company: ITOL Recruit | Salary: Training Course | Type: Permanent, full-time, Remote",Reed.co.uk,https://www.reed.co.uk/jobs/itonlinelearning-0/p57826,https://www.reed.co.uk/jobs/software-developer-trainee/57325250?source=searchResults&q=software%20engineer&filter=%2Fjobs%2Fsoftware-engineer-jobs-in-bangalore-street-sw15%3Fq%3Dsoftware%2Bengineer%26keywords%3DSoftware%2BEngineer%26locationName%3DBangalore%2BStreet%252C%2BSW15%26locationId%3D4572795
Software Developer Trainee,ITOL Recruit,London,2026-09-09,https://www.reed.co.uk/jobs/software-developer-trainee/57324951?source=searchResults&q=software%20engineer&filter=%2Fjobs%2Fsoftware-engineer-jobs-in-bangalore-street-sw15%3Fq%3Dsoftware%2Bengineer%26keywords%3DSoftware%2BEngineer%26locationName%3DBangalore%2BStreet%252C%2BSW15%26locationId%3D4572795,https://www.reed.co.uk/jobs/itonlinelearning-0/p57826,Actively Hiring,"Company: ITOL Recruit | Salary: Training Course | Type: Permanent, full-time, Remote",Reed.co.uk,https://www.reed.co.uk/jobs/itonlinelearning-0/p57826,https://www.reed.co.uk/jobs/software-developer-trainee/57324951?source=searchResults&q=software%20engineer&filter=%2Fjobs%2Fsoftware-engineer-jobs-in-bangalore-street-sw15%3Fq%3Dsoftware%2Bengineer%26keywords%3DSoftware%2BEngineer%26locationName%3DBangalore%2BStreet%252C%2BSW15%26locationId%3D4572795
Software Developer Trainee,ITOL Recruit,London,2026-09-08,https://www.reed.co.uk/jobs/software-developer-trainee/57320010?source=searchResults&q=software%20engineer&filter=%2Fjobs%2Fsoftware-engineer-jobs-in-bangalore-street-sw15%3Fq%3Dsoftware%2Bengineer%26keywords%3DSoftware%2BEngineer%26locationName%3DBangalore%2BStreet%252C%2BSW15%26locationId%3D4572795,https://www.reed.co.uk/jobs/itonlinelearning-0/p57826,Actively Hiring,"Company: ITOL Recruit | Salary: Training Course | Type: Permanent, full-time, Remote",Reed.co.uk,https://www.reed.co.uk/jobs/itonlinelearning-0/p57826,https://www.reed.co.uk/jobs/software-developer-trainee/57320010?source=searchResults&q=software%20engineer&filter=%2Fjobs%2Fsoftware-engineer-jobs-in-bangalore-street-sw15%3Fq%3Dsoftware%2Bengineer%26keywords%3DSoftware%2BEngineer%26locationName%3DBangalore%2BStreet%252C%2BSW15%26locationId%3D4572795
Senior Software Developer,Addition,London,2026-09-04,https://www.reed.co.uk/jobs/senior-software-developer/57310744?source=searchResults&q=software%20engineer&filter=%2Fjobs%2Fsoftware-engineer-jobs-in-bangalore-street-sw15%3Fq%3Dsoftware%2Bengineer%26keywords%3DSoftware%2BEngineer%26locationName%3DBangalore%2BStreet%252C%2BSW15%26locationId%3D4572795,https://www.reed.co.uk/jobs/addition-solutions-ltd/p27273,Actively Hiring,"Company: Addition | Salary: Salary negotiable | Type: Permanent, full-time, Hybrid | Badges: Featured, Easy Apply",Reed.co.uk,https://www.reed.co.uk/jobs/addition-solutions-ltd/p27273,https://www.reed.co.uk/jobs/senior-software-developer/57310744?source=searchResults&q=software%20engineer&filter=%2Fjobs%2Fsoftware-engineer-jobs-in-bangalore-street-sw15%3Fq%3Dsoftware%2Bengineer%26keywords%3DSoftware%2BEngineer%26locationName%3DBangalore%2BStreet%252C%2BSW15%26locationId%3D4572795
Enterprise Software Engineer,Harnham - Data & Analytics Recruitment,London,2026-09-17,https://www.reed.co.uk/jobs/enterprise-software-engineer/57357835?source=searchResults&q=software%20engineer&filter=%2Fjobs%2Fsoftware-engineer-jobs-in-bangalore-street-sw15%3Fq%3Dsoftware%2Bengineer%26keywords%3DSoftware%2BEngineer%26locationName%3DBangalore%2BStreet%252C%2BSW15%26locationId%3D4572795,https://www.reed.co.uk/jobs/harnham-search-selection/p9243,Actively Hiring,"Company: Harnham - Data & Analytics Recruitment | Salary: £80,000 - £100,000 per annum | Type: Permanent, full-time, Hybrid | Badges: New",Reed.co.uk,https://www.reed.co.uk/jobs/harnham-search-selection/p9243,https://www.reed.co.uk/jobs/enterprise-software-engineer/57357835?source=searchResults&q=software%20engineer&filter=%2Fjobs%2Fsoftware-engineer-jobs-in-bangalore-street-sw15%3Fq%3Dsoftware%2Bengineer%26keywords%3DSoftware%2BEngineer%26locationName%3DBangalore%2BStreet%252C%2BSW15%26locationId%3D4572795
Software Engineer - Treasury,Harnham - Data & Analytics Recruitment,London,2026-08-19,https://www.reed.co.uk/jobs/software-engineer-treasury/57257200?source=searchResults&q=software%20engineer&filter=%2Fjobs%2Fsoftware-engineer-jobs-in-bangalore-street-sw15%3Fq%3Dsoftware%2Bengineer%26keywords%3DSoftware%2BEngineer%26locationName%3DBangalore%2BStreet%252C%2BSW15%26locationId%3D4572795,https://www.reed.co.uk/jobs/harnham-search-selection/p9243,Actively Hiring,"Company: Harnham - Data & Analytics Recruitment | Salary: £180,000 - £200,000 per annum | Type: Permanent, full-time, On-site",Reed.co.uk,https://www.reed.co.uk/jobs/harnham-search-selection/p9243,https://www.reed.co.uk/jobs/software-engineer-treasury/57257200?source=searchResults&q=software%20engineer&filter=%2Fjobs%2Fsoftware-engineer-jobs-in-bangalore-street-sw15%3Fq%3Dsoftware%2Bengineer%26keywords%3DSoftware%2BEngineer%26locationName%3DBangalore%2BStreet%252C%2BSW15%26locationId%3D4572795
Senior Software Developer,Harnham - Data & Analytics Recruitment,London,2026-09-10,https://www.reed.co.uk/jobs/senior-software-developer/57334135?source=searchResults&q=software%20engineer&filter=%2Fjobs%2Fsoftware-engineer-jobs-in-bangalore-street-sw15%3Fq%3Dsoftware%2Bengineer%26keywords%3DSoftware%2BEngineer%26locationName%3DBangalore%2BStreet%252C%2BSW15%26locationId%3D4572795,https://www.reed.co.uk/jobs/harnham-search-selection/p9243,Actively Hiring,"Company: Harnham - Data & Analytics Recruitment | Salary: £110,000 - £160,000 per annum | Type: Permanent, full-time, On-site",Reed.co.uk,https://www.reed.co.uk/jobs/harnham-search-selection/p9243,https://www.reed.co.uk/jobs/senior-software-developer/57334135?source=searchResults&q=software%20engineer&filter=%2Fjobs%2Fsoftware-engineer-jobs-in-bangalore-street-sw15%3Fq%3Dsoftware%2Bengineer%26keywords%3DSoftware%2BEngineer%26locationName%3DBangalore%2BStreet%252C%2BSW15%26locationId%3D4572795
Senior Software Engineer,Method Resourcing,London,2026-08-13,https://www.reed.co.uk/jobs/senior-software-engineer/57233211?source=searchResults&q=software%20engineer&filter=%2Fjobs%2Fsoftware-engineer-jobs-in-bangalore-street-sw15%3Fq%3Dsoftware%2Bengineer%26keywords%3DSoftware%2BEngineer%26locationName%3DBangalore%2BStreet%252C%2BSW15%26locationId%3D4572795,https://www.reed.co.uk/jobs/method-resourcing/p111586,Actively Hiring,"Company: Method Resourcing | Salary: Salary negotiable | Type: Permanent, full-time, On-site",Reed.co.uk,https://www.reed.co.uk/jobs/method-resourcing/p111586,https://www.reed.co.uk/jobs/senior-software-engineer/57233211?source=searchResults&q=software%20engineer&filter=%2Fjobs%2Fsoftware-engineer-jobs-in-bangalore-street-sw15%3Fq%3Dsoftware%2Bengineer%26keywords%3DSoftware%2BEngineer%26locationName%3DBangalore%2BStreet%252C%2BSW15%26locationId%3D4572795
Software Developer Trainee,ITOL Recruit,London,2026-09-09,https://www.reed.co.uk/jobs/software-developer-trainee/57325078?source=searchResults&q=software%20engineer&filter=%2Fjobs%2Fsoftware-engineer-jobs-in-bangalore-street-sw15%3Fq%3Dsoftware%2Bengineer%26keywords%3DSoftware%2BEngineer%26locationName%3DBangalore%2BStreet%252C%2BSW15%26locationId%3D4572795,https://www.reed.co.uk/jobs/itonlinelearning-0/p57826,Actively Hiring,"Company: ITOL Recruit | Salary: Training Course | Type: Permanent, full-time, Remote",Reed.co.uk,https://www.reed.co.uk/jobs/itonlinelearning-0/p57826,https://www.reed.co.uk/jobs/software-developer-trainee/57325078?source=searchResults&q=software%20engineer&filter=%2Fjobs%2Fsoftware-engineer-jobs-in-bangalore-street-sw15%3Fq%3Dsoftware%2Bengineer%26keywords%3DSoftware%2BEngineer%26locationName%3DBangalore%2BStreet%252C%2BSW15%26locationId%3D4572795
One Year Management Placement / Internship - Plymouth,Enterprise Mobility,"Plymouth, Devon",2026-09-10,https://www.reed.co.uk/jobs/one-year-management-placement-internship-plymouth/57326930?source=searchResults&q=intern&filter=%2Fjobs%2Fintern-jobs%3Fq%3Dintern%26keywords%3DIntern,https://www.reed.co.uk/jobs/enterprise-rent-a-car-41114/p41114,Actively Hiring,"Company: Enterprise Mobility | Salary: Competitive salary | Type: Contract, full-time, On-site | Badges: Featured, EarlyBirdEarly bird",Reed.co.uk,https://www.reed.co.uk/jobs/enterprise-rent-a-car-41114/p41114,https://www.reed.co.uk/jobs/one-year-management-placement-internship-plymouth/57326930?source=searchResults&q=intern&filter=%2Fjobs%2Fintern-jobs%3Fq%3Dintern%26keywords%3DIntern
Developer,Norton Rose Fulbright LLP,"Newcastle Upon Tyne, Tyne and Wear",2026-08-24,https://www.reed.co.uk/jobs/developer/57205785?source=searchResults&q=developer&filter=%2Fjobs%2Fdeveloper-jobs%3Fq%3Ddeveloper%26keywords%3DDeveloper,https://www.reed.co.uk/jobs/norton-rose-fulbright-llp-69916/p69916,Actively Hiring,"Company: Norton Rose Fulbright LLP | Salary: Competitive salary | Type: Permanent, full-time, Hybrid | Badges: Promoted",Reed.co.uk,https://www.reed.co.uk/jobs/norton-rose-fulbright-llp-69916/p69916,https://www.reed.co.uk/jobs/developer/57205785?source=searchResults&q=developer&filter=%2Fjobs%2Fdeveloper-jobs%3Fq%3Ddeveloper%26keywords%3DDeveloper
Software Developer,Network Mapping Limited,"Knaresborough, North Yorkshire",2026-08-19,https://www.reed.co.uk/jobs/software-developer/57256826?source=searchResults&q=developer&filter=%2Fjobs%2Fdeveloper-jobs%3Fq%3Ddeveloper%26keywords%3DDeveloper,https://www.reed.co.uk/jobs/network-mapping-limited/p113609,Actively Hiring,"Company: Network Mapping Limited | Salary: £35,000 - £45,000 per annum | Type: Permanent, full-time, Hybrid | Badges: Easy Apply",Reed.co.uk,https://www.reed.co.uk/jobs/network-mapping-limited/p113609,https://www.reed.co.uk/jobs/software-developer/57256826?source=searchResults&q=developer&filter=%2Fjobs%2Fdeveloper-jobs%3Fq%3Ddeveloper%26keywords%3DDeveloper
Developer,Hays Specialist Recruitment Limited,"Birmingham, West Midlands (County)",2026-09-07,https://www.reed.co.uk/jobs/developer/57316281?source=searchResults&q=developer&filter=%2Fjobs%2Fdeveloper-jobs%3Fq%3Ddeveloper%26keywords%3DDeveloper,https://www.reed.co.uk/jobs/hays-specialist-recruitment-limited/p36210,Actively Hiring,"Company: Hays Specialist Recruitment Limited | Salary: £350 - £450 per day | Type: Contract, full-time, On-site | Badges: Easy Apply",Reed.co.uk,https://www.reed.co.uk/jobs/hays-specialist-recruitment-limited/p36210,https://www.reed.co.uk/jobs/developer/57316281?source=searchResults&q=developer&filter=%2Fjobs%2Fdeveloper-jobs%3Fq%3Ddeveloper%26keywords%3DDeveloper
Software Developer,Oscar Technology,"Nottingham, Nottinghamshire",2026-08-26,https://www.reed.co.uk/jobs/software-developer/57279907?source=searchResults&q=developer&filter=%2Fjobs%2Fdeveloper-jobs%3Fq%3Ddeveloper%26keywords%3DDeveloper,https://www.reed.co.uk/jobs/oscar-associates/p20715,Actively Hiring,"Company: Oscar Technology | Salary: £50,000 - £65,000 per annum | Type: Permanent, full-time, Hybrid | Badges: Easy Apply",Reed.co.uk,https://www.reed.co.uk/jobs/oscar-associates/p20715,https://www.reed.co.uk/jobs/software-developer/57279907?source=searchResults&q=developer&filter=%2Fjobs%2Fdeveloper-jobs%3Fq%3Ddeveloper%26keywords%3DDeveloper
Software Developer,Oscar Technology,"Leicester, Leicestershire",2026-08-26,https://www.reed.co.uk/jobs/software-developer/57279918?source=searchResults&q=developer&filter=%2Fjobs%2Fdeveloper-jobs%3Fq%3Ddeveloper%26keywords%3DDeveloper,https://www.reed.co.uk/jobs/oscar-associates/p20715,Actively Hiring,"Company: Oscar Technology | Salary: £35,000 - £45,000 per annum | Type: Permanent, full-time, Hybrid | Badges: Easy Apply",Reed.co.uk,https://www.reed.co.uk/jobs/oscar-associates/p20715,https://www.reed.co.uk/jobs/software-developer/57279918?source=searchResults&q=developer&filter=%2Fjobs%2Fdeveloper-jobs%3Fq%3Ddeveloper%26keywords%3DDeveloper
Software Developer,Oscar Technology,"Coventry, West Midlands (County)",2026-08-26,https://www.reed.co.uk/jobs/software-developer/57279935?source=searchResults&q=developer&filter=%2Fjobs%2Fdeveloper-jobs%3Fq%3Ddeveloper%26keywords%3DDeveloper,https://www.reed.co.uk/jobs/oscar-associates/p20715,Actively Hiring,"Company: Oscar Technology | Salary: £40,000 - £45,000 per annum | Type: Permanent, full-time, Hybrid | Badges: Easy Apply",Reed.co.uk,https://www.reed.co.uk/jobs/oscar-associates/p20715,https://www.reed.co.uk/jobs/software-developer/57279935?source=searchResults&q=developer&filter=%2Fjobs%2Fdeveloper-jobs%3Fq%3Ddeveloper%26keywords%3DDeveloper
Digital Developer,Randstad Technologies,"Exeter, Devon",2026-08-11,https://www.reed.co.uk/jobs/digital-developer/57225348?source=searchResults&q=developer&filter=%2Fjobs%2Fdeveloper-jobs%3Fq%3Ddeveloper%26keywords%3DDeveloper,https://www.reed.co.uk/jobs/randstad-technologies-101642/p101642,Actively Hiring,"Company: Randstad Technologies | Salary: £600 per day | Type: Contract, full-time, Hybrid | Badges: Easy Apply",Reed.co.uk,https://www.reed.co.uk/jobs/randstad-technologies-101642/p101642,https://www.reed.co.uk/jobs/digital-developer/57225348?source=searchResults&q=developer&filter=%2Fjobs%2Fdeveloper-jobs%3Fq%3Ddeveloper%26keywords%3DDeveloper
Software Developer,Reed,"York, North Yorkshire",2026-09-07,https://www.reed.co.uk/jobs/software-developer/57318275?source=searchResults&q=developer&filter=%2Fjobs%2Fdeveloper-jobs%3Fq%3Ddeveloper%26keywords%3DDeveloper,https://www.reed.co.uk/jobs/reed/p1342,Actively Hiring,"Company: Reed | Salary: £30,000 - £50,000 per annum, inc benefits | Type: Permanent, full-time, Hybrid | Badges: Featured, Easy Apply",Reed.co.uk,https://www.reed.co.uk/jobs/reed/p1342,https://www.reed.co.uk/jobs/software-developer/57318275?source=searchResults&q=developer&filter=%2Fjobs%2Fdeveloper-jobs%3Fq%3Ddeveloper%26keywords%3DDeveloper
Senior Developer,Think Specialist Recruitment,"Watford, Hertfordshire",2026-08-19,https://www.reed.co.uk/jobs/senior-developer/57255579?source=searchResults&q=developer&filter=%2Fjobs%2Fdeveloper-jobs%3Fq%3Ddeveloper%26keywords%3DDeveloper,https://www.reed.co.uk/jobs/think-specialist-recruitment/p7733,Actively Hiring,"Company: Think Specialist Recruitment | Salary: £70,000 - £75,000 per annum | Type: Permanent, full-time, Hybrid | Badges: Easy Apply",Reed.co.uk,https://www.reed.co.uk/jobs/think-specialist-recruitment/p7733,https://www.reed.co.uk/jobs/senior-developer/57255579?source=searchResults&q=developer&filter=%2Fjobs%2Fdeveloper-jobs%3Fq%3Ddeveloper%26keywords%3DDeveloper
Senior Developer,SRG,"City of London, London",2026-09-17,https://www.reed.co.uk/jobs/senior-developer/57354419?source=searchResults&q=developer&filter=%2Fjobs%2Fdeveloper-jobs%3Fq%3Ddeveloper%26keywords%3DDeveloper,https://www.reed.co.uk/jobs/srg/o665122,Actively Hiring,"Company: SRG | Salary: Competitive salary | Type: Contract, full-time, Hybrid | Badges: New, Easy Apply",Reed.co.uk,https://www.reed.co.uk/jobs/srg/o665122,https://www.reed.co.uk/jobs/senior-developer/57354419?source=searchResults&q=developer&filter=%2Fjobs%2Fdeveloper-jobs%3Fq%3Ddeveloper%26keywords%3DDeveloper
Web Developer,Clearwater People Solutions Ltd,"Lewes, East Sussex",2026-08-13,https://www.reed.co.uk/jobs/web-developer/57232808?source=searchResults&q=developer&filter=%2Fjobs%2Fdeveloper-jobs%3Fq%3Ddeveloper%26keywords%3DDeveloper,https://www.reed.co.uk/jobs/clearwater-people-solutions/p12137,Actively Hiring,"Company: Clearwater People Solutions Ltd | Salary: £55,000 - £60,000 per annum | Type: Permanent, full-time, On-site | Badges: Easy Apply",Reed.co.uk,https://www.reed.co.uk/jobs/clearwater-people-solutions/p12137,https://www.reed.co.uk/jobs/web-developer/57232808?source=searchResults&q=developer&filter=%2Fjobs%2Fdeveloper-jobs%3Fq%3Ddeveloper%26keywords%3DDeveloper
Senior Developer,SRG,"City of London, London",2026-09-07,https://www.reed.co.uk/jobs/senior-developer/57318841?source=searchResults&q=developer&filter=%2Fjobs%2Fdeveloper-jobs%3Fq%3Ddeveloper%26keywords%3DDeveloper,https://www.reed.co.uk/jobs/srg/o665122,Actively Hiring,"Company: SRG | Salary: Salary negotiable | Type: Contract, full-time, Hybrid | Badges: Easy Apply",Reed.co.uk,https://www.reed.co.uk/jobs/srg/o665122,https://www.reed.co.uk/jobs/senior-developer/57318841?source=searchResults&q=developer&filter=%2Fjobs%2Fdeveloper-jobs%3Fq%3Ddeveloper%26keywords%3DDeveloper
Senior Developer,SR2,London,2026-09-03,https://www.reed.co.uk/jobs/senior-developer/57305336?source=searchResults&q=developer&filter=%2Fjobs%2Fdeveloper-jobs%3Fq%3Ddeveloper%26keywords%3DDeveloper,https://www.reed.co.uk/jobs/sr2/p46944,Actively Hiring,"Company: SR2 | Salary: £625 - £750 per day | Type: Contract, full-time, Hybrid | Badges: Easy Apply",Reed.co.uk,https://www.reed.co.uk/jobs/sr2/p46944,https://www.reed.co.uk/jobs/senior-developer/57305336?source=searchResults&q=developer&filter=%2Fjobs%2Fdeveloper-jobs%3Fq%3Ddeveloper%26keywords%3DDeveloper
Web Developer,EW Recruitment Limited,"Wymondham, Norfolk",2026-08-27,https://www.reed.co.uk/jobs/web-developer/56944870?source=searchResults&q=developer&filter=%2Fjobs%2Fdeveloper-jobs%3Fq%3Ddeveloper%26keywords%3DDeveloper,https://www.reed.co.uk/jobs/ew-recruitment-limited-90501/p90501,Actively Hiring,"Company: EW Recruitment Limited | Salary: £30,000 - £37,000 per annum | Type: Permanent, full-time, On-site | Badges: Easy Apply",Reed.co.uk,https://www.reed.co.uk/jobs/ew-recruitment-limited-90501/p90501,https://www.reed.co.uk/jobs/web-developer/56944870?source=searchResults&q=developer&filter=%2Fjobs%2Fdeveloper-jobs%3Fq%3Ddeveloper%26keywords%3DDeveloper
Senior Developer,Sellick Partnership,"Altrincham, Cheshire",2026-09-16,https://www.reed.co.uk/jobs/senior-developer/57347018?source=searchResults&q=developer&filter=%2Fjobs%2Fdeveloper-jobs%3Fq%3Ddeveloper%26keywords%3DDeveloper,https://www.reed.co.uk/jobs/sellick-partnership/p2866,Actively Hiring,"Company: Sellick Partnership | Salary: £50,000 - £70,000 per annum | Type: Permanent, full-time, Hybrid | Badges: Easy Apply",Reed.co.uk,https://www.reed.co.uk/jobs/sellick-partnership/p2866,https://www.reed.co.uk/jobs/senior-developer/57347018?source=searchResults&q=developer&filter=%2Fjobs%2Fdeveloper-jobs%3Fq%3Ddeveloper%26keywords%3DDeveloper
Web Developer,Plus One Recruitment,"Banbury, Oxfordshire",2026-09-17,https://www.reed.co.uk/jobs/web-developer/57359647?source=searchResults&q=developer&filter=%2Fjobs%2Fdeveloper-jobs%3Fq%3Ddeveloper%26keywords%3DDeveloper,https://www.reed.co.uk/jobs/plus-one-personnel-limited/p7476,Actively Hiring,"Company: Plus One Recruitment | Salary: Salary negotiable | Type: Permanent, full-time, On-site | Badges: New, Easy Apply",Reed.co.uk,https://www.reed.co.uk/jobs/plus-one-personnel-limited/p7476,https://www.reed.co.uk/jobs/web-developer/57359647?source=searchResults&q=developer&filter=%2Fjobs%2Fdeveloper-jobs%3Fq%3Ddeveloper%26keywords%3DDeveloper
Senior Developer,Reed,"Central London, London",2026-09-10,https://www.reed.co.uk/jobs/senior-developer/57330232?source=searchResults&q=developer&filter=%2Fjobs%2Fdeveloper-jobs%3Fq%3Ddeveloper%26keywords%3DDeveloper,https://www.reed.co.uk/jobs/reed/p1342,Actively Hiring,"Company: Reed | Salary: £1,200 - £1,260 per day, inc benefits | Type: Temporary, full-time, On-site | Badges: Featured, Easy Apply",Reed.co.uk,https://www.reed.co.uk/jobs/reed/p1342,https://www.reed.co.uk/jobs/senior-developer/57330232?source=searchResults&q=developer&filter=%2Fjobs%2Fdeveloper-jobs%3Fq%3Ddeveloper%26keywords%3DDeveloper
Senior Developer,Michael Page Technology,"City of London, London",2026-09-07,https://www.reed.co.uk/jobs/senior-developer/57163458?source=searchResults&q=developer&filter=%2Fjobs%2Fdeveloper-jobs%3Fq%3Ddeveloper%26keywords%3DDeveloper,https://www.reed.co.uk/jobs/michael-page-technology-59782/p59782,Actively Hiring,"Company: Michael Page Technology | Salary: £60,000 - £75,000 per annum | Type: Permanent, full-time, Hybrid | Badges: Featured, Easy Apply",Reed.co.uk,https://www.reed.co.uk/jobs/michael-page-technology-59782/p59782,https://www.reed.co.uk/jobs/senior-developer/57163458?source=searchResults&q=developer&filter=%2Fjobs%2Fdeveloper-jobs%3Fq%3Ddeveloper%26keywords%3DDeveloper
Senior Developer,Michael Page Technology,"Birmingham, West Midlands (County)",2026-09-07,https://www.reed.co.uk/jobs/senior-developer/57175553?source=searchResults&q=developer&filter=%2Fjobs%2Fdeveloper-jobs%3Fq%3Ddeveloper%26keywords%3DDeveloper,https://www.reed.co.uk/jobs/michael-page-technology-59782/p59782,Actively Hiring,"Company: Michael Page Technology | Salary: £60,000 - £65,000 per annum | Type: Permanent, full-time, Hybrid | Badges: Featured, Easy Apply",Reed.co.uk,https://www.reed.co.uk/jobs/michael-page-technology-59782/p59782,https://www.reed.co.uk/jobs/senior-developer/57175553?source=searchResults&q=developer&filter=%2Fjobs%2Fdeveloper-jobs%3Fq%3Ddeveloper%26keywords%3DDeveloper
Senior Developer,SR2,London,2026-08-28,https://www.reed.co.uk/jobs/senior-developer/57286117?source=searchResults&q=developer&filter=%2Fjobs%2Fdeveloper-jobs%3Fq%3Ddeveloper%26keywords%3DDeveloper,https://www.reed.co.uk/jobs/sr2/p46944,Actively Hiring,"Company: SR2 | Salary: £600 - £625 per day | Type: Contract, full-time, Hybrid | Badges: Easy Apply",Reed.co.uk,https://www.reed.co.uk/jobs/sr2/p46944,https://www.reed.co.uk/jobs/senior-developer/57286117?source=searchResults&q=developer&filter=%2Fjobs%2Fdeveloper-jobs%3Fq%3Ddeveloper%26keywords%3DDeveloper
Software Developer,Oscar Technology,"Derby, Derbyshire",2026-08-26,https://www.reed.co.uk/jobs/software-developer/57148237?source=searchResults&q=developer&filter=%2Fjobs%2Fdeveloper-jobs%3Fq%3Ddeveloper%26keywords%3DDeveloper,https://www.reed.co.uk/jobs/oscar-associates/p20715,Actively Hiring,"Company: Oscar Technology | Salary: £40,000 - £50,000 per annum | Type: Permanent, full-time, Hybrid | Badges: Easy Apply",Reed.co.uk,https://www.reed.co.uk/jobs/oscar-associates/p20715,https://www.reed.co.uk/jobs/software-developer/57148237?source=searchResults&q=developer&filter=%2Fjobs%2Fdeveloper-jobs%3Fq%3Ddeveloper%26keywords%3DDeveloper
Software Developer,Reed,"Exeter, Devon",2026-08-24,https://www.reed.co.uk/jobs/software-developer/57271312?source=searchResults&q=developer&filter=%2Fjobs%2Fdeveloper-jobs%3Fq%3Ddeveloper%26keywords%3DDeveloper,https://www.reed.co.uk/jobs/reed/p1342,Actively Hiring,"Company: Reed | Salary: £50,000 - £55,000 per annum, inc benefits | Type: Permanent, full-time, Remote | Badges: Featured, Easy Apply",Reed.co.uk,https://www.reed.co.uk/jobs/reed/p1342,https://www.reed.co.uk/jobs/software-developer/57271312?source=searchResults&q=developer&filter=%2Fjobs%2Fdeveloper-jobs%3Fq%3Ddeveloper%26keywords%3DDeveloper
Software Developer,Fazer Recruitment,"Chester, Cheshire",2026-09-10,https://www.reed.co.uk/jobs/software-developer/57331866?source=searchResults&q=developer&filter=%2Fjobs%2Fdeveloper-jobs%3Fq%3Ddeveloper%26keywords%3DDeveloper,https://www.reed.co.uk/jobs/fazer-recruitment-100110/p100110,Actively Hiring,"Company: Fazer Recruitment | Salary: £35,000 - £40,000 per annum, inc benefits, negotiable | Type: Permanent, full-time, Hybrid | Badges: Easy Apply",Reed.co.uk,https://www.reed.co.uk/jobs/fazer-recruitment-100110/p100110,https://www.reed.co.uk/jobs/software-developer/57331866?source=searchResults&q=developer&filter=%2Fjobs%2Fdeveloper-jobs%3Fq%3Ddeveloper%26keywords%3DDeveloper
Software Developer,Advanced Resource Managers Limited,"Portsmouth, Hampshire",2026-09-09,https://www.reed.co.uk/jobs/software-developer/57325685?source=searchResults&q=developer&filter=%2Fjobs%2Fdeveloper-jobs%3Fq%3Ddeveloper%26keywords%3DDeveloper,https://www.reed.co.uk/jobs/advanced-resource-managers-limited-62309/p62309,Actively Hiring,"Company: Advanced Resource Managers Limited | Salary: £55 per hour | Type: Contract, full-time, On-site | Badges: Easy Apply",Reed.co.uk,https://www.reed.co.uk/jobs/advanced-resource-managers-limited-62309/p62309,https://www.reed.co.uk/jobs/software-developer/57325685?source=searchResults&q=developer&filter=%2Fjobs%2Fdeveloper-jobs%3Fq%3Ddeveloper%26keywords%3DDeveloper
Software Developer,Robert Half,"Corby, Northamptonshire",2026-08-20,https://www.reed.co.uk/jobs/software-developer/57260502?source=searchResults&q=developer&filter=%2Fjobs%2Fdeveloper-jobs%3Fq%3Ddeveloper%26keywords%3DDeveloper,https://www.reed.co.uk/jobs/robert-half-92729/p92729,Actively Hiring,"Company: Robert Half | Salary: £50,000 - £70,000 per annum | Type: Permanent, full-time, On-site | Badges: Featured, Easy Apply",Reed.co.uk,https://www.reed.co.uk/jobs/robert-half-92729/p92729,https://www.reed.co.uk/jobs/software-developer/57260502?source=searchResults&q=developer&filter=%2Fjobs%2Fdeveloper-jobs%3Fq%3Ddeveloper%26keywords%3DDeveloper
Data Scientist,Sagacity,London,2026-09-04,https://www.reed.co.uk/jobs/data-scientist/57246865?source=searchResults&q=data%20scientist&filter=%2Fjobs%2Fdata-scientist-jobs-in-bangalore-street-sw15%3Fq%3Ddata%2Bscientist%26keywords%3DData%2BScientist%26locationName%3DBangalore%2BStreet%252C%2BSW15%26locationId%3D4572795,https://www.reed.co.uk/jobs/sagacity-solutions-ltd/p37370,Actively Hiring,"Company: Sagacity | Salary: Competitive salary | Type: Permanent, full-time, Hybrid | Badges: Promoted",Reed.co.uk,https://www.reed.co.uk/jobs/sagacity-solutions-ltd/p37370,https://www.reed.co.uk/jobs/data-scientist/57246865?source=searchResults&q=data%20scientist&filter=%2Fjobs%2Fdata-scientist-jobs-in-bangalore-street-sw15%3Fq%3Ddata%2Bscientist%26keywords%3DData%2BScientist%26locationName%3DBangalore%2BStreet%252C%2BSW15%26locationId%3D4572795
Senior Data Scientist,GXO Logistics,London,2026-09-17,https://www.reed.co.uk/jobs/senior-data-scientist/57355314?source=searchResults&q=data%20scientist&filter=%2Fjobs%2Fdata-scientist-jobs-in-bangalore-street-sw15%3Fq%3Ddata%2Bscientist%26keywords%3DData%2BScientist%26locationName%3DBangalore%2BStreet%252C%2BSW15%26locationId%3D4572795,https://www.reed.co.uk/jobs/xpo-logistics/p4259,Actively Hiring,"Company: GXO Logistics | Salary: £75,000 per annum | Type: Permanent, full-time, Remote | Badges: Promoted, New",Reed.co.uk,https://www.reed.co.uk/jobs/xpo-logistics/p4259,https://www.reed.co.uk/jobs/senior-data-scientist/57355314?source=searchResults&q=data%20scientist&filter=%2Fjobs%2Fdata-scientist-jobs-in-bangalore-street-sw15%3Fq%3Ddata%2Bscientist%26keywords%3DData%2BScientist%26locationName%3DBangalore%2BStreet%252C%2BSW15%26locationId%3D4572795
Senior Data Privacy & AI Lawyer / Senior Data Privacy & AI Manager,Norton Rose Fulbright LLP,London,2026-08-24,https://www.reed.co.uk/jobs/senior-data-privacy-ai-lawyer-senior-data-privacy-ai-manager/57205769?source=searchResults&q=data%20scientist&filter=%2Fjobs%2Fdata-scientist-jobs-in-bangalore-street-sw15%3Fq%3Ddata%2Bscientist%26keywords%3DData%2BScientist%26locationName%3DBangalore%2BStreet%252C%2BSW15%26locationId%3D4572795,https://www.reed.co.uk/jobs/norton-rose-fulbright-llp-69916/p69916,Actively Hiring,"Company: Norton Rose Fulbright LLP | Salary: Competitive salary | Type: Permanent, full-time, Hybrid | Badges: Featured",Reed.co.uk,https://www.reed.co.uk/jobs/norton-rose-fulbright-llp-69916/p69916,https://www.reed.co.uk/jobs/senior-data-privacy-ai-lawyer-senior-data-privacy-ai-manager/57205769?source=searchResults&q=data%20scientist&filter=%2Fjobs%2Fdata-scientist-jobs-in-bangalore-street-sw15%3Fq%3Ddata%2Bscientist%26keywords%3DData%2BScientist%26locationName%3DBangalore%2BStreet%252C%2BSW15%26locationId%3D4572795
Data Scientist,Harnham - Data & Analytics Recruitment,London,2026-08-28,https://www.reed.co.uk/jobs/data-scientist/57286948?source=searchResults&q=data%20scientist&filter=%2Fjobs%2Fdata-scientist-jobs-in-bangalore-street-sw15%3Fq%3Ddata%2Bscientist%26keywords%3DData%2BScientist%26locationName%3DBangalore%2BStreet%252C%2BSW15%26locationId%3D4572795,https://www.reed.co.uk/jobs/harnham-search-selection/p9243,Actively Hiring,"Company: Harnham - Data & Analytics Recruitment | Salary: £500 - £650 per day | Type: Contract, full-time, On-site",Reed.co.uk,https://www.reed.co.uk/jobs/harnham-search-selection/p9243,https://www.reed.co.uk/jobs/data-scientist/57286948?source=searchResults&q=data%20scientist&filter=%2Fjobs%2Fdata-scientist-jobs-in-bangalore-street-sw15%3Fq%3Ddata%2Bscientist%26keywords%3DData%2BScientist%26locationName%3DBangalore%2BStreet%252C%2BSW15%26locationId%3D4572795
Data Scientist,Gleeson Recruitment Group,London,2026-08-27,https://www.reed.co.uk/jobs/data-scientist/57284018?source=searchResults&q=data%20scientist&filter=%2Fjobs%2Fdata-scientist-jobs-in-bangalore-street-sw15%3Fq%3Ddata%2Bscientist%26keywords%3DData%2BScientist%26locationName%3DBangalore%2BStreet%252C%2BSW15%26locationId%3D4572795,https://www.reed.co.uk/jobs/gleeson-accountancy-recruitment/p9942,Actively Hiring,"Company: Gleeson Recruitment Group | Salary: Salary negotiable | Type: Permanent, full-time, Remote | Badges: Featured, Easy Apply",Reed.co.uk,https://www.reed.co.uk/jobs/gleeson-accountancy-recruitment/p9942,https://www.reed.co.uk/jobs/data-scientist/57284018?source=searchResults&q=data%20scientist&filter=%2Fjobs%2Fdata-scientist-jobs-in-bangalore-street-sw15%3Fq%3Ddata%2Bscientist%26keywords%3DData%2BScientist%26locationName%3DBangalore%2BStreet%252C%2BSW15%26locationId%3D4572795
Data Scientist,Harnham - Data & Analytics Recruitment,London,2026-08-20,https://www.reed.co.uk/jobs/data-scientist/57258680?source=searchResults&q=data%20scientist&filter=%2Fjobs%2Fdata-scientist-jobs-in-bangalore-street-sw15%3Fq%3Ddata%2Bscientist%26keywords%3DData%2BScientist%26locationName%3DBangalore%2BStreet%252C%2BSW15%26locationId%3D4572795,https://www.reed.co.uk/jobs/harnham-search-selection/p9243,Actively Hiring,"Company: Harnham - Data & Analytics Recruitment | Salary: £400 - £450 per day | Type: Contract, full-time, On-site | Badges: Easy Apply",Reed.co.uk,https://www.reed.co.uk/jobs/harnham-search-selection/p9243,https://www.reed.co.uk/jobs/data-scientist/57258680?source=searchResults&q=data%20scientist&filter=%2Fjobs%2Fdata-scientist-jobs-in-bangalore-street-sw15%3Fq%3Ddata%2Bscientist%26keywords%3DData%2BScientist%26locationName%3DBangalore%2BStreet%252C%2BSW15%26locationId%3D4572795
Data Scientist,Harnham - Data & Analytics Recruitment,London,2026-08-20,https://www.reed.co.uk/jobs/data-scientist/57259332?source=searchResults&q=data%20scientist&filter=%2Fjobs%2Fdata-scientist-jobs-in-bangalore-street-sw15%3Fq%3Ddata%2Bscientist%26keywords%3DData%2BScientist%26locationName%3DBangalore%2BStreet%252C%2BSW15%26locationId%3D4572795,https://www.reed.co.uk/jobs/harnham-search-selection/p9243,Actively Hiring,"Company: Harnham - Data & Analytics Recruitment | Salary: £400 per day | Type: Contract, full-time, On-site | Badges: Easy Apply",Reed.co.uk,https://www.reed.co.uk/jobs/harnham-search-selection/p9243,https://www.reed.co.uk/jobs/data-scientist/57259332?source=searchResults&q=data%20scientist&filter=%2Fjobs%2Fdata-scientist-jobs-in-bangalore-street-sw15%3Fq%3Ddata%2Bscientist%26keywords%3DData%2BScientist%26locationName%3DBangalore%2BStreet%252C%2BSW15%26locationId%3D4572795
Data Scientist,Harnham - Data & Analytics Recruitment,London,2026-08-12,https://www.reed.co.uk/jobs/data-scientist/57231160?source=searchResults&q=data%20scientist&filter=%2Fjobs%2Fdata-scientist-jobs-in-bangalore-street-sw15%3Fq%3Ddata%2Bscientist%26keywords%3DData%2BScientist%26locationName%3DBangalore%2BStreet%252C%2BSW15%26locationId%3D4572795,https://www.reed.co.uk/jobs/harnham-search-selection/p9243,Actively Hiring,"Company: Harnham - Data & Analytics Recruitment | Salary: £50,000 - £60,000 per annum | Type: Permanent, full-time, Hybrid | Badges: Easy Apply",Reed.co.uk,https://www.reed.co.uk/jobs/harnham-search-selection/p9243,https://www.reed.co.uk/jobs/data-scientist/57231160?source=searchResults&q=data%20scientist&filter=%2Fjobs%2Fdata-scientist-jobs-in-bangalore-street-sw15%3Fq%3Ddata%2Bscientist%26keywords%3DData%2BScientist%26locationName%3DBangalore%2BStreet%252C%2BSW15%26locationId%3D4572795
Data Scientist,Harnham - Data & Analytics Recruitment,London,2026-09-01,https://www.reed.co.uk/jobs/data-scientist/57298757?source=searchResults&q=data%20scientist&filter=%2Fjobs%2Fdata-scientist-jobs-in-bangalore-street-sw15%3Fq%3Ddata%2Bscientist%26keywords%3DData%2BScientist%26locationName%3DBangalore%2BStreet%252C%2BSW15%26locationId%3D4572795,https://www.reed.co.uk/jobs/harnham-search-selection/p9243,Actively Hiring,"Company: Harnham - Data & Analytics Recruitment | Salary: £50,000 - £65,000 per annum | Type: Permanent, full-time, Hybrid | Badges: Easy Apply",Reed.co.uk,https://www.reed.co.uk/jobs/harnham-search-selection/p9243,https://www.reed.co.uk/jobs/data-scientist/57298757?source=searchResults&q=data%20scientist&filter=%2Fjobs%2Fdata-scientist-jobs-in-bangalore-street-sw15%3Fq%3Ddata%2Bscientist%26keywords%3DData%2BScientist%26locationName%3DBangalore%2BStreet%252C%2BSW15%26locationId%3D4572795
Data Science Trainee,ITOL Recruit,United Kingdom,2026-09-02,https://www.reed.co.uk/jobs/data-science-trainee/57302755?source=searchResults&q=data%20scientist&filter=%2Fjobs%2Fdata-scientist-jobs-in-bangalore-street-sw15%3Fq%3Ddata%2Bscientist%26keywords%3DData%2BScientist%26locationName%3DBangalore%2BStreet%252C%2BSW15%26locationId%3D4572795,https://www.reed.co.uk/jobs/itonlinelearning-0/p57826,Actively Hiring,"Company: ITOL Recruit | Salary: Training Course | Type: Permanent, full-time, On-site | Badges: Featured",Reed.co.uk,https://www.reed.co.uk/jobs/itonlinelearning-0/p57826,https://www.reed.co.uk/jobs/data-science-trainee/57302755?source=searchResults&q=data%20scientist&filter=%2Fjobs%2Fdata-scientist-jobs-in-bangalore-street-sw15%3Fq%3Ddata%2Bscientist%26keywords%3DData%2BScientist%26locationName%3DBangalore%2BStreet%252C%2BSW15%26locationId%3D4572795
Full Stack Developer,Hays Specialist Recruitment Limited,London,2026-08-19,https://www.reed.co.uk/jobs/full-stack-developer/57256209?source=searchResults&q=full%20stack%20developer&filter=%2Fjobs%2Ffull-stack-developer-jobs-in-bangalore-street-sw15%3Fq%3Dfull%2Bstack%2Bdeveloper%26keywords%3DFull%2BStack%2BDeveloper%26locationName%3DBangalore%2BStreet%252C%2BSW15%26locationId%3D4572795,https://www.reed.co.uk/jobs/hays-specialist-recruitment-limited/p36210,Actively Hiring,"Company: Hays Specialist Recruitment Limited | Salary: £400 - £410 per day | Type: Contract, full-time, Hybrid | Badges: Easy Apply",Reed.co.uk,https://www.reed.co.uk/jobs/hays-specialist-recruitment-limited/p36210,https://www.reed.co.uk/jobs/full-stack-developer/57256209?source=searchResults&q=full%20stack%20developer&filter=%2Fjobs%2Ffull-stack-developer-jobs-in-bangalore-street-sw15%3Fq%3Dfull%2Bstack%2Bdeveloper%26keywords%3DFull%2BStack%2BDeveloper%26locationName%3DBangalore%2BStreet%252C%2BSW15%26locationId%3D4572795
Full Stack Developer,No1 Legal and Professional,London,2026-09-07,https://www.reed.co.uk/jobs/full-stack-developer/57319274?source=searchResults&q=full%20stack%20developer&filter=%2Fjobs%2Ffull-stack-developer-jobs-in-bangalore-street-sw15%3Fq%3Dfull%2Bstack%2Bdeveloper%26keywords%3DFull%2BStack%2BDeveloper%26locationName%3DBangalore%2BStreet%252C%2BSW15%26locationId%3D4572795,https://www.reed.co.uk/jobs/no1-legal-limited/p15180,Actively Hiring,"Company: No1 Legal and Professional | Salary: Salary negotiable | Type: Permanent, full-time, Remote",Reed.co.uk,https://www.reed.co.uk/jobs/no1-legal-limited/p15180,https://www.reed.co.uk/jobs/full-stack-developer/57319274?source=searchResults&q=full%20stack%20developer&filter=%2Fjobs%2Ffull-stack-developer-jobs-in-bangalore-street-sw15%3Fq%3Dfull%2Bstack%2Bdeveloper%26keywords%3DFull%2BStack%2BDeveloper%26locationName%3DBangalore%2BStreet%252C%2BSW15%26locationId%3D4572795
Full Stack Developer,FryerMiles,London,2026-08-10,https://www.reed.co.uk/jobs/full-stack-developer/57218456?source=searchResults&q=full%20stack%20developer&filter=%2Fjobs%2Ffull-stack-developer-jobs-in-bangalore-street-sw15%3Fq%3Dfull%2Bstack%2Bdeveloper%26keywords%3DFull%2BStack%2BDeveloper%26locationName%3DBangalore%2BStreet%252C%2BSW15%26locationId%3D4572795,https://www.reed.co.uk/jobs/fryermiles-recruitment-limited/p45616,Actively Hiring,"Company: FryerMiles | Salary: £500 - £550 per day | Type: Temporary, full-time, Hybrid | Badges: Easy Apply",Reed.co.uk,https://www.reed.co.uk/jobs/fryermiles-recruitment-limited/p45616,https://www.reed.co.uk/jobs/full-stack-developer/57218456?source=searchResults&q=full%20stack%20developer&filter=%2Fjobs%2Ffull-stack-developer-jobs-in-bangalore-street-sw15%3Fq%3Dfull%2Bstack%2Bdeveloper%26keywords%3DFull%2BStack%2BDeveloper%26locationName%3DBangalore%2BStreet%252C%2BSW15%26locationId%3D4572795
Full Stack Developer,Hays Specialist Recruitment Limited,London,2026-08-19,https://www.reed.co.uk/jobs/full-stack-developer/57256294?source=searchResults&q=full%20stack%20developer&filter=%2Fjobs%2Ffull-stack-developer-jobs-in-bangalore-street-sw15%3Fq%3Dfull%2Bstack%2Bdeveloper%26keywords%3DFull%2BStack%2BDeveloper%26locationName%3DBangalore%2BStreet%252C%2BSW15%26locationId%3D4572795,https://www.reed.co.uk/jobs/hays-specialist-recruitment-limited/p36210,Actively Hiring,"Company: Hays Specialist Recruitment Limited | Salary: £400 - £410 per day | Type: Contract, full-time, Hybrid | Badges: Easy Apply",Reed.co.uk,https://www.reed.co.uk/jobs/hays-specialist-recruitment-limited/p36210,https://www.reed.co.uk/jobs/full-stack-developer/57256294?source=searchResults&q=full%20stack%20developer&filter=%2Fjobs%2Ffull-stack-developer-jobs-in-bangalore-street-sw15%3Fq%3Dfull%2Bstack%2Bdeveloper%26keywords%3DFull%2BStack%2BDeveloper%26locationName%3DBangalore%2BStreet%252C%2BSW15%26locationId%3D4572795
Full Stack Developer,Sanderson,London,2026-09-17,https://www.reed.co.uk/jobs/full-stack-developer/57352220?source=searchResults&q=full%20stack%20developer&filter=%2Fjobs%2Ffull-stack-developer-jobs-in-bangalore-street-sw15%3Fq%3Dfull%2Bstack%2Bdeveloper%26keywords%3DFull%2BStack%2BDeveloper%26locationName%3DBangalore%2BStreet%252C%2BSW15%26locationId%3D4572795,https://www.reed.co.uk/jobs/sanderson-35038/p35038,Actively Hiring,"Company: Sanderson | Salary: £55,000 - £65,000 per annum | Type: Permanent, full-time, Hybrid | Badges: New, Easy Apply",Reed.co.uk,https://www.reed.co.uk/jobs/sanderson-35038/p35038,https://www.reed.co.uk/jobs/full-stack-developer/57352220?source=searchResults&q=full%20stack%20developer&filter=%2Fjobs%2Ffull-stack-developer-jobs-in-bangalore-street-sw15%3Fq%3Dfull%2Bstack%2Bdeveloper%26keywords%3DFull%2BStack%2BDeveloper%26locationName%3DBangalore%2BStreet%252C%2BSW15%26locationId%3D4572795
Full Stack Developer,Hays Specialist Recruitment Limited,London,2026-08-18,https://www.reed.co.uk/jobs/full-stack-developer/57252594?source=searchResults&q=full%20stack%20developer&filter=%2Fjobs%2Ffull-stack-developer-jobs-in-bangalore-street-sw15%3Fq%3Dfull%2Bstack%2Bdeveloper%26keywords%3DFull%2BStack%2BDeveloper%26locationName%3DBangalore%2BStreet%252C%2BSW15%26locationId%3D4572795,https://www.reed.co.uk/jobs/hays-specialist-recruitment-limited/p36210,Actively Hiring,"Company: Hays Specialist Recruitment Limited | Salary: £550 - £650 per day | Type: Contract, full-time, Hybrid | Badges: Easy Apply",Reed.co.uk,https://www.reed.co.uk/jobs/hays-specialist-recruitment-limited/p36210,https://www.reed.co.uk/jobs/full-stack-developer/57252594?source=searchResults&q=full%20stack%20developer&filter=%2Fjobs%2Ffull-stack-developer-jobs-in-bangalore-street-sw15%3Fq%3Dfull%2Bstack%2Bdeveloper%26keywords%3DFull%2BStack%2BDeveloper%26locationName%3DBangalore%2BStreet%252C%2BSW15%26locationId%3D4572795
Senior Full Stack Developer,Avanti,London,2026-09-07,https://www.reed.co.uk/jobs/senior-full-stack-developer/57318237?source=searchResults&q=full%20stack%20developer&filter=%2Fjobs%2Ffull-stack-developer-jobs-in-bangalore-street-sw15%3Fq%3Dfull%2Bstack%2Bdeveloper%26keywords%3DFull%2BStack%2BDeveloper%26locationName%3DBangalore%2BStreet%252C%2BSW15%26locationId%3D4572795,https://www.reed.co.uk/jobs/avanti-recruitment/p6760,Actively Hiring,"Company: Avanti | Salary: £400 per day | Type: Contract, full-time, On-site | Badges: Easy Apply",Reed.co.uk,https://www.reed.co.uk/jobs/avanti-recruitment/p6760,https://www.reed.co.uk/jobs/senior-full-stack-developer/57318237?source=searchResults&q=full%20stack%20developer&filter=%2Fjobs%2Ffull-stack-developer-jobs-in-bangalore-street-sw15%3Fq%3Dfull%2Bstack%2Bdeveloper%26keywords%3DFull%2BStack%2BDeveloper%26locationName%3DBangalore%2BStreet%252C%2BSW15%26locationId%3D4572795
Senior Full Stack Developer,Pontoon,London,2026-09-08,https://www.reed.co.uk/jobs/senior-full-stack-developer/57321228?source=searchResults&q=full%20stack%20developer&filter=%2Fjobs%2Ffull-stack-developer-jobs-in-bangalore-street-sw15%3Fq%3Dfull%2Bstack%2Bdeveloper%26keywords%3DFull%2BStack%2BDeveloper%26locationName%3DBangalore%2BStreet%252C%2BSW15%26locationId%3D4572795,https://www.reed.co.uk/jobs/pontoon-45427/p45427,Actively Hiring,"Company: Pontoon | Salary: £700 - £750 per day | Type: Contract, full-time, On-site | Badges: Easy Apply",Reed.co.uk,https://www.reed.co.uk/jobs/pontoon-45427/p45427,https://www.reed.co.uk/jobs/senior-full-stack-developer/57321228?source=searchResults&q=full%20stack%20developer&filter=%2Fjobs%2Ffull-stack-developer-jobs-in-bangalore-street-sw15%3Fq%3Dfull%2Bstack%2Bdeveloper%26keywords%3DFull%2BStack%2BDeveloper%26locationName%3DBangalore%2BStreet%252C%2BSW15%26locationId%3D4572795
Full Stack Developer (Node/React),Arc IT Recruitment,London,2026-09-01,https://www.reed.co.uk/jobs/full-stack-developer-node-react/56984474?source=searchResults&q=full%20stack%20developer&filter=%2Fjobs%2Ffull-stack-developer-jobs-in-bangalore-street-sw15%3Fq%3Dfull%2Bstack%2Bdeveloper%26keywords%3DFull%2BStack%2BDeveloper%26locationName%3DBangalore%2BStreet%252C%2BSW15%26locationId%3D4572795,https://www.reed.co.uk/jobs/arc-it-recruitment/p5850,Actively Hiring,"Company: Arc IT Recruitment | Salary: £60,000 per annum | Type: Permanent, full-time, On-site | Badges: Easy Apply",Reed.co.uk,https://www.reed.co.uk/jobs/arc-it-recruitment/p5850,https://www.reed.co.uk/jobs/full-stack-developer-node-react/56984474?source=searchResults&q=full%20stack%20developer&filter=%2Fjobs%2Ffull-stack-developer-jobs-in-bangalore-street-sw15%3Fq%3Dfull%2Bstack%2Bdeveloper%26keywords%3DFull%2BStack%2BDeveloper%26locationName%3DBangalore%2BStreet%252C%2BSW15%26locationId%3D4572795
Full-Stack Software Developer,Harnham - Data & Analytics Recruitment,London,2026-09-02,https://www.reed.co.uk/jobs/full-stack-software-developer/57304086?source=searchResults&q=full%20stack%20developer&filter=%2Fjobs%2Ffull-stack-developer-jobs-in-bangalore-street-sw15%3Fq%3Dfull%2Bstack%2Bdeveloper%26keywords%3DFull%2BStack%2BDeveloper%26locationName%3DBangalore%2BStreet%252C%2BSW15%26locationId%3D4572795,https://www.reed.co.uk/jobs/harnham-search-selection/p9243,Actively Hiring,"Company: Harnham - Data & Analytics Recruitment | Salary: £70,000 - £100,000 per annum | Type: Permanent, full-time, On-site",Reed.co.uk,https://www.reed.co.uk/jobs/harnham-search-selection/p9243,https://www.reed.co.uk/jobs/full-stack-software-developer/57304086?source=searchResults&q=full%20stack%20developer&filter=%2Fjobs%2Ffull-stack-developer-jobs-in-bangalore-street-sw15%3Fq%3Dfull%2Bstack%2Bdeveloper%26keywords%3DFull%2BStack%2BDeveloper%26locationName%3DBangalore%2BStreet%252C%2BSW15%26locationId%3D4572795
Full-Stack Software Developer,Harnham - Data & Analytics Recruitment,London,2026-09-10,https://www.reed.co.uk/jobs/full-stack-software-developer/57334134?source=searchResults&q=full%20stack%20developer&filter=%2Fjobs%2Ffull-stack-developer-jobs-in-bangalore-street-sw15%3Fq%3Dfull%2Bstack%2Bdeveloper%26keywords%3DFull%2BStack%2BDeveloper%26locationName%3DBangalore%2BStreet%252C%2BSW15%26locationId%3D4572795,https://www.reed.co.uk/jobs/harnham-search-selection/p9243,Actively Hiring,"Company: Harnham - Data & Analytics Recruitment | Salary: £70,000 - £100,000 per annum | Type: Permanent, full-time, On-site",Reed.co.uk,https://www.reed.co.uk/jobs/harnham-search-selection/p9243,https://www.reed.co.uk/jobs/full-stack-software-developer/57334134?source=searchResults&q=full%20stack%20developer&filter=%2Fjobs%2Ffull-stack-developer-jobs-in-bangalore-street-sw15%3Fq%3Dfull%2Bstack%2Bdeveloper%26keywords%3DFull%2BStack%2BDeveloper%26locationName%3DBangalore%2BStreet%252C%2BSW15%26locationId%3D4572795
Full Stack .Net Developer,Eligo Recruitment,London,2026-08-12,https://www.reed.co.uk/jobs/full-stack-net-developer/57227892?source=searchResults&q=full%20stack%20developer&filter=%2Fjobs%2Ffull-stack-developer-jobs-in-bangalore-street-sw15%3Fq%3Dfull%2Bstack%2Bdeveloper%26keywords%3DFull%2BStack%2BDeveloper%26locationName%3DBangalore%2BStreet%252C%2BSW15%26locationId%3D4572795,https://www.reed.co.uk/jobs/eligo-recruitment/p13082,Actively Hiring,"Company: Eligo Recruitment | Salary: £60,000 - £80,000 per annum | Type: Permanent, full-time, On-site | Badges: Easy Apply",Reed.co.uk,https://www.reed.co.uk/jobs/eligo-recruitment/p13082,https://www.reed.co.uk/jobs/full-stack-net-developer/57227892?source=searchResults&q=full%20stack%20developer&filter=%2Fjobs%2Ffull-stack-developer-jobs-in-bangalore-street-sw15%3Fq%3Dfull%2Bstack%2Bdeveloper%26keywords%3DFull%2BStack%2BDeveloper%26locationName%3DBangalore%2BStreet%252C%2BSW15%26locationId%3D4572795
Senior Full Stack Developer (Java / Angular),Pontoon,London,2026-08-18,https://www.reed.co.uk/jobs/senior-full-stack-developer-java-angular/57249634?source=searchResults&q=full%20stack%20developer&filter=%2Fjobs%2Ffull-stack-developer-jobs-in-bangalore-street-sw15%3Fq%3Dfull%2Bstack%2Bdeveloper%26keywords%3DFull%2BStack%2BDeveloper%26locationName%3DBangalore%2BStreet%252C%2BSW15%26locationId%3D4572795,https://www.reed.co.uk/jobs/pontoon-45427/p45427,Actively Hiring,"Company: Pontoon | Salary: £700 - £750 per day | Type: Contract, full-time, Hybrid | Badges: Easy Apply",Reed.co.uk,https://www.reed.co.uk/jobs/pontoon-45427/p45427,https://www.reed.co.uk/jobs/senior-full-stack-developer-java-angular/57249634?source=searchResults&q=full%20stack%20developer&filter=%2Fjobs%2Ffull-stack-developer-jobs-in-bangalore-street-sw15%3Fq%3Dfull%2Bstack%2Bdeveloper%26keywords%3DFull%2BStack%2BDeveloper%26locationName%3DBangalore%2BStreet%252C%2BSW15%26locationId%3D4572795
Full Stack Developer - Permanent - London - Financial Services,Oliver James,London,2026-09-02,https://www.reed.co.uk/jobs/full-stack-developer-permanent-london-financial-services/57303536?source=searchResults&q=full%20stack%20developer&filter=%2Fjobs%2Ffull-stack-developer-jobs-in-bangalore-street-sw15%3Fq%3Dfull%2Bstack%2Bdeveloper%26keywords%3DFull%2BStack%2BDeveloper%26locationName%3DBangalore%2BStreet%252C%2BSW15%26locationId%3D4572795,https://www.reed.co.uk/jobs/oliver-james-associates/p21881,Actively Hiring,"Company: Oliver James | Salary: £75,000 - £85,000 per annum | Type: Permanent, full-time, On-site | Badges: Easy Apply",Reed.co.uk,https://www.reed.co.uk/jobs/oliver-james-associates/p21881,https://www.reed.co.uk/jobs/full-stack-developer-permanent-london-financial-services/57303536?source=searchResults&q=full%20stack%20developer&filter=%2Fjobs%2Ffull-stack-developer-jobs-in-bangalore-street-sw15%3Fq%3Dfull%2Bstack%2Bdeveloper%26keywords%3DFull%2BStack%2BDeveloper%26locationName%3DBangalore%2BStreet%252C%2BSW15%26locationId%3D4572795
"Senior Full Stack Developer (Kotlin, React) - Banking - London",Salt Search,London,2026-09-17,https://www.reed.co.uk/jobs/senior-full-stack-developer-kotlin-react-banking-london/57354368?source=searchResults&q=full%20stack%20developer&filter=%2Fjobs%2Ffull-stack-developer-jobs-in-bangalore-street-sw15%3Fq%3Dfull%2Bstack%2Bdeveloper%26keywords%3DFull%2BStack%2BDeveloper%26locationName%3DBangalore%2BStreet%252C%2BSW15%26locationId%3D4572795,https://www.reed.co.uk/jobs/salt-search-70274/p70274,Actively Hiring,"Company: Salt Search | Salary: £500 - £700 per day | Type: Contract, full-time, Hybrid | Badges: New, Easy Apply",Reed.co.uk,https://www.reed.co.uk/jobs/salt-search-70274/p70274,https://www.reed.co.uk/jobs/senior-full-stack-developer-kotlin-react-banking-london/57354368?source=searchResults&q=full%20stack%20developer&filter=%2Fjobs%2Ffull-stack-developer-jobs-in-bangalore-street-sw15%3Fq%3Dfull%2Bstack%2Bdeveloper%26keywords%3DFull%2BStack%2BDeveloper%26locationName%3DBangalore%2BStreet%252C%2BSW15%26locationId%3D4572795
Principal Full Stack Software Engineer,Profile 29,London,2026-09-08,https://www.reed.co.uk/jobs/principal-full-stack-software-engineer/57320946?source=searchResults&q=full%20stack%20developer&filter=%2Fjobs%2Ffull-stack-developer-jobs-in-bangalore-street-sw15%3Fq%3Dfull%2Bstack%2Bdeveloper%26keywords%3DFull%2BStack%2BDeveloper%26locationName%3DBangalore%2BStreet%252C%2BSW15%26locationId%3D4572795,https://www.reed.co.uk/jobs/profile-29/p19249,Actively Hiring,"Company: Profile 29 | Salary: £70,000 - £90,000 per annum | Type: Permanent, full-time, Remote",Reed.co.uk,https://www.reed.co.uk/jobs/profile-29/p19249,https://www.reed.co.uk/jobs/principal-full-stack-software-engineer/57320946?source=searchResults&q=full%20stack%20developer&filter=%2Fjobs%2Ffull-stack-developer-jobs-in-bangalore-street-sw15%3Fq%3Dfull%2Bstack%2Bdeveloper%26keywords%3DFull%2BStack%2BDeveloper%26locationName%3DBangalore%2BStreet%252C%2BSW15%26locationId%3D4572795
"Sr. Java Full Stack Developer - London, UK",Randstad Technologies,London,2026-08-19,https://www.reed.co.uk/jobs/sr-java-full-stack-developer-london-uk/57254084?source=searchResults&q=full%20stack%20developer&filter=%2Fjobs%2Ffull-stack-developer-jobs-in-bangalore-street-sw15%3Fq%3Dfull%2Bstack%2Bdeveloper%26keywords%3DFull%2BStack%2BDeveloper%26locationName%3DBangalore%2BStreet%252C%2BSW15%26locationId%3D4572795,https://www.reed.co.uk/jobs/randstad-technologies-101642/p101642,Actively Hiring,"Company: Randstad Technologies | Salary: £65,000 - £70,000 per annum | Type: Permanent, full-time, Hybrid | Badges: Easy Apply",Reed.co.uk,https://www.reed.co.uk/jobs/randstad-technologies-101642/p101642,https://www.reed.co.uk/jobs/sr-java-full-stack-developer-london-uk/57254084?source=searchResults&q=full%20stack%20developer&filter=%2Fjobs%2Ffull-stack-developer-jobs-in-bangalore-street-sw15%3Fq%3Dfull%2Bstack%2Bdeveloper%26keywords%3DFull%2BStack%2BDeveloper%26locationName%3DBangalore%2BStreet%252C%2BSW15%26locationId%3D4572795
Senior Full Stack Software Developer (React / TypeScript / Node),Granite Recruitment and Consulting Limited,London,2026-09-01,https://www.reed.co.uk/jobs/senior-full-stack-software-developer-react-typescript-node/57297417?source=searchResults&q=full%20stack%20developer&filter=%2Fjobs%2Ffull-stack-developer-jobs-in-bangalore-street-sw15%3Fq%3Dfull%2Bstack%2Bdeveloper%26keywords%3DFull%2BStack%2BDeveloper%26locationName%3DBangalore%2BStreet%252C%2BSW15%26locationId%3D4572795,https://www.reed.co.uk/jobs/granite-recruitment-and-consulting-limited/p31446,Actively Hiring,"Company: Granite Recruitment and Consulting Limited | Salary: £50,000 - £60,000 per annum | Type: Permanent, full-time, Remote | Badges: Featured, Easy Apply",Reed.co.uk,https://www.reed.co.uk/jobs/granite-recruitment-and-consulting-limited/p31446,https://www.reed.co.uk/jobs/senior-full-stack-software-developer-react-typescript-node/57297417?source=searchResults&q=full%20stack%20developer&filter=%2Fjobs%2Ffull-stack-developer-jobs-in-bangalore-street-sw15%3Fq%3Dfull%2Bstack%2Bdeveloper%26keywords%3DFull%2BStack%2BDeveloper%26locationName%3DBangalore%2BStreet%252C%2BSW15%26locationId%3D4572795
Graduate Software Engineer (Full Stack),Harnham - Data & Analytics Recruitment,London,2026-08-11,https://www.reed.co.uk/jobs/graduate-software-engineer-full-stack/57224187?source=searchResults&q=full%20stack%20developer&filter=%2Fjobs%2Ffull-stack-developer-jobs-in-bangalore-street-sw15%3Fq%3Dfull%2Bstack%2Bdeveloper%26keywords%3DFull%2BStack%2BDeveloper%26locationName%3DBangalore%2BStreet%252C%2BSW15%26locationId%3D4572795,https://www.reed.co.uk/jobs/harnham-search-selection/p9243,Actively Hiring,"Company: Harnham - Data & Analytics Recruitment | Salary: £40,000 - £45,000 per annum | Type: Permanent, full-time, Hybrid | Badges: Easy Apply",Reed.co.uk,https://www.reed.co.uk/jobs/harnham-search-selection/p9243,https://www.reed.co.uk/jobs/graduate-software-engineer-full-stack/57224187?source=searchResults&q=full%20stack%20developer&filter=%2Fjobs%2Ffull-stack-developer-jobs-in-bangalore-street-sw15%3Fq%3Dfull%2Bstack%2Bdeveloper%26keywords%3DFull%2BStack%2BDeveloper%26locationName%3DBangalore%2BStreet%252C%2BSW15%26locationId%3D4572795
Full Stack Engineer - London - £45K,Nigel Frank International,London,2026-08-11,https://www.reed.co.uk/jobs/full-stack-engineer-london-45k/57222587?source=searchResults&q=full%20stack%20developer&filter=%2Fjobs%2Ffull-stack-developer-jobs-in-bangalore-street-sw15%3Fq%3Dfull%2Bstack%2Bdeveloper%26keywords%3DFull%2BStack%2BDeveloper%26locationName%3DBangalore%2BStreet%252C%2BSW15%26locationId%3D4572795,https://www.reed.co.uk/jobs/nigel-frank-international/p10137,Actively Hiring,"Company: Nigel Frank International | Salary: £40,000 - £45,000 per annum | Type: Permanent, full-time, On-site | Badges: Easy Apply",Reed.co.uk,https://www.reed.co.uk/jobs/nigel-frank-international/p10137,https://www.reed.co.uk/jobs/full-stack-engineer-london-45k/57222587?source=searchResults&q=full%20stack%20developer&filter=%2Fjobs%2Ffull-stack-developer-jobs-in-bangalore-street-sw15%3Fq%3Dfull%2Bstack%2Bdeveloper%26keywords%3DFull%2BStack%2BDeveloper%26locationName%3DBangalore%2BStreet%252C%2BSW15%26locationId%3D4572795
Fullstack Developer - Java,Hays Specialist Recruitment Limited,London,2026-09-11,https://www.reed.co.uk/jobs/fullstack-developer-java/57336188?source=searchResults&q=full%20stack%20developer&filter=%2Fjobs%2Ffull-stack-developer-jobs-in-bangalore-street-sw15%3Fq%3Dfull%2Bstack%2Bdeveloper%26keywords%3DFull%2BStack%2BDeveloper%26locationName%3DBangalore%2BStreet%252C%2BSW15%26locationId%3D4572795,https://www.reed.co.uk/jobs/hays-specialist-recruitment-limited/p36210,Actively Hiring,"Company: Hays Specialist Recruitment Limited | Salary: £310 per day | Type: Contract, full-time, Hybrid | Badges: Easy Apply",Reed.co.uk,https://www.reed.co.uk/jobs/hays-specialist-recruitment-limited/p36210,https://www.reed.co.uk/jobs/fullstack-developer-java/57336188?source=searchResults&q=full%20stack%20developer&filter=%2Fjobs%2Ffull-stack-developer-jobs-in-bangalore-street-sw15%3Fq%3Dfull%2Bstack%2Bdeveloper%26keywords%3DFull%2BStack%2BDeveloper%26locationName%3DBangalore%2BStreet%252C%2BSW15%26locationId%3D4572795
Full Stack Engineer,Oscar Technology,London,2026-09-17,https://www.reed.co.uk/jobs/full-stack-engineer/57358448?source=searchResults&q=full%20stack%20developer&filter=%2Fjobs%2Ffull-stack-developer-jobs-in-bangalore-street-sw15%3Fq%3Dfull%2Bstack%2Bdeveloper%26keywords%3DFull%2BStack%2BDeveloper%26locationName%3DBangalore%2BStreet%252C%2BSW15%26locationId%3D4572795,https://www.reed.co.uk/jobs/oscar-associates/p20715,Actively Hiring,"Company: Oscar Technology | Salary: £70,000 - £80,000 per annum | Type: Permanent, full-time, Hybrid | Badges: New, Easy Apply",Reed.co.uk,https://www.reed.co.uk/jobs/oscar-associates/p20715,https://www.reed.co.uk/jobs/full-stack-engineer/57358448?source=searchResults&q=full%20stack%20developer&filter=%2Fjobs%2Ffull-stack-developer-jobs-in-bangalore-street-sw15%3Fq%3Dfull%2Bstack%2Bdeveloper%26keywords%3DFull%2BStack%2BDeveloper%26locationName%3DBangalore%2BStreet%252C%2BSW15%26locationId%3D4572795
Data Analyst,TXP Technology x People,London,2026-09-18,https://www.reed.co.uk/jobs/data-analyst/57361997?source=searchResults&q=data%20analyst&filter=%2Fjobs%2Fdata-analyst-jobs-in-bangalore-street-sw15%3Fq%3Ddata%2Banalyst%26keywords%3DData%2BAnalyst%26locationName%3DBangalore%2BStreet%252C%2BSW15%26locationId%3D4572795,https://www.reed.co.uk/jobs/concept-it-20220/p20220,Actively Hiring,"Company: TXP Technology x People | Salary: £435 per day | Type: Contract, full-time, Remote | Badges: Featured, New, Easy Apply",Reed.co.uk,https://www.reed.co.uk/jobs/concept-it-20220/p20220,https://www.reed.co.uk/jobs/data-analyst/57361997?source=searchResults&q=data%20analyst&filter=%2Fjobs%2Fdata-analyst-jobs-in-bangalore-street-sw15%3Fq%3Ddata%2Banalyst%26keywords%3DData%2BAnalyst%26locationName%3DBangalore%2BStreet%252C%2BSW15%26locationId%3D4572795
Trainee Data Analyst,ITOL Recruit,"Twickenham, Middlesex",2026-08-25,https://www.reed.co.uk/jobs/trainee-data-analyst/57271987?source=searchResults&q=data%20analyst&filter=%2Fjobs%2Fdata-analyst-jobs-in-bangalore-street-sw15%3Fq%3Ddata%2Banalyst%26keywords%3DData%2BAnalyst%26locationName%3DBangalore%2BStreet%252C%2BSW15%26locationId%3D4572795,https://www.reed.co.uk/jobs/itonlinelearning-0/p57826,Actively Hiring,"Company: ITOL Recruit | Salary: Training Course | Type: Permanent, full-time, On-site",Reed.co.uk,https://www.reed.co.uk/jobs/itonlinelearning-0/p57826,https://www.reed.co.uk/jobs/trainee-data-analyst/57271987?source=searchResults&q=data%20analyst&filter=%2Fjobs%2Fdata-analyst-jobs-in-bangalore-street-sw15%3Fq%3Ddata%2Banalyst%26keywords%3DData%2BAnalyst%26locationName%3DBangalore%2BStreet%252C%2BSW15%26locationId%3D4572795
Trainee Data Analyst,ITOL Recruit,London,2026-08-24,https://www.reed.co.uk/jobs/trainee-data-analyst/57267856?source=searchResults&q=data%20analyst&filter=%2Fjobs%2Fdata-analyst-jobs-in-bangalore-street-sw15%3Fq%3Ddata%2Banalyst%26keywords%3DData%2BAnalyst%26locationName%3DBangalore%2BStreet%252C%2BSW15%26locationId%3D4572795,https://www.reed.co.uk/jobs/itonlinelearning-0/p57826,Actively Hiring,"Company: ITOL Recruit | Salary: Training Course | Type: Permanent, full-time, On-site",Reed.co.uk,https://www.reed.co.uk/jobs/itonlinelearning-0/p57826,https://www.reed.co.uk/jobs/trainee-data-analyst/57267856?source=searchResults&q=data%20analyst&filter=%2Fjobs%2Fdata-analyst-jobs-in-bangalore-street-sw15%3Fq%3Ddata%2Banalyst%26keywords%3DData%2BAnalyst%26locationName%3DBangalore%2BStreet%252C%2BSW15%26locationId%3D4572795
Data Analyst - retail,Sanderson,London,2026-09-17,https://www.reed.co.uk/jobs/data-analyst-retail/57358061?source=searchResults&q=data%20analyst&filter=%2Fjobs%2Fdata-analyst-jobs-in-bangalore-street-sw15%3Fq%3Ddata%2Banalyst%26keywords%3DData%2BAnalyst%26locationName%3DBangalore%2BStreet%252C%2BSW15%26locationId%3D4572795,https://www.reed.co.uk/jobs/sanderson-35038/p35038,Actively Hiring,"Company: Sanderson | Salary: £500 - £550 per day | Type: Contract, full-time, Hybrid | Badges: New, Easy Apply",Reed.co.uk,https://www.reed.co.uk/jobs/sanderson-35038/p35038,https://www.reed.co.uk/jobs/data-analyst-retail/57358061?source=searchResults&q=data%20analyst&filter=%2Fjobs%2Fdata-analyst-jobs-in-bangalore-street-sw15%3Fq%3Ddata%2Banalyst%26keywords%3DData%2BAnalyst%26locationName%3DBangalore%2BStreet%252C%2BSW15%26locationId%3D4572795
Trainee Data Analyst,ITOL Recruit,"North West London, London",2026-09-02,https://www.reed.co.uk/jobs/trainee-data-analyst/57300524?source=searchResults&q=data%20analyst&filter=%2Fjobs%2Fdata-analyst-jobs-in-bangalore-street-sw15%3Fq%3Ddata%2Banalyst%26keywords%3DData%2BAnalyst%26locationName%3DBangalore%2BStreet%252C%2BSW15%26locationId%3D4572795,https://www.reed.co.uk/jobs/itonlinelearning-0/p57826,Actively Hiring,"Company: ITOL Recruit | Salary: Training Course | Type: Permanent, full-time, On-site",Reed.co.uk,https://www.reed.co.uk/jobs/itonlinelearning-0/p57826,https://www.reed.co.uk/jobs/trainee-data-analyst/57300524?source=searchResults&q=data%20analyst&filter=%2Fjobs%2Fdata-analyst-jobs-in-bangalore-street-sw15%3Fq%3Ddata%2Banalyst%26keywords%3DData%2BAnalyst%26locationName%3DBangalore%2BStreet%252C%2BSW15%26locationId%3D4572795
Trainee Data Analyst,ITOL Recruit,London,2026-09-02,https://www.reed.co.uk/jobs/trainee-data-analyst/57300616?source=searchResults&q=data%20analyst&filter=%2Fjobs%2Fdata-analyst-jobs-in-bangalore-street-sw15%3Fq%3Ddata%2Banalyst%26keywords%3DData%2BAnalyst%26locationName%3DBangalore%2BStreet%252C%2BSW15%26locationId%3D4572795,https://www.reed.co.uk/jobs/itonlinelearning-0/p57826,Actively Hiring,"Company: ITOL Recruit | Salary: Training Course | Type: Permanent, full-time, On-site",Reed.co.uk,https://www.reed.co.uk/jobs/itonlinelearning-0/p57826,https://www.reed.co.uk/jobs/trainee-data-analyst/57300616?source=searchResults&q=data%20analyst&filter=%2Fjobs%2Fdata-analyst-jobs-in-bangalore-street-sw15%3Fq%3Ddata%2Banalyst%26keywords%3DData%2BAnalyst%26locationName%3DBangalore%2BStreet%252C%2BSW15%26locationId%3D4572795
Trainee Data Analyst,ITOL Recruit,London,2026-08-25,https://www.reed.co.uk/jobs/trainee-data-analyst/57271950?source=searchResults&q=data%20analyst&filter=%2Fjobs%2Fdata-analyst-jobs-in-bangalore-street-sw15%3Fq%3Ddata%2Banalyst%26keywords%3DData%2BAnalyst%26locationName%3DBangalore%2BStreet%252C%2BSW15%26locationId%3D4572795,https://www.reed.co.uk/jobs/itonlinelearning-0/p57826,Actively Hiring,"Company: ITOL Recruit | Salary: Training Course | Type: Permanent, full-time, On-site",Reed.co.uk,https://www.reed.co.uk/jobs/itonlinelearning-0/p57826,https://www.reed.co.uk/jobs/trainee-data-analyst/57271950?source=searchResults&q=data%20analyst&filter=%2Fjobs%2Fdata-analyst-jobs-in-bangalore-street-sw15%3Fq%3Ddata%2Banalyst%26keywords%3DData%2BAnalyst%26locationName%3DBangalore%2BStreet%252C%2BSW15%26locationId%3D4572795
Trainee Data Analyst,ITOL Recruit,London,2026-08-24,https://www.reed.co.uk/jobs/trainee-data-analyst/57267978?source=searchResults&q=data%20analyst&filter=%2Fjobs%2Fdata-analyst-jobs-in-bangalore-street-sw15%3Fq%3Ddata%2Banalyst%26keywords%3DData%2BAnalyst%26locationName%3DBangalore%2BStreet%252C%2BSW15%26locationId%3D4572795,https://www.reed.co.uk/jobs/itonlinelearning-0/p57826,Actively Hiring,"Company: ITOL Recruit | Salary: Training Course | Type: Permanent, full-time, On-site",Reed.co.uk,https://www.reed.co.uk/jobs/itonlinelearning-0/p57826,https://www.reed.co.uk/jobs/trainee-data-analyst/57267978?source=searchResults&q=data%20analyst&filter=%2Fjobs%2Fdata-analyst-jobs-in-bangalore-street-sw15%3Fq%3Ddata%2Banalyst%26keywords%3DData%2BAnalyst%26locationName%3DBangalore%2BStreet%252C%2BSW15%26locationId%3D4572795
Trainee Data Analyst,ITOL Recruit,London,2026-08-24,https://www.reed.co.uk/jobs/trainee-data-analyst/57267938?source=searchResults&q=data%20analyst&filter=%2Fjobs%2Fdata-analyst-jobs-in-bangalore-street-sw15%3Fq%3Ddata%2Banalyst%26keywords%3DData%2BAnalyst%26locationName%3DBangalore%2BStreet%252C%2BSW15%26locationId%3D4572795,https://www.reed.co.uk/jobs/itonlinelearning-0/p57826,Actively Hiring,"Company: ITOL Recruit | Salary: Training Course | Type: Permanent, full-time, On-site",Reed.co.uk,https://www.reed.co.uk/jobs/itonlinelearning-0/p57826,https://www.reed.co.uk/jobs/trainee-data-analyst/57267938?source=searchResults&q=data%20analyst&filter=%2Fjobs%2Fdata-analyst-jobs-in-bangalore-street-sw15%3Fq%3Ddata%2Banalyst%26keywords%3DData%2BAnalyst%26locationName%3DBangalore%2BStreet%252C%2BSW15%26locationId%3D4572795
Trainee Data Analyst,ITOL Recruit,"Croydon, Surrey",2026-08-25,https://www.reed.co.uk/jobs/trainee-data-analyst/57272015?source=searchResults&q=data%20analyst&filter=%2Fjobs%2Fdata-analyst-jobs-in-bangalore-street-sw15%3Fq%3Ddata%2Banalyst%26keywords%3DData%2BAnalyst%26locationName%3DBangalore%2BStreet%252C%2BSW15%26locationId%3D4572795,https://www.reed.co.uk/jobs/itonlinelearning-0/p57826,Actively Hiring,"Company: ITOL Recruit | Salary: Training Course | Type: Permanent, full-time, On-site",Reed.co.uk,https://www.reed.co.uk/jobs/itonlinelearning-0/p57826,https://www.reed.co.uk/jobs/trainee-data-analyst/57272015?source=searchResults&q=data%20analyst&filter=%2Fjobs%2Fdata-analyst-jobs-in-bangalore-street-sw15%3Fq%3Ddata%2Banalyst%26keywords%3DData%2BAnalyst%26locationName%3DBangalore%2BStreet%252C%2BSW15%26locationId%3D4572795
Data Analyst Trainee,ITOL Recruit,"Hounslow, Middlesex",2026-09-09,https://www.reed.co.uk/jobs/data-analyst-trainee/57325085?source=searchResults&q=data%20analyst&filter=%2Fjobs%2Fdata-analyst-jobs-in-bangalore-street-sw15%3Fq%3Ddata%2Banalyst%26keywords%3DData%2BAnalyst%26locationName%3DBangalore%2BStreet%252C%2BSW15%26locationId%3D4572795,https://www.reed.co.uk/jobs/itonlinelearning-0/p57826,Actively Hiring,"Company: ITOL Recruit | Salary: Training Course | Type: Permanent, full-time, On-site",Reed.co.uk,https://www.reed.co.uk/jobs/itonlinelearning-0/p57826,https://www.reed.co.uk/jobs/data-analyst-trainee/57325085?source=searchResults&q=data%20analyst&filter=%2Fjobs%2Fdata-analyst-jobs-in-bangalore-street-sw15%3Fq%3Ddata%2Banalyst%26keywords%3DData%2BAnalyst%26locationName%3DBangalore%2BStreet%252C%2BSW15%26locationId%3D4572795
Data Analyst Trainee,ITOL Recruit,London,2026-09-16,https://www.reed.co.uk/jobs/data-analyst-trainee/57351427?source=searchResults&q=data%20analyst&filter=%2Fjobs%2Fdata-analyst-jobs-in-bangalore-street-sw15%3Fq%3Ddata%2Banalyst%26keywords%3DData%2BAnalyst%26locationName%3DBangalore%2BStreet%252C%2BSW15%26locationId%3D4572795%26pageno%3D2,https://www.reed.co.uk/jobs/itonlinelearning-0/p57826,Actively Hiring,"Company: ITOL Recruit | Salary: Training Course | Type: Permanent, full-time, On-site",Reed.co.uk,https://www.reed.co.uk/jobs/itonlinelearning-0/p57826,https://www.reed.co.uk/jobs/data-analyst-trainee/57351427?source=searchResults&q=data%20analyst&filter=%2Fjobs%2Fdata-analyst-jobs-in-bangalore-street-sw15%3Fq%3Ddata%2Banalyst%26keywords%3DData%2BAnalyst%26locationName%3DBangalore%2BStreet%252C%2BSW15%26locationId%3D4572795%26pageno%3D2
Data Analyst Trainee,ITOL Recruit,London,2026-09-02,https://www.reed.co.uk/jobs/data-analyst-trainee/57299927?source=searchResults&q=data%20analyst&filter=%2Fjobs%2Fdata-analyst-jobs-in-bangalore-street-sw15%3Fq%3Ddata%2Banalyst%26keywords%3DData%2BAnalyst%26locationName%3DBangalore%2BStreet%252C%2BSW15%26locationId%3D4572795%26pageno%3D2,https://www.reed.co.uk/jobs/itonlinelearning-0/p57826,Actively Hiring,"Company: ITOL Recruit | Salary: Training Course | Type: Permanent, full-time, On-site",Reed.co.uk,https://www.reed.co.uk/jobs/itonlinelearning-0/p57826,https://www.reed.co.uk/jobs/data-analyst-trainee/57299927?source=searchResults&q=data%20analyst&filter=%2Fjobs%2Fdata-analyst-jobs-in-bangalore-street-sw15%3Fq%3Ddata%2Banalyst%26keywords%3DData%2BAnalyst%26locationName%3DBangalore%2BStreet%252C%2BSW15%26locationId%3D4572795%26pageno%3D2
Data Analyst Trainee,ITOL Recruit,"Sutton, Surrey",2026-09-01,https://www.reed.co.uk/jobs/data-analyst-trainee/57295109?source=searchResults&q=data%20analyst&filter=%2Fjobs%2Fdata-analyst-jobs-in-bangalore-street-sw15%3Fq%3Ddata%2Banalyst%26keywords%3DData%2BAnalyst%26locationName%3DBangalore%2BStreet%252C%2BSW15%26locationId%3D4572795%26pageno%3D2,https://www.reed.co.uk/jobs/itonlinelearning-0/p57826,Actively Hiring,"Company: ITOL Recruit | Salary: Training Course | Type: Permanent, full-time, On-site",Reed.co.uk,https://www.reed.co.uk/jobs/itonlinelearning-0/p57826,https://www.reed.co.uk/jobs/data-analyst-trainee/57295109?source=searchResults&q=data%20analyst&filter=%2Fjobs%2Fdata-analyst-jobs-in-bangalore-street-sw15%3Fq%3Ddata%2Banalyst%26keywords%3DData%2BAnalyst%26locationName%3DBangalore%2BStreet%252C%2BSW15%26locationId%3D4572795%26pageno%3D2
Graduate Data Analyst,Consula Group LTD,London,2026-09-15,https://www.reed.co.uk/jobs/graduate-data-analyst/57308695?source=searchResults&q=data%20analyst&filter=%2Fjobs%2Fdata-analyst-jobs-in-bangalore-street-sw15%3Fq%3Ddata%2Banalyst%26keywords%3DData%2BAnalyst%26locationName%3DBangalore%2BStreet%252C%2BSW15%26locationId%3D4572795%26pageno%3D2,https://www.reed.co.uk/jobs/consula-group-ltd-112861/p112861,Actively Hiring,"Company: Consula Group LTD | Salary: £45,000 per annum | Type: Permanent, full-time, On-site | Badges: Featured",Reed.co.uk,https://www.reed.co.uk/jobs/consula-group-ltd-112861/p112861,https://www.reed.co.uk/jobs/graduate-data-analyst/57308695?source=searchResults&q=data%20analyst&filter=%2Fjobs%2Fdata-analyst-jobs-in-bangalore-street-sw15%3Fq%3Ddata%2Banalyst%26keywords%3DData%2BAnalyst%26locationName%3DBangalore%2BStreet%252C%2BSW15%26locationId%3D4572795%26pageno%3D2
Trainee Data Analyst,ITOL Recruit,London,2026-09-15,https://www.reed.co.uk/jobs/trainee-data-analyst/57346271?source=searchResults&q=data%20analyst&filter=%2Fjobs%2Fdata-analyst-jobs-in-bangalore-street-sw15%3Fq%3Ddata%2Banalyst%26keywords%3DData%2BAnalyst%26locationName%3DBangalore%2BStreet%252C%2BSW15%26locationId%3D4572795%26pageno%3D2,https://www.reed.co.uk/jobs/itonlinelearning-0/p57826,Actively Hiring,"Company: ITOL Recruit | Salary: Training Course | Type: Permanent, full-time, On-site",Reed.co.uk,https://www.reed.co.uk/jobs/itonlinelearning-0/p57826,https://www.reed.co.uk/jobs/trainee-data-analyst/57346271?source=searchResults&q=data%20analyst&filter=%2Fjobs%2Fdata-analyst-jobs-in-bangalore-street-sw15%3Fq%3Ddata%2Banalyst%26keywords%3DData%2BAnalyst%26locationName%3DBangalore%2BStreet%252C%2BSW15%26locationId%3D4572795%26pageno%3D2
Data Analyst,No1 Legal and Professional,"East London, London",2026-08-10,https://www.reed.co.uk/jobs/data-analyst/57218005?source=searchResults&q=data%20analyst&filter=%2Fjobs%2Fdata-analyst-jobs-in-bangalore-street-sw15%3Fq%3Ddata%2Banalyst%26keywords%3DData%2BAnalyst%26locationName%3DBangalore%2BStreet%252C%2BSW15%26locationId%3D4572795%26pageno%3D2,https://www.reed.co.uk/jobs/no1-legal-limited/p15180,Actively Hiring,"Company: No1 Legal and Professional | Salary: Salary negotiable | Type: Permanent, full-time, On-site",Reed.co.uk,https://www.reed.co.uk/jobs/no1-legal-limited/p15180,https://www.reed.co.uk/jobs/data-analyst/57218005?source=searchResults&q=data%20analyst&filter=%2Fjobs%2Fdata-analyst-jobs-in-bangalore-street-sw15%3Fq%3Ddata%2Banalyst%26keywords%3DData%2BAnalyst%26locationName%3DBangalore%2BStreet%252C%2BSW15%26locationId%3D4572795%26pageno%3D2
Data Analyst,Trace | Expert Accountancy & Finance Recruitment,London,2026-08-25,https://www.reed.co.uk/jobs/data-analyst/57276378?source=searchResults&q=data%20analyst&filter=%2Fjobs%2Fdata-analyst-jobs-in-bangalore-street-sw15%3Fq%3Ddata%2Banalyst%26keywords%3DData%2BAnalyst%26locationName%3DBangalore%2BStreet%252C%2BSW15%26locationId%3D4572795%26pageno%3D2,https://www.reed.co.uk/jobs/trace-recruit-ltd/p7894,Actively Hiring,"Company: Trace | Expert Accountancy & Finance Recruitment | Salary: AUD$35,000 - AUD$45,000 per annum | Type: Permanent, full-time, Hybrid | Badges: Featured, Easy Apply",Reed.co.uk,https://www.reed.co.uk/jobs/trace-recruit-ltd/p7894,https://www.reed.co.uk/jobs/data-analyst/57276378?source=searchResults&q=data%20analyst&filter=%2Fjobs%2Fdata-analyst-jobs-in-bangalore-street-sw15%3Fq%3Ddata%2Banalyst%26keywords%3DData%2BAnalyst%26locationName%3DBangalore%2BStreet%252C%2BSW15%26locationId%3D4572795%26pageno%3D2
Data Analyst,Harnham - Data & Analytics Recruitment,London,2026-08-11,https://www.reed.co.uk/jobs/data-analyst/57225110?source=searchResults&q=data%20analyst&filter=%2Fjobs%2Fdata-analyst-jobs-in-bangalore-street-sw15%3Fq%3Ddata%2Banalyst%26keywords%3DData%2BAnalyst%26locationName%3DBangalore%2BStreet%252C%2BSW15%26locationId%3D4572795%26pageno%3D2,https://www.reed.co.uk/jobs/harnham-search-selection/p9243,Actively Hiring,"Company: Harnham - Data & Analytics Recruitment | Salary: £45,000 - £55,000 per annum | Type: Contract, full-time, On-site | Badges: Easy Apply",Reed.co.uk,https://www.reed.co.uk/jobs/harnham-search-selection/p9243,https://www.reed.co.uk/jobs/data-analyst/57225110?source=searchResults&q=data%20analyst&filter=%2Fjobs%2Fdata-analyst-jobs-in-bangalore-street-sw15%3Fq%3Ddata%2Banalyst%26keywords%3DData%2BAnalyst%26locationName%3DBangalore%2BStreet%252C%2BSW15%26locationId%3D4572795%26pageno%3D2
Data Analyst,Harnham - Data & Analytics Recruitment,London,2026-08-21,https://www.reed.co.uk/jobs/data-analyst/57265274?source=searchResults&q=data%20analyst&filter=%2Fjobs%2Fdata-analyst-jobs-in-bangalore-street-sw15%3Fq%3Ddata%2Banalyst%26keywords%3DData%2BAnalyst%26locationName%3DBangalore%2BStreet%252C%2BSW15%26locationId%3D4572795%26pageno%3D2,https://www.reed.co.uk/jobs/harnham-search-selection/p9243,Actively Hiring,"Company: Harnham - Data & Analytics Recruitment | Salary: £70,000 - £75,000 per annum | Type: Permanent, full-time, Hybrid",Reed.co.uk,https://www.reed.co.uk/jobs/harnham-search-selection/p9243,https://www.reed.co.uk/jobs/data-analyst/57265274?source=searchResults&q=data%20analyst&filter=%2Fjobs%2Fdata-analyst-jobs-in-bangalore-street-sw15%3Fq%3Ddata%2Banalyst%26keywords%3DData%2BAnalyst%26locationName%3DBangalore%2BStreet%252C%2BSW15%26locationId%3D4572795%26pageno%3D2
Data Analyst,Robert Half,London,2026-08-24,https://www.reed.co.uk/jobs/data-analyst/57271010?source=searchResults&q=data%20analyst&filter=%2Fjobs%2Fdata-analyst-jobs-in-bangalore-street-sw15%3Fq%3Ddata%2Banalyst%26keywords%3DData%2BAnalyst%26locationName%3DBangalore%2BStreet%252C%2BSW15%26locationId%3D4572795%26pageno%3D2,https://www.reed.co.uk/jobs/robert-half-92729/p92729,Actively Hiring,"Company: Robert Half | Salary: Salary negotiable | Type: Contract, full-time, Hybrid | Badges: Featured, Easy Apply",Reed.co.uk,https://www.reed.co.uk/jobs/robert-half-92729/p92729,https://www.reed.co.uk/jobs/data-analyst/57271010?source=searchResults&q=data%20analyst&filter=%2Fjobs%2Fdata-analyst-jobs-in-bangalore-street-sw15%3Fq%3Ddata%2Banalyst%26keywords%3DData%2BAnalyst%26locationName%3DBangalore%2BStreet%252C%2BSW15%26locationId%3D4572795%26pageno%3D2
"Interim Data Analyst, Adults Social Care",Eden Brown Synergy,London,2026-09-17,https://www.reed.co.uk/jobs/interim-data-analyst-adults-social-care/57357901?source=searchResults&q=data%20analyst&filter=%2Fjobs%2Fdata-analyst-jobs-in-bangalore-street-sw15%3Fq%3Ddata%2Banalyst%26keywords%3DData%2BAnalyst%26locationName%3DBangalore%2BStreet%252C%2BSW15%26locationId%3D4572795%26pageno%3D3,https://www.reed.co.uk/jobs/synergy-group/p4211,Actively Hiring,"Company: Eden Brown Synergy | Salary: £400 per day | Type: Contract, full-time, On-site | Badges: New, Easy Apply",Reed.co.uk,https://www.reed.co.uk/jobs/synergy-group/p4211,https://www.reed.co.uk/jobs/interim-data-analyst-adults-social-care/57357901?source=searchResults&q=data%20analyst&filter=%2Fjobs%2Fdata-analyst-jobs-in-bangalore-street-sw15%3Fq%3Ddata%2Banalyst%26keywords%3DData%2BAnalyst%26locationName%3DBangalore%2BStreet%252C%2BSW15%26locationId%3D4572795%26pageno%3D3
Data Analyst Trainee,ITOL Recruit,"North West London, London",2026-09-14,https://www.reed.co.uk/jobs/data-analyst-trainee/57340304?source=searchResults&q=data%20analyst&filter=%2Fjobs%2Fdata-analyst-jobs-in-bangalore-street-sw15%3Fq%3Ddata%2Banalyst%26keywords%3DData%2BAnalyst%26locationName%3DBangalore%2BStreet%252C%2BSW15%26locationId%3D4572795%26pageno%3D3,https://www.reed.co.uk/jobs/itonlinelearning-0/p57826,Actively Hiring,"Company: ITOL Recruit | Salary: Training Course | Type: Permanent, full-time, On-site",Reed.co.uk,https://www.reed.co.uk/jobs/itonlinelearning-0/p57826,https://www.reed.co.uk/jobs/data-analyst-trainee/57340304?source=searchResults&q=data%20analyst&filter=%2Fjobs%2Fdata-analyst-jobs-in-bangalore-street-sw15%3Fq%3Ddata%2Banalyst%26keywords%3DData%2BAnalyst%26locationName%3DBangalore%2BStreet%252C%2BSW15%26locationId%3D4572795%26pageno%3D3
Trainee Data Analyst,ITOL Recruit,London,2026-09-16,https://www.reed.co.uk/jobs/trainee-data-analyst/57351417?source=searchResults&q=data%20analyst&filter=%2Fjobs%2Fdata-analyst-jobs-in-bangalore-street-sw15%3Fq%3Ddata%2Banalyst%26keywords%3DData%2BAnalyst%26locationName%3DBangalore%2BStreet%252C%2BSW15%26locationId%3D4572795%26pageno%3D3,https://www.reed.co.uk/jobs/itonlinelearning-0/p57826,Actively Hiring,"Company: ITOL Recruit | Salary: Training Course | Type: Permanent, full-time, On-site",Reed.co.uk,https://www.reed.co.uk/jobs/itonlinelearning-0/p57826,https://www.reed.co.uk/jobs/trainee-data-analyst/57351417?source=searchResults&q=data%20analyst&filter=%2Fjobs%2Fdata-analyst-jobs-in-bangalore-street-sw15%3Fq%3Ddata%2Banalyst%26keywords%3DData%2BAnalyst%26locationName%3DBangalore%2BStreet%252C%2BSW15%26locationId%3D4572795%26pageno%3D3
Data Analyst Trainee,ITOL Recruit,London,2026-09-08,https://www.reed.co.uk/jobs/data-analyst-trainee/57319778?source=searchResults&q=data%20analyst&filter=%2Fjobs%2Fdata-analyst-jobs-in-bangalore-street-sw15%3Fq%3Ddata%2Banalyst%26keywords%3DData%2BAnalyst%26locationName%3DBangalore%2BStreet%252C%2BSW15%26locationId%3D4572795%26pageno%3D3,https://www.reed.co.uk/jobs/itonlinelearning-0/p57826,Actively Hiring,"Company: ITOL Recruit | Salary: Training Course | Type: Permanent, full-time, On-site",Reed.co.uk,https://www.reed.co.uk/jobs/itonlinelearning-0/p57826,https://www.reed.co.uk/jobs/data-analyst-trainee/57319778?source=searchResults&q=data%20analyst&filter=%2Fjobs%2Fdata-analyst-jobs-in-bangalore-street-sw15%3Fq%3Ddata%2Banalyst%26keywords%3DData%2BAnalyst%26locationName%3DBangalore%2BStreet%252C%2BSW15%26locationId%3D4572795%26pageno%3D3
Data Analyst Trainee,ITOL Recruit,London,2026-09-08,https://www.reed.co.uk/jobs/data-analyst-trainee/57319723?source=searchResults&q=data%20analyst&filter=%2Fjobs%2Fdata-analyst-jobs-in-bangalore-street-sw15%3Fq%3Ddata%2Banalyst%26keywords%3DData%2BAnalyst%26locationName%3DBangalore%2BStreet%252C%2BSW15%26locationId%3D4572795%26pageno%3D3,https://www.reed.co.uk/jobs/itonlinelearning-0/p57826,Actively Hiring,"Company: ITOL Recruit | Salary: Training Course | Type: Permanent, full-time, On-site",Reed.co.uk,https://www.reed.co.uk/jobs/itonlinelearning-0/p57826,https://www.reed.co.uk/jobs/data-analyst-trainee/57319723?source=searchResults&q=data%20analyst&filter=%2Fjobs%2Fdata-analyst-jobs-in-bangalore-street-sw15%3Fq%3Ddata%2Banalyst%26keywords%3DData%2BAnalyst%26locationName%3DBangalore%2BStreet%252C%2BSW15%26locationId%3D4572795%26pageno%3D3
Data Analyst Trainee,ITOL Recruit,London,2026-08-26,https://www.reed.co.uk/jobs/data-analyst-trainee/57277450?source=searchResults&q=data%20analyst&filter=%2Fjobs%2Fdata-analyst-jobs-in-bangalore-street-sw15%3Fq%3Ddata%2Banalyst%26keywords%3DData%2BAnalyst%26locationName%3DBangalore%2BStreet%252C%2BSW15%26locationId%3D4572795%26pageno%3D3,https://www.reed.co.uk/jobs/itonlinelearning-0/p57826,Actively Hiring,"Company: ITOL Recruit | Salary: Training Course | Type: Permanent, full-time, On-site",Reed.co.uk,https://www.reed.co.uk/jobs/itonlinelearning-0/p57826,https://www.reed.co.uk/jobs/data-analyst-trainee/57277450?source=searchResults&q=data%20analyst&filter=%2Fjobs%2Fdata-analyst-jobs-in-bangalore-street-sw15%3Fq%3Ddata%2Banalyst%26keywords%3DData%2BAnalyst%26locationName%3DBangalore%2BStreet%252C%2BSW15%26locationId%3D4572795%26pageno%3D3
Data Analyst Trainee,ITOL Recruit,London,2026-08-26,https://www.reed.co.uk/jobs/data-analyst-trainee/57277405?source=searchResults&q=data%20analyst&filter=%2Fjobs%2Fdata-analyst-jobs-in-bangalore-street-sw15%3Fq%3Ddata%2Banalyst%26keywords%3DData%2BAnalyst%26locationName%3DBangalore%2BStreet%252C%2BSW15%26locationId%3D4572795%26pageno%3D3,https://www.reed.co.uk/jobs/itonlinelearning-0/p57826,Actively Hiring,"Company: ITOL Recruit | Salary: Training Course | Type: Permanent, full-time, On-site",Reed.co.uk,https://www.reed.co.uk/jobs/itonlinelearning-0/p57826,https://www.reed.co.uk/jobs/data-analyst-trainee/57277405?source=searchResults&q=data%20analyst&filter=%2Fjobs%2Fdata-analyst-jobs-in-bangalore-street-sw15%3Fq%3Ddata%2Banalyst%26keywords%3DData%2BAnalyst%26locationName%3DBangalore%2BStreet%252C%2BSW15%26locationId%3D4572795%26pageno%3D3
Data Analyst Trainee,ITOL Recruit,London,2026-08-25,https://www.reed.co.uk/jobs/data-analyst-trainee/57272109?source=searchResults&q=data%20analyst&filter=%2Fjobs%2Fdata-analyst-jobs-in-bangalore-street-sw15%3Fq%3Ddata%2Banalyst%26keywords%3DData%2BAnalyst%26locationName%3DBangalore%2BStreet%252C%2BSW15%26locationId%3D4572795%26pageno%3D3,https://www.reed.co.uk/jobs/itonlinelearning-0/p57826,Actively Hiring,"Company: ITOL Recruit | Salary: Training Course | Type: Permanent, full-time, On-site",Reed.co.uk,https://www.reed.co.uk/jobs/itonlinelearning-0/p57826,https://www.reed.co.uk/jobs/data-analyst-trainee/57272109?source=searchResults&q=data%20analyst&filter=%2Fjobs%2Fdata-analyst-jobs-in-bangalore-street-sw15%3Fq%3Ddata%2Banalyst%26keywords%3DData%2BAnalyst%26locationName%3DBangalore%2BStreet%252C%2BSW15%26locationId%3D4572795%26pageno%3D3
Trainee Data Analyst,ITOL Recruit,"Bath Road, Middlesex",2026-08-25,https://www.reed.co.uk/jobs/trainee-data-analyst/57271931?source=searchResults&q=data%20analyst&filter=%2Fjobs%2Fdata-analyst-jobs-in-bangalore-street-sw15%3Fq%3Ddata%2Banalyst%26keywords%3DData%2BAnalyst%26locationName%3DBangalore%2BStreet%252C%2BSW15%26locationId%3D4572795%26pageno%3D3,https://www.reed.co.uk/jobs/itonlinelearning-0/p57826,Actively Hiring,"Company: ITOL Recruit | Salary: Training Course | Type: Permanent, full-time, On-site",Reed.co.uk,https://www.reed.co.uk/jobs/itonlinelearning-0/p57826,https://www.reed.co.uk/jobs/trainee-data-analyst/57271931?source=searchResults&q=data%20analyst&filter=%2Fjobs%2Fdata-analyst-jobs-in-bangalore-street-sw15%3Fq%3Ddata%2Banalyst%26keywords%3DData%2BAnalyst%26locationName%3DBangalore%2BStreet%252C%2BSW15%26locationId%3D4572795%26pageno%3D3
Trainee Data Analyst,ITOL Recruit,London,2026-08-24,https://www.reed.co.uk/jobs/trainee-data-analyst/57267902?source=searchResults&q=data%20analyst&filter=%2Fjobs%2Fdata-analyst-jobs-in-bangalore-street-sw15%3Fq%3Ddata%2Banalyst%26keywords%3DData%2BAnalyst%26locationName%3DBangalore%2BStreet%252C%2BSW15%26locationId%3D4572795%26pageno%3D3,https://www.reed.co.uk/jobs/itonlinelearning-0/p57826,Actively Hiring,"Company: ITOL Recruit | Salary: Training Course | Type: Permanent, full-time, On-site",Reed.co.uk,https://www.reed.co.uk/jobs/itonlinelearning-0/p57826,https://www.reed.co.uk/jobs/trainee-data-analyst/57267902?source=searchResults&q=data%20analyst&filter=%2Fjobs%2Fdata-analyst-jobs-in-bangalore-street-sw15%3Fq%3Ddata%2Banalyst%26keywords%3DData%2BAnalyst%26locationName%3DBangalore%2BStreet%252C%2BSW15%26locationId%3D4572795%26pageno%3D3
Trainee Software Developer,ITOL Recruit,United Kingdom,2026-09-02,https://www.reed.co.uk/jobs/trainee-software-developer/57302732?source=searchResults&q=software%20engineer&filter=%2Fjobs%2Fhybrid-software-engineer-jobs-in-chennai-india%3Fq%3Dsoftware%2Bengineer%26keywords%3DSoftware%2BEngineer%26locationName%3DChennai%252C%2BIndia%26locationId%3D5466010%26perm%3Dtrue%26fullTime%3Dtrue%26workingOption%3Dhybrid%26dateCreatedOffSet%3Dlastweek,https://www.reed.co.uk/jobs/itol-recruit/p57826,Actively Hiring,"Company: ITOL Recruit | Salary: Training Course | Type: Permanent, full-time, On-site | Badges: Promoted",Reed.co.uk,https://www.reed.co.uk/jobs/itol-recruit/p57826,https://www.reed.co.uk/jobs/trainee-software-developer/57302732?source=searchResults&q=software%20engineer&filter=%2Fjobs%2Fhybrid-software-engineer-jobs-in-chennai-india%3Fq%3Dsoftware%2Bengineer%26keywords%3DSoftware%2BEngineer%26locationName%3DChennai%252C%2BIndia%26locationId%3D5466010%26perm%3Dtrue%26fullTime%3Dtrue%26workingOption%3Dhybrid%26dateCreatedOffSet%3Dlastweek
