Job Role,Company Name,Location,Date Posted,Apply Link,Company Link,No. of Applicants,Job Description,Source,website,apply_link_url
Lead Generation Strategy Director - Operations,Operations,Chennai,2026-09-12,https://careerbuilder.com/job-details/lead-generation-strategy-director-operations-chicago-il--ccae293b-2651-4f0f-b02f-4d9b81440d0c,https://www.operations.com,Actively Hiring,"Find your next job with CareerBuilder. Browse millions of recent job listings, upload your resume, get job alerts & let employers find you today.",CareerBuilder,https://www.operations.com,https://careerbuilder.com/job-details/lead-generation-strategy-director-operations-chicago-il--ccae293b-2651-4f0f-b02f-4d9b81440d0c
Lead Generation Specialist,CareerBuilder Verified Employer,Chennai,2026-09-12,https://careerbuilder.com/job-details/lead-generation-specialist-allentown-pa--a7b7d622-8cf2-4f7c-a38a-68896c2dafb9,https://www.careerbuilderverifiedemployer.com,Actively Hiring,"June 7, 2026 - Find your next job with CareerBuilder. Browse millions of recent job listings, upload your resume, get job alerts & let employers find you today.",CareerBuilder,https://www.careerbuilderverifiedemployer.com,https://careerbuilder.com/job-details/lead-generation-specialist-allentown-pa--a7b7d622-8cf2-4f7c-a38a-68896c2dafb9
Lead Field Sales Executive,Wide Open West,Chennai,2026-09-12,https://careerbuilder.com/job-details/lead-field-sales-executive-panama-city-fl--89abc686-7a0d-4f55-98b1-6fd1405928f0,https://www.wideopenwest.com,Actively Hiring,"August 10, 2026 - Find your next job with CareerBuilder. Browse millions of recent job listings, upload your resume, get job alerts & let employers find you today.",CareerBuilder,https://www.wideopenwest.com,https://careerbuilder.com/job-details/lead-field-sales-executive-panama-city-fl--89abc686-7a0d-4f55-98b1-6fd1405928f0
Business Development Executive - Healthcare,CareerBuilder Verified Employer,Chennai,2026-09-12,https://careerbuilder.com/job-details/615ed5d2-9c8f-4a02-b14b-3ca3019c4c93,https://www.careerbuilderverifiedemployer.com,Actively Hiring,"July 13, 2026 - Find your next job with CareerBuilder. Browse millions of recent job listings, upload your resume, get job alerts & let employers find you today.",CareerBuilder,https://www.careerbuilderverifiedemployer.com,https://careerbuilder.com/job-details/615ed5d2-9c8f-4a02-b14b-3ca3019c4c93
Senior Business Development Executive,CareerBuilder Verified Employer,Chennai,2026-09-12,https://careerbuilder.com/job-details/7ace56bf-5c1a-4594-a6f3-3ce9814f49be,https://www.careerbuilderverifiedemployer.com,Actively Hiring,"Find your next job with CareerBuilder. Browse millions of recent job listings, upload your resume, get job alerts & let employers find you today.",CareerBuilder,https://www.careerbuilderverifiedemployer.com,https://careerbuilder.com/job-details/7ace56bf-5c1a-4594-a6f3-3ce9814f49be
"Executive Assistant, Investor Partnerships",Galvanize Climate Solutions | Apply Today at,Chennai,2026-09-12,https://www.careerbuilder.com/job-details/executive-assistant-investor-partnerships-san-francisco-ca--07a13f38-3481-4067-bab5-8abf4a800caf,https://www.galvanizeclimateapplytodayat.com,Actively Hiring,"Manage complex and dynamic calendars for the Global Head of Investor Partnerships, Head of Americas, and Global Head of Credit Capital Formation, prioritizing competing demands and ensuring optimal use of executives' time.",CareerBuilder,https://www.galvanizeclimateapplytodayat.com,https://www.careerbuilder.com/job-details/executive-assistant-investor-partnerships-san-francisco-ca--07a13f38-3481-4067-bab5-8abf4a800caf
Sales Executive B2B,SSG | Apply Today at,Chennai,2026-09-12,https://www.careerbuilder.com/job-details/sales-executive-b2b-san-antonio-tx--972c60fb-7ae1-44e3-af09-7ec04d55b2d4,https://www.ssgapplytodayat.com,Actively Hiring,Generate leads and set qualified appointments through strategic outreach.,CareerBuilder,https://www.ssgapplytodayat.com,https://www.careerbuilder.com/job-details/sales-executive-b2b-san-antonio-tx--972c60fb-7ae1-44e3-af09-7ec04d55b2d4
Demand Generation Lead,CareerBuilder Verified Employer,Chennai,2026-09-12,https://careerbuilder.com/job-details/demand-generation-lead-san-francisco-ca--6cbc8797-b121-4167-a76f-5e91ce941174,https://www.careerbuilderverifiedemployer.com,Actively Hiring,"August 6, 2026 - Find your next job with CareerBuilder. Browse millions of recent job listings, upload your resume, get job alerts & let employers find you today.",CareerBuilder,https://www.careerbuilderverifiedemployer.com,https://careerbuilder.com/job-details/demand-generation-lead-san-francisco-ca--6cbc8797-b121-4167-a76f-5e91ce941174
Executive Assistant To The Chief Marketing Officer,CareerBuilder Verified Employer,Chennai,2026-09-12,https://careerbuilder.com/job-details/executive-assistant-to-the-chief-marketing-officer-leadville-co--83d9d08c-1330-49d5-9d18-8d255cf979e7,https://www.careerbuilderverifiedemployer.com,Actively Hiring,"June 22, 2026 - Find your next job with CareerBuilder. Browse millions of recent job listings, upload your resume, get job alerts & let employers find you today.",CareerBuilder,https://www.careerbuilderverifiedemployer.com,https://careerbuilder.com/job-details/executive-assistant-to-the-chief-marketing-officer-leadville-co--83d9d08c-1330-49d5-9d18-8d255cf979e7
Global Project Development Lead - Power Generation,"HDR, Inc.","Phoenix, Arizona, USA",2026-09-20,https://www.dice.com/job-detail/1bf680f6-9ca5-40a3-9778-c9656fdcb2cd,https://www.hdr.com,Actively Hiring,"Company: HDR, Inc. | At HDR, our employee-owners are fully engaged in creating a welcoming environment where each of us is valued and respected, a place where everyone is empowered to bring their authentic selves and novel ideas to work every day. As we foster a culture of inclusion throughout our company and within our communities, we constantly ask ourselves: What is our impact on the world? Watch Our Story:' ' Each and every role throughout our organization makes a difference in our ability to change the world for the better. Read further to learn how you could help make great things possible not only in your community, but around the world. We believe electricity powers modern life. As part of our Power sector, you'll help shape how electricity is generated, transmitted and delivered as global energy demands grow. From massive data centers to modernizing transmission systems, our industry-recognized engineers and scientists have been at the forefront of grid transformation for more",Dice,https://www.hdr.com,https://www.dice.com/job-detail/1bf680f6-9ca5-40a3-9778-c9656fdcb2cd
Data Engineering Lead Technical Program Manager,JPMorgan Chase & Co.,"Jersey City, New Jersey, USA",2026-09-20,https://www.dice.com/job-detail/a464a623-28e6-48d9-ab64-1e8401975281,https://www.jpmorganchase.com,Actively Hiring,"Company: JPMorgan Chase & Co. | Job Description Leverage your deep technical expertise and leadership to guide cutting-edge projects, fostering growth and innovation in a dynamic environment. As a Data Engineering Lead Technical Program Manager in the Consumer and Community Bank- Data Technology team, you will drive the successful delivery of complex technology projects and programs that will help reaching business goals across the firm. Leveraging your deep knowledge of technical principles, practices, and theories is essential for developing innovative solutions, while simultaneously effectively managing resources, budgets, and high-performing teams. Your strong analytical reasoning and adaptability skills will enable you to navigate through ambiguity and change, ensuring that technology initiatives align with business goals. With advanced communication and stakeholder management abilities, you will foster productive working relationships and influence decision-making to achieve mutu",Dice,https://www.jpmorganchase.com,https://www.dice.com/job-detail/a464a623-28e6-48d9-ab64-1e8401975281
Electrical Engineer -Power Generation,"HDR, Inc.","Phoenix, Arizona, USA",2026-07-09,https://www.dice.com/job-detail/ebb95fb3-42ac-44a0-9343-89eea3cf2490,https://www.hdr.com,Actively Hiring,"Company: HDR, Inc. | At HDR, our employee-owners are fully engaged in creating a welcoming environment where each of us is valued and respected, a place where everyone is empowered to bring their authentic selves and novel ideas to work every day. As we foster a culture of inclusion throughout our company and within our communities, we constantly ask ourselves: What is our impact on the world? Watch Our Story:' ' We believe electricity powers modern life. As part of our Power sector, you'll help shape how electricity is generated, transmitted and delivered as global energy demands grow. From massive data centers to modernizing transmission systems, our industry-recognized engineers and scientists have been at the forefront of grid transformation for more than a century. You'll work side-by-side with these experts and contribute to reliable, resilient and sustainable power systems, helping communities thrive and industries expand. This isn't just a job, it's a chance to drive infrastruc",Dice,https://www.hdr.com,https://www.dice.com/job-detail/ebb95fb3-42ac-44a0-9343-89eea3cf2490
Mechanical Engineer - Power Generation,"HDR, Inc.","Phoenix, Arizona, USA",2026-07-09,https://www.dice.com/job-detail/ec249029-46bc-4084-91aa-8342bbfff58b,https://www.hdr.com,Actively Hiring,"Company: HDR, Inc. | At HDR, our employee-owners are fully engaged in creating a welcoming environment where each of us is valued and respected, a place where everyone is empowered to bring their authentic selves and novel ideas to work every day. As we foster a culture of inclusion throughout our company and within our communities, we constantly ask ourselves: What is our impact on the world? Watch Our Story:' ' Each and every role throughout our organization makes a difference in our ability to change the world for the better. Read further to learn how you could help make great things possible not only in your community, but around the world. We believe electricity powers modern life. As part of our Power sector, you'll help shape how electricity is generated, transmitted and delivered as global energy demands grow. From massive data centers to modernizing transmission systems, our industry-recognized engineers and scientists have been at the forefront of grid transformation for more",Dice,https://www.hdr.com,https://www.dice.com/job-detail/ec249029-46bc-4084-91aa-8342bbfff58b
Lead Generation Executive,Carryfresh Logistics Pvt Ltd,Chennai,2026-09-18,https://www.freshersworld.com/jobs/lead-generation-executive-jobs-opening-in-carryfresh-logistics-pvt-ltd-at-ambattur-anna-nagar-maduravoyal-chennai-2944744,https://carryfresh.in,Actively Hiring,"Company: Carryfresh Logistics Pvt Ltd | We are looking for a Leads Coordinator to manage and follow up with leads generated through our digital marketing and advertising campaigns.The ideal candidate should be confident in communicating with clients, responding to enquiries, sharing quotations, and consistently following up with leads until they are converted or closed.Required Skills:English and Hindi communication skills are mandatory.Freshers can apply.More information about this Lead Generation Executive JobPlease go through the below FAQs to get all answers related to the given Lead Generation Executive jobWhat are the job requirements to apply for this Lead Generation Executive job position? Ans: A candidate must have a minimum of 0 to 1 year experience as an Lead Generation Executive What is the qualification for this job? Ans: The candidate can be a Graduate from any of the following: Diploma What is the hiring Process of this job? Ans: The hiring process all depends on the com",Freshersworld,https://carryfresh.in,https://www.freshersworld.com/jobs/lead-generation-executive-jobs-opening-in-carryfresh-logistics-pvt-ltd-at-ambattur-anna-nagar-maduravoyal-chennai-2944744
Lead Engineer,A client of freshersworld,Chennai,2026-09-18,https://www.freshersworld.com/jobs/lead-engineer-jobs-opening-in-a-client-of-freshersworld-at-chennai-2950888,https://freshersworld.awsapps.com,Actively Hiring,"Company: A client of freshersworld | Role Description:• Designing, programming, and validating new features and enhancements to platform software as defined under the scrum process guidance• Acting as the subject matter expert for the features/functions/infrastructure• Acting as a key contributor throughout the software development lifecycle.• Design security architecture elements to mitigate threats as they emerge create solutions that balance business requirements with information and cyber security requirements• Supporting the Agile and Scrum methodologies utilized by the Platform Development organization to maintain tight schedules and high quality code bases for all of the offerings that the organization supports.• Owning and practicing solid technical and process practices.• Good communication skills",Freshersworld,https://freshersworld.awsapps.com,https://www.freshersworld.com/jobs/lead-engineer-jobs-opening-in-a-client-of-freshersworld-at-chennai-2950888
Executive,Renault Nissan Automotive India pvt ltd,Chennai,2026-09-18,https://www.freshersworld.com/jobs/executive-in-chennai-for-renault-nissan-automotive-india-pvt-ltd-2950714,https://www.renaultgroup.com,Actively Hiring,"Company: Renault Nissan Automotive India pvt ltd | Job Title: Finance ExecutiveJob Description:We are looking for a detail-oriented Finance Executive to manage daily financial operations and support the accounts team.Key Responsibilities:Handle day-to-day accounting and financial transactions.Prepare invoices, vouchers, and payment entries.Maintain records of expenses, bills, and receipts.Reconcile bank statements and accounts.Assist in GST, TDS, and tax-related documentation.Prepare monthly financial reports and MIS reports.Support audits and compliance activities.Coordinate with internal teams and vendors for payments.Requirements:B.Com / M.Com / MBA Finance.1–3 years of experience in finance/accounts.Knowledge of Tally, Excel, ERP software.Good analytical and communication skills.Attention to detail and accuracy.Salary:Best in Industry / As per experience.",Freshersworld,https://www.renaultgroup.com,https://www.freshersworld.com/jobs/executive-in-chennai-for-renault-nissan-automotive-india-pvt-ltd-2950714
Operation Executive,Flipkart India Pvt Ltd,"Hyderabad, Ahmedabad, Bangalore...",2026-09-18,https://www.freshersworld.com/jobs/operation-executive-in-new-delhi-for-flipkart-india-pvt-ltd-2951434,https://www.flipkart.com,Actively Hiring,Company: Flipkart India Pvt Ltd | Operation Executive- JD An Operations Executive is responsible for overseeing the day-to-day operations of a company or organization and ensuring that all operational activities are running smoothly and efficientlyResponsibilities:Oversee the day-to-day operations of the company or organizationMonitor and evaluate the performance of operational processes and systemsIdentify and resolve operational problems and inefficienciesStay up-to-date with industry trends and advancements in operations managementContinuously assess and improve operational processes and systems to ensure they meet business requirementsRequirements:Experience in operations managementStrong leadership and management skillsExcellent organizational and problem-solving skillsStrong analytical skills and the ability to make data-driven decisionsExcellent communication and interpersonal skillsProficiency in Microsoft Office and other relevant softwareEligibility :Age- upto 35Education- Gr,Freshersworld,https://www.flipkart.com,https://www.freshersworld.com/jobs/operation-executive-in-new-delhi-for-flipkart-india-pvt-ltd-2951434
MIS executive,For a Client of TeamLease Digital,"Chennai, Coimbatore, Cuddalore...",2026-09-18,https://www.freshersworld.com/jobs/mis-executive-in-tamil-nadu-for-for-a-client-of-teamlease-digital-2948557,https://teamleasedigital.global,Actively Hiring,"Company: For a Client of TeamLease Digital | Job Description:Our requirement is specifically for candidates with strong expertise in Advanced Excel and Power BI, along with hands-on experience as a MIS Executive/Data Analyst. Candidates should be proficient in data analysis, dashboard creation, data visualization, PPT preparation, reporting, and handling large datasets using Excel and Power BI.",Freshersworld,https://teamleasedigital.global,https://www.freshersworld.com/jobs/mis-executive-in-tamil-nadu-for-for-a-client-of-teamlease-digital-2948557
Field Executive,For a Client of TeamLease Digital,"Chennai, Coimbatore, Cuddalore...",2026-09-18,https://www.freshersworld.com/jobs/field-executive-in-tamil-nadu-for-for-a-client-of-teamlease-digital-2944781,https://teamleasedigital.global,Actively Hiring,"Company: For a Client of TeamLease Digital | Roles and ResponsibilitiesØ Responsible for performing single handed routine/breakdown maintenance activities of CNG system.Ø Upkeep of equipment, monitor spares availability status, analysing failure and reporting.Ø Daily and monthly condition monitoring of electrical equipment like Transformer, Switchgear, Diesel Generators.Ø Condition monitoring & maintenance of compressors, dispensers, cascades and all other equipment and machinery in plant.Ø Quick Response to Emergency calls to attend and arrest pipe line damages and gas leakages by third party excavations and ensure that no third party excavations by checking & publishing patrolling reports.Ø Operations and Maintenance of PNG network and CNG stations.Ø Close monitoring and rectification of every problem pertaining to the mobile cascades and learning the solutions for the problems occurring frequently.Ø Periodical checking of earth-pits resistance, power-factor, and ensuring that they a",Freshersworld,https://teamleasedigital.global,https://www.freshersworld.com/jobs/field-executive-in-tamil-nadu-for-for-a-client-of-teamlease-digital-2944781
Sales Executive,Client of Teamlease,Chennai,2026-09-18,https://www.freshersworld.com/jobs/sales-executive-jobs-opening-in-client-of-teamlease-at-chennai-2947197,https://group.teamlease.com,Actively Hiring,"Company: Client of Teamlease | Sales ExecutiveEstablishing new business.Maintaining accurate records.Attending trade exhibitions, conferences, and meetings.Reviewing sales performance.Presenting and selling of products/services using well-mannered communication skills to existing and prospective customers.Reach out to customer leads through follow-ups.Coordinate sales efforts with team members and other departments.",Freshersworld,https://group.teamlease.com,https://www.freshersworld.com/jobs/sales-executive-jobs-opening-in-client-of-teamlease-at-chennai-2947197
Account Executive,Client Of HR Tech,Chennai,2026-09-18,https://www.freshersworld.com/jobs/account-executive-jobs-opening-in-client-of-hr-tech-at-chennai-2932612,https://hrtechconsultant.com,Actively Hiring,"Company: Client Of HR Tech | Designation - Account ExecutiveResponsibilities-Create detailed business plans designed to attain predetermined goals and quotasManage the entire sales cycle from finding a client to securing a dealUnearth new sales opportunities through networking and turn them into long-term partnershipsPresent products to prospective clientsSending Debtor outstanding reports to the corporates and follow-up for the same through email & calls.Interbranch ledger reconciliation& Maintaining the billing system Generating invoices and account statementsKnowledge of general bookkeeping proceduresProficient in relevant computer softwareAssist with month-end closingCarry out billing, collection and reporting activities according to specific deadlinesWell-versed in Excel and should be knowledgeable about Vlook and other basic formulas SkillsKnowledge of market research, sales and negotiating principlesOutstanding knowledge of MS Office; knowledge of CRM software (eg. Salesforce) i",Freshersworld,https://hrtechconsultant.com,https://www.freshersworld.com/jobs/account-executive-jobs-opening-in-client-of-hr-tech-at-chennai-2932612
HR Executive,Cynosure Corporate Solutions,Chennai,2026-09-18,https://www.freshersworld.com/jobs/hr-executive-jobs-opening-in-cynosure-corporate-solutions-at-guindy-chennai-2935927,https://www.cynosure.com,Actively Hiring,"Company: Cynosure Corporate Solutions | We are looking for enthusiastic and motivated freshers who are eager to build a career in Recruitment and HR Operations. This role provides hands-on exposure to bulk hiring, candidate pipeline management, recruitment coordination, client management, and field recruitment activities in a fast-paced environment.Key ResponsibilitiesManage bulk hiring drives to meet large-scale manpower requirements.Conduct field recruitment activities, including job fairs, walk-in drives, and other hiring campaigns.Source, screen, and shortlist candidates through field sourcing, job portals, social media platforms, and employee referrals.Maintain candidate attendance records and assist with project-based payroll processing.Coordinate interview schedules and ensure a seamless recruitment process.Build and maintain a strong candidate pipeline to support ongoing and future hiring requirements.Prepare recruitment reports, trackers, and presentations using MS Excel, Word",Freshersworld,https://www.cynosure.com,https://www.freshersworld.com/jobs/hr-executive-jobs-opening-in-cynosure-corporate-solutions-at-guindy-chennai-2935927
Showroom Executive,PANASONIC LIFE SOLUTIONS INDIA PRIVATE LIMITED,Chennai,2026-09-18,https://www.freshersworld.com/jobs/showroom-executive-in-chennai-for-panasonic-life-solutions-india-private-limited-2730558,https://www.panasonic.com,Actively Hiring,"PANASONIC LIFE SOLUTIONS INDIA PRIVATE LIMITED invited new job notification 07/08/2025 for recruitment for the post of Showroom Executive in Chennai. Check total vacancy, Qualification & age limit to apply online.",Freshersworld,https://www.panasonic.com,https://www.freshersworld.com/jobs/showroom-executive-in-chennai-for-panasonic-life-solutions-india-private-limited-2730558
Account Executive,Client Of Teamlease,Chennai,2026-09-18,https://www.freshersworld.com/jobs/account-executive-jobs-opening-in-client-of-teamlease-at-chennai-2944940,https://group.teamlease.com,Actively Hiring,"Company: Client Of Teamlease | Designation - Account ExecutiveResponsibilities-Create detailed business plans designed to attain predetermined goals and quotasManage the entire sales cycle from finding a client to securing a dealUnearth new sales opportunities through networking and turn them into long-term partnershipsPresent products to prospective clientsSending Debtor outstanding reports to the corporates and follow-up for the same through email & calls.Interbranch ledger reconciliation& Maintaining the billing system Generating invoices and account statementsKnowledge of general bookkeeping proceduresProficient in relevant computer softwareAssist with month-end closingCarry out billing, collection and reporting activities according to specific deadlinesWell-versed in Excel and should be knowledgeable about Vlook and other basic formulas Developing sales strategies and setting quotas.Staying current on company offerings and industry trends.Maintaining a database of contact informat",Freshersworld,https://group.teamlease.com,https://www.freshersworld.com/jobs/account-executive-jobs-opening-in-client-of-teamlease-at-chennai-2944940
Executive Telecaller,VERANDA RACE LEARNING SOLUTIONS PVT LTD,Chennai,2026-09-18,https://www.freshersworld.com/jobs/executive-telecaller-in-chennai-for-veranda-race-learning-solutions-pvt-ltd-2730543,https://www.verandalearning.com,Actively Hiring,"Company: VERANDA RACE LEARNING SOLUTIONS PVT LTD | Job Description Handle all direct enquiries &amp; Counselling should be provided Those who come to enquiry must be convert into admission Regular Follow-upsResponsibilities Counselling should be provided for enquiries Explain Course Details &amp; Race Institute Strategy &amp; facilities Share Sample Material Conduct Assessment Test &amp; Given Feedback Showing our facilities Understand customer requirements and close Leads (Spot Admission) If spot admission is not taken, then Fix the appointment for admission Enter and update Enquiry &amp; Students information in the Zoho CRM Collection Cash Submit to Accountant Learn Updated details about our courses and fees structure regularlyAdditional Responsibilities Rectify Student Issues (Id Card, Renewal, Online Exam Login Issue, Feedback Ext) Upcoming Exam &amp; Institute Notification Inform to StudentsReports Daily / Weekly / Monthly Conversion ReportFollow-up Reports (Calls,",Freshersworld,https://www.verandalearning.com,https://www.freshersworld.com/jobs/executive-telecaller-in-chennai-for-veranda-race-learning-solutions-pvt-ltd-2730543
Logistics Executive,Crux Consulting Services,Chennai,2026-09-18,https://www.freshersworld.com/jobs/logistics-executive-jobs-opening-in-crux-consulting-services-at-tambaram-chennai-2951886,https://www.cruxconsulting.com,Actively Hiring,"Company: Crux Consulting Services | Logistics ExecutiveAre you an experienced logistics professional looking to grow your career in the global logistics industry? We’re looking for a skilled **Logistics Executive** to join our US-based logistics client’s team in **West Tambaram, Chennai**.In this role, you’ll manage customer inquiries, coordinate logistics and supply chain activities, support sales operations, and work closely with international operations and shipping teams to ensure smooth and timely execution.What You’ll Do:* Act as the first point of contact for customer inquiries from global clients.* Accurately document customer requirements and coordinate with relevant international operations teams.* Follow up on existing inquiries and ensure timely closure of transactions.* Coordinate with operations and shipping teams for smooth logistics execution.* Follow global logistics **SOPs** and maintain accurate documentation.* Support day-to-day logistics, supply chain, and customer",Freshersworld,https://www.cruxconsulting.com,https://www.freshersworld.com/jobs/logistics-executive-jobs-opening-in-crux-consulting-services-at-tambaram-chennai-2951886
Warehouse Executive,For a Client of TeamLease Digital,"Chennai, Coimbatore, Cuddalore...",2026-09-18,https://www.freshersworld.com/jobs/warehouse-executive-in-tamil-nadu-for-for-a-client-of-teamlease-digital-2951490,https://teamleasedigital.global,Actively Hiring,Company: For a Client of TeamLease Digital | Greetings from Teamlease!Position : Warehouse ExecutiveWork Location: RamanathapuramExperience Level: 2 to 5 yearsContract: 1-year (Extendable)Educational Qualification: Any DegreeJob Description: Inward Materials process – GRN Outward Materials Process – Materials Issue to contractor/ to Direct consumptionand sending materials to vendor site. Warehousing of the materials Documentations Coordinating for Logistics. Store Contract Bill Handling Other Store Related jobs.,Freshersworld,https://teamleasedigital.global,https://www.freshersworld.com/jobs/warehouse-executive-in-tamil-nadu-for-for-a-client-of-teamlease-digital-2951490
DMA Executive,For a Client of TeamLease Digital,"Chennai, Coimbatore, Cuddalore...",2026-09-18,https://www.freshersworld.com/jobs/dma-executive-in-tamil-nadu-for-for-a-client-of-teamlease-digital-2950737,https://teamleasedigital.global,Actively Hiring,"Company: For a Client of TeamLease Digital | Job Description / Major Activities Enhancement of OEM Sales, particularly 3W/4W/MLCV byFrequent interaction with OEM Dealers / Dealers StaffConducting Field Activities along with OEM Dealer StaffsHe will also stay longer time at OEM ROs to improve the interaction & continuous training OEM Dealer StaffsField activities for Retrofitment Activities in sync with local Retrofitters.Visit to nearby CNG ROs to conduct activities, coordinating and resolving Logistics and O&M issues.Supporting Mileage Plus customers for seamless filling at ROs & to support onboarding Mileage Plus customers in the nearby vicinity. Qualifications / Requirements Diploma / DegreeFluent communication skills (Tamil). Moderate in English.Prior hardcore field experience, preferably in 3W/4W/MLCV industry / DealerMust have own Vehicles & willing to travel to field in his own vehicle as per the policy of the company.",Freshersworld,https://teamleasedigital.global,https://www.freshersworld.com/jobs/dma-executive-in-tamil-nadu-for-for-a-client-of-teamlease-digital-2950737
Operation Executive,Cleartrip Private Limited,"Hyderabad, Ahmedabad, Bangalore...",2026-09-18,https://www.freshersworld.com/jobs/operation-executive-in-new-delhi-for-cleartrip-private-limited-2945358,https://www.cleartrip.com,Actively Hiring,Company: Cleartrip Private Limited | Operation Executive- JD An Operations Executive is responsible for overseeing the day-to-day operations of a company or organization and ensuring that all operational activities are running smoothly and efficientlyResponsibilities:Oversee the day-to-day operations of the company or organizationMonitor and evaluate the performance of operational processes and systemsIdentify and resolve operational problems and inefficienciesStay up-to-date with industry trends and advancements in operations managementContinuously assess and improve operational processes and systems to ensure they meet business requirementsRequirements:Experience in operations managementStrong leadership and management skillsExcellent organizational and problem-solving skillsStrong analytical skills and the ability to make data-driven decisionsExcellent communication and interpersonal skillsProficiency in Microsoft Office and other relevant softwareEligibility :Age- upto 35Education-,Freshersworld,https://www.cleartrip.com,https://www.freshersworld.com/jobs/operation-executive-in-new-delhi-for-cleartrip-private-limited-2945358
Telecalling Executive,Veranda Race Learning Solutions Pvt Ltd,Chennai,2026-09-18,https://www.freshersworld.com/jobs/telecalling-executive-in-chennai-for-veranda-race-learning-solutions-pvt-ltd-2940886,https://www.verandalearning.com,Actively Hiring,"Company: Veranda Race Learning Solutions Pvt Ltd | Job Description – Telecalling Executive (Veranda RACE)Job Title: Telecalling ExecutiveCompany: Veranda RACELocation: As per branch requirementDepartment: Sales / AdmissionsEmployment Type: Full-timeJob SummaryVeranda RACE is looking for enthusiastic and target-driven Telecalling Executives to connect with prospective students, explain our courses, generate admissions, and provide excellent customer service. The ideal candidate should have good communication skills and a passion for sales.Key ResponsibilitiesMake outbound calls to prospective students from the provided database.Explain Veranda RACE courses, fees, benefits, and admission process.Understand customer requirements and recommend suitable courses.Follow up with leads through calls, WhatsApp, SMS, and email.Convert inquiries into admissions by achieving daily and monthly targets.Maintain accurate records of customer interactions in the CRM.Schedule counseling sessions or branc",Freshersworld,https://www.verandalearning.com,https://www.freshersworld.com/jobs/telecalling-executive-in-chennai-for-veranda-race-learning-solutions-pvt-ltd-2940886
Field Sales Executive,Crux Consulting Services,Chennai,2026-09-18,https://www.freshersworld.com/jobs/field-sales-executive-jobs-opening-in-crux-consulting-services-at-tambaram-chennai-2951885,https://www.cruxconsulting.com,Actively Hiring,"Company: Crux Consulting Services | Job Opening: Field Sales Executive (Travel Tech)Location: Tamil NaduExperience: 0–3 Years in Field Sales / Ground OnboardingIndustry: Travel Tech / MobilityRole OverviewWe are seeking an aggressive, self-motivated, and highly persuasive Field Sales Executive to join the founding market-validation team in Chennai. In this role, you will be on the ground, interacting directly with travel agencies.Your primary responsibility will be to demonstrate the automation utility, perform live product demonstrations, handle onboarding technical setup, and secure consistent daily system utilization.Key ResponsibilitiesLead Generation: Map agencies in the assignedOn-Field Pitching: Approach managers, understand their operational bottlenecks, and pitch the solution.Live Demos: Conduct on-the-spot technical demonstrations of the system.End-to-End Onboarding: Hand-hold agencies through registration, collect required documents and set up their accounts. QualificationsR",Freshersworld,https://www.cruxconsulting.com,https://www.freshersworld.com/jobs/field-sales-executive-jobs-opening-in-crux-consulting-services-at-tambaram-chennai-2951885
Business Development Executive,Zyniclo IT consultant and Technologies LLP,Chennai,2026-09-18,https://www.freshersworld.com/jobs/business-development-executive-jobs-opening-in-zyniclo-it-consultant-and-technologies-llp-at-aminijikarai-chennai-2932680,https://www.zyniclo.com,Actively Hiring,"Company: Zyniclo IT consultant and Technologies LLP | Job Title: Business Development Executive – Logistics Sales Key Responsibilities: · Identify and engage logistics companies, transport service providers, and fleet owners to introduce and promote Company products and services. · Present the company's logistics solutions, pricing models, and technology-enabled platform to prospective customers. · Generate new business opportunities, nurture client relationships, and ensure long-term customer satisfaction. · Achieve or exceed monthly sales and business development goals through proactive outreach and client acquisition. · Work closely with internal teams to ensure a seamless onboarding experience for new customers. · Maintain accurate records of client interactions, sales activities, and submit regular daily and weekly performance reports. Qualifications & Experience: · Bachelor's degree in any discipline; a degree in Logistics or Supply Chain Management will be an added advantage. ·",Freshersworld,https://www.zyniclo.com,https://www.freshersworld.com/jobs/business-development-executive-jobs-opening-in-zyniclo-it-consultant-and-technologies-llp-at-aminijikarai-chennai-2932680
Jewellery Sales Executive,THE VELLI SHOP,Chennai,2026-09-18,https://www.freshersworld.com/jobs/jewellery-sales-executive-jobs-opening-in-the-velli-shop-at-adyar-chennai-2952241,https://www.thevellishop.com,Actively Hiring,"Company: THE VELLI SHOP | Retail JD -Job description: Job Title: Jewellery Retail Sales Executive Department: Retail Showroom Sales Reports To: Store Manager / Showroom Head Job Summary -We are seeking a polished, customer-centric, and goal-oriented THE VELLI SHOP Jewellery Retail Sales Executive to join our luxury showroom team. The ideal candidate will act as a brand ambassador, engaging high-end clientele, identifying their aesthetic preferences, and guiding them through purchasing fine gold, diamond, and platinum jewellery. This role demands high visual standard execution, impeccable trust-building communication, and a passion for hitting individual and store-level revenue targets. Key Responsibilities Sales Generation: Achieve monthly individual and showroom-level sales targets through relationship building and cross-selling. Customer Consultations: Greet clients warmly, understand their specific event or lifestyle requirements, and recommend suitable designs based on budget and p",Freshersworld,https://www.thevellishop.com,https://www.freshersworld.com/jobs/jewellery-sales-executive-jobs-opening-in-the-velli-shop-at-adyar-chennai-2952241
Business Development Executive,Arich Infotech,Chennai,2026-09-18,https://www.freshersworld.com/jobs/business-development-executive-jobs-opening-in-arich-infotech-at-perungudi-chennai-2951443,https://www.arichinfotech.com,Actively Hiring,"Company: Arich Infotech | Business Development ExecutiveLocation: Perungudi, ChennaiExperience: 2+ YearsQualification: Graduate/Postgraduate; MBA Marketing preferredSalary: No Bar for the Right Candidate + IncentivesJob Description:We are looking for a result-oriented Business Development Executive to drive client acquisition, lead generation, B2B sales, and corporate training sales.Key Responsibilities:Generate new business opportunities and leads.Handle inbound/outbound leads and convert prospects into clients.Develop corporate and B2B client relationships.Identify opportunities with corporates, colleges, and institutions.Conduct sales presentations and negotiate deals.Achieve monthly sales and revenue targets.Follow up with prospects through calls, email and WhatsApp.Maintain CRM/lead trackers and regular sales reports.Required Skills:Strong communication, sales and negotiation skills.Target-oriented and customer-focused approach.Good presentation and networking skills.Basic knowled",Freshersworld,https://www.arichinfotech.com,https://www.freshersworld.com/jobs/business-development-executive-jobs-opening-in-arich-infotech-at-perungudi-chennai-2951443
Digital Marketing Executive,A Client of Teamlease Digital,Chennai,2026-09-18,https://www.freshersworld.com/jobs/digital-marketing-executive-jobs-opening-in-a-client-of-teamlease-digital-at-chennai-2948786,https://www.aclientofteamleasedigital.com,Actively Hiring,"Company: A Client of Teamlease Digital | Designation - Digital Marketing Executive Eligibility Criteria:Any graduate Roles and Responsibilities:Good understanding of digital marketing concepts and best practicesShould have good understanding of Google & Facebook ads dashboards.Assist in the formulation of strategies to build a lasting digital connection with consumersPlan and monitor the ongoing company presence on social media (Twitter, Facebook etc.)Launch optimized online adverts through Google Adwords, Facebook etc. to increase company and brand awarenessBe actively involved in SEO efforts (keyword, image optimization etc.)Prepare online newsletters and promotional emails and organize their distribution through various channels Requirements and skillsProven experience as Digital Marketing Executive or similar roleExcellent understanding of digital marketing concepts and best practicesExperience with B2C social media, Google Adwords and email campaigns and SEO/SEMWorking knowledge o",Freshersworld,https://www.aclientofteamleasedigital.com,https://www.freshersworld.com/jobs/digital-marketing-executive-jobs-opening-in-a-client-of-teamlease-digital-at-chennai-2948786
Customer Engagement Executive,Scapia Technology Private Limited,"Chennai, Coimbatore, Cuddalore...",2026-09-18,https://www.freshersworld.com/jobs/customer-engagement-executive-in-tamil-nadu-for-scapia-technology-private-limited-2934849,https://www.federal.bank.in,Actively Hiring,"Company: Scapia Technology Private Limited | capia Technology – Customer Engagement Executive Job Description (JD)Company: ScapiaRole: Customer Engagement Executive (Inside Sales)Industry: FinTech / Credit Cards / Customer ServiceJob SummaryScapia is looking for energetic and customer-focused executives to engage with potential customers, explain the benefits of the Scapia Credit Card, and help customers complete their credit card application process. The role is target-oriented and involves interacting with customers through phone calls and digital channels.Key ResponsibilitiesContact customers through outbound calls.Explain Scapia Credit Card features, benefits, and offers.Understand customer requirements and answer their queries.Assist customers in completing the application process.Follow up with interested customers until the application is completed.Achieve daily and monthly sales/conversion targets.Maintain customer information in CRM.Coordinate with internal teams for applicati",Freshersworld,https://www.federal.bank.in,https://www.freshersworld.com/jobs/customer-engagement-executive-in-tamil-nadu-for-scapia-technology-private-limited-2934849
Inside Sales Executives,For a Client of TeamLease Services Ltd.,"Kozhikode, Kochi, Kannur...",2026-09-18,https://www.freshersworld.com/jobs/inside-sales-executives-in-tamil-nadu-for-for-a-client-of-teamlease-services-ltd-2822322,https://vms.teamlease.com,Actively Hiring,"Company: For a Client of TeamLease Services Ltd. | Job DescriptionDesignation - BRE (Please update relevant role)Detailed ActivitiesDeliver monthly Sales Target of accounts through Partner BranchesApproval RateManage Relationship with branch staff/Branch Head to leverage the branch customer.Resolve Customer Queries and ComplaintsSourcing from the Corporate salary getting credited in Partners Bank BranchesImportant PointsBranch allocation would be basis the branch availability and subject to change as per business requirement.Executive need to be operate out of branch from 10 AM to 5 PMReporting at PSA office required for application submission on daily basis post 6 PMIncentive and Reimbursement ( Optional )Minimum Incentive of Rs. 3000/-PM can be earned on achievement of target and up to 50KWork Experience (Specify Relevant Industry experience, Minimum Experience, Fresher etcPreferably having exp. of 1-2 yrs From retail loan/CASA/Insurance/ telecomFresher may be considered depending on",Freshersworld,https://vms.teamlease.com,https://www.freshersworld.com/jobs/inside-sales-executives-in-tamil-nadu-for-for-a-client-of-teamlease-services-ltd-2822322
Business Development Executive,Cynosure Corporate Solutions,Chennai,2026-09-18,https://www.freshersworld.com/jobs/business-development-executive-jobs-opening-in-cynosure-corporate-solutions-at-aminijikarai-chennai-2951676,https://www.cynosure.com,Actively Hiring,"Company: Cynosure Corporate Solutions | We are looking for a Business Development Executive to generate new business opportunities, build client relationships, understand customer requirements, and convert prospects into customers through effective sales and business development activities.Key Responsibilities:Generate leads through cold calls, emails, LinkedIn, and other channels.Identify prospects and introduce products and services. Understand customer requirements and recommend suitable solutionsFollow up with leads and convert them into business opportunitiesSchedule client meetings and product demonstrationsMaintain regular communication with existing and potential clientsAchieve monthly and quarterly business development targetsMaintain accurate records of leads, follow-ups, and sales activitiesCoordinate with internal teams for smooth execution of customer requirementsTravel for client meetings when requiredRequired Skills & Qualifications:Bachelor’s degree or equivalent qualif",Freshersworld,https://www.cynosure.com,https://www.freshersworld.com/jobs/business-development-executive-jobs-opening-in-cynosure-corporate-solutions-at-aminijikarai-chennai-2951676
Data Entry Executive,Impower Solutions,Chennai,2026-09-18,https://www.freshersworld.com/jobs/data-entry-executive-jobs-opening-in-impower-solutions-at-sholinganallur-chennai-2951483,https://www.impowerfl.org,Actively Hiring,"Company: Impower Solutions | Job DescriptionWe are looking for a detail-oriented and tech-savvy Data Entry Executive to manage data processing tasks, maintain accurate records, and support daily content and administrative operations. The ideal candidate should have basic knowledge of AI tools and editing tasks to improve workflow efficiency and productivity.Key ResponsibilitiesAccurately enter, update, and maintain data in spreadsheets, databases, and internal systems.Perform data verification, formatting, and quality checks to ensure accuracy.Use AI tools like ChatGPT for basic research, content assistance, data organization, and workflow improvement.Assist with basic content editing, proofreading, and formatting tasks.Manage documents, reports, and digital files in an organized manner.Support the team with data collection, analysis, and online research activities.Follow company guidelines to maintain data accuracy, confidentiality, and consistency.Learn and adapt to new AI-powered to",Freshersworld,https://www.impowerfl.org,https://www.freshersworld.com/jobs/data-entry-executive-jobs-opening-in-impower-solutions-at-sholinganallur-chennai-2951483
Field Sales Executive,Ardens Business Soultions,Chennai,2026-09-18,https://www.freshersworld.com/jobs/field-sales-executive-jobs-opening-in-ardens-business-soultions-at-poonamalle-chennai-2929507,http://www.ardenbusinesssolutions.com,Actively Hiring,"Company: Ardens Business Soultions | Field Sales Executive – Roles & ResponsibilitiesIdentify and generate new business opportunities in the assigned territory.Visit customers, retailers, dealers, and distributors regularly.Present and promote company products/services to potential clients.Achieve monthly and quarterly sales targets.Build and maintain strong customer relationships.Follow up on leads and convert prospects into customers.Collect market intelligence and monitor competitor activities.Ensure timely order collection and payment follow-up.Prepare daily sales reports and update CRM records.Coordinate with internal teams to ensure smooth order fulfillment.Skills Required: Communication, negotiation, customer handling, relationshipMore information about this Field Sales Executive JobPlease go through the below FAQs to get all answers related to the given Field Sales Executive jobWhat are the job requirements to apply for this Field Sales Executive job position? Ans: A candidate",Freshersworld,http://www.ardenbusinesssolutions.com,https://www.freshersworld.com/jobs/field-sales-executive-jobs-opening-in-ardens-business-soultions-at-poonamalle-chennai-2929507
Front Office Executive,Client of Cassius Technologies,Chennai,2026-09-18,https://www.freshersworld.com/jobs/front-office-executive-jobs-opening-in-client-of-cassius-technologies-at-chennai-2938656,https://cassius.paris,Actively Hiring,"Company: Client of Cassius Technologies | Designation : Front Office ExecutiveResponsibilities:Handling Front Desk and Co-ordination.Good Communication Skill.Be able to stay objective vis--vis its personality and the organization.Ensure reception area is tidy and presentable, with all necessary stationery and material.Serves visitors by greeting, welcoming, and directing them appropriately.Notifies company personnel of visitor arrival.Maintains security and telecommunications system.Informs visitors by answering or referring inquiries.Keep updated records and filesMonitor office expenses and costsTake up other duties as assigned (travel arrangements, schedules etc.)Answer questions and address complaintsAnswer all incoming calls and redirect them or keep messagesReceive letters, packages etc. and distribute themPrepare outgoing mail by drafting correspondence, securing parcels etc.Check, sort and forward emailsAssisting Clients in finding the concerned person.Give the image of a friend",Freshersworld,https://cassius.paris,https://www.freshersworld.com/jobs/front-office-executive-jobs-opening-in-client-of-cassius-technologies-at-chennai-2938656
DST Sales Executive,TATA PLAY BROADBAND PRIVATE LIMITED,"Chennai, Coimbatore, Cuddalore...",2026-09-18,https://www.freshersworld.com/jobs/dst-sales-executive-in-tamil-nadu-for-tata-play-broadband-private-limited-2946391,https://www.tataplay.com,Actively Hiring,"Company: TATA PLAY BROADBAND PRIVATE LIMITED | 21 September 2026 - Apply for the latest DST Sales Executive Job Vacancy in TATA PLAY BROADBAND PRIVATE LIMITED, Tamil Nadu. Check eligibility, job details, salary, and apply online today.",Freshersworld,https://www.tataplay.com,https://www.freshersworld.com/jobs/dst-sales-executive-in-tamil-nadu-for-tata-play-broadband-private-limited-2946391
O&M Executive,For a Client of TeamLease Digital,"Chennai, Coimbatore, Cuddalore...",2026-09-18,https://www.freshersworld.com/jobs/om-executive-in-tamil-nadu-for-for-a-client-of-teamlease-digital-2939224,https://teamleasedigital.global,Actively Hiring,"Company: For a Client of TeamLease Digital | To execute and oversee PE pipeline laying, PNG connection installation, testing, commissioning, and project coordination for City Gas Distribution (CGD) projects while ensuring safety, quality, timely completion, and customer satisfaction.MAJOR RESPONSIBILITIES/ACCOUNTABILITIESExecutive - Projects: -Ø Execute PE pipeline laying, PNG installation, testing, commissioning, and activities for City Gas Distribution projects.Ø Supervise installation of PNG connections for industrial, commercial, high-rise residential, and individual domestic consumers.Ø Conduct site surveys, route selection, feasibility studies, and quantity estimation.Ø Coordinate excavation, trenching, pipe laying, EF welding jointing, backfilling, and reinstatement activities.Ø Ensure compliance with project drawings, specifications, quality standards, and safety requirements.Ø Coordinate with contractors, utility agencies, and local authorities for smooth project execution.Ø M",Freshersworld,https://teamleasedigital.global,https://www.freshersworld.com/jobs/om-executive-in-tamil-nadu-for-for-a-client-of-teamlease-digital-2939224
Business Development Executive,Cynosure Corporate Solutions,Chennai,2026-09-18,https://www.freshersworld.com/jobs/business-development-executive-jobs-opening-in-cynosure-corporate-solutions-at-guindy-chennai-2935420,https://www.cynosure.com,Actively Hiring,"Company: Cynosure Corporate Solutions | We are looking for an energetic and ambitious Business Development Executive to join our team. This role is ideal for fresh graduates or candidates with up to 1 year of experience who are eager to build a career in business development. The selected candidate will be responsible for identifying potential clients, maintaining relationships, and assisting in the expansion of our consultancy services.Key Responsibilities:Identify and develop new business opportunities through market research, networking, and lead generation.Reach out to prospective clients through calls, emails, networking, and follow-ups to convert leads into clients.Build and maintain strong relationships with clients to ensure their satisfactionNegotiate contracts and close deals to drive revenue growth.Collaborate with internal teams to ensure seamless service delivery.Keep track of industry trends and market conditions.Prepare and present sales reports, forecasts, and performan",Freshersworld,https://www.cynosure.com,https://www.freshersworld.com/jobs/business-development-executive-jobs-opening-in-cynosure-corporate-solutions-at-guindy-chennai-2935420
Field Sales Executive,RBL Bank Limited,Chennai,2026-09-18,https://www.freshersworld.com/jobs/field-sales-executive-in-chennai-for-rbl-bank-limited-2697528,https://www.rbl.bank.in,Actively Hiring,"Company: RBL Bank Limited | We are looking for a field sales representative to develop sales strategies and attract new clients. The salesperson will source new sales opportunities and close sales to achieve targets. The sales executive will play a key role in increasing income and revenue by acquiring more and more clients, generating leads and managing sales of products and services. Sell the products/services using various customer sales methods (Foot on street, cold calling, presentations etc) Forecast sales, develop “out of the box” sales strategies/models and evaluate their effectiveness Evaluate customers skills, needs and build long-lasting relationships Meet personal and team sales targets Research accounts and generate or follow through sales leads Attend meetings, sales events, and trainings to keep abreast of the latest developments Report and provide feedback to management using financial statistical data Maintain and expand client database. Enter the activity/communicatio",Freshersworld,https://www.rbl.bank.in,https://www.freshersworld.com/jobs/field-sales-executive-in-chennai-for-rbl-bank-limited-2697528
Front Office Executive,Client of Cassius Technologies,Chennai,2026-09-18,https://www.freshersworld.com/jobs/front-office-executive-jobs-opening-in-client-of-cassius-technologies-at-chennai-2934765,https://cassius.paris,Actively Hiring,"Company: Client of Cassius Technologies | Designation : Front Office ExecutiveResponsibilities:Handling Front Desk and Co-ordination.Good Communication Skill.Be able to stay objective vis--vis its personality and the organization.Ensure reception area is tidy and presentable, with all necessary stationery and material.Assisting Clients in finding the concerned person.Give the image of a friendly and concerned person.Welcome visitors by greeting them, in person or on the telephone; answering or referring inquiries.Skills:Written communication.Active listening.Foreign language. Attention to detail. Scheduling. Stress management.Interpersonal communicationQualification: B.Sc, BA , BSW , BBA , B.com ,Job type: Full-time JobExperience: 0 to 2 yrsSalary: 25000 to 50000",Freshersworld,https://cassius.paris,https://www.freshersworld.com/jobs/front-office-executive-jobs-opening-in-client-of-cassius-technologies-at-chennai-2934765
Customer Support Operation Executive,Elpido,Chennai,2026-09-18,https://www.freshersworld.com/jobs/customer-support-operation-executive-jobs-opening-in-elpido-at-anna-nagar-chennai-2951579,https://www.elpido.com,Actively Hiring,"Company: Elpido | Customer Support & Operations ExecutiveCompany: ElpidoLocation: ChennaiEmployment Type: Full-TimeExperience: Freshers About the RoleElpido is looking for a confident, proactive, and responsible Customer Support & Operations Executive to manage day-to-day operations, coordinate with service partners, and ensure a smooth experience for our customers.Since we are in the early stages, this role will involve both customer support and operations, with a strong focus on partner coordination and booking fulfilment.Key ResponsibilitiesCoordinate with Elpido service partners on a daily basis.Monitor partner availability, punctuality, attendance, and service quality.Ensure customer bookings are accepted and fulfilled smoothly through the Elpido app.Follow up with partners regarding bookings, availability, onboarding, and pending requirements.Coordinate partner documentation, verification, uniform collection, and activation.Handle customer queries through phone, WhatsApp, and oth",Freshersworld,https://www.elpido.com,https://www.freshersworld.com/jobs/customer-support-operation-executive-jobs-opening-in-elpido-at-anna-nagar-chennai-2951579
Team Lead,HCL Technologies Ltd,Chennai,2026-09-18,https://www.freshersworld.com/jobs/team-lead-in-chennai-for-hcl-technologies-ltd-2859146,https://www.hcltech.com,Actively Hiring,"Company: HCL Technologies Ltd | Installation of Windows OS 10 and Windows OS 11 Partition of disk as per Company Standard User creation and setting of passwords Installation of printer driver, keyboard driver, mouse driver, LAN, Wi-Fi, etc. Outlook configuration- (both automatic and manual) and creating PST Updating user policies Joining workgroup to domain Enabling firewall services, remote services, etc. Making calls to users for troubleshooting Network Printer configuration and downloading drivers Services of hardware parts and troubleshooting Assembling and disassembling of laptops",Freshersworld,https://www.hcltech.com,https://www.freshersworld.com/jobs/team-lead-in-chennai-for-hcl-technologies-ltd-2859146
Team Lead,HCL Technologies Ltd,Chennai,2026-09-18,https://www.freshersworld.com/jobs/team-lead-in-chennai-for-hcl-technologies-ltd-2848210,https://www.hcltech.com,Actively Hiring,"Company: HCL Technologies Ltd | Installation of Windows OS 10 and Windows OS 11 Partition of disk as per Company Standard User creation and setting of passwords Installation of printer driver, keyboard driver, mouse driver, LAN, Wi-Fi, etc. Outlook configuration- (both automatic and manual) and creating PST Updating user policies Joining workgroup to domain Enabling firewall services, remote services, etc. Making calls to users for troubleshooting Network Printer configuration and downloading drivers Services of hardware parts and troubleshooting Assembling and disassembling of laptops",Freshersworld,https://www.hcltech.com,https://www.freshersworld.com/jobs/team-lead-in-chennai-for-hcl-technologies-ltd-2848210
Team Lead,HCL Technologies Ltd,Chennai,2026-09-18,https://www.freshersworld.com/jobs/team-lead-in-chennai-for-hcl-technologies-ltd-2859147,https://www.hcltech.com,Actively Hiring,"Company: HCL Technologies Ltd | Installation of Windows OS 10 and Windows OS 11 Partition of disk as per Company Standard User creation and setting of passwords Installation of printer driver, keyboard driver, mouse driver, LAN, Wi-Fi, etc. Outlook configuration- (both automatic and manual) and creating PST Updating user policies Joining workgroup to domain Enabling firewall services, remote services, etc. Making calls to users for troubleshooting Network Printer configuration and downloading drivers Services of hardware parts and troubleshooting Assembling and disassembling of laptops",Freshersworld,https://www.hcltech.com,https://www.freshersworld.com/jobs/team-lead-in-chennai-for-hcl-technologies-ltd-2859147
Logistics Executive,For a Client of TeamLease Digital,"Chennai, Coimbatore, Cuddalore...",2026-09-18,https://www.freshersworld.com/jobs/logistics-executive-in-tamil-nadu-for-for-a-client-of-teamlease-digital-2887073,https://teamleasedigital.global,Actively Hiring,"Company: For a Client of TeamLease Digital | 1. Logistics Executive -Ø Managing and maintaining Auto-scheduling of trips for product delivery (LNG, CNG)Ø Real-time monitoring of Driver Behaviour Monitoring System (DBMS) for identifying the violations of safety parametersØ Alerting the driver through announcements in case of any violated safety parametersØ Safety announcements to be made to the drivers in case of unusual trips and record to be maintainedØ Any fault in instruments of DBMS is to be recorded and reported immediatelyØ Reporting all identified violations vs immediate actions to transport safetyØ Preparation and publishing of MIS reports as per prescribed format and frequencyØ Getting back-up of all violations and reports on daily basis in local storageØ All activities, incidents, actions taken, hand-over/take-over notes etc are to be recorded in E-logbook in each shift.Ø Seeking immediate instruction from Transport Safety in case of any untoward situation.Attending Toll-free",Freshersworld,https://teamleasedigital.global,https://www.freshersworld.com/jobs/logistics-executive-in-tamil-nadu-for-for-a-client-of-teamlease-digital-2887073
Executive-MIS,Haier Appliances India Pvt Ltd,"Bangalore, Mumbai, Pune...",2026-09-18,https://www.freshersworld.com/jobs/executive-mis-in-mumbai-suburban-for-haier-appliances-india-pvt-ltd-2835965,https://www.haierappliances.com,Actively Hiring,Company: Haier Appliances India Pvt Ltd | Greetings!Urgent Opening for MIS Executive for Haier .Strong proficiency in Microsoft Excel with efficiency in understanding Macros and other tools.Strong proficiency in handling multiple projects and multiple tools when it comes to data handling.Strong proficiency in handling vast amounts of data.Ability to clean data especially when it comes in multiple formats.Experience in live projects that have been in place for at least one year.Familiarity with Tableau and Power BI.Knowledge of machine learning libraries like Pandas etc will be huge plus.Strong ability to develop mini dashboards for the management as per their requirements.Strong clarity of thought when it comes to determining what the final output needs to look like.Ability to understand excel sheets that are prepared by other department members.Ability to deduce what is wrong in an excel sheet.,Freshersworld,https://www.haierappliances.com,https://www.freshersworld.com/jobs/executive-mis-in-mumbai-suburban-for-haier-appliances-india-pvt-ltd-2835965
Sales Executive Open Market,SBI Cards and Payment Services Limited,"Kozhikode, Kochi, Kannur...",2026-09-18,https://www.freshersworld.com/jobs/sales-executive-open-market-in-tamil-nadu-for-sbi-cards-and-payment-services-limited-2912267,https://www.sbicard.com,Actively Hiring,"Company: SBI Cards and Payment Services Limited | RE (Relationship Executive) -Prospectingfor new customers through existing leadsand cold calling and maximizing leadgeneration through direct marketing;Candidates will be placed in Malls, SuperMarket, Petrol Pumps, Open Market andneed to approach customer and sell CreditCards",Freshersworld,https://www.sbicard.com,https://www.freshersworld.com/jobs/sales-executive-open-market-in-tamil-nadu-for-sbi-cards-and-payment-services-limited-2912267
Sales Executive,Legend Motors Royal Enfield Dealer,Chennai,2026-09-18,https://www.freshersworld.com/jobs/sales-executive-jobs-opening-in-legend-motors-royal-enfield-dealer-at-tambaram-chennai-2951760,https://dealers.royalenfield.com,Actively Hiring,"Company: Legend Motors Royal Enfield Dealer | Royal Enfield Bike Sales at Showroom. Customer Service. Product Explanation. Good Communication.Location : Sanitorium, Tambaram & MudichurWhatsapp : /Immediate Joiners PreferredFreshers male & female can applyShould be intrested in retail sale and customer handlingMore information about this Sales Executive JobPlease go through the below FAQs to get all answers related to the given Sales Executive jobWhat are the job requirements to apply for this Sales Executive job position? Ans: A candidate must have a minimum of 0 to 3 year experience as an Sales Executive What is the qualification for this job? Ans: The candidate can be a Graduate from any of the following: B.Arch, B.Com, B.Pharm, BA, BBA/BBM, BCA, BDS, BE/B.Tech, BEd, BHM, BSc, BVSc, CA, CS, ICWA, LLB, MBBS, B.Design, B.FashionTech, BFA, BAMS, BHMS, B.P.Ed, B.F.Sc(Fisheries), BSW, BACHELOR OF MUSIC, BBS, BFA, BLT, BNYS, BPT, BUMS, DA, DFM (FORENSIC), DM, DOMS (OPTHOLMOLOGY), ANM, B PE",Freshersworld,https://dealers.royalenfield.com,https://www.freshersworld.com/jobs/sales-executive-jobs-opening-in-legend-motors-royal-enfield-dealer-at-tambaram-chennai-2951760
SEO Executive,FNBMaster.com,"Hyderabad, Bangalore, Chennai",2026-09-18,https://www.freshersworld.com/jobs/seo-executive-jobs-opening-in-fnbmaster-com-at-yeshwantpur-aminijikarai-kodambakkam-bangalore-chennai-hyderabad-2943595,https://fnbmaster.com,Actively Hiring,"Company: FNBMaster.com | Venture Leadership Fellow – FNBMaster.comAbout FNBMaster.comFNBMaster.com is a growing digital platform focused on skill development and training for Food & Beverage professionals. We are building practical, accessible learning solutions for the hospitality industry.About the OpportunityWe are looking for a passionate and entrepreneurial fresher to join FNBMaster.com as a Venture Leadership Fellow for a 90-day fellowship.This is not a conventional internship. The selected candidate will work directly with the Founder and get hands-on exposure to the real-world challenges of building and growing a business.Key ResponsibilitiesSupport marketing and business growth initiativesIdentify new customer acquisition opportunitiesConduct market research and competitor analysisExplore sales and partnership opportunitiesDevelop and execute marketing campaignsSupport social media and content initiativesInteract with potential customers and partnersCollect and analyze custome",Freshersworld,https://fnbmaster.com,https://www.freshersworld.com/jobs/seo-executive-jobs-opening-in-fnbmaster-com-at-yeshwantpur-aminijikarai-kodambakkam-bangalore-chennai-hyderabad-2943595
Sales Executive,Garments,Chennai,2026-09-18,https://www.freshersworld.com/jobs/sales-executive-jobs-opening-in-garments-at-medavakkam-chennai-2939216,https://www.engineeredgarments.com,Actively Hiring,"Company: Garments | We are looking for a hardworking and responsible Sales executive /Helper to support the production team in day-to-day garment activities. The candidate will assist team and supervisors in handling materials, maintaining the work area, and ensuring smooth sales/operations.More information about this Sales Executive JobPlease go through the below FAQs to get all answers related to the given Sales Executive jobWhat are the job requirements to apply for this Sales Executive job position? Ans: A candidate must have a minimum of 0 to 2 year experience as an Sales Executive What is the qualification for this job? Ans: The candidate can be a Graduate from any of the following: 12th Pass (HSE), 10th Pass (SSC) What is the hiring Process of this job? Ans: The hiring process all depends on the company. Normally for an entry level, hiring the candidate has to go for Aptitude, GD (If they look for communication),Technical test and face to face interviews.This Sales Executive is",Freshersworld,https://www.engineeredgarments.com,https://www.freshersworld.com/jobs/sales-executive-jobs-opening-in-garments-at-medavakkam-chennai-2939216
Account Executive,Client Of HR Tech,Chennai,2026-09-18,https://www.freshersworld.com/jobs/account-executive-jobs-opening-in-client-of-hr-tech-at-chennai-2934356,https://hrtechconsultant.com,Actively Hiring,"Company: Client Of HR Tech | Designation - Account ExecutiveResponsibilities-Create detailed business plans designed to attain predetermined goals and quotasManage the entire sales cycle from finding a client to securing a dealUnearth new sales opportunities through networking and turn them into long-term partnershipsPresent products to prospective clientsSending Debtor outstanding reports to the corporates and follow-up for the same through email & calls.Interbranch ledger reconciliation& Maintaining the billing system Generating invoices and account statementsKnowledge of general bookkeeping proceduresProficient in relevant computer softwareAssist with month-end closingCarry out billing, collection and reporting activities according to specific deadlinesWell-versed in Excel and should be knowledgeable about Vlook and other basic formulas SkillsKnowledge of market research, sales and negotiating principlesOutstanding knowledge of MS Office; knowledge of CRM software (eg. Salesforce) i",Freshersworld,https://hrtechconsultant.com,https://www.freshersworld.com/jobs/account-executive-jobs-opening-in-client-of-hr-tech-at-chennai-2934356
Sales & Telecalling Executive,ACCODECK,India,2026-09-08,"https://www.glassdoor.co.in/job-listing/sales-telecalling-executive-accodeck-JV_KO0,27_KE28,36.htm?jl=1010258484303",https://www.accodeck.com,Actively Hiring,Role: Sales & Telecalling Executive | Company: ACCODECK | Location: India | Source: Glassdoor,Glassdoor,https://www.accodeck.com,"https://www.glassdoor.co.in/job-listing/sales-telecalling-executive-accodeck-JV_KO0,27_KE28,36.htm?jl=1010258484303"
Filed Sales & Marketing Executive,DSI FOOD INDUSTRIES,India,2026-09-13,"https://www.glassdoor.co.in/job-listing/filed-sales-marketing-executive-dsi-food-industries-JV_KO0,31_KE32,51.htm?jl=1010263658556",https://www.dsifoodindustries.com,Actively Hiring,Role: Filed Sales & Marketing Executive | Company: DSI FOOD INDUSTRIES | Location: India | Source: Glassdoor,Glassdoor,https://www.dsifoodindustries.com,"https://www.glassdoor.co.in/job-listing/filed-sales-marketing-executive-dsi-food-industries-JV_KO0,31_KE32,51.htm?jl=1010263658556"
Business Development Executive (BDE),Swarnim India Charitable Foundation,India,2026-09-14,"https://www.glassdoor.co.in/job-listing/business-development-executive-bde-swarnim-india-charitable-foundation-JV_KO0,34_KE35,70.htm?jl=1010264916198",https://www.swarnimcharitablefoundation.com,Actively Hiring,Role: Business Development Executive (BDE) | Company: Swarnim India Charitable Foundation | Location: India | Source: Glassdoor,Glassdoor,https://www.swarnimcharitablefoundation.com,"https://www.glassdoor.co.in/job-listing/business-development-executive-bde-swarnim-india-charitable-foundation-JV_KO0,34_KE35,70.htm?jl=1010264916198"
Sales Rep / Territory Business Executive (Dermatology Specialty Sales),Novartis,Mumbai,2026-08-30,"https://www.glassdoor.co.in/job-listing/sales-rep-territory-business-executive-dermatology-specialty-sales-novartis-JV_IC2851180_KO0,66_KE67,75.htm?jl=1010248833824",https://www.novartis.com,Actively Hiring,Role: Sales Rep / Territory Business Executive (Dermatology Specialty Sales) | Company: Novartis | Location: Mumbai | Source: Glassdoor,Glassdoor,https://www.novartis.com,"https://www.glassdoor.co.in/job-listing/sales-rep-territory-business-executive-dermatology-specialty-sales-novartis-JV_IC2851180_KO0,66_KE67,75.htm?jl=1010248833824"
Regional Sales Executive,Xpress Health,Cochin,2026-09-07,"https://www.glassdoor.co.in/job-listing/regional-sales-executive-xpress-health-JV_IC2887994_KO0,24_KE25,38.htm?jl=1010257464545",https://www.xpresshealth.com,Actively Hiring,Role: Regional Sales Executive | Company: Xpress Health | Location: Cochin | Source: Glassdoor,Glassdoor,https://www.xpresshealth.com,"https://www.glassdoor.co.in/job-listing/regional-sales-executive-xpress-health-JV_IC2887994_KO0,24_KE25,38.htm?jl=1010257464545"
LinkedIn Lead Generation and Social Media Handling,Taxlegit,Noida,2026-09-07,"https://www.glassdoor.co.in/job-listing/linkedin-lead-generation-and-social-media-handling-taxlegit-JV_IC4477468_KO0,50_KE51,59.htm?jl=1010257125216",https://www.taxlegit.com,Actively Hiring,Role: LinkedIn Lead Generation and Social Media Handling | Company: Taxlegit | Location: Noida | Source: Glassdoor,Glassdoor,https://www.taxlegit.com,"https://www.glassdoor.co.in/job-listing/linkedin-lead-generation-and-social-media-handling-taxlegit-JV_IC4477468_KO0,50_KE51,59.htm?jl=1010257125216"
Sales Engineer/Business Development Executives,ASPIRE INFRAA SOLUTIONS,India,2026-08-30,"https://www.glassdoor.co.in/job-listing/sales-engineer-business-development-executives-aspire-infraa-solutions-JV_KO0,46_KE47,70.htm?jl=1010248873910",https://www.aspireinfraa.com,Actively Hiring,Role: Sales Engineer/Business Development Executives | Company: ASPIRE INFRAA SOLUTIONS | Location: India | Source: Glassdoor,Glassdoor,https://www.aspireinfraa.com,"https://www.glassdoor.co.in/job-listing/sales-engineer-business-development-executives-aspire-infraa-solutions-JV_KO0,46_KE47,70.htm?jl=1010248873910"
Business Development Executive (BDE),Dental Fruits,India,2026-08-29,"https://www.glassdoor.co.in/job-listing/business-development-executive-bde-dental-fruits-JV_KO0,34_KE35,48.htm?jl=1010246320716",https://us-en-prodentim.com,Actively Hiring,Role: Business Development Executive (BDE) | Company: Dental Fruits | Location: India | Source: Glassdoor,Glassdoor,https://us-en-prodentim.com,"https://www.glassdoor.co.in/job-listing/business-development-executive-bde-dental-fruits-JV_KO0,34_KE35,48.htm?jl=1010246320716"
Business Development Executive (BDE),YESTE Migration and Education Consulting Pvt. Ltd.,Cochin,2026-09-12,"https://www.glassdoor.co.in/job-listing/business-development-executive-bde-yeste-migration-and-education-consulting-pvt-ltd-JV_IC2887994_KO0,34_KE35,83.htm?jl=1010262144332",https://yeste.com.au,Actively Hiring,Role: Business Development Executive (BDE) | Company: YESTE Migration and Education Consulting Pvt. Ltd. | Location: Cochin | Source: Glassdoor,Glassdoor,https://yeste.com.au,"https://www.glassdoor.co.in/job-listing/business-development-executive-bde-yeste-migration-and-education-consulting-pvt-ltd-JV_IC2887994_KO0,34_KE35,83.htm?jl=1010262144332"
Inside Sales Executive,Secure legalization services llc,Cochin,2026-09-13,"https://www.glassdoor.co.in/job-listing/inside-sales-executive-secure-legalization-services-llc-JV_IC2887994_KO0,22_KE23,55.htm?jl=1010263760983",https://www.uslegalization.com,Actively Hiring,Role: Inside Sales Executive | Company: Secure legalization services llc | Location: Cochin | Source: Glassdoor,Glassdoor,https://www.uslegalization.com,"https://www.glassdoor.co.in/job-listing/inside-sales-executive-secure-legalization-services-llc-JV_IC2887994_KO0,22_KE23,55.htm?jl=1010263760983"
Senior Telemarketing Executive,Minerva Educational Institutions,India,2026-09-14,"https://www.glassdoor.co.in/job-listing/senior-telemarketing-executive-minerva-educational-institutions-JV_KO0,30_KE31,63.htm?jl=1010265008972",https://www.minervaeducationalinstitutions.com,Actively Hiring,Role: Senior Telemarketing Executive | Company: Minerva Educational Institutions | Location: India | Source: Glassdoor,Glassdoor,https://www.minervaeducationalinstitutions.com,"https://www.glassdoor.co.in/job-listing/senior-telemarketing-executive-minerva-educational-institutions-JV_KO0,30_KE31,63.htm?jl=1010265008972"
Marketing Executive,Rams Real Estates,India,2026-08-19,"https://www.glassdoor.co.in/job-listing/marketing-executive-rams-real-estates-JV_KO0,19_KE20,37.htm?jl=1010233409240",https://ramsrealestates.com,Actively Hiring,Role: Marketing Executive | Company: Rams Real Estates | Location: India | Source: Glassdoor,Glassdoor,https://ramsrealestates.com,"https://www.glassdoor.co.in/job-listing/marketing-executive-rams-real-estates-JV_KO0,19_KE20,37.htm?jl=1010233409240"
Corporate Sales Executive,Nutty Affair Pvt Ltd,Vadodara,2026-09-08,"https://www.glassdoor.co.in/job-listing/corporate-sales-executive-nutty-affair-pvt-ltd-JV_IC2930179_KO0,25_KE26,46.htm?jl=1010258796642",https://www.nuttyaffair.com,Actively Hiring,Role: Corporate Sales Executive | Company: Nutty Affair Pvt Ltd | Location: Vadodara | Source: Glassdoor,Glassdoor,https://www.nuttyaffair.com,"https://www.glassdoor.co.in/job-listing/corporate-sales-executive-nutty-affair-pvt-ltd-JV_IC2930179_KO0,25_KE26,46.htm?jl=1010258796642"
Business Development Executive (BDE),ELKOS HEALTHCARE PVT LTD,India,2026-09-11,"https://www.glassdoor.co.in/job-listing/business-development-executive-bde-elkos-healthcare-pvt-ltd-JV_KO0,34_KE35,59.htm?jl=1010261543631",https://www.elkosgroup.in,Actively Hiring,Role: Business Development Executive (BDE) | Company: ELKOS HEALTHCARE PVT LTD | Location: India | Source: Glassdoor,Glassdoor,https://www.elkosgroup.in,"https://www.glassdoor.co.in/job-listing/business-development-executive-bde-elkos-healthcare-pvt-ltd-JV_KO0,34_KE35,59.htm?jl=1010261543631"
Sales & Marketing Executive,Upstrol Health Care Pvt Ltd,India,2026-08-26,"https://www.glassdoor.co.in/job-listing/sales-marketing-executive-upstrol-health-care-pvt-ltd-JV_KO0,25_KE26,53.htm?jl=1010244219503",https://upstrol.com,Actively Hiring,Role: Sales & Marketing Executive | Company: Upstrol Health Care Pvt Ltd | Location: India | Source: Glassdoor,Glassdoor,https://upstrol.com,"https://www.glassdoor.co.in/job-listing/sales-marketing-executive-upstrol-health-care-pvt-ltd-JV_KO0,25_KE26,53.htm?jl=1010244219503"
Telesales Executive,SHREEKUNJ SOFTECH,India,2026-09-06,"https://www.glassdoor.co.in/job-listing/telesales-executive-shreekunj-softech-JV_KO0,19_KE20,37.htm?jl=1010256083304",https://www.shreekunjsoftech.com,Actively Hiring,Role: Telesales Executive | Company: SHREEKUNJ SOFTECH | Location: India | Source: Glassdoor,Glassdoor,https://www.shreekunjsoftech.com,"https://www.glassdoor.co.in/job-listing/telesales-executive-shreekunj-softech-JV_KO0,19_KE20,37.htm?jl=1010256083304"
BDE (Business Development Executive),ELKOS HEALTHCARE PVT LTD,India,2026-08-22,"https://www.glassdoor.co.in/job-listing/bde-business-development-executive-elkos-healthcare-pvt-ltd-JV_KO0,34_KE35,59.htm?jl=1010239239398",https://www.elkosgroup.in,Actively Hiring,Role: BDE (Business Development Executive) | Company: ELKOS HEALTHCARE PVT LTD | Location: India | Source: Glassdoor,Glassdoor,https://www.elkosgroup.in,"https://www.glassdoor.co.in/job-listing/bde-business-development-executive-elkos-healthcare-pvt-ltd-JV_KO0,34_KE35,59.htm?jl=1010239239398"
Sales & Marketing Executive,BADRIVAS BIOTECH PRIVATE LIMITED,India,2026-08-19,"https://www.glassdoor.co.in/job-listing/sales-marketing-executive-badrivas-biotech-private-limited-JV_KO0,25_KE26,58.htm?jl=1010225395471",https://www.findglocal.com,Actively Hiring,Role: Sales & Marketing Executive | Company: BADRIVAS BIOTECH PRIVATE LIMITED | Location: India | Source: Glassdoor,Glassdoor,https://www.findglocal.com,"https://www.glassdoor.co.in/job-listing/sales-marketing-executive-badrivas-biotech-private-limited-JV_KO0,25_KE26,58.htm?jl=1010225395471"
Sales & Marketing Executive,Dental Fruits,Bengaluru,2026-08-19,"https://www.glassdoor.co.in/job-listing/sales-marketing-executive-dental-fruits-JV_IC2940587_KO0,25_KE26,39.htm?jl=1009931133571",https://us-en-prodentim.com,Actively Hiring,Role: Sales & Marketing Executive | Company: Dental Fruits | Location: Bengaluru | Source: Glassdoor,Glassdoor,https://us-en-prodentim.com,"https://www.glassdoor.co.in/job-listing/sales-marketing-executive-dental-fruits-JV_IC2940587_KO0,25_KE26,39.htm?jl=1009931133571"
Inside Sales Executive,Secure legalization services llc,India,2026-09-13,"https://www.glassdoor.co.in/job-listing/inside-sales-executive-secure-legalization-services-llc-JV_KO0,22_KE23,55.htm?jl=1010263739022",https://www.uslegalization.com,Actively Hiring,Role: Inside Sales Executive | Company: Secure legalization services llc | Location: India | Source: Glassdoor,Glassdoor,https://www.uslegalization.com,"https://www.glassdoor.co.in/job-listing/inside-sales-executive-secure-legalization-services-llc-JV_KO0,22_KE23,55.htm?jl=1010263739022"
Telesales Executive,METRO,India,2026-09-07,"https://www.glassdoor.co.in/job-listing/telesales-executive-metro-JV_KO0,19_KE20,25.htm?jl=1010257175902",https://www.metro.com,Actively Hiring,Role: Telesales Executive | Company: METRO | Location: India | Source: Glassdoor,Glassdoor,https://www.metro.com,"https://www.glassdoor.co.in/job-listing/telesales-executive-metro-JV_KO0,19_KE20,25.htm?jl=1010257175902"
Telesales Executive,Nutty Affair Pvt Ltd,Vadodara,2026-09-08,"https://www.glassdoor.co.in/job-listing/telesales-executive-nutty-affair-pvt-ltd-JV_IC2930179_KO0,19_KE20,40.htm?jl=1010258790000",https://www.nuttyaffair.com,Actively Hiring,Role: Telesales Executive | Company: Nutty Affair Pvt Ltd | Location: Vadodara | Source: Glassdoor,Glassdoor,https://www.nuttyaffair.com,"https://www.glassdoor.co.in/job-listing/telesales-executive-nutty-affair-pvt-ltd-JV_IC2930179_KO0,19_KE20,40.htm?jl=1010258790000"
Business Devlopment Executive,Dotok Communications llp,Calicut,2026-08-19,"https://www.glassdoor.co.in/job-listing/business-devlopment-executive-dotok-communications-llp-JV_IC2868442_KO0,29_KE30,54.htm?jl=1010228300697",https://www.dotokcommunicationsllp.com,Actively Hiring,Role: Business Devlopment Executive | Company: Dotok Communications llp | Location: Calicut | Source: Glassdoor,Glassdoor,https://www.dotokcommunicationsllp.com,"https://www.glassdoor.co.in/job-listing/business-devlopment-executive-dotok-communications-llp-JV_IC2868442_KO0,29_KE30,54.htm?jl=1010228300697"
Sales and Marketing Executive - Lead Generation,Ritinox Overseas LLP,India,2026-09-15,"https://www.glassdoor.co.in/job-listing/sales-and-marketing-executive-lead-generation-ritinox-overseas-llp-JV_KO0,45_KE46,66.htm?jl=1010266424653",https://www.ritinoxoverseasllp.com,Actively Hiring,Role: Sales and Marketing Executive - Lead Generation | Company: Ritinox Overseas LLP | Location: India | Source: Glassdoor,Glassdoor,https://www.ritinoxoverseasllp.com,"https://www.glassdoor.co.in/job-listing/sales-and-marketing-executive-lead-generation-ritinox-overseas-llp-JV_KO0,45_KE46,66.htm?jl=1010266424653"
Sales and Marketing Executive,Embtel Web Solutions Pvt. Ltd.,India,2026-08-19,"https://www.glassdoor.co.in/job-listing/sales-and-marketing-executive-embtel-web-solutions-pvt-ltd-JV_KO0,29_KE30,58.htm?jl=1009821229550",https://www.embtelweb.com,Actively Hiring,Role: Sales and Marketing Executive | Company: Embtel Web Solutions Pvt. Ltd. | Location: India | Source: Glassdoor,Glassdoor,https://www.embtelweb.com,"https://www.glassdoor.co.in/job-listing/sales-and-marketing-executive-embtel-web-solutions-pvt-ltd-JV_KO0,29_KE30,58.htm?jl=1009821229550"
Sales executive,K2S SOLAR PVT LTD,Puducherry,2026-09-15,"https://www.glassdoor.co.in/job-listing/sales-executive-k2s-solar-pvt-ltd-JV_IC2931441_KO0,15_KE16,33.htm?jl=1010266544117",https://www.k2ssolar.com,Actively Hiring,Role: Sales executive | Company: K2S SOLAR PVT LTD | Location: Puducherry | Source: Glassdoor,Glassdoor,https://www.k2ssolar.com,"https://www.glassdoor.co.in/job-listing/sales-executive-k2s-solar-pvt-ltd-JV_IC2931441_KO0,15_KE16,33.htm?jl=1010266544117"
Real Estate Land Sales Executive,GHL INDIA VENTURES,India,2026-08-20,"https://www.glassdoor.co.in/job-listing/real-estate-land-sales-executive-ghl-india-ventures-JV_KO0,32_KE33,51.htm?jl=1010238175665",https://www.ghlventures.com,Actively Hiring,Role: Real Estate Land Sales Executive | Company: GHL INDIA VENTURES | Location: India | Source: Glassdoor,Glassdoor,https://www.ghlventures.com,"https://www.glassdoor.co.in/job-listing/real-estate-land-sales-executive-ghl-india-ventures-JV_KO0,32_KE33,51.htm?jl=1010238175665"
Sales Executive ( International Process),NSEG Pvt Ltd,India,2026-08-19,"https://www.glassdoor.co.in/job-listing/sales-executive-international-process-nseg-pvt-ltd-JV_KO0,37_KE38,50.htm?jl=1010228973994",https://www.nseg.com,Actively Hiring,Role: Sales Executive ( International Process) | Company: NSEG Pvt Ltd | Location: India | Source: Glassdoor,Glassdoor,https://www.nseg.com,"https://www.glassdoor.co.in/job-listing/sales-executive-international-process-nseg-pvt-ltd-JV_KO0,37_KE38,50.htm?jl=1010228973994"
Field Executive,OMEGA ONE MANPOWER AND CONSULTANCY PRIVATE,Bhubaneshwar,2026-09-09,"https://www.glassdoor.co.in/job-listing/field-executive-omega-one-manpower-and-consultancy-private-JV_IC4469444_KO0,15_KE16,58.htm?jl=1010259687891",https://www.omegaonemanpowerandconsultancyprivate.com,Actively Hiring,Role: Field Executive | Company: OMEGA ONE MANPOWER AND CONSULTANCY PRIVATE | Location: Bhubaneshwar | Source: Glassdoor,Glassdoor,https://www.omegaonemanpowerandconsultancyprivate.com,"https://www.glassdoor.co.in/job-listing/field-executive-omega-one-manpower-and-consultancy-private-JV_IC4469444_KO0,15_KE16,58.htm?jl=1010259687891"
Field Marketing Executive,Eldec-Sel Enterprises,India,2026-08-19,"https://www.glassdoor.co.in/job-listing/field-marketing-executive-eldec-sel-enterprises-JV_KO0,25_KE26,47.htm?jl=1010174533556",https://www.eldec.net,Actively Hiring,Role: Field Marketing Executive | Company: Eldec-Sel Enterprises | Location: India | Source: Glassdoor,Glassdoor,https://www.eldec.net,"https://www.glassdoor.co.in/job-listing/field-marketing-executive-eldec-sel-enterprises-JV_KO0,25_KE26,47.htm?jl=1010174533556"
Lead Executive,Coronet Foods Pvt Ltd,Hyderābād,2026-08-19,"https://www.glassdoor.co.in/job-listing/lead-executive-coronet-foods-pvt-ltd-JV_IC2865319_KO0,14_KE15,36.htm?jl=1008588504924",https://www.coronetfoods.com,Actively Hiring,Role: Lead Executive | Company: Coronet Foods Pvt Ltd | Location: Hyderābād | Source: Glassdoor,Glassdoor,https://www.coronetfoods.com,"https://www.glassdoor.co.in/job-listing/lead-executive-coronet-foods-pvt-ltd-JV_IC2865319_KO0,14_KE15,36.htm?jl=1008588504924"
Marketing Executive,Yuvodaya Group of Institution,Bhubaneshwar,2026-09-06,"https://www.glassdoor.co.in/job-listing/marketing-executive-yuvodaya-group-of-institution-JV_IC4469444_KO0,19_KE20,49.htm?jl=1010256155132",https://www.yuvodayaofinstitution.com,Actively Hiring,Role: Marketing Executive | Company: Yuvodaya Group of Institution | Location: Bhubaneshwar | Source: Glassdoor,Glassdoor,https://www.yuvodayaofinstitution.com,"https://www.glassdoor.co.in/job-listing/marketing-executive-yuvodaya-group-of-institution-JV_IC4469444_KO0,19_KE20,49.htm?jl=1010256155132"
Senior Executive - Business Development,Group 8a,Ahmedabad,2026-08-19,"https://www.glassdoor.co.in/job-listing/senior-executive-business-development-group-8a-JV_IC2935226_KO0,37_KE38,46.htm?jl=1010237619249",https://www.army.mil,Actively Hiring,Role: Senior Executive - Business Development | Company: Group 8a | Location: Ahmedabad | Source: Glassdoor,Glassdoor,https://www.army.mil,"https://www.glassdoor.co.in/job-listing/senior-executive-business-development-group-8a-JV_IC2935226_KO0,37_KE38,46.htm?jl=1010237619249"
Export Marketing Executive,Mediwin Pharmaceuticals,India,2026-08-19,"https://www.glassdoor.co.in/job-listing/export-marketing-executive-mediwin-pharmaceuticals-JV_KO0,26_KE27,50.htm?jl=1010220506818",http://www.medwinpharma.in,Actively Hiring,Role: Export Marketing Executive | Company: Mediwin Pharmaceuticals | Location: India | Source: Glassdoor,Glassdoor,http://www.medwinpharma.in,"https://www.glassdoor.co.in/job-listing/export-marketing-executive-mediwin-pharmaceuticals-JV_KO0,26_KE27,50.htm?jl=1010220506818"
Sr. Sales Executive,Chemo biological,India,2026-08-23,"https://www.glassdoor.co.in/job-listing/sr-sales-executive-chemo-biological-JV_KO0,18_KE19,35.htm?jl=1010240368920",https://www.chemobiological.net,Actively Hiring,Role: Sr. Sales Executive | Company: Chemo biological | Location: India | Source: Glassdoor,Glassdoor,https://www.chemobiological.net,"https://www.glassdoor.co.in/job-listing/sr-sales-executive-chemo-biological-JV_KO0,18_KE19,35.htm?jl=1010240368920"
Sales Executive,JOY ENTERPRISE,Adalaj,2026-09-13,"https://www.glassdoor.co.in/job-listing/sales-executive-joy-enterprise-JV_IC2859917_KO0,15_KE16,30.htm?jl=1010263890864",https://www.joyenterprise.com,Actively Hiring,Role: Sales Executive | Company: JOY ENTERPRISE | Location: Adalaj | Source: Glassdoor,Glassdoor,https://www.joyenterprise.com,"https://www.glassdoor.co.in/job-listing/sales-executive-joy-enterprise-JV_IC2859917_KO0,15_KE16,30.htm?jl=1010263890864"
Tele Caller Executive,GS media marketing,Ahmedabad,2026-09-13,"https://www.glassdoor.co.in/job-listing/tele-caller-executive-gs-media-marketing-JV_IC2935226_KO0,21_KE22,40.htm?jl=1010263710543",https://www.gsmediamarketing.com,Actively Hiring,Role: Tele Caller Executive | Company: GS media marketing | Location: Ahmedabad | Source: Glassdoor,Glassdoor,https://www.gsmediamarketing.com,"https://www.glassdoor.co.in/job-listing/tele-caller-executive-gs-media-marketing-JV_IC2935226_KO0,21_KE22,40.htm?jl=1010263710543"
Inside Sales Executive,VR 360TY TECH SOLUTIONS,Bengaluru,2026-09-06,"https://www.glassdoor.co.in/job-listing/inside-sales-executive-vr-360ty-tech-solutions-JV_IC2940587_KO0,22_KE23,46.htm?jl=1010256371728",https://www.vr360ty.com,Actively Hiring,Role: Inside Sales Executive | Company: VR 360TY TECH SOLUTIONS | Location: Bengaluru | Source: Glassdoor,Glassdoor,https://www.vr360ty.com,"https://www.glassdoor.co.in/job-listing/inside-sales-executive-vr-360ty-tech-solutions-JV_IC2940587_KO0,22_KE23,46.htm?jl=1010256371728"
BDE (Business Development Executive),Adgine media,Calicut,2026-08-19,"https://www.glassdoor.co.in/job-listing/bde-business-development-executive-adgine-media-JV_IC2868442_KO0,34_KE35,47.htm?jl=1010229187119",https://adginemedia.com,Actively Hiring,Role: BDE (Business Development Executive) | Company: Adgine media | Location: Calicut | Source: Glassdoor,Glassdoor,https://adginemedia.com,"https://www.glassdoor.co.in/job-listing/bde-business-development-executive-adgine-media-JV_IC2868442_KO0,34_KE35,47.htm?jl=1010229187119"
Tele Calling Executive,METRO,Palakkad,2026-09-08,"https://www.glassdoor.co.in/job-listing/tele-calling-executive-metro-JV_IC4469496_KO0,22_KE23,28.htm?jl=1010258632211",https://www.metro.com,Actively Hiring,Role: Tele Calling Executive | Company: METRO | Location: Palakkad | Source: Glassdoor,Glassdoor,https://www.metro.com,"https://www.glassdoor.co.in/job-listing/tele-calling-executive-metro-JV_IC4469496_KO0,22_KE23,28.htm?jl=1010258632211"
Business Development Executive (BDE),Beyond Red Ocean Consulting,India,2026-09-07,"https://www.glassdoor.co.in/job-listing/business-development-executive-bde-beyond-red-ocean-consulting-JV_KO0,34_KE35,62.htm?jl=1010257332825",https://www.beyondredoceanconsulting.com,Actively Hiring,Role: Business Development Executive (BDE) | Company: Beyond Red Ocean Consulting | Location: India | Source: Glassdoor,Glassdoor,https://www.beyondredoceanconsulting.com,"https://www.glassdoor.co.in/job-listing/business-development-executive-bde-beyond-red-ocean-consulting-JV_KO0,34_KE35,62.htm?jl=1010257332825"
Inbound & Outbound Sales Executive,GSR Global,Mohali,2026-09-06,"https://www.glassdoor.co.in/job-listing/inbound-outbound-sales-executive-gsr-global-JV_IC4469455_KO0,32_KE33,43.htm?jl=1010256420250",https://www.gsrusa.net,Actively Hiring,Role: Inbound & Outbound Sales Executive | Company: GSR Global | Location: Mohali | Source: Glassdoor,Glassdoor,https://www.gsrusa.net,"https://www.glassdoor.co.in/job-listing/inbound-outbound-sales-executive-gsr-global-JV_IC4469455_KO0,32_KE33,43.htm?jl=1010256420250"
Sales & Marketing Executive,Agetree Technologies Pvt ltd,India,2026-08-19,"https://www.glassdoor.co.in/job-listing/sales-marketing-executive-agetree-technologies-pvt-ltd-JV_KO0,25_KE26,54.htm?jl=1010226536674",https://agetreedigital.com,Actively Hiring,Role: Sales & Marketing Executive | Company: Agetree Technologies Pvt ltd | Location: India | Source: Glassdoor,Glassdoor,https://agetreedigital.com,"https://www.glassdoor.co.in/job-listing/sales-marketing-executive-agetree-technologies-pvt-ltd-JV_KO0,25_KE26,54.htm?jl=1010226536674"
Business Development Executive – Architectural Visualisation,Xpressions Pixel Works Pvt. Ltd.,India,2026-08-31,"https://www.glassdoor.co.in/job-listing/business-development-executive-architectural-visualisation-xpressions-pixel-works-pvt-ltd-JV_KO0,58_KE59,89.htm?jl=1010250129219",https://www.xpressionspixelworks.com,Actively Hiring,Role: Business Development Executive – Architectural Visualisation | Company: Xpressions Pixel Works Pvt. Ltd. | Location: India | Source: Glassdoor,Glassdoor,https://www.xpressionspixelworks.com,"https://www.glassdoor.co.in/job-listing/business-development-executive-architectural-visualisation-xpressions-pixel-works-pvt-ltd-JV_KO0,58_KE59,89.htm?jl=1010250129219"
Solar Consultant & Sales Executive,Nigaran Green Energy Solutions,India,2026-08-19,"https://www.glassdoor.co.in/job-listing/solar-consultant-sales-executive-nigaran-green-energy-solutions-JV_KO0,32_KE33,63.htm?jl=1010186542528",https://www.nigaran.in,Actively Hiring,Role: Solar Consultant & Sales Executive | Company: Nigaran Green Energy Solutions | Location: India | Source: Glassdoor,Glassdoor,https://www.nigaran.in,"https://www.glassdoor.co.in/job-listing/solar-consultant-sales-executive-nigaran-green-energy-solutions-JV_KO0,32_KE33,63.htm?jl=1010186542528"
sales field Executive,Cholamandalam Investment & Finance,India,2026-08-26,"https://www.glassdoor.co.in/job-listing/sales-field-executive-cholamandalam-investment-finance-JV_KO0,21_KE22,54.htm?jl=1010243901969",https://www.cholamandalaminvestmentfinance.com,Actively Hiring,Role: sales field Executive | Company: Cholamandalam Investment & Finance | Location: India | Source: Glassdoor,Glassdoor,https://www.cholamandalaminvestmentfinance.com,"https://www.glassdoor.co.in/job-listing/sales-field-executive-cholamandalam-investment-finance-JV_KO0,21_KE22,54.htm?jl=1010243901969"
Field Sales Executive,Equitypandit Financial Services Pvt Ltd,India,2026-08-19,"https://www.glassdoor.co.in/job-listing/field-sales-executive-equitypandit-financial-services-pvt-ltd-JV_KO0,21_KE22,61.htm?jl=1010233513580",https://www.equitypanditfinancial.com,Actively Hiring,Role: Field Sales Executive | Company: Equitypandit Financial Services Pvt Ltd | Location: India | Source: Glassdoor,Glassdoor,https://www.equitypanditfinancial.com,"https://www.glassdoor.co.in/job-listing/field-sales-executive-equitypandit-financial-services-pvt-ltd-JV_KO0,21_KE22,61.htm?jl=1010233513580"
Business Development & Digital Marketing Executive,Radiance Global Traders Pvt Ltd,India,2026-09-12,"https://www.glassdoor.co.in/job-listing/business-development-digital-marketing-executive-radiance-global-traders-pvt-ltd-JV_KO0,48_KE49,80.htm?jl=1010262182249",https://radianceglobal.in,Actively Hiring,Role: Business Development & Digital Marketing Executive | Company: Radiance Global Traders Pvt Ltd | Location: India | Source: Glassdoor,Glassdoor,https://radianceglobal.in,"https://www.glassdoor.co.in/job-listing/business-development-digital-marketing-executive-radiance-global-traders-pvt-ltd-JV_KO0,48_KE49,80.htm?jl=1010262182249"
Business Development Executive (BDE),StudySmart,Pune,2026-08-19,"https://www.glassdoor.co.in/job-listing/business-development-executive-bde-studysmart-JV_IC2856202_KO0,34_KE35,45.htm?jl=1010173247769",https://www.studysmart.com,Actively Hiring,Role: Business Development Executive (BDE) | Company: StudySmart | Location: Pune | Source: Glassdoor,Glassdoor,https://www.studysmart.com,"https://www.glassdoor.co.in/job-listing/business-development-executive-bde-studysmart-JV_IC2856202_KO0,34_KE35,45.htm?jl=1010173247769"
Field Sales Executive( Male),PARREES,India,2026-08-19,"https://www.glassdoor.co.in/job-listing/field-sales-executive-male-parrees-JV_KO0,26_KE27,34.htm?jl=1009834864228",https://www.parrees.com,Actively Hiring,Role: Field Sales Executive( Male) | Company: PARREES | Location: India | Source: Glassdoor,Glassdoor,https://www.parrees.com,"https://www.glassdoor.co.in/job-listing/field-sales-executive-male-parrees-JV_KO0,26_KE27,34.htm?jl=1009834864228"
sales field Executive,Cholamandalam Investment & Finance,India,2026-08-26,"https://www.glassdoor.co.in/job-listing/sales-field-executive-cholamandalam-investment-finance-JV_KO0,21_KE22,54.htm?jl=1010243903431",https://www.cholamandalaminvestmentfinance.com,Actively Hiring,Role: sales field Executive | Company: Cholamandalam Investment & Finance | Location: India | Source: Glassdoor,Glassdoor,https://www.cholamandalaminvestmentfinance.com,"https://www.glassdoor.co.in/job-listing/sales-field-executive-cholamandalam-investment-finance-JV_KO0,21_KE22,54.htm?jl=1010243903431"
sales field Executive,Cholamandalam Investment & Finance,Trichy,2026-08-26,"https://www.glassdoor.co.in/job-listing/sales-field-executive-cholamandalam-investment-finance-JV_IC4470973_KO0,21_KE22,54.htm?jl=1010243905607",https://www.cholamandalaminvestmentfinance.com,Actively Hiring,Role: sales field Executive | Company: Cholamandalam Investment & Finance | Location: Trichy | Source: Glassdoor,Glassdoor,https://www.cholamandalaminvestmentfinance.com,"https://www.glassdoor.co.in/job-listing/sales-field-executive-cholamandalam-investment-finance-JV_IC4470973_KO0,21_KE22,54.htm?jl=1010243905607"
Inside Sales Executive,SCM Connect Private Limited,India,2026-08-19,"https://www.glassdoor.co.in/job-listing/inside-sales-executive-scm-connect-private-limited-JV_KO0,22_KE23,50.htm?jl=1010162439983",https://scmconnect.in,Actively Hiring,Role: Inside Sales Executive | Company: SCM Connect Private Limited | Location: India | Source: Glassdoor,Glassdoor,https://scmconnect.in,"https://www.glassdoor.co.in/job-listing/inside-sales-executive-scm-connect-private-limited-JV_KO0,22_KE23,50.htm?jl=1010162439983"
Sale Executive,foreastro,Gurgaon,2026-08-30,"https://www.glassdoor.co.in/job-listing/sale-executive-foreastro-JV_IC2921225_KO0,14_KE15,24.htm?jl=1010249131969",https://www.foreastro.com,Actively Hiring,Role: Sale Executive | Company: foreastro | Location: Gurgaon | Source: Glassdoor,Glassdoor,https://www.foreastro.com,"https://www.glassdoor.co.in/job-listing/sale-executive-foreastro-JV_IC2921225_KO0,14_KE15,24.htm?jl=1010249131969"
Sales Executive/Sales Manager,Fitness Infra LLP,India,2026-09-15,"https://www.glassdoor.co.in/job-listing/sales-executive-sales-manager-fitness-infra-llp-JV_KO0,29_KE30,47.htm?jl=1010266049571",https://www.fitnessinfrallp.com,Actively Hiring,Role: Sales Executive/Sales Manager | Company: Fitness Infra LLP | Location: India | Source: Glassdoor,Glassdoor,https://www.fitnessinfrallp.com,"https://www.glassdoor.co.in/job-listing/sales-executive-sales-manager-fitness-infra-llp-JV_KO0,29_KE30,47.htm?jl=1010266049571"
Business Development Executive (Interior Design),DAF INTERNATIONAL PVT.LTD.,India,2026-09-12,"https://www.glassdoor.co.in/job-listing/business-development-executive-interior-design-daf-international-pvt-ltd-JV_KO0,46_KE47,72.htm?jl=1010262532725",https://www.dafinternational.com,Actively Hiring,Role: Business Development Executive (Interior Design) | Company: DAF INTERNATIONAL PVT.LTD. | Location: India | Source: Glassdoor,Glassdoor,https://www.dafinternational.com,"https://www.glassdoor.co.in/job-listing/business-development-executive-interior-design-daf-international-pvt-ltd-JV_KO0,46_KE47,72.htm?jl=1010262532725"
Digital Marketing Executive cum content creator,Roohi Recruitment Services,Cochin,2026-09-10,"https://www.glassdoor.co.in/job-listing/digital-marketing-executive-cum-content-creator-roohi-recruitment-services-JV_IC2887994_KO0,47_KE48,74.htm?jl=1010261049977",https://www.roohirecruitment.com,Actively Hiring,Role: Digital Marketing Executive cum content creator | Company: Roohi Recruitment Services | Location: Cochin | Source: Glassdoor,Glassdoor,https://www.roohirecruitment.com,"https://www.glassdoor.co.in/job-listing/digital-marketing-executive-cum-content-creator-roohi-recruitment-services-JV_IC2887994_KO0,47_KE48,74.htm?jl=1010261049977"
UK Public Relations Account Executive (UK Based),Max Borges Agency,United Kingdom,2026-09-21,https://himalayas.app/companies/max-borges-agency/jobs/uk-public-relations-account-executive-uk-based-1187847860,https://www.maxborgesagency.com,Actively Hiring,Type: Full Time,Himalayas,https://www.maxborgesagency.com,https://himalayas.app/companies/max-borges-agency/jobs/uk-public-relations-account-executive-uk-based-1187847860
Executive Marketing Coordinator - Operations Support,Pavago,South Africa,2026-09-21,https://himalayas.app/companies/pavago/jobs/executive-marketing-coordinator-operations-support-5628524933,https://www.pavago.co,Actively Hiring,Type: Full Time,Himalayas,https://www.pavago.co,https://himalayas.app/companies/pavago/jobs/executive-marketing-coordinator-operations-support-5628524933
Strategic Account Executive Nordics,Saviynt,"Denmark, Sweden",2026-09-21,https://himalayas.app/companies/saviynt/jobs/strategic-account-executive-nordics,https://www.saviynt.com,Actively Hiring,Type: Full Time,Himalayas,https://www.saviynt.com,https://himalayas.app/companies/saviynt/jobs/strategic-account-executive-nordics
Automotive KA Operations Specialist (Lead Generation) - TikTok LIVE,TikTok,"Los Angeles, CA",2026-09-13,https://www.indeed.com/viewjob?jk=09ccb20c269a454f,https://tiktok-ui.vercel.app,Actively Hiring,"Familiarity with automotive lead management and CRM systems, and with how leads are handed off from platform to dealer to sales.",Indeed,https://tiktok-ui.vercel.app,https://www.indeed.com/viewjob?jk=09ccb20c269a454f
Lead Generation Specialist,Funeral Directors Life,"Abilene, TX 79606",2026-09-13,https://www.indeed.com/viewjob?jk=f34a2c013e7c3d80,https://www.funeraldirectorslife.com,Actively Hiring,The LEAD GENERATION SPECIALIST is also responsible for making creative suggestions to help our funeral home clients gain quality leads and achieve good…,Indeed,https://www.funeraldirectorslife.com,https://www.indeed.com/viewjob?jk=f34a2c013e7c3d80
Inside Sales & Lead Generation Specialist (584),Utron,"Hackensack, NJ 07601",2026-09-13,https://www.indeed.com/viewjob?jk=5bc02ac3ea9ecaa6,https://www.utron.com,Actively Hiring,"Maintain accurate lead and activity records in the CRM.
Hand over qualified leads to the Sales team with clear, complete documentation.",Indeed,https://www.utron.com,https://www.indeed.com/viewjob?jk=5bc02ac3ea9ecaa6
Partner Executive - Computacenter,NetApp,"New York, NY",2026-09-15,https://www.indeed.com/viewjob?jk=1e57a993b15e54b9,https://www.netapp.com,Actively Hiring,"Strong executive communication, presentation, and stakeholder-management skills.
Ability to build credibility and influence across sales, technical, and…",Indeed,https://www.netapp.com,https://www.indeed.com/viewjob?jk=1e57a993b15e54b9
Enterprise Account Executive,LVT,"American Fork, UT 84003",2026-09-13,https://www.indeed.com/viewjob?jk=c55db8b1dc272c39,https://www.lvt.com,Actively Hiring,Executive Presence: You are a master communicator who can translate technical AI capabilities into clear business ROI for C-suite and executive-level audiences.,Indeed,https://www.lvt.com,https://www.indeed.com/viewjob?jk=c55db8b1dc272c39
Sales Executive,SCC Online,Chennai,2026-09-04,https://internshala.com/job/detail/sales-executive-job-in-chennai-at-scc-online1788425907,https://www.scconline.com,Actively Hiring,"Company: SCC Online | About the job: Job Summary: We are seeking a dynamic and results-driven Sales Executive - Chennai - to join our team. In this role, he/she will be responsible for managing sales operations within a designated geographic area, developing strong customer relationships, identifying new business opportunities and achieving sales targets. The ideal candidate is a self-starter with excellent communication skills and a proven ability to drive revenue growth. Key Responsibilities: As a member of our elite sales team to generate sales for our very successful and leading SCC Online Legal Database. To create leads from various sources - online and offline Work on self-created leads and leads allotted by manager to convert to sales. Take appointments with prospective clients. Give product demonstrations, provide product literature, quotations etc. and follow up. Collect orders. Achieve monthly, quarterly and annual sales targets Coordinate with other departments and team memb",Internshala,https://www.scconline.com,https://internshala.com/job/detail/sales-executive-job-in-chennai-at-scc-online1788425907
Inside Sales Executive,Greatify,"Chennai, Tamil Nadu",2026-08-28,https://internshala.com/job/detail/fresher-inside-sales-executive-job-in-multiple-locations-at-greatify1778113825,https://www.greatify.com,Actively Hiring,Company: Greatify | Inside Sales Executive fresher job at Greatify. Sign up for free on Internshala & get your dream job today!,Internshala,https://www.greatify.com,https://internshala.com/job/detail/fresher-inside-sales-executive-job-in-multiple-locations-at-greatify1778113825
Business Development Executive - Software Sales ( ZOHO),Linz Technologies,Chennai,2026-09-12,https://internshala.com/job/detail/fresher-business-development-executive-software-sales--zoho-job-in-chennai-at-linz-technologies1789372228,https://www.linz.com,Actively Hiring,"Company: Linz Technologies | About the job: The ideal candidate will have experience in all stages of the sales cycle. They should be confident with building new client relationship and maintaining existing ones. They should have evidence of strong skills and possess good negotiation skills. Job Description :i. Accountable for the sales of ZOHO Software Applications (CRM, Helpdesk, Campaigns, HRMS, ERP) .ii. Conduct both Online and Face-to-Face Meetings with clients and potential prospects .iii. Proficiency in presentation skills is essential for this role. The Business Development Executive must effectively showcase ZOHO Products tailored to the specific needs of potential clients .iv. Cultivate and maintain relationships with existing clients .v. Identifying opportunities for upselling and cross-selling to existing clients, thereby generating new leads and managing the entire sales lifecycle .vi. Immediate hiring at our Marketing offices due to an urgent job opening for the position",Internshala,https://www.linz.com,https://internshala.com/job/detail/fresher-business-development-executive-software-sales--zoho-job-in-chennai-at-linz-technologies1789372228
Business Development Executive,Mikro Grafeio,"Chennai, Kochi",2026-08-28,https://internshala.com/job/detail/business-development-executive-job-in-multiple-locations-at-mikro-grafeio1787920468,https://www.mikrografeio.com,Actively Hiring,Company: Mikro Grafeio | Business Development Executive job at Mikro Grafeio. Sign up for free on Internshala & get your dream job today!,Internshala,https://www.mikrografeio.com,https://internshala.com/job/detail/business-development-executive-job-in-multiple-locations-at-mikro-grafeio1787920468
Account Executive - Night Shift,SuperOps,Chennai,2026-08-28,https://internshala.com/job/detail/account-executive-night-shift-job-in-chennai-at-superops1788049837,https://www.superops.com,Actively Hiring,"Company: SuperOps | About the job: Are you a dynamic sales professional with a passion for driving business growth and building lasting client relationships? Join our team as an Account Executive, where youll have the opportunity to lead sales initiatives, close deals. What You'll Do: Own the Sales Pipeline: Take charge of your sales funnel, following up on leads and managing your pipeline to ensure swift conversions from opportunities to closed deals. Be a Market Expert: Stay ahead of industry trends and competitors, and continuously seek out growth opportunities to keep our offerings competitive and client-focused. Customize Solutions: Conduct discovery calls to understand client pain points, then present tailored solutions that address their unique challenges. Present with Impact: Craft compelling proposals and deliver powerful presentations that highlight the value and benefits of our products. Collaborate for Success: Partner with cross-functional teams, including product, marketi",Internshala,https://www.superops.com,https://internshala.com/job/detail/account-executive-night-shift-job-in-chennai-at-superops1788049837
Business Development Manager / Sr. Manager  Pre Sales /Executive Education,Great Lakes Institute Of Management,Chennai,2026-09-12,https://internshala.com/job/detail/business-development-manager-sr-manager-pre-sales-executive-education-job-in-chennai-at-great-lakes-institute-of-management1789369746,https://www.greatlakes.edu.in,Actively Hiring,Company: Great Lakes Institute Of Management | CTC: Not disclosed | Experience: 0-2 years | Location: Chennai | Posted: 6 days ago,Internshala,https://www.greatlakes.edu.in,https://internshala.com/job/detail/business-development-manager-sr-manager-pre-sales-executive-education-job-in-chennai-at-great-lakes-institute-of-management1789369746
Sales Executive,Policybazaar.com,Chennai,2026-08-28,https://internshala.com/job/detail/fresher-sales-executive-job-in-chennai-at-policybazaarcom1785734451,https://www.policybazaar.com,Actively Hiring,"Company: Policybazaar.com | About the job: Hiring: Sales Executive at POLICYBAZAAR Location: Chennai,Tamil Nadu Contact for Interview Details: HR Kashish Singh | 84483 89795 | Kashishsingh@policybazaar Salary Range: 2.5LPA - 4.00LPA Compensation: Fixed Salary + Lucrative Incentives Eligibility Criteria: Education: HSC / Graduate / Post-Graduate (Any stream) Experience: Freshers & Experienced candidates welcome Language Requirement: Must be fluent in Tamil Key Responsibilities: Explain product features, handle customer queries, and offer personalized solutions. Convert leads into successful closures through face-to-face interactions. Meet or exceed daily/weekly/monthly sales targets . Maintain accurate records of customer interactions and follow-up activities. Skills Required: Strong communication skills in Tamil Sales and negotiation skills. Confident, target-driven, and proactive attitude. Goal-oriented and performance-driven, with a willingness to learn. Ability to work independently",Internshala,https://www.policybazaar.com,https://internshala.com/job/detail/fresher-sales-executive-job-in-chennai-at-policybazaarcom1785734451
Sales Executive,Sresta Natural Bioproducts Private Limited,Chennai,2026-09-12,https://internshala.com/job/detail/sales-executive-job-in-chennai-at-sresta-natural-bioproducts-private-limited1789370485,https://www.srestanaturalbioproducts.com,Actively Hiring,Company: Sresta Natural Bioproducts Private Limited | CTC: Not disclosed | Experience: 0-2 years | Location: Chennai | Posted: 6 days ago,Internshala,https://www.srestanaturalbioproducts.com,https://internshala.com/job/detail/sales-executive-job-in-chennai-at-sresta-natural-bioproducts-private-limited1789370485
Junior Sales Executive,CORNERSTONE ROBOTICS PRIVATE LIMITED,Chennai,2026-09-11,https://internshala.com/job/detail/junior-sales-executive-job-in-chennai-at-cornerstone-robotics-private-limited1789109356,https://www.cornerstonerobotics.com,Actively Hiring,Company: CORNERSTONE ROBOTICS PRIVATE LIMITED | CTC: Not disclosed | Experience: 0-2 years | Location: Chennai | Posted: 1 week ago,Internshala,https://www.cornerstonerobotics.com,https://internshala.com/job/detail/junior-sales-executive-job-in-chennai-at-cornerstone-robotics-private-limited1789109356
Business Development Executive,Harish N,Chennai,2026-09-11,https://internshala.com/job/detail/business-development-executive-job-in-chennai-at-harish-n1788968373,https://www.harishn.in,Actively Hiring,"Company: Harish N | About the job: Key responsibilities: 1. Identify and generate new business opportunities and potential clients. 2. Research target markets and generate quality leads. 3. Contact prospective clients through calls, emails, LinkedIn, and other channels. 4. Understand client requirements and present suitable SoftServe Hub products and services. 5. Schedule client meetings, product demonstrations, and business presentations. 6. Build and maintain strong relationships with clients and prospects. 7. Follow up with leads and convert potential opportunities into business. 8. Prepare proposals, quotations, and presentations as required. 9. Work closely with the technical and internal teams to meet client requirements. 10. Achieve assigned sales and business development targets. 11. Maintain accurate records of leads, client interactions, and sales activities. 12. Monitor market trends, competitor activities, and new business opportunities. 13. Submit regular reports on lead g",Internshala,https://www.harishn.in,https://internshala.com/job/detail/business-development-executive-job-in-chennai-at-harish-n1788968373
Warehouse & Store Sales Executive,INDIAN FACTORY,Chennai,2026-08-28,https://internshala.com/job/detail/fresher-warehouse-store-sales-executive-job-in-chennai-at-indian-factory1787297776,https://www.indianfactory.com,Actively Hiring,"Company: INDIAN FACTORY | About the job: Job Title: Warehouse & Store Executive Location: Chennai Industry: Furniture / Home & Interior Solutions Job Type: Full-Time Salary: 15,000 20,000 per month We are looking for a responsible and proactive Warehouse & Store Executive to manage our furniture warehouse and product display facility in Chennai. Key Responsibilities: Manage the day-to-day operations of the warehouse and display area. Attend and manage customer/client visits at the warehouse. Explain our furniture products, finishes, sizes, pricing, and availability to customers. Handle telemarketing and customer calling to generate enquiries and appointments. Follow up regularly with existing leads and potential customers. Maintain proper records of customer visits, enquiries, leads, and follow-ups. Prepare and share daily reports of calls, client visits, leads, and follow-up status. Coordinate with the sales and management team regarding customer requirements and orders. Ensure the pr",Internshala,https://www.indianfactory.com,https://internshala.com/job/detail/fresher-warehouse-store-sales-executive-job-in-chennai-at-indian-factory1787297776
Field Sales Executive,Quess Corp Limited,Chennai                                                                    (Hybrid),2026-08-28,https://internshala.com/job/detail/fresher-field-sales-executive-job-in-chennai-at-quess-corp-limited1787725664,https://www.quess.io,Actively Hiring,Company: Quess Corp Limited | CTC: Not disclosed | Experience: 0-2 years | Location: Chennai                                                                    (Hybrid) | Posted: 3 weeks ago,Internshala,https://www.quess.io,https://internshala.com/job/detail/fresher-field-sales-executive-job-in-chennai-at-quess-corp-limited1787725664
"BD Executive Lahore, Pakistan",Softsquare,Aurora (IL),2026-09-04,https://www.jobleads.com/us/job/bd-executive-lahore-pakistan--aurora--e1c3d3c36e7fa2bdee3e73b8165e92014,https://www.softsquare.biz,Actively Hiring,"Softsquare is hiring BD Executive Lahore, Pakistan in Aurora. Apply now with JobLeads!",JobLeads,https://www.softsquare.biz,https://www.jobleads.com/us/job/bd-executive-lahore-pakistan--aurora--e1c3d3c36e7fa2bdee3e73b8165e92014
Global Lead Generation & Sales Specialist,Softsquare,Aurora (IL),2026-09-04,https://www.jobleads.com/us/job/global-lead-generation-sales-specialist--aurora--e0a86d678492a1d2a777b100b45615f24,https://www.softsquare.biz,Actively Hiring,Softsquare is hiring Global Lead Generation & Sales Specialist in Aurora. Apply now with JobLeads!,JobLeads,https://www.softsquare.biz,https://www.jobleads.com/us/job/global-lead-generation-sales-specialist--aurora--e0a86d678492a1d2a777b100b45615f24
(Eplan) Lead Generation Specialist,Rittal,Schaumburg (IL),2026-09-04,https://www.jobleads.com/us/job/eplan-lead-generation-specialist--schaumburg--e7eca428e8bf0fc7ead5bb69e00063d97,https://www.rittal.com,Actively Hiring,"Company: Rittal | Lead Generation Specialist Efficient Engineering is when a PLAN becomes EPLAN EPLAN Software & Services LLC provides software and service solutions in the fields of electrical, automation, and mechatronics engineering. The company develops one of the world’s leading design software solutions for machine and panel builders. We continually evolve the business with help from our Marketing, Sales, and Professional Services Teams as we grow our presence in the North American Markets. Eplan is accelerating its transition towards cloud-enabled engineering platforms and integrated digital engineering ecosystems. The Lead Generation Specialist (LGS) is often the first impression of EPLAN — and one of the most important voices in our sales process. This is not a “script-reading” call center role. We’re looking for someone who genuinely enjoys engaging with people, building relationships, uncovering challenges, and helping prospective customers discover better solutions. You’ll",JobLeads,https://www.rittal.com,https://www.jobleads.com/us/job/eplan-lead-generation-specialist--schaumburg--e7eca428e8bf0fc7ead5bb69e00063d97
Marketing Manager (Lead Generation),Green Office Partner,Chicago (IL),2026-09-04,https://www.jobleads.com/us/job/marketing-manager-lead-generation--chicago--ec2a1c6aec1b4f5bc867a86404e8f6ca2,https://www.greenofficepartner.com,Actively Hiring,"Green Office Partner is hiring a highly skilled Marketing Manager with a strong track record of lead generation success. We specialize in developing document workflow solutions and managed print services that increase security, control costs, and improve the efficiency of our partners. As one of the nation’s largest solutions providers, we receive top-level support from industry leaders like Xerox and HP. We are located at 8601 W. Bryn Mawr Ave, Suite 109, Chicago, IL 60631—right near the Rosemont/ Norridge area! We have been ranked #1 best places to work in Chicago by the Chicago Sun-Times, 2024 & 2025 and Crain's Chicago Business for 2023, 2024 & 2025, in addition to the We are seeking a highly experienced lead generation Marketing Manager to join our team. The ideal candidate will be a visionary leader with a proven track record in establishing and scaling a marketing department focused on lead generation and revenue growth. This role requires a blend of creative, analytical, strate",JobLeads,https://www.greenofficepartner.com,https://www.jobleads.com/us/job/marketing-manager-lead-generation--chicago--ec2a1c6aec1b4f5bc867a86404e8f6ca2
Sales Executive,FLS Transportation Services,Chicago (IL),2026-09-04,https://www.jobleads.com/us/job/sales-executive--chicago--ec59d725fbf69d8fb772b95a3d248c12d,https://www.flstransport.com,Actively Hiring,"Company: FLS Transportation Services | We're seeking bright, passionate sales representatives who want to continue building our US team and accelerate their career path. The Sales Executive has the critical task of generating new sales and building strong client relationships in both inside and outside sales roles. Responsibilities Building a book of repeat business and generating quality sales through networking, cold-calling prospects, and building relationships as part of a coordinated sales strategy. Recording all opportunities and communications using our CRM and sales automation platform. Driving sales and achieving strategic objectives. Proactively managing a sales pipeline and developing a strategy for long-term sustained success. Creating sales strategies by gathering market information, analyzing opportunities, and documenting sales methodology. Responding to client prospect inquiries by preparing responses to requests for proposals (RFPs) and requests for quotations (RFQs);",JobLeads,https://www.flstransport.com,https://www.jobleads.com/us/job/sales-executive--chicago--ec59d725fbf69d8fb772b95a3d248c12d
Account Executive,Marcus Evans Group,Chicago (IL),2026-09-04,https://www.jobleads.com/us/job/account-executive--chicago--e8f5205ebdb63482329fb67d6160b787b,https://www.marcusevans.com,Actively Hiring,"Company: Marcus Evans Group | Job Description Job Description Marcus Evans , founded in 1983, is a global business intelligence and event marketing company, with 49 offices in 20+ countries. We produce 80+ Summits annually around the globe. Our events feature insightful thought leadership, industry intelligence, and strategic partnerships between buyers and sellers. We work with world leaders in a variety of industries, including healthcare, legal, pharmaceutical, investments, energy, and packaging. Our client base is comprised of C-level executives from 98% of existing fortune 1000 companies. We are searching for an Account Executive to develop new accounts and manage client experiences. A successful candidate will participate in a hands‑on mentorship program to attain their first promotion within 5 months. We recognize excellence and are fully committed to developing impactful future leaders . This is an in-person role located in our Chicago office. Key Responsibilities Generating an",JobLeads,https://www.marcusevans.com,https://www.jobleads.com/us/job/account-executive--chicago--e8f5205ebdb63482329fb67d6160b787b
Remote SaaS Account Executive - C-Suite Lead Gen & Deals,Jobtailor,Chicago (IL),2026-09-04,https://www.jobleads.com/us/job/remote-saas-account-executive-c-suite-lead-gen-deals--chicago--ee429b2ba32425148a37bb76c21d77221,https://www.jobtailor.in,Actively Hiring,"Company: Jobtailor | Perk is seeking an experienced SaaS sales professional to lead North America outbound and inbound efforts, present product demos, and close deals across the full sales cycle. The role requires building a robust pipeline, managing relationships with C-suite executives, and collaborating with marketing to optimize lead qualification. You will work remotely, harness Salesforce for data integrity, and strive to exceed individual sales targets while contributing to team success.",JobLeads,https://www.jobtailor.in,https://www.jobleads.com/us/job/remote-saas-account-executive-c-suite-lead-gen-deals--chicago--ee429b2ba32425148a37bb76c21d77221
Account Executive (sales role),Marcus Evans Group,Chicago (IL),2026-09-04,https://www.jobleads.com/us/job/account-executive-sales-role--chicago--e0d9a7ffd02ebc4cda227e096c4435652,https://www.marcusevans.com,Actively Hiring,Marcus Evans Group is hiring Account Executive (sales role) in Chicago. Apply now with JobLeads!,JobLeads,https://www.marcusevans.com,https://www.jobleads.com/us/job/account-executive-sales-role--chicago--e0d9a7ffd02ebc4cda227e096c4435652
Executive Recruiter: Grow Your Career in HR Leadership,Crucial Hire,Chicago (IL),2026-09-04,https://www.jobleads.com/us/job/executive-recruiter-grow-your-career-in-hr-leadership--chicago--ec985acc5cf63b3aac0eb2280fe4e4e9e,https://www.crucialhire.com,Actively Hiring,Crucial Hire is hiring Executive Recruiter: Grow Your Career in HR Leadership in Chicago. Apply now with JobLeads!,JobLeads,https://www.crucialhire.com,https://www.jobleads.com/us/job/executive-recruiter-grow-your-career-in-hr-leadership--chicago--ec985acc5cf63b3aac0eb2280fe4e4e9e
"Sales Executive – Chicago, IL",BrainWorks,Chicago (IL),2026-09-04,https://www.jobleads.com/us/job/sales-executive-chicago-il--chicago--e941e4ca172cd2a56d473407788965da5,https://brainworksinc.com,Actively Hiring,"Company: BrainWorks | Our client is seeking a Sales Executive to join their dynamic team. Your previous experience will have had you working directly with large enterprise or SLED accounts. This full-time role offers a competitive base salary, bonus plan, and uncapped commissions, giving you unlimited earning potential. Why our client? They provide full support to ensure your success, including access to Infrastructure Architects, Pre-Sales IT Solution Architects, Administrative Support, and Project Management—allowing you to focus on expanding your book of business while nurturing existing accounts. Qualifications & Responsibilities 5+ years of sales experience with strong business acumen preferably with IT or enterprise size organizations. Proven ability to sell solutions with excellent verbal and written communication skills. Strong negotiation and relationship-building skills. Successful track record in prospecting, consultative selling, and closing business. Must be a self-starter",JobLeads,https://brainworksinc.com,https://www.jobleads.com/us/job/sales-executive-chicago-il--chicago--e941e4ca172cd2a56d473407788965da5
Lead Generation Specialist,Velocity Merchant Services,Oak Brook (IL),2026-09-04,https://www.jobleads.com/us/job/lead-generation-specialist--oak-brook--ee1fd0c3e6bb838bcb2ea93719872052f,https://www.getvms.com,Actively Hiring,Velocity Merchant Services is hiring Lead Generation Specialist in Oak Brook. Apply now with JobLeads!,JobLeads,https://www.getvms.com,https://www.jobleads.com/us/job/lead-generation-specialist--oak-brook--ee1fd0c3e6bb838bcb2ea93719872052f
Executive Marketing Director - C-Suite Growth & Events,Salesforce,Chicago (IL),2026-09-11,https://www.jobleads.com/us/job/executive-marketing-director-c-suite-growth-events--chicago--ea781d3564c82e03f8fc63912cea4ec9b,https://www.salesforce.com,Actively Hiring,"Salesforce is seeking an Executive Marketing Director for Regrello (Agentforce Operations) to build and scale an executive marketing program targeting C-suite technology and business buyers. You will design bespoke executive engagement strategies, create world-class content, and orchestrate top-target account programs that accelerate pipeline across global regions. You will lead cross-functional teams, own executive events, and drive strategic messaging to position Regrello/AFO as a leader in",JobLeads,https://www.salesforce.com,https://www.jobleads.com/us/job/executive-marketing-director-c-suite-growth-events--chicago--ea781d3564c82e03f8fc63912cea4ec9b
Executive Recruiter,Farmers Insurance,Illinois Insurance Careers,2026-09-04,https://www.jobleads.com/us/job/executive-recruiter--wheaton--e21918a83da5b050537aa8727181c55af,https://www.farmersinsurance.com,Actively Hiring,"Company: Farmers Insurance | Are you a high-energy recruiter who thrives on finding true entrepreneurial talent? We are seeking a dynamic, results-driven Executive Recruiter to drive the growth of our District Office by sourcing, attracting, and onboarding new Agency Owners. In this role, you won't just be filling jobs—you will be selling a life-changing business opportunity. You will target high-performing professionals, corporate executives, and successful entrepreneurs, guiding them through the mutual discovery and selection process to launch their own independent agencies backed by our world-class brand. Key Responsibilities Strategic Sourcing: Proactively hunt and source passive, high-caliber candidates through LinkedIn Recruiter, professional networks, local business communities, and cold outreach. Full-Cycle Talent Acquisition: Lead candidates seamlessly through the entire pipeline—from initial cold outreach and screening to formal interviews, business plan reviews, and final ap",JobLeads,https://www.farmersinsurance.com,https://www.jobleads.com/us/job/executive-recruiter--wheaton--e21918a83da5b050537aa8727181c55af
IT Sales Executive,Pragma Edge Inc,Chicago (IL),2026-09-11,https://www.jobleads.com/us/job/it-sales-executive--chicago--e426a6737720634d733c569b158acbe7c,https://www.pragmaedge.com,Actively Hiring,"Company: Pragma Edge Inc | Job Description: IT Sales Executive – Gen AI Practice Location United States – Northeast and Central Regions Position Overview The Client Partner Executive – Gen AI Practice will be responsible for driving growth, client engagement, and business development across the United States, with a focus on the Northeast and Central regions. This role combines customer success, strategic account development, go-to-market execution, and front-line business hunting responsibilities to expand the company’s Generative AI practice. The ideal candidate will bring strong client-facing skills along with proven experience in cold calling, lead generation, new business development, GTM strategy, and winning new logos. Role Objective The position is designed for a high-energy, target-driven professional who can identify new opportunities, open doors with prospective clients, nurture executive-level relationships, and support the conversion of prospects into long-term customers.",JobLeads,https://www.pragmaedge.com,https://www.jobleads.com/us/job/it-sales-executive--chicago--e426a6737720634d733c569b158acbe7c
Digital Media Growth Executive,Lee Enterprises Inc,Munster (IN),2026-09-04,https://www.jobleads.com/us/job/digital-media-growth-executive--munster--e3c2f435a610e7c43fbe2064b83d54794,https://www.lee.com,Actively Hiring,"Lee Enterprises Inc is seeking a motivated Multi Media Sales Executive to drive revenue growth through strategic business development. The ideal candidate will excel in building relationships and identifying growth opportunities, working independently yet collaboratively within a team. This role requires a college degree and a strong understanding of the media sales landscape, with responsibilities including client assessments, sales pipeline development, and delivering results-driven marketing solutions. A supportive culture focused on learning and success awaits the right candidate!",JobLeads,https://www.lee.com,https://www.jobleads.com/us/job/digital-media-growth-executive--munster--e3c2f435a610e7c43fbe2064b83d54794
Graduate Sales Executive – Uncapped Commission,Engtal,Chicago (IL),2026-09-10,https://www.jobleads.com/us/job/graduate-sales-executive-uncapped-commission--chicago--e1d2d8114be0cba15e34f470de65eb3c8,https://www.engtal.com,Actively Hiring,"Engtal, a Chicago-based staffing firm, is seeking ambitious graduates to start a sales career in a fast-paced environment. You will build a specialist market, develop relationships with clients and candidates, and manage the recruitment process end-to-end, from initial outreach to offers. You will receive industry-leading training from day one, with uncapped commission and a clear path for career progression as you own your market and drive results in a high-performance culture.",JobLeads,https://www.engtal.com,https://www.jobleads.com/us/job/graduate-sales-executive-uncapped-commission--chicago--e1d2d8114be0cba15e34f470de65eb3c8
"LHH Recruitment Solutions - Sales Executive - Hybrid - Schaumburg, IL",The Adecco Group,Schaumburg (IL),2026-09-04,https://www.jobleads.com/us/job/lhh-recruitment-solutions-sales-executive-hybrid-schaumburg-il--schaumburg--e3a157c00274a6f23f2a8e7e7b0d7e53a,https://www.theadecco.com,Actively Hiring,"Company: The Adecco Group | About the role LHH Recruitment Solutions, a division of the Adecco Group, seeks a motivated and dynamic Sales Executive to drive the growth of our business. In this role you will identify and capitalise on new business opportunities, establish and nurture client relationships, and promote our staffing solutions to meet client needs. What you’ll be doing Identify and target potential clients through market research, prospecting and lead generation. Develop a comprehensive understanding of our services and how they address client challenges. Generate new business leads and opportunities through cold calling, networking, referrals and other appropriate channels. Meet with prospects and clients virtually and in person. Negotiate and sell our staffing solutions. Develop and execute effective sales strategies to achieve and exceed sales targets. Present our services to potential clients, addressing their inquiries and objections professionally. About you Bachelor’",JobLeads,https://www.theadecco.com,https://www.jobleads.com/us/job/lhh-recruitment-solutions-sales-executive-hybrid-schaumburg-il--schaumburg--e3a157c00274a6f23f2a8e7e7b0d7e53a
Global Head of Demand Generation,"BISSELL Homecare, Inc.",Chicago (IL),2026-09-04,https://www.jobleads.com/us/job/global-head-of-demand-generation--chicago--effdb972c644f53fde55dd9338eabf4ab,https://www.bissellhomecare.com,Actively Hiring,"Company: BISSELL Homecare, Inc. | Overview We are seeking a visionary Global Head of Demand Generation to architect and lead our paid, owned, and earned media strategies across all channels, markets, and customer journeys. This senior leader will set the bar for modern, data‑driven demand generation, shaping how our brand connects with consumers, fuels growth in every region, and delivers measurable business impact. Sitting within the Integrated Marketing organization, you’ll be the connective tissue across Sales, Product Marketing, Integrated Marketing, and Customer Experience, with support from our GTM Analytics organization — ensuring every demand generation initiative not only drives short‑term performance, but also builds enduring brand equity. You will inspire and align a global network of media professionals and agency partners, setting a standard for excellence in both strategy and execution. This is a rare opportunity for a seasoned, globally minded marketing leader to define",JobLeads,https://www.bissellhomecare.com,https://www.jobleads.com/us/job/global-head-of-demand-generation--chicago--effdb972c644f53fde55dd9338eabf4ab
Senior Account Executive — Drive Growth for Clients,"Straight North, LLC",Downers Grove (IL),2026-09-04,https://www.jobleads.com/us/job/senior-account-executive-drive-growth-for-clients--downers-grove--e8c141ca236d52fd56217de9a3c711f36,https://www.straightnorth.com,Actively Hiring,"Straight North, LLC is hiring Senior Account Executive — Drive Growth for Clients in Downers Grove. Apply now with JobLeads!",JobLeads,https://www.straightnorth.com,https://www.jobleads.com/us/job/senior-account-executive-drive-growth-for-clients--downers-grove--e8c141ca236d52fd56217de9a3c711f36
"Senior Manager, Demand Generation (In-Office 4 Days)",Socket.dev,Chicago (IL),2026-09-04,https://www.jobleads.com/us/job/senior-manager-demand-generation-in-office-4-days--chicago--ecaf3298071828ae8f21f9860714caae6,https://www.socketdev.com,Actively Hiring,"Company: Socket.dev | project44 is seeking a Sr. Manager, Demand Generation to own the strategy and execution of campaigns that generate demand across our target audiences. You’ll collaborate with sales, product marketing, content, and operations to deliver integrated programs that convert leads into qualified pipeline. You will build ABM programs, manage multi-channel channels, track KPIs, and optimize ROI while partnering with cross-functional teams to align messaging and assets with campaign goals.",JobLeads,https://www.socketdev.com,https://www.jobleads.com/us/job/senior-manager-demand-generation-in-office-4-days--chicago--ecaf3298071828ae8f21f9860714caae6
Executive Search: Client Relationships Lead – Chicago,Crucial Hire,Chicago (IL),2026-09-04,https://www.jobleads.com/us/job/executive-search-client-relationships-lead-chicago--chicago--e398750cd691d079c95edf0585bec0db6,https://www.crucialhire.com,Actively Hiring,Crucial Hire is hiring Executive Search: Client Relationships Lead – Chicago in Chicago. Apply now with JobLeads!,JobLeads,https://www.crucialhire.com,https://www.jobleads.com/us/job/executive-search-client-relationships-lead-chicago--chicago--e398750cd691d079c95edf0585bec0db6
Business Development & Executive Search Associate,Systems Research Inc. (SRI),Schaumburg (IL),2026-09-18,https://www.jobleads.com/us/job/business-development-executive-search-associate--schaumburg--e1a37c24dff0069aa6c5d322d5a2c8b82,https://www.systemsresearchsri.com,Actively Hiring,"Company: Systems Research Inc. (SRI) | Launch Your Career in Sales, Recruiting & Executive Search Systems Research, Inc. (SRI) is seeking ambitious, growth-minded individuals who want to build a career in business development, recruiting, and professional consulting. This is an entry-level opportunity for competitive, driven professionals who enjoy building relationships, solving problems, and creating opportunities for others. What You'll Do Prospect and engage executives, hiring managers, and top professionals Build relationships with clients and candidates nationwide Support executive search and professional staffing projects Conduct market research and candidate outreach Learn consultative sales, recruiting, and business development We're Looking For 0-3 years of experience Competitive, goal-oriented, and self-motivated Strong communication and relationship-building skills Demonstrated growth mindset and desire to improve What We Offer Competitive base salary + performance incentiv",JobLeads,https://www.systemsresearchsri.com,https://www.jobleads.com/us/job/business-development-executive-search-associate--schaumburg--e1a37c24dff0069aa6c5d322d5a2c8b82
Sales Executive: Elite Training & Rapid Growth,Engtal,Chicago (IL),2026-09-04,https://www.jobleads.com/us/job/sales-executive-2026-graduate-program--chicago--e13b4919641360c0956e7a22adda25a08,https://www.engtal.com,Actively Hiring,Engtal is hiring Sales Executive - 2026 Graduate Program in Chicago. Apply now with JobLeads!,JobLeads,https://www.engtal.com,https://www.jobleads.com/us/job/sales-executive-2026-graduate-program--chicago--e13b4919641360c0956e7a22adda25a08
Account Executive,Sasha Sidel Coaching,Chicago (IL),2026-09-04,https://www.jobleads.com/us/job/account-executive--chicago--e6ff9931c252296a0d02c84564ec19b2a,https://www.sashasidelcoaching.com,Actively Hiring,"Company: Sasha Sidel Coaching | Our client is a dynamic, high-growth technology solutions provider looking for a relentless, high-energy Account Executive (Sales Hunter) to drive net-new business acquisition. If you thrive on the thrill of the chase, love building relationships from scratch, and want to be rewarded with a highly competitive commission structure, this is the role for you. Position Overview Locations: Dallas, TX or Chicago, IL (Highly preferred) Travel Requirements: Heavy travel is involved. This is especially true for exceptional candidates located outside of the Dallas or Chicago metropolitan markets. Compensation: Base Salary: $100,000 - $110,000 (Based on experience) On-Target Earnings (OTE): $180,000 (Uncapped earning potential) Key Responsibilities Prospect & Acquire: Actively hunt and close net-new enterprise and mid-market accounts through cold calling, networking, social selling, and strategic outreach. Pipeline Management: Build, qualify, and manage a robust sa",JobLeads,https://www.sashasidelcoaching.com,https://www.jobleads.com/us/job/account-executive--chicago--e6ff9931c252296a0d02c84564ec19b2a
Account Executive - Software Sales,Newgen Software,Chicago (IL),2026-09-11,https://www.jobleads.com/us/job/account-executive-software-sales--chicago--eb92a5e1eecfe9a16431c4dbffaee8c5f,https://www.newgensoftware.com,Actively Hiring,"Newgen Software is seeking a motivated sales hunter to join our fast-paced, high-growth software enterprise in Chicago, IL region. Responsibilities include managing the entire sales process from account identification, penetration through successful deployment and consistently meeting or exceeding assigned goals. Target market will be pan-industry with focus on Banking, Insurance, Healthcare and Manufacturing & Shared Services. Only candidates with relevant experience will be considered. Reports to: Qualifications: Extensive sales hunting and client engagement experience Proven experience of Minimum 6-8 yrs. selling enterprise software solutions. Proven ability of forging consultative relationships with Senior decision makers. Ability to penetrate new logos and accounts. Network of existing contacts strongly desired. Strong business acumen and knowledge of technology industry trends. Ability to work collaboratively across various internal departments in different geographies. Proven ex",JobLeads,https://www.newgensoftware.com,https://www.jobleads.com/us/job/account-executive-software-sales--chicago--eb92a5e1eecfe9a16431c4dbffaee8c5f
Remote SaaS Account Executive II — Growth Hunter,Slang AI,Chicago (IL),2026-09-04,https://www.jobleads.com/us/job/remote-saas-account-executive-ii-growth-hunter--chicago--ea20abe40eccf65978e02cf0b34fa8974,https://www.slangai.com,Actively Hiring,"Slang AI in Chicago, IL seeks an Account Executive to drive growth through proactive prospecting, strategic discovery, and cross-functional collaboration with Product and Customer Experience. You will own the end-to-end sales process, from initial contact to closing, while leveraging AI tools to optimize outreach and efficiency. We value a 3+ year track record in SaaS or hospitality sales, a self-starter attitude, and strong communication.",JobLeads,https://www.slangai.com,https://www.jobleads.com/us/job/remote-saas-account-executive-ii-growth-hunter--chicago--ea20abe40eccf65978e02cf0b34fa8974
Sales Executive,Job,"Chicago (IL), Northern (KY)",2026-09-04,https://www.jobleads.com/us/job/sales-executive--chicago--northern--ec614b38fbae195ded0621d26deed695e,https://www.job.com,Actively Hiring,"Company: Job | We're seeking bright, passionate sales representatives who want to continue building our US team and accelerate their career path. The Sales Executive has the critical task of generating new sales and building strong client relationships in both inside and outside sales roles. Responsibilities will include: Building a book of repeat business and generating quality sales through networking, cold-calling prospects, and building relationships as part of a coordinated sales strategy. Recording all opportunities and communications using our CRM and sales automation platform. Driving sales and achieving strategic objectives. Proactively managing a sales pipeline and developing a strategy for long-term sustained success. Creating sales strategies by gathering market information, analyzing opportunities, and documenting sales methodology. Responding to client prospect inquiries by preparing responses to requests for proposals (RFPs) and requests for quotations (RFQs); Preparing",JobLeads,https://www.job.com,https://www.jobleads.com/us/job/sales-executive--chicago--northern--ec614b38fbae195ded0621d26deed695e
"Senior Manager, Demand Generation",Socket.dev,Chicago (IL),2026-09-04,https://www.jobleads.com/us/job/senior-manager-demand-generation--chicago--ea4ea7682578f2575cba2bb67019982e8,https://www.socketdev.com,Actively Hiring,"Company: Socket.dev | Why project44? At project44, we believe in better. We challenge the status quo because we know a better supply chain isn’t just possible—it’s essential. Better for our customers. Better for their business. Better for the world. With our Decision Intelligence Platform, Movement , we’re redefining how global supply chains operate. By transforming fragmented logistics data into real-time, AI-powered insights, we empower companies to connect instantly, see clearly, act decisively, and automate intelligently. Our Supply Chain AI enhances visibility, drives smarter execution, and unlocks next-gen applications that keep businesses moving forward. Headquartered in Chicago, IL with a 2nd HQ in Bengaluru, India we are powered by a diverse global team that is tackling the toughest logistics challenges with innovation, urgency, and purpose. AI at project44 We expect every project44 team member, regardless of role or function, to actively leverage AI in their day-to-day work.",JobLeads,https://www.socketdev.com,https://www.jobleads.com/us/job/senior-manager-demand-generation--chicago--ea4ea7682578f2575cba2bb67019982e8
Sales Executive,FLS Transportation Service Limited,Chicago (IL),2026-09-04,https://www.jobleads.com/us/job/sales-executive--chicago--ef2fb555ceea1751db258f16d23710bbd,https://www.flstransportationservice.com,Actively Hiring,"Company: FLS Transportation Service Limited | We're seeking bright, passionate sales representatives who want to continue building our US team and accelerate their career path. The Sales Executive has the critical task of generating new sales and building strong client relationships in both inside and outside sales roles. Responsibilities will include: Building a book of repeat business and generating quality sales through networking, cold-calling prospects, and building relationships as part of a coordinated sales strategy. Recording all opportunities and communications using our CRM and sales automation platform. Driving sales and achieving strategic objectives. Proactively managing a sales pipeline and developing a strategy for long-term sustained success. Creating sales strategies by gathering market information, analyzing opportunities, and documenting sales methodology. Responding to client prospect inquiries by preparing responses to requests for proposals (RFPs) and requests fo",JobLeads,https://www.flstransportationservice.com,https://www.jobleads.com/us/job/sales-executive--chicago--ef2fb555ceea1751db258f16d23710bbd
Enterprise Account Executive – High-Earning Hunter,Sasha Sidel Coaching,Chicago (IL),2026-09-04,https://www.jobleads.com/us/job/enterprise-account-executive-high-earning-hunter--chicago--e07c0dde18c6e8074eb5a08f2c5465b23,https://www.sashasidelcoaching.com,Actively Hiring,"Sasha Sidel Coaching is seeking an Account Executive (Sales Hunter) to drive net-new business in a high-growth technology solutions environment. Based in Chicago or Dallas, this role demands a hunter mentality and the ability to build relationships from scratch. You will travel heavily, prospect via cold calls, networking, and social selling, and partner with product teams to ensure smooth onboarding. A competitive commission with OTE around $180k complements a base of $100k–$110k.",JobLeads,https://www.sashasidelcoaching.com,https://www.jobleads.com/us/job/enterprise-account-executive-high-earning-hunter--chicago--e07c0dde18c6e8074eb5a08f2c5465b23
Strategic US Sales Executive,FLS Transportation Service Limited,Chicago (IL),2026-09-04,https://www.jobleads.com/us/job/strategic-us-sales-executive--chicago--e4a4ba010287e00f879041bbed54ba19d,https://www.flstransportationservice.com,Actively Hiring,"FLS Transportation Service Limited seeks bright, passionate sales representatives to grow our US team and accelerate career growth. The Sales Executive will generate new sales and build strong client relationships in both inside and outside sales roles. You will create sales strategies, manage a sales pipeline, respond to RFPs/RFQs, prepare client presentations, and report on sales goals and wins. A hunter mindset and strong follow-up are essential.",JobLeads,https://www.flstransportationservice.com,https://www.jobleads.com/us/job/strategic-us-sales-executive--chicago--e4a4ba010287e00f879041bbed54ba19d
"Remote Senior Director, AI-First Demand Generation",Paylocity,Schaumburg (IL),2026-09-04,https://www.jobleads.com/us/job/remote-senior-director-ai-first-demand-generation--schaumburg--e9e198a276c292b3edba38404cc8673a4,https://www.paylocity.com,Actively Hiring,"Paylocity is seeking a Senior Director, Demand Generation to own the end-to-end revenue engine and multi‑million‑dollar budget. You will lead AI-first demand generation efforts, coordinate across channels, and drive pipeline from signal to close while reporting to the AVP, Revenue Growth. You will guide a senior marketing team, shape strategy for paid media, organic search, and ABM programs, and ensure marketing-sourced revenue meets or exceeds plan. This is a fully remote US position.",JobLeads,https://www.paylocity.com,https://www.jobleads.com/us/job/remote-senior-director-ai-first-demand-generation--schaumburg--e9e198a276c292b3edba38404cc8673a4
Account Executive (investments),Marcus Evans Group,Chicago (IL),2026-09-04,https://www.jobleads.com/us/job/account-executive-investments--chicago--ee29b3451393bd527448fa8f16f6dcc27,https://www.marcusevans.com,Actively Hiring,Marcus Evans Group is hiring Account Executive (investments) in Chicago. Apply now with JobLeads!,JobLeads,https://www.marcusevans.com,https://www.jobleads.com/us/job/account-executive-investments--chicago--ee29b3451393bd527448fa8f16f6dcc27
B2B Sales Executive – AI Marketing Analytics (Remote),"Octane11, Inc.",Chicago (IL),2026-09-04,https://www.jobleads.com/us/job/b2b-sales-executive-ai-marketing-analytics-remote--chicago--eef663850ae408e5ace4d197bd2f5d731,https://www.octane11.com,Actively Hiring,"Octane11, Inc. is hiring B2B Sales Executive – AI Marketing Analytics (Remote) in Chicago. Apply now with JobLeads!",JobLeads,https://www.octane11.com,https://www.jobleads.com/us/job/b2b-sales-executive-ai-marketing-analytics-remote--chicago--eef663850ae408e5ace4d197bd2f5d731
Senior Enterprise Account Executive – Chicago,Newgen Software,Chicago (IL),2026-09-11,https://www.jobleads.com/us/job/senior-enterprise-account-executive-chicago--chicago--ef66fe928e34898e7231a8d9598419fdc,https://www.newgensoftware.com,Actively Hiring,"Newgen Software in Chicago, IL is seeking a motivated sales hunter to own the full sales cycle, from account discovery to close, in a fast-growing software enterprise. You will target pan-industry sectors including Banking, Insurance, Healthcare and Manufacturing & Shared Services, driving 5–6 in-person meetings weekly and 3x–4x pipeline generation. The ideal candidate has 6–8 years in enterprise software sales, a consultative approach with senior decision-makers, and a strong network.",JobLeads,https://www.newgensoftware.com,https://www.jobleads.com/us/job/senior-enterprise-account-executive-chicago--chicago--ef66fe928e34898e7231a8d9598419fdc
Executive Search Manager (Proven Rainmaker),Crucial Hire,Chicago (IL),2026-09-04,https://www.jobleads.com/us/job/executive-search-manager-proven-rainmaker--chicago--e166549c612d4388c86d0e19057b87fc1,https://www.crucialhire.com,Actively Hiring,Crucial Hire is hiring Executive Search Manager (Proven Rainmaker) in Chicago. Apply now with JobLeads!,JobLeads,https://www.crucialhire.com,https://www.jobleads.com/us/job/executive-search-manager-proven-rainmaker--chicago--e166549c612d4388c86d0e19057b87fc1
"Sales Account Executive | Chicago, IL",Michael Page,Chicago (IL),2026-09-18,https://www.jobleads.com/us/job/sales-account-executive-chicago-il--chicago--e28a89b62daa0fbd5a948e14e6cda31fa,https://www.michaelpage.com,Actively Hiring,"Company: Michael Page | We are seeking a motivated sales professional to join our team in Chicago! This role focuses on driving growth by identifying new business opportunities and building strong client and candidate relationships in the staffing industry. Michael Page connects people with roles where they can do their best and helps businesses find the talent they need to grow. With about 6,000 plus people across 34 countries, we've been doing this for 50 years, building deep expertise, long-term relationships and a reputation of our customer's trust. In Boston, our consultants specialize in Construction, Manufacturing, & Sales & Marketing. That focus means you work closely with clients and candidates who see you as a trusted partner, not just a recruiter. We're a performance‑driven business with clear goals and transparency. You can easily see what success looks like, track your progress, and build a career with momentum. With structured training, modern tools and support from exper",JobLeads,https://www.michaelpage.com,https://www.jobleads.com/us/job/sales-account-executive-chicago-il--chicago--e28a89b62daa0fbd5a948e14e6cda31fa
"Sales, Key Account Executive- Chicago (remote)",Revuze,Chicago (IL),2026-09-04,https://www.jobleads.com/us/job/sales-key-account-executive-chicago-remote--chicago--e883486a8799f479fa2ebc241462cc757,https://www.revuze.com,Actively Hiring,"Revuze is an AI-powered SaaS company that collects and analyzes consumer feedback from multiple channels (Social media, eCommerce, blogs, and forums), transforming the Voice of the Customer into actionable insights that drive Sales, Marketing, and Operations for leading global brands (CPGs) and retailers. We're looking for a relentless enterprise hunter to own new logo acquisition across Fortune-level accounts in North America. This isn't a relationship-maintenance role — it's for someone who thrives in complex, competitive sales cycles and knows how to win. Responsibilities Reporting directly into the Global VP of Sales & GTM Own the full sales cycle from prospecting to close on high-ACV enterprise accounts Build and manage a disciplined pipeline with accurate forecasting Lead multi-stakeholder negotiations with C-suite decision makers Position Revuze as a strategic market intelligence platform — not a point solution Translate competitive and market insights into GTM strategies that w",JobLeads,https://www.revuze.com,https://www.jobleads.com/us/job/sales-key-account-executive-chicago-remote--chicago--e883486a8799f479fa2ebc241462cc757
Senior Account Executive (Inbound Sales),"Straight North, LLC",Downers Grove (IL),2026-09-04,https://www.jobleads.com/us/job/senior-account-executive--downers-grove--e2699d744ddbdbb025dac22948b5ca381,https://www.straightnorth.com,Actively Hiring,"Straight North, LLC is hiring Senior Account Executive (Inbound Sales) in Downers Grove. Apply now with JobLeads!",JobLeads,https://www.straightnorth.com,https://www.jobleads.com/us/job/senior-account-executive--downers-grove--e2699d744ddbdbb025dac22948b5ca381
Graduate Sales & Business Development Executive,Engtal,Chicago (IL),2026-09-11,https://www.jobleads.com/us/job/graduate-sales-business-development-executive--chicago--e4bdf1328029ad22dcec7c26a88af550c,https://www.engtal.com,Actively Hiring,"Engtal in Chicago is seeking Spring/Summer 2027 graduates to start a career in sales. In this fast-paced role you’ll build your own market, develop client and candidate relationships, and manage the recruitment process from start to finish. You’ll receive industry-leading training from day one, have uncapped earning potential through commissions, and see a clear path for career progression within a high-performance culture.",JobLeads,https://www.engtal.com,https://www.jobleads.com/us/job/graduate-sales-business-development-executive--chicago--e4bdf1328029ad22dcec7c26a88af550c
Sales Executive - Grow Revenue in Global HR Solutions,The Adecco Group,Chicago (IL),2026-09-04,https://www.jobleads.com/us/job/sales-executive-grow-revenue-in-global-hr-solutions--chicago--edcae7ed52f175d277759e75927f83c72,https://www.theadecco.com,Actively Hiring,"The Adecco Group's LHH Recruitment Solutions in Chicago is seeking a motivated Sales Executive to drive growth by identifying and capitalizing on new business opportunities in accounting and finance staffing. You will build relationships with premier clients, develop sales strategies, conduct meetings in person or virtually, negotiate staffing solutions, and strive to exceed targets while promoting our services across industries.",JobLeads,https://www.theadecco.com,https://www.jobleads.com/us/job/sales-executive-grow-revenue-in-global-hr-solutions--chicago--edcae7ed52f175d277759e75927f83c72
Freight Brokerage Sales Executive,Elite Haul Inc,Schaumburg (IL),2026-09-04,https://www.jobleads.com/us/job/freight-brokerage-sales-executive--schaumburg--eaba5b5e6f9ac1156b76b99f5506c8f47,https://www.elitehaul.com,Actively Hiring,"Company: Elite Haul Inc | Job Description Job Description Elite Haul Inc. is seeking an experienced Freight Brokerage Sales Executive focused on new shipper acquisition and business development . This is a sales position, not a dispatcher or carrier sales position . The primary responsibility is to prospect, identify, and acquire new shipper customers and develop those accounts into long-term business. Candidates with existing shipper relationships or an active book of business are strongly preferred. 2+ years of freight brokerage or transportation sales experience Proven experience prospecting and acquiring new shipper accounts Strong cold-calling and B2B business development skills Ability to build and grow a book of business Existing shipper relationships preferred Experience generating revenue/GP from new accounts Strong negotiation and customer relationship skills CRM experience",JobLeads,https://www.elitehaul.com,https://www.jobleads.com/us/job/freight-brokerage-sales-executive--schaumburg--eaba5b5e6f9ac1156b76b99f5506c8f47
Strategic Growth Executive – Enterprise Client Acquisition,Thrive,Chicago (IL),2026-09-08,https://www.jobleads.com/us/job/strategic-growth-executive-enterprise-client-acquisition--chicago--e2cc29dfb10aa177cf9237eb7f02c44f9,https://www.thrive.com,Actively Hiring,"Thrive is seeking a Client Business Executive to win net-new mid-market and enterprise clients by building executive relationships, uncovering business challenges, and positioning Thrive’s managed services as a high-value growth and transformation solution. This is a high-impact role for a disciplined seller focused on pipeline, complex opportunities, and closing new business. The ideal candidate will own the full sales cycle from discovery to close, qualify opportunities rigorously, and travel",JobLeads,https://www.thrive.com,https://www.jobleads.com/us/job/strategic-growth-executive-enterprise-client-acquisition--chicago--e2cc29dfb10aa177cf9237eb7f02c44f9
Account Executive - Global Events | Fast-Track Leadership,Marcus Evans Group,Chicago (IL),2026-09-04,https://www.jobleads.com/us/job/account-executive-global-events-fast-track-leadership--chicago--eb7aa5dd015be395693127be3ba903bd1,https://www.marcusevans.com,Actively Hiring,"Company: Marcus Evans Group | Marcus Evans, a global business intelligence and event marketing company, seeks an Account Executive for in-person work at our Chicago office. You will generate leads, reach out to prospects via email and social platforms, and close deals with C-level executives while traveling to client sites nationwide. The role offers mentoring and a clear path to promotion, with a base salary of $42,000 plus induction bonus and uncapped commission, and opportunities to grow into leadership roles.”",JobLeads,https://www.marcusevans.com,https://www.jobleads.com/us/job/account-executive-global-events-fast-track-leadership--chicago--eb7aa5dd015be395693127be3ba903bd1
Regional Sales Executive,JMG Marketing,Chicago (IL),2026-09-04,https://www.jobleads.com/us/job/regional-sales-executive--chicago--ededda16ee975a077ce90c0401c8df51d,https://www.jmgmarketing.com,Actively Hiring,"Company: JMG Marketing | If you love being in the field as a strategic partner to automotive dealers, driving targeted, revenue-generating marketing solutions for existing and prospective clients, we want you on our team. We are looking for seasoned sales professionals with a track record of winning and retaining clients. You must have strong existing relationships in your region and a demonstrated track record of building long term, trusted relationships with your clients. You should have 5+ years of experience selling direct mail and related direct marketing solutions to dealerships and 10+ years of total experience in the automotive industry. JMG Marketing was established in 2002 and has delivered over 300 million direct mailers for more than 400 total dealers across 27 states through our offices in New York, Chicago, Minneapolis, and Boston. Our clients turn to us for tailor-made solutions that fit their needs and desired outcomes. We leverage the General Manager's know-how, the OE",JobLeads,https://www.jmgmarketing.com,https://www.jobleads.com/us/job/regional-sales-executive--chicago--ededda16ee975a077ce90c0401c8df51d
Senior Demand Generation Lead,The Chamberlain Group LLC,Oak Brook (IL),2026-09-04,https://www.jobleads.com/us/job/senior-demand-generation-lead--oak-brook--eeb021fd0aaf50d810044ac3c0367fd2f,https://www.thechamberlain.com,Actively Hiring,"Company: The Chamberlain Group LLC | Chamberlain Group (CG) is a global leader in intelligent access and Blackstone portfolio company. Powered by our myQ technology, we make access simple and secure for millions of homeowners, businesses, and communities worldwide. Our flagship brands, LiftMaster® and Chamberlain® , are found in 51+ million homes, and 14 million+ people rely on the myQ® app daily. The Senior Demand Generation Lead develops and executes integrated programs that create qualified pipeline and accelerate revenue across complex B2B sales cycles. This role requires an entrepreneurial, systems-minded marketer who can build scalable demand generation infrastructure while finding hard-to-reach buyers others may miss. You will: Own the full demand generation engine for myQ Enterprise—our smart access and facility management platform for warehouse and distribution center operations—this role spans paid media, ABM, email nurture, content activation, and pipeline reporting. Reach b",JobLeads,https://www.thechamberlain.com,https://www.jobleads.com/us/job/senior-demand-generation-lead--oak-brook--eeb021fd0aaf50d810044ac3c0367fd2f
Gen AI Growth Architect — Enterprise Sales Executive,Pragma Edge Inc,Chicago (IL),2026-09-11,https://www.jobleads.com/us/job/gen-ai-growth-architect-enterprise-sales-executive--chicago--e562125505d204196e98a5f21788efce8,https://www.pragmaedge.com,Actively Hiring,"Pragma Edge Inc in the United States (Northeast and Central regions) seeks an IT Sales Executive to lead growth for the Gen AI Practice. You will drive new business development, engage executive stakeholders, and craft go-to-market plans to win new logos across enterprise accounts. This role combines client-facing selling with cross-functional coordination with marketing, presales, and delivery teams. The ideal candidate has 8+ years of experience in sales-focused roles, demonstrated success in",JobLeads,https://www.pragmaedge.com,https://www.jobleads.com/us/job/gen-ai-growth-architect-enterprise-sales-executive--chicago--e562125505d204196e98a5f21788efce8
Executive Recruiting Researcher — Lead Leadership Talent,Google,Chicago (IL),2026-09-10,https://www.jobleads.com/us/job/executive-recruiting-researcher-lead-leadership-talent--chicago--e89954d13910a6659a9e56a5d937fc096,https://www.google.com,Actively Hiring,"Google in Chicago area is seeking an Executive Recruiting Researcher to identify leadership talent across technical functions. You will own the talent market for a business unit, using sourcing tools and relationship-building to match leaders with opportunities. You will partner with leadership recruiters, deliver market insights, and drive searches with strong project management. The role emphasizes analytical thinking, learning, and stakeholder collaboration to fuel Google's leadership",JobLeads,https://www.google.com,https://www.jobleads.com/us/job/executive-recruiting-researcher-lead-leadership-talent--chicago--e89954d13910a6659a9e56a5d937fc096
Senior Sales Executive - HIRING for MULTIPLE LOCATIONS!,AESSEAL Inc.,North Township (IN),2026-09-04,https://www.jobleads.com/us/job/senior-sales-executive-hiring-for-multiple-locations--north-township--e38a38a815835514222d42fc7ffd9a650,https://www.aesseal.com,Actively Hiring,"Company: AESSEAL Inc. | Job Description We are actively seeking dynamic Senior Sales Representatives to develop new business opportunities and nurture key existing customer relationships across North America. Duties & Responsibilities Establish and maintain strong, strategic relationships with both new and existing clients to drive sales growth. Develop and execute account-specific business strategies in alignment with the sales executive team to maximize long-term success. Lead customer engagements, including technical sales presentations and value proposition delivery to potential customers. Work closely with sales and engineering teams to ensure an accurate understanding of customer needs, product specifications, and project requirements. Proactively identify new business opportunities within assigned territories and market segments, leveraging market intelligence and competitive insights. Provide mentorship to various sales team members, guiding them through onboarding and professi",JobLeads,https://www.aesseal.com,https://www.jobleads.com/us/job/senior-sales-executive-hiring-for-multiple-locations--north-township--e38a38a815835514222d42fc7ffd9a650
Insurance Sales Executive & Advisory Leader,KLM Careers,Chicago (IL),2026-09-04,https://www.jobleads.com/us/job/insurance-sales-executive-advisory-leader--chicago--e4678f9eb6a2296ac487a3b64c13225f6,https://www.klmcareers.com,Actively Hiring,KLM Careers is hiring Insurance Sales Executive & Advisory Leader in Chicago. Apply now with JobLeads!,JobLeads,https://www.klmcareers.com,https://www.jobleads.com/us/job/insurance-sales-executive-advisory-leader--chicago--e4678f9eb6a2296ac487a3b64c13225f6
Entry Level - Assistant Account Executive - sales and marketing,Ethos Management,Merrillville (IN),2026-09-04,https://www.jobleads.com/us/job/entry-level-assistant-account-executive-sales-and-marketing--merrillville--e570008776ef2157e2ec5f32c683cb179,https://www.ethosmanagement.com,Actively Hiring,"Company: Ethos Management | Entry Level - Assistant Account Executive - sales and marketing Full-time Ethos Management is a private Brand Marketing & Management Firm, we are partnered with some of the most well known fortune 100 clients within the technology, entertainment, television, security, utility, energy, and government telecommunication industries. ENTRY LEVEL ASSISTANT ACCOUNT EXECUTIVE FOR INTERACTIVE MARKETING FIRM FULL TRAINING IS PROVIDED Our full-service marketing, advertising and brand development firm caters to national and local clients. We are looking to hire Entry Level Assistant Account Executives to join our growing interactive marketing team. The Entry Level Assistant Account Executive will work with the marketing and project management team to assist with managing client accounts. The Entry Level Assistant Account Executive will be expected to assist with managing marketing and promotional advertising projects, gauging supply and demand in a market for services,",JobLeads,https://www.ethosmanagement.com,https://www.jobleads.com/us/job/entry-level-assistant-account-executive-sales-and-marketing--merrillville--e570008776ef2157e2ec5f32c683cb179
Executive Recruiter,Crucial Hire,Chicago (IL),2026-09-04,https://www.jobleads.com/us/job/executive-recruiter--chicago--e5e9b23d58c5c410c01bcebb6b003b3bf,https://www.crucialhire.com,Actively Hiring,Crucial Hire is hiring Executive Recruiter in Chicago. Apply now with JobLeads!,JobLeads,https://www.crucialhire.com,https://www.jobleads.com/us/job/executive-recruiter--chicago--e5e9b23d58c5c410c01bcebb6b003b3bf
Remote Account Executive — SaaS Growth & Global Wins,Huzzle.com,Peru (IL),2026-09-04,https://www.jobleads.com/us/job/remote-account-executive-saas-growth-global-wins--peru--ed25794765d81bfbb4fff44239d040c04,https://www.huzzlecom.com,Actively Hiring,"Huzzle.com is seeking a results-driven Account Executive for a remote sales role. The ideal candidate will manage the full sales cycle, engage leads, and close deals efficiently. Candidates should have 2-5+ years in a closing sales role and a strong track record in achieving revenue targets. This position offers competitive salaries, flexible hours, and growth opportunities towards Senior Account Executive roles. Join a collaborative environment within a fast-growing global company.",JobLeads,https://www.huzzlecom.com,https://www.jobleads.com/us/job/remote-account-executive-saas-growth-global-wins--peru--ed25794765d81bfbb4fff44239d040c04
IT Sales Executive,Frontier Technologies LLC,Naperville (IL),2026-09-04,https://www.jobleads.com/us/job/it-sales-executive--naperville--eaef50f57219a04f09309fa22194a6e98,https://www.frontier.com,Actively Hiring,"Frontier Technologies LLC is an IT Services and Consulting Company formed in 2002 that specializes in staff augmentation & customized staffing solutions. It provides individualized attention to each of its client’s needs and deploys the utmost quality through the right resources at the right time and for the right cost. Job Description IT Sales Executive... Enrich your quality of life with a 14 year old, highly successful organization that specializes in staffing skilled IT professionals throughout USA! Rapid Growth has opened Sales Executive opportunities in our Naperville office!. This is a Full time position with an excellent base salary (commensurate with experience)+ excellent commission structure / benefits. Job duties: cold call (over the phone and in person) companies and develop client relations to promote market recognition and elevate staffing sales, identify client needs, develop innovative strategies and solidify new business; exploring all facets of capabilities to succes",JobLeads,https://www.frontier.com,https://www.jobleads.com/us/job/it-sales-executive--naperville--eaef50f57219a04f09309fa22194a6e98
Freight Brokerage Growth Executive — Shipper Acquisition,Elite Haul Inc,Schaumburg (IL),2026-09-04,https://www.jobleads.com/us/job/freight-brokerage-growth-executive-shipper-acquisition--schaumburg--e49204ca5a9d5a6498a3a162d1a98275d,https://www.elitehaul.com,Actively Hiring,"Elite Haul Inc. is seeking an experienced Freight Brokerage Sales Executive focused on new shipper acquisition and business development. This is a sales position, not a dispatcher or carrier sales role. The primary responsibility is to prospect, identify, and acquire new shipper customers and develop those accounts into long-term business. Candidates with existing shipper relationships or an active book of business are strongly preferred.",JobLeads,https://www.elitehaul.com,https://www.jobleads.com/us/job/freight-brokerage-growth-executive-shipper-acquisition--schaumburg--e49204ca5a9d5a6498a3a162d1a98275d
Sales Executive,revenueify,Gary (IN),2026-09-04,https://www.jobleads.com/us/job/services-sales-executive--gary--eb2b800f78d0eb5acfccfeb484c34b260,https://www.revenueify.com,Actively Hiring,"Company: revenueify | This is more than a sales job. It is an opportunity to step into a company with a strong reputation, a long history of success, and a culture built around doing right by customers and teammates alike. You will be supported by an organization that believes in developing people, not just hitting numbers, and that shows up every day with pride in the work they do. You will not be walking into an empty territory. This company has deep roots and a large base of existing customers, giving you real opportunities to build relationships and grow a book of business from day one. With uncapped commission, your effort directly impacts your income, and there is no ceiling on what you can earn as you improve and grow. What makes this role especially exciting is the focus on managed services. Instead of chasing one time transactions, you are building recurring revenue. As you develop your customer base, you create annuity income that pays you year after year. Your book grows, yo",JobLeads,https://www.revenueify.com,https://www.jobleads.com/us/job/services-sales-executive--gary--eb2b800f78d0eb5acfccfeb484c34b260
Senior Sales Executive: Enterprise Growth & Key Accounts,Nuance Solutions,Chicago (IL),2026-09-04,https://www.jobleads.com/us/job/senior-sales-executive-enterprise-growth-key-accounts--chicago--e054b1218bbec064f26a92472a62eef20,https://www.nuance.com,Actively Hiring,Nuance Solutions is hiring Senior Sales Executive: Enterprise Growth & Key Accounts in Chicago. Apply now with JobLeads!,JobLeads,https://www.nuance.com,https://www.jobleads.com/us/job/senior-sales-executive-enterprise-growth-key-accounts--chicago--e054b1218bbec064f26a92472a62eef20
"Account Executive: High-Growth B2B Sales, Six-Figure Potential",Worldwide Express,Rosemont (IL),2026-09-04,https://www.jobleads.com/us/job/account-executive-high-growth-b2b-sales-six-figure-potential--rosemont--e0c284a75e22904b1e4bf335ab184105c,https://www.worldwideexpress.com,Actively Hiring,"Worldwide Express is seeking an Account Executive for a unique B2B sales opportunity with unlimited growth potential. The role involves consultative selling to businesses, streamlining their supply chain through an innovative web-based platform. The ideal candidate will have a passion for new business development, great communication skills, and the motivation to succeed. A competitive compensation package featuring substantial base salary and uncapped commission awaits the right individual.",JobLeads,https://www.worldwideexpress.com,https://www.jobleads.com/us/job/account-executive-high-growth-b2b-sales-six-figure-potential--rosemont--e0c284a75e22904b1e4bf335ab184105c
"Senior Executive Search Associate, Consumer Markets","Heidrick & Struggles International, Inc.",Chicago (IL),2026-09-04,https://www.jobleads.com/us/job/senior-executive-search-associate-consumer-markets--chicago--e17e3c2e62f3f4410f532d0c8bde847af,https://www.heidrickstrugglesinternational.com,Actively Hiring,"Heidrick & Struggles International, Inc. is seeking an Executive Search Senior Associate to advance all phases of the recruitment lifecycle, from sourcing to placement. You will work closely with Consultants, build client pipelines, and drive strategy while maintaining high-quality communications and ethics. The role emphasizes research depth, relationship building with senior executives, and collaboration across global teams, offering strong career growth and mentorship within a structured path.",JobLeads,https://www.heidrickstrugglesinternational.com,https://www.jobleads.com/us/job/senior-executive-search-associate-consumer-markets--chicago--e17e3c2e62f3f4410f532d0c8bde847af
Executive Benefits Growth Strategist,Gallagher,Rolling Meadows (IL),2026-09-04,https://www.jobleads.com/us/job/executive-benefits-growth-strategist--rolling-meadows--e1745017cd812de03cb11b162674ddfdf,https://www.gallagher.com,Actively Hiring,Gallagher is seeking an Executive Benefits Producer to consult with organizations on solutions to retain and motivate key leaders. The role involves building a book of business and understanding client challenges in employee benefits. Candidates should possess a Bachelor's degree and relevant experience in a consultative sales role. This position provides growth opportunities within the company and includes a competitive compensation package with comprehensive benefits including medical plans and flexible working hours.,JobLeads,https://www.gallagher.com,https://www.jobleads.com/us/job/executive-benefits-growth-strategist--rolling-meadows--e1745017cd812de03cb11b162674ddfdf
Account Executive,Marcus Evans Group,Chicago (IL),2026-09-04,https://www.jobleads.com/us/job/account-executive--chicago--e04c9a5d01b5fd687c2e5857dca9eaaf9,https://www.marcusevans.com,Actively Hiring,Marcus Evans Group is hiring Account Executive in Chicago. Apply now with JobLeads!,JobLeads,https://www.marcusevans.com,https://www.jobleads.com/us/job/account-executive--chicago--e04c9a5d01b5fd687c2e5857dca9eaaf9
Senior Marketing Executive — Growth & Strategy,Uline,Glenview (IL),2026-09-10,https://www.jobleads.com/us/job/senior-marketing-executive-growth-strategy--glenview--e3dbe2ce8e2f90a282077a8d4bc149ebf,https://www.uline.com,Actively Hiring,"Uline, a family-owned company and North America’s leading distributor of shipping, industrial, and packaging materials, is seeking a Vice President of Marketing to lead one of the region’s largest direct marketing programs. Reach millions of customers through our catalog, digital marketing and email programs spanning 45,000+ products. You will guide a high-performing marketing organization, shape strategy, and partner with executives to manage more than $500M in annual investment while driving",JobLeads,https://www.uline.com,https://www.jobleads.com/us/job/senior-marketing-executive-growth-strategy--glenview--e3dbe2ce8e2f90a282077a8d4bc149ebf
Remote Account Executive — GC Growth & New Logos,VIATechnik,Chicago (IL),2026-09-04,https://www.jobleads.com/us/job/remote-account-executive-gc-growth-new-logos--chicago--e0eb6e5953e3c122cade71cb3c5816383,https://www.viatechnik.com,Actively Hiring,"VIATechnik is seeking an Account Executive to drive net-new growth for our General Contractor vertical across the United States. You will own the full sales cycle from qualification to close, targeting mid-market and regional GCs and expanding successful relationships into durable, repeat accounts. The role emphasizes inbound conversion, accurate Salesforce forecasting, and collaboration with estimating and delivery studios to speed proposals and scoping, with travel primarily in the Midwest",JobLeads,https://www.viatechnik.com,https://www.jobleads.com/us/job/remote-account-executive-gc-growth-new-logos--chicago--e0eb6e5953e3c122cade71cb3c5816383
Business Development Executive,"Stefanini, Inc",Chicago (IL),2026-09-04,https://www.jobleads.com/us/job/business-development-executive--chicago--e6563b0f9a506101a500b7839dbb24785,https://www.stefanini.io,Actively Hiring,"Stefanini, Inc is hiring Business Development Executive in Chicago. Apply now with JobLeads!",JobLeads,https://www.stefanini.io,https://www.jobleads.com/us/job/business-development-executive--chicago--e6563b0f9a506101a500b7839dbb24785
Multi Media Sales Executive,Lee Enterprises Inc,Munster (IN),2026-09-04,https://www.jobleads.com/us/job/multi-media-sales-executive--munster--eeccf93214612dd76db867848551c168d,https://www.lee.com,Actively Hiring,"Company: Lee Enterprises Inc | Multi Media Sales Executive The Munster Times/Lee Enterprises, is seeking a motivated and results-driven Multi Media Sales Executive to join our team. We pride ourselves on a strong culture of performance, continuous learning, and collaboration - focused on helping our clients grow through effective, modern marketing solutions. This role is ideal for a confident, self-starter who understands that successful business development is rooted in building relationships, identifying opportunities and delivering measurable results. The right candidate can work independently while also contributing to a high-performing team environment. Compensation: Competitive base salary plus commission and bonus opportunities. Position Summary The Multi Media Sales Executive is responsible for driving digital-first, multi-platform revenue growth for local accounts. This role focuses on identifying new business opportunities, developing strategic marketing solutions and deliver",JobLeads,https://www.lee.com,https://www.jobleads.com/us/job/multi-media-sales-executive--munster--eeccf93214612dd76db867848551c168d
Remote Business Development Executive - Consulting & PMO,Mustard Seed Relationship Marketing,Chicago (IL),2026-09-04,https://www.jobleads.com/us/job/remote-business-development-executive-consulting-pmo--chicago--eeb1e13d5308f99c392b62796355b74ca,https://www.mustardseedrelationshipmarketing.com,Actively Hiring,"Company: Mustard Seed Relationship Marketing | MustardSeed is expanding its sales organization and seeks an experienced Business Development Executive to drive new client acquisitions and develop opportunities from initial contact through signed engagements. You will work with MustardSeed’s CEO, U.S. and U.K. leadership, and delivery teams to shape solutions and bring new clients into the organization. A track record in consulting or professional services is highly valued.",JobLeads,https://www.mustardseedrelationshipmarketing.com,https://www.jobleads.com/us/job/remote-business-development-executive-consulting-pmo--chicago--eeb1e13d5308f99c392b62796355b74ca
Account Executive,Flanagan,Bilton LLC,2026-09-04,https://www.jobleads.com/us/job/account-executive--chicago--ec22da350502c20a06463e071eed15e17,https://www.flanagan.com,Actively Hiring,"Company: Flanagan | FB is the country’s premier Commercial Property Advisory Company and our services include Commercial Real Estate Tax Advisory, Legal Services, and a Breakthrough Technology platform. Headquartered in Chicago, our exceptional national practice serves more than 1,000 clients in all 50 states, including a wide-range of institutional commercial real estate owners.Commercial Property Taxes are continuing to increase, and rules & laws are complex and changing rapidly…we remove the headache for our customers and save them millions in the process.We have a young/fun culture and our company thrives on growth. Based on our growing success & momentum, as well as a massive market opportunity for us to expand, we are adding some key hires to our team.We are seeking an Account Executive to join our team.Someone with entrepreneurial and leadership attributes is ideal for this role.The Account Executive role is critical for our success and represents a significant growth & career p",JobLeads,https://www.flanagan.com,https://www.jobleads.com/us/job/account-executive--chicago--ec22da350502c20a06463e071eed15e17
Executive Assistant,LaSalle Network,Chicago (IL),2026-09-04,https://www.jobleads.com/us/job/executive-assistant--chicago--e23e85c33801e87d500dacbc11c97f247,https://www.lasallenetwork.com,Actively Hiring,"LaSalle Network is hiring for a Executive Operations Specialist with a renewable energy-leading company known for growth and driving operational excellence in a collaborative environment. Our client is looking for a highly organized operational partner who brings ownership, initiative, and strong business judgment while supporting executive leadership and overseeing office and business operations. Responsibilities Manage day-to-day office operations and administrative functions Support executive leadership through calendar management, meeting coordination, and executive support Assist with onboarding, employee administration, and HR-related activities Manage vendor relationships and office services Support presentation development, reporting, and communications for leadership, board members, investors, and external stakeholders Coordinate travel, events, meetings, and special projects Maintain and organize SharePoint and Microsoft 365 environments Identify process improvement opportuni",JobLeads,https://www.lasallenetwork.com,https://www.jobleads.com/us/job/executive-assistant--chicago--e23e85c33801e87d500dacbc11c97f247
Senior Account Executive/Director of Sales - Programmatic - Top Publisher,Three Pillars Recruiting,Chicago (IL),2026-09-04,https://www.jobleads.com/us/job/director-of-sales-programmatic-top-publisher--chicago--e9cd4cd9f2c54c6988280fa95ea132909,https://www.threepillarsrecruiting.com,Actively Hiring,"Company: Three Pillars Recruiting | We are seeking a high-impact sales professional to drive revenue growth across new and existing accounts. The ideal candidate is a results-driven seller who can both execute day-to-day revenue generation and, at the senior level, lead strategic account development and large-scale partnerships. As Director of Sales, you will leverage the robust MNI portfolio of products and solutions. This is an exceptional opportunity for a proven sales leader who can balance strategic partnership development with the hustle of territory building. About The Position's Contributions 55% Revenue Growth & Client Management Own and achieve annual revenue targets ($3MM+ for SAE level; $5MM+ for Director level) Manage and grow a portfolio of existing and developmental accounts Sell integrated advertising and digital solutions aligned to client objectives Build strong relationships with agencies and direct clients Identify upsell and cross-sell opportunities across full pro",JobLeads,https://www.threepillarsrecruiting.com,https://www.jobleads.com/us/job/director-of-sales-programmatic-top-publisher--chicago--e9cd4cd9f2c54c6988280fa95ea132909
Account Executive,Enboarder,Chicago (IL),2026-09-04,https://www.jobleads.com/us/job/account-executive--chicago--e820dcbdb2311e37a315de9361ea2a869,https://www.enboarder.com,Actively Hiring,Enboarder is hiring Account Executive in Chicago. Apply now with JobLeads!,JobLeads,https://www.enboarder.com,https://www.jobleads.com/us/job/account-executive--chicago--e820dcbdb2311e37a315de9361ea2a869
Account Executive,Mee Derby & Company,Schaumburg (IL),2026-09-04,https://www.jobleads.com/us/job/account-executive--schaumburg--ecb87ea4d29a9d1f4a28a7011a9695f5f,https://www.meederbycompany.com,Actively Hiring,Mee Derby & Company is hiring Account Executive in Schaumburg. Apply now with JobLeads!,JobLeads,https://www.meederbycompany.com,https://www.jobleads.com/us/job/account-executive--schaumburg--ecb87ea4d29a9d1f4a28a7011a9695f5f
Enterprise Sales Executive: Major Accounts Growth,Paychex,Chicago (IL),2026-09-04,https://www.jobleads.com/us/job/enterprise-sales-executive-major-accounts-growth--chicago--e99c30cbb5efcc08f3189ac35ba96805d,https://www.paychex.com,Actively Hiring,Paychex is hiring Enterprise Sales Executive: Major Accounts Growth in Chicago. Apply now with JobLeads!,JobLeads,https://www.paychex.com,https://www.jobleads.com/us/job/enterprise-sales-executive-major-accounts-growth--chicago--e99c30cbb5efcc08f3189ac35ba96805d
Account Executive,US Energy Company,Schaumburg (IL),2026-09-04,https://www.jobleads.com/us/job/account-executive--schaumburg--ee91fd6229beaf7e30f3ad1045f179add,https://www.usenergycompany.com,Actively Hiring,US Energy Company is hiring Account Executive in Schaumburg. Apply now with JobLeads!,JobLeads,https://www.usenergycompany.com,https://www.jobleads.com/us/job/account-executive--schaumburg--ee91fd6229beaf7e30f3ad1045f179add
Account Executive,Udext,Chicago (IL),2026-09-04,https://www.jobleads.com/us/job/account-executive--chicago--eb7bf186449da9ed662fe599bcd5e5311,https://www.udext.com,Actively Hiring,Udext is hiring Account Executive in Chicago. Apply now with JobLeads!,JobLeads,https://www.udext.com,https://www.jobleads.com/us/job/account-executive--chicago--eb7bf186449da9ed662fe599bcd5e5311
Account Executive (Automotive Digital Marketing) (HYBRID),C-4 Analytics,Chicago (IL),2026-09-04,https://www.jobleads.com/us/job/account-executive-automotive-digital-marketing-hybrid--chicago--ec9eef9b1a579b76b7dd24a8221a3093e,https://www.c4analytics.com,Actively Hiring,"Company: C-4 Analytics | Account Executive (Automotive Digital Marketing) – Chicago, IL – C‑4 Analytics Role Overview The Account Executive manages the sales process from initial engagement to closing business with automotive dealership prospects. Responsibilities include cold calling, managing inbound leads, maintaining activity levels, researching target accounts, collaborating with the team, delivering sales presentations, managing the sales pipeline in HubSpot, and closing business. Compensation Competitive base salary of $70,000–$90,000 per year with up to $200,000 on‑target earnings. Uncapped commission structure and comprehensive benefits including health insurance, retirement plans, paid time off, and professional development opportunities. Qualifications 3+ years of experience selling Digital Marketing or related services 3+ years selling into the Automotive Industry (B2B) 5+ years of outside sales experience Valid driver's license and access to a motor vehicle Willingness to",JobLeads,https://www.c4analytics.com,https://www.jobleads.com/us/job/account-executive-automotive-digital-marketing-hybrid--chicago--ec9eef9b1a579b76b7dd24a8221a3093e
Staffing Solutions Sales Executive — Growth & Clients,The Adecco Group,Schaumburg (IL),2026-09-04,https://www.jobleads.com/us/job/staffing-solutions-sales-executive-growth-clients--schaumburg--e82b1365b5a606c84e0c58544e35c52bc,https://www.theadecco.com,Actively Hiring,"The Adecco Group seeks a motivated Sales Executive in Schaumburg, Illinois, to drive business growth by identifying and nurturing client relationships. This role involves generating leads through market research, cold calling, and networking, along with negotiating staffing solutions. Candidates should have a Bachelor's degree or relevant experience, proficiency in Microsoft Office, and a competitive spirit. The position offers a comprehensive benefits package, including health insurance and paid time off.",JobLeads,https://www.theadecco.com,https://www.jobleads.com/us/job/staffing-solutions-sales-executive-growth-clients--schaumburg--e82b1365b5a606c84e0c58544e35c52bc
"Remote Associate Account Executive, AI‑Powered SaaS",Quo,Chicago (IL),2026-09-04,https://www.jobleads.com/us/job/remote-associate-account-executive-ai-powered-saas--chicago--eb0cfa2a70f2768cf40fcfa574528f79d,https://www.quo.com,Actively Hiring,"Quo, a rapidly growing remote-first SaaS company, seeks an Associate Account Executive to manage high-volume inbound leads, run tailored demos, and close deals that help small teams scale communications. You’ll balance automation with human touch to deliver an outstanding buying experience. You’ll collaborate with Marketing, RevOps, and Product to ensure customer voice informs GTM strategy while leveraging tools like HubSpot, Salesforce, Gong and Zapier to optimize outcomes.",JobLeads,https://www.quo.com,https://www.jobleads.com/us/job/remote-associate-account-executive-ai-powered-saas--chicago--eb0cfa2a70f2768cf40fcfa574528f79d
Business Development Executive (BDE),blueStone,Palatine (IL),2026-09-04,https://www.jobleads.com/us/job/business-development-executive-bde--palatine--e2ab66ace9bf743efb72180da78e6b42a,https://www.bluestone.com,Actively Hiring,"blueStone Executive Search has a distinct focus on recruiting IT professionals with an emphasis on the areas of leadership, business transformation and enterprise. Are you looking for a growing industry in which you can build a rewarding long-term career with an organization that has seen 40% growth year over year. We are currently looking for outside sales Business Development Executives with backgrounds in IT Search, IT Recruiting, or Outside IT Software Sales. If you are in IT sales and are confident in your sales abilities, then this opportunity may be for you. Job Description The BDE will be responsible for new, key account, acquisition and personal quota attainment. This role is expected to target new customers who can substantially benefit from the company's end-to-end vision and offering portfolio, as well as maintain an in-depth understanding of competitive conditions, industry practices, market opportunities, and customer requirements. The role of a BDE is characterized by us",JobLeads,https://www.bluestone.com,https://www.jobleads.com/us/job/business-development-executive-bde--palatine--e2ab66ace9bf743efb72180da78e6b42a
High-Impact SMB SaaS Account Executive,Legora AB,Chicago (IL),2026-09-04,https://www.jobleads.com/us/job/high-impact-smb-saas-account-executive--chicago--e1487cc437d10969b9ebdae5772caffe2,https://www.legoraab.com,Actively Hiring,"Legora AB is seeking an SMB Account Executive in Chicago to own a mix of inbound and outbound opportunities and drive a full sales cycle from qualification to close. You will collaborate with Sales and Marketing to fuel pipeline, maintain accurate forecasts, and refine messaging based on market feedback. The role emphasizes outbound prospecting, strategic discovery, and strong pipeline hygiene in Salesforce, with a focus on meaningful customer outcomes and rapid, precise execution.",JobLeads,https://www.legoraab.com,https://www.jobleads.com/us/job/high-impact-smb-saas-account-executive--chicago--e1487cc437d10969b9ebdae5772caffe2
Sales Executive Assistant – Accelerator Growth,Mars Incorporated in,Chicago (IL),2026-09-06,https://www.jobleads.com/us/job/sales-executive-assistant-accelerator-growth--chicago--ee22bd9e2d22aa15df8a7b70ad275f90f,https://www.marsincorporatedin.com,Actively Hiring,"Company: Mars Incorporated in | Mars Incorporated's Accelerator Division in Chicago seeks an Executive Assistant (EA) to provide high-level support to senior sales executives. The role emphasizes scheduling, communications, travel, and project coordination in a fast-paced environment. The ideal candidate will have a bachelor’s degree, 3+ years’ EA experience, excellent communication, and strong organizational skills to support a dynamic Sales organization.",JobLeads,https://www.marsincorporatedin.com,https://www.jobleads.com/us/job/sales-executive-assistant-accelerator-growth--chicago--ee22bd9e2d22aa15df8a7b70ad275f90f
Executive Search Leader for VP & Director Roles,Innovative Systems Group,Chicago (IL),2026-09-04,https://www.jobleads.com/us/job/executive-search-leader-for-vp-director-roles--chicago--e5f48bcecf2a09d632adb41c8d0da9b6f,https://www.innovativesystems.com,Actively Hiring,"Innovative Systems Group is seeking an experienced Executive Recruiter in Chicago, Illinois, to lead recruitment efforts for Director and VP-level positions. This role requires a strong background in sourcing and evaluating candidates, particularly for senior leadership roles. The ideal candidate will possess at least 7 years of recruiting experience and the ability to develop effective hiring strategies aligned with organizational goals. The position offers a pay of $70.00/hr on W2 with strong organizational skills and the ability to work independently being essential.",JobLeads,https://www.innovativesystems.com,https://www.jobleads.com/us/job/executive-search-leader-for-vp-director-roles--chicago--e5f48bcecf2a09d632adb41c8d0da9b6f
"Inside Sales - Account Executive, Acquisition",ZipRecruiter,Chicago (IL),2026-09-04,https://www.jobleads.com/us/job/inside-sales-account-executive-acquisition--chicago--e0b05fe9f272329d9030371cec9ca67a4,https://www.ziprecruiter.com,Actively Hiring,"Company: ZipRecruiter | We offer a hybrid work environment. Most US-based positions can also be performed remotely (any exceptions will be noted in the Minimum Qualifications below.) Our Mission To actively connect people to their next great opportunity. About ZipRecruiter ZipRecruiter is a leading online employment marketplace. Powered by AI-driven smart matching technology, the company actively connects millions of all‑sized businesses and job seekers through innovative mobile, web, and email services, as well as partnerships with the best job boards on the web. ZipRecruiter has the #1 rated job search app on iOS & Android. Job Summary As an Acquisition Account Executive, you’ll use your full-cycle selling skills to bring new subscribers onto the ZipRecruiter platform. You’ll be supported with market intelligence to identify and connect with employers who have never worked with ZipRecruiter before. This role requires a true new business acquisition mindset—handling everything from in",JobLeads,https://www.ziprecruiter.com,https://www.jobleads.com/us/job/inside-sales-account-executive-acquisition--chicago--e0b05fe9f272329d9030371cec9ca67a4
Remote Enterprise AI Biotech SaaS Executive,Benchling,Chicago (IL),2026-09-04,https://www.jobleads.com/us/job/remote-enterprise-ai-biotech-saas-executive--chicago--e34ab6349c17f6d05549755c6e78378fa,https://www.benchling.com,Actively Hiring,"Benchling, a cutting-edge biotech AI platform, seeks an Enterprise Account Executive to drive new and renewal business across Top pharma accounts worldwide. This remote role focuses on building relationships with IT, R&D, data science, and CxO stakeholders, while leveraging Salesforce and MEDDICC to forecast and close 7+ figure deals. A strong track record in complex, multi-persona sales is essential. You will collaborate with marketing, product, and customer success teams, generating pipeline",JobLeads,https://www.benchling.com,https://www.jobleads.com/us/job/remote-enterprise-ai-biotech-saas-executive--chicago--e34ab6349c17f6d05549755c6e78378fa
B2B Sales Executive — Uncapped Commission & Growth,Fountain,Aurora (IL),2026-09-04,https://www.jobleads.com/us/job/b2b-sales-executive-uncapped-commission-growth--aurora--eb6646bd78f1b53ac7cda6a41fc7dc02c,https://www.fountain.com,Actively Hiring,Fountain is hiring B2B Sales Executive — Uncapped Commission & Growth in Aurora. Apply now with JobLeads!,JobLeads,https://www.fountain.com,https://www.jobleads.com/us/job/b2b-sales-executive-uncapped-commission-growth--aurora--eb6646bd78f1b53ac7cda6a41fc7dc02c
"Executive Director, Enterprise Growth Architect",Vmlenterprisesolutions,Chicago (IL),2026-09-06,https://www.jobleads.com/us/job/executive-director-enterprise-growth-architect--chicago--ecca799990e6ea1f81c9d45cd87c62e9f,https://www.vmlenterprisesolutions.com,Actively Hiring,"Company: Vmlenterprisesolutions | WPP Enterprise Solutions is seeking an Executive Director, Enterprise Growth in New York to originate, qualify and shape the most strategically important ES opportunities across WPP relationships and direct enterprise pursuits. The role combines consultative selling, transformation strategy, executive relationship management and commercial leadership within a senior growth leadership context.",JobLeads,https://www.vmlenterprisesolutions.com,https://www.jobleads.com/us/job/executive-director-enterprise-growth-architect--chicago--ecca799990e6ea1f81c9d45cd87c62e9f
Strategic SDR: Outbound Pipeline & Executive Outreach,"Impact Networking, LLC",Bolingbrook (IL),2026-09-04,https://www.jobleads.com/us/job/strategic-sdr-outbound-pipeline-executive-outreach--bolingbrook--e8a68f91b3e8c5109620c1f7eb18728d2,https://www.impactnetworking.com,Actively Hiring,"Impact Networking, LLC in Bolingbrook, IL is seeking a Sales Development Representative to identify, engage, and qualify prospects to build pipeline. You will work outbound and inbound, initiate executive conversations, and position Impact’s technology and managed services to address business challenges. A consultative, metric-driven mindset thrives in our fast-paced environment. Partner with Account Executives to drive revenue growth, conduct discovery, and maintain accurate CRM activity.",JobLeads,https://www.impactnetworking.com,https://www.jobleads.com/us/job/strategic-sdr-outbound-pipeline-executive-outreach--bolingbrook--e8a68f91b3e8c5109620c1f7eb18728d2
"SENIOR ACCOUNT EXECUTIVE-Sales-Video Production, Business Meetings, Web Design",Kemper Associates,Chicago (IL),2026-09-04,https://www.jobleads.com/us/job/senior-account-executive-sales-video-production-business-meetings-web-design--chicago--e7e25afc36bc0f1ca77237d7da9ebb6eb,https://www.kemperassociates.com,Actively Hiring,"Kemper Associates is hiring SENIOR ACCOUNT EXECUTIVE-Sales-Video Production, Business Meetings, Web Design in Chicago. Apply now with JobLeads!",JobLeads,https://www.kemperassociates.com,https://www.jobleads.com/us/job/senior-account-executive-sales-video-production-business-meetings-web-design--chicago--e7e25afc36bc0f1ca77237d7da9ebb6eb
Executive Search Research Lead—Market Insights,Egon Zehnder,Chicago (IL),2026-09-04,https://www.jobleads.com/us/job/executive-search-research-lead-market-insights--chicago--e699336dd795cd1557d85671479137dc7,https://www.egonzehnder.com,Actively Hiring,"Egon Zehnder is seeking a proactive Researcher to join our North America Research team, guiding internal client teams of consultants and other Researchers in Executive Search, Board, and Advisory projects for multiple clients. You will plan projects, conduct market and candidate research, and produce high-quality client deliverables. The role emphasizes strong problem-solving, excellent communication, and the ability to balance multiple engagements.",JobLeads,https://www.egonzehnder.com,https://www.jobleads.com/us/job/executive-search-research-lead-market-insights--chicago--e699336dd795cd1557d85671479137dc7
Sr. Account Executive - Staffing Sales,LaSalle Network,Chicago (IL),2026-09-04,https://www.jobleads.com/us/job/sr-account-executive-staffing-sales--chicago--e2af49922b11fc7d4f5f3e464426caeed,https://www.lasallenetwork.com,Actively Hiring,LaSalle Network is hiring Sr. Account Executive - Staffing Sales in Chicago. Apply now with JobLeads!,JobLeads,https://www.lasallenetwork.com,https://www.jobleads.com/us/job/sr-account-executive-staffing-sales--chicago--e2af49922b11fc7d4f5f3e464426caeed
Sales Executive,LHH,Chicago (IL),2026-09-04,https://www.jobleads.com/us/job/sales-executive--chicago--e7c793e7212e83997f9f733dbdfb39425,https://www.lhh.com,Actively Hiring,LHH is hiring Sales Executive in Chicago. Apply now with JobLeads!,JobLeads,https://www.lhh.com,https://www.jobleads.com/us/job/sales-executive--chicago--e7c793e7212e83997f9f733dbdfb39425
Senior Sales Account Executive,InfiniTech,Chicago (IL),2026-09-04,https://www.jobleads.com/us/job/senior-sales-account-executive--chicago--e06a606047511c163624a6e3b63f7d6c3,https://www.infinitech.com,Actively Hiring,InfiniTech is hiring Senior Sales Account Executive in Chicago. Apply now with JobLeads!,JobLeads,https://www.infinitech.com,https://www.jobleads.com/us/job/senior-sales-account-executive--chicago--e06a606047511c163624a6e3b63f7d6c3
Senior Account Executive - Programmatic - Top Publisher,Three Pillars Recruiting,Chicago (IL),2026-09-04,https://www.jobleads.com/us/job/senior-account-executive-programmatic-top-publisher--chicago--ed1065528b7701d48fa1a62b621adfcbe,https://www.threepillarsrecruiting.com,Actively Hiring,"Company: Three Pillars Recruiting | Senior Account Executive We are seeking a high-impact sales professional to drive revenue growth across new and existing accounts. The ideal candidate is a results-driven seller who can both execute day-to-day revenue generation and, at the senior level, lead strategic account development and large-scale partnerships. As Senior Account Executive, you will leverage the robust MNI portfolio of products and solutions. This is an exceptional opportunity for a proven sales leader who can balance strategic partnership development with the hustle of territory building. About The Position’s Contributions 55% Revenue Growth & Client Management Own and achieve annual revenue targets ($3MM+ for SAE level; $5MM+ for Director level) Manage and grow a portfolio of existing and developmental accounts Sell integrated advertising and digital solutions aligned to client objectives Build strong relationships with agencies and direct clients Identify upsell and cross-se",JobLeads,https://www.threepillarsrecruiting.com,https://www.jobleads.com/us/job/senior-account-executive-programmatic-top-publisher--chicago--ed1065528b7701d48fa1a62b621adfcbe
"Executive Assistant to the CEO, Chicago, IL (Hybrid)",THE LARKO GROUP,Chicago (IL),2026-09-04,https://www.jobleads.com/us/job/executive-assistant-to-the-ceo-chicago-il-hybrid--chicago--e84ab95d33a9f85e893106977e9ff81a3,https://www.thelarko.com,Actively Hiring,"THE LARKO GROUP is hiring Executive Assistant to the CEO, Chicago, IL (Hybrid) in Chicago. Apply now with JobLeads!",JobLeads,https://www.thelarko.com,https://www.jobleads.com/us/job/executive-assistant-to-the-ceo-chicago-il-hybrid--chicago--e84ab95d33a9f85e893106977e9ff81a3
Enterprise Sales Executive — Uncapped Commission,BrainWorks,Chicago (IL),2026-09-04,https://www.jobleads.com/us/job/enterprise-sales-executive-uncapped-commission--chicago--e23da4079ef00398c3047607fd552cbc6,https://brainworksinc.com,Actively Hiring,BrainWorks is hiring Enterprise Sales Executive — Uncapped Commission in Chicago. Apply now with JobLeads!,JobLeads,https://brainworksinc.com,https://www.jobleads.com/us/job/enterprise-sales-executive-uncapped-commission--chicago--e23da4079ef00398c3047607fd552cbc6
Senior Sales Executive / Freight Broker,Orion Solutions Group,Chicago (IL),2026-09-18,https://www.jobleads.com/us/job/senior-sales-executive-freight-broker--chicago--ec7f4855bba9ff91b47cb5f8e4f003631,https://www.orion.com,Actively Hiring,"Orion Solutions Group is working with a rapidly growing freight brokerage founded by accomplished transportation industry leaders in search of a Senior Sales Executive / Freight Broker. This is a rare opportunity to make a direct impact within a high-growth organization, building strategic shipper partnerships while helping shape the future of an emerging logistics powerhouse. If you thrive in a true hunter role and want ownership of your success, this opportunity delivers. Job Highlights High-growth freight brokerage backed by proven transportation industry leadership Full cradle-to-grave ownership of sales, accounts, and customer relationships Freedom to build a book of business with limited internal account competition Entrepreneurial culture with direct visibility to executive leadership Opportunity to lead and develop a team as the business expands Modern transportation technology and CRM tools Downtown Chicago office with a collaborative, high-performance environment Base Salary:",JobLeads,https://www.orion.com,https://www.jobleads.com/us/job/senior-sales-executive-freight-broker--chicago--ec7f4855bba9ff91b47cb5f8e4f003631
Strategic Startup Growth Account Executive,EngineersOfAI,Chicago (IL),2026-09-04,https://www.jobleads.com/us/job/strategic-startup-growth-account-executive--chicago--e9a04413dedafc4d4a063d9da6fa9a1db,https://www.engineersofai.com,Actively Hiring,EngineersOfAI is hiring Strategic Startup Growth Account Executive in Chicago. Apply now with JobLeads!,JobLeads,https://www.engineersofai.com,https://www.jobleads.com/us/job/strategic-startup-growth-account-executive--chicago--e9a04413dedafc4d4a063d9da6fa9a1db
Senior Account Executive: Strategic Growth & Partnerships,Three Pillars Recruiting,Chicago (IL),2026-09-04,https://www.jobleads.com/us/job/senior-account-executive-strategic-growth-partnerships--chicago--e08903864048663f2d04f4cf24f971654,https://www.threepillarsrecruiting.com,Actively Hiring,"Three Pillars Recruiting seeks a high-impact Senior Account Executive to drive revenue growth across new and existing accounts. The role balances strategic account development with hands-on revenue generation, leveraging our portfolio of advertising and digital solutions to meet client objectives. The ideal candidate brings 5–7 years in Ad-Tech or digital media sales, a proven track record of multi-million-dollar results, and strong presentation and relationship-building skills.",JobLeads,https://www.threepillarsrecruiting.com,https://www.jobleads.com/us/job/senior-account-executive-strategic-growth-partnerships--chicago--e08903864048663f2d04f4cf24f971654
Senior Account Executive - Sports Technology (Chicago),JLB,Chicago (IL),2026-09-04,https://www.jobleads.com/us/job/senior-account-executive-sports-technology-chicago--chicago--ef01b0589f13685895babb6ec8b6767de,https://www.jlb.com,Actively Hiring,"JLB are working with a sports technology buisness based in Chicago that are looking for a Senior Account Executive to be part of their founding sales team. They're currently a team of 15 and have plans to double in size this year so it's a great time to join a buisness with huge momentum and ambitions for the future. Your day to day will be: Driving new business by bringing people onto the platform Managing the full sales lifecycle (prospecting → close) Building pipeline and outbound strategy Creating scalable sales processes and playbooks Working cross-functionally with Product and GTM teams Acting as the voice of the customer to shape future growth JLB are looking to speak to Chicago based sales profesionals who have a strong strack record of closing buisness, preferably within the technology world. Experience in start-ups, marketplaces or creator economy is a huge plus. OTE year 1 is circa $200k but the commission structure is highly lucrative. If this sounds like the perfect next r",JobLeads,https://www.jlb.com,https://www.jobleads.com/us/job/senior-account-executive-sports-technology-chicago--chicago--ef01b0589f13685895babb6ec8b6767de
Enterprise B2B Sales Executive — Uncapped Commission,Gartner,Chicago (IL),2026-09-04,https://www.jobleads.com/us/job/enterprise-b2b-sales-executive-uncapped-commission--chicago--e52c13aa433c9ec1a7ba9269366a5813e,https://www.gartner.com,Actively Hiring,Gartner is hiring Enterprise B2B Sales Executive — Uncapped Commission in Chicago. Apply now with JobLeads!,JobLeads,https://www.gartner.com,https://www.jobleads.com/us/job/enterprise-b2b-sales-executive-uncapped-commission--chicago--e52c13aa433c9ec1a7ba9269366a5813e
Strategic Account Executive – Outbound Growth,Codal,Chicago (IL),2026-09-04,https://www.jobleads.com/us/job/strategic-account-executive-outbound-growth--chicago--ec1a1851e48bbb8f4e58bf1f807c461b1,https://www.codal.com,Actively Hiring,"Codal, a leading web design and development consultancy, seeks an Account Executive to build new business from scratch and drive deals through closing stages. You will identify targets, start conversations, qualify interest, and collaborate with delivery teams to tailor proposals. Ideal candidates bring consultancy/agency background, strong outbound skills, and a proven ability to develop a robust top-of-funnel pipeline using multi-channel outreach.",JobLeads,https://www.codal.com,https://www.jobleads.com/us/job/strategic-account-executive-outbound-growth--chicago--ec1a1851e48bbb8f4e58bf1f807c461b1
Account Executive - Engineering Staffing & Growth,Sterling Engineering,Oakbrook Terrace (IL),2026-09-04,https://www.jobleads.com/us/job/account-executive-engineering-staffing-growth--oakbrook-terrace--ea8869c0ba877cdd7e2b7b69fb250038e,https://www.sterlingengineering.com,Actively Hiring,Sterling Engineering is hiring Account Executive - Engineering Staffing & Growth in Oakbrook Terrace. Apply now with JobLeads!,JobLeads,https://www.sterlingengineering.com,https://www.jobleads.com/us/job/account-executive-engineering-staffing-growth--oakbrook-terrace--ea8869c0ba877cdd7e2b7b69fb250038e
Entry-Level Account Executive: Path to Management,NY Marketing Firm,Chicago (IL),2026-09-04,https://www.jobleads.com/us/job/entry-level-account-executive-path-to-management--chicago--ef1a4b18c6b0d6b31cea1251efdfde5f8,https://www.nymarketingfirm.com,Actively Hiring,"NY Marketing Firm in Chicago is seeking an Entry Level Account Executive to join its team. This role focuses on sales and marketing, where successful candidates will have opportunities to grow into management positions. We collaborate with Fortune 500 companies, enhancing customer interactions, brand loyalty, and driving revenue. If you're a motivated recent graduate or a professional looking to transition into a new industry, this position is ideal. Training is provided to help develop your skills and career in a sales-focused environment.",JobLeads,https://www.nymarketingfirm.com,https://www.jobleads.com/us/job/entry-level-account-executive-path-to-management--chicago--ef1a4b18c6b0d6b31cea1251efdfde5f8
Account Executive,US Energy Company,Chicago (IL),2026-09-04,https://www.jobleads.com/us/job/account-executive--chicago--e97c3237dc1768e805f6945bc814764a4,https://www.usenergycompany.com,Actively Hiring,"Company: US Energy Company | Account Executive US Energy Company is a dynamic energy and business consulting broker that has been redefining the industry since 2016. With a commitment to integrity and excellence, we provide innovative sales, marketing, and business strategies to meet our clients' diverse needs while expanding our market presence. We are seeking an Account Executive to join our growing team at US Energy Company. In this role, you will be pivotal in managing client relationships, driving sales initiatives, and contributing to our mission of setting the standard for success in energy deregulation. This position offers an exciting opportunity to grow within a fast-paced environment. Responsibilities Develop and maintain strong relationships with clients. Execute effective sales strategies to achieve revenue targets and expand market share. Negotiate contracts and agreements with clients to ensure mutual satisfaction. Collaborate with team members to create innovative marke",JobLeads,https://www.usenergycompany.com,https://www.jobleads.com/us/job/account-executive--chicago--e97c3237dc1768e805f6945bc814764a4
Account Executive,iMatrix,Chicago (IL),2026-09-04,https://www.jobleads.com/us/job/account-executive--chicago--eca64ad491256b6eef381752eaac2de86,https://www.imatrix.com,Actively Hiring,iMatrix is hiring Account Executive in Chicago. Apply now with JobLeads!,JobLeads,https://www.imatrix.com,https://www.jobleads.com/us/job/account-executive--chicago--eca64ad491256b6eef381752eaac2de86
Account Executive,Energy CX,Chicago (IL),2026-09-11,https://www.jobleads.com/us/job/account-executive--chicago--ec6400e3a3a2998a54122b2ebb82a789d,https://www.energycx.com,Actively Hiring,"Company: Energy CX | About Energy CX Energy CX is redefining the energy brokerage industry as the fastest-growing player in the US. By bringing cutting-edge technology, advanced analytics, and innovative solutions, we are disrupting a space that has operated in the dark for too long. About Energy CX Energy CX is redefining the energy brokerage industry as the fastest-growing player in the US. By bringing cutting-edge technology, advanced analytics, and innovative solutions, we are disrupting a space that has operated in the dark for too long. Why Energy CX? Recession proof industry Uncapped commission with competitive salary Entrepreneurial and ambitious culture with a great team oriented environment Fastest growing energy broker in the country One of the fastest growing companies in Chicago Recognized by Fortune and Great Places to work US Named on Inc 5000’s list of America’s fastest growing companies Compensation Year 1 -> $140,000 Year 2 -> $215,000 Year 3 -> $340,000 Year 4 -> $41",JobLeads,https://www.energycx.com,https://www.jobleads.com/us/job/account-executive--chicago--ec6400e3a3a2998a54122b2ebb82a789d
Senior Demand Generation Manager (USA),Askable,Chicago (IL),2026-09-04,https://www.jobleads.com/us/job/senior-demand-generation-manager-usa--chicago--ee774bc6dd3c03afd0bacd8002689f058,https://www.askable.com,Actively Hiring,"Work Setting: On-site | Salary: USD 90,000 - 130,000",JobLeads,https://www.askable.com,https://www.jobleads.com/us/job/senior-demand-generation-manager-usa--chicago--ee774bc6dd3c03afd0bacd8002689f058
Account Executive - B2B,Hibu,Villa Park (IL),2026-09-04,https://www.jobleads.com/us/job/account-executive-b2b--villa-park--e5a22686d35a8bd93d3cb539e64223439,https://www.hibu.com,Actively Hiring,"Work Setting: On-site | Salary: USD 51,000 - 120,000",JobLeads,https://www.hibu.com,https://www.jobleads.com/us/job/account-executive-b2b--villa-park--e5a22686d35a8bd93d3cb539e64223439
Sales Executive- Manufacturing and Consumer,Hitachi Digital Services,Chicago (IL),2026-09-04,https://www.jobleads.com/us/job/sales-executive-manufacturing-and-consumer--chicago--ee57df1958bd5ff8ad706a7af8b23abf9,https://www.hitachidigital.com,Actively Hiring,"Work Setting: On-site | Salary: USD 90,000 - 120,000",JobLeads,https://www.hitachidigital.com,https://www.jobleads.com/us/job/sales-executive-manufacturing-and-consumer--chicago--ee57df1958bd5ff8ad706a7af8b23abf9
Enterprise Account Executive,Prolifics,Chicago (IL),2026-09-04,https://www.jobleads.com/us/job/enterprise-account-executive--chicago--e8b15bd34c46a8475dbb4d2a9988f23b5,https://www.prolifics.com,Actively Hiring,"Work Setting: On-site | Salary: USD 150,000 - 180,000",JobLeads,https://www.prolifics.com,https://www.jobleads.com/us/job/enterprise-account-executive--chicago--e8b15bd34c46a8475dbb4d2a9988f23b5
Regional Executive - Chicago,Jonus Group,Chicago (IL),2026-09-12,https://www.jobleads.com/us/job/regional-executive-chicago--chicago--e5c7614c6867595ecf26808d54b1f1b8e,https://www.jonus.com,Actively Hiring,"Work Setting: On-site | Salary: USD 80,000 - 100,000",JobLeads,https://www.jonus.com,https://www.jobleads.com/us/job/regional-executive-chicago--chicago--e5c7614c6867595ecf26808d54b1f1b8e
Account Executive - B2B,Hibu,Mount Prospect (IL),2026-09-04,https://www.jobleads.com/us/job/account-executive-b2b--mount-prospect--ebe687049503764d24b692e06ea9fcf88,https://www.hibu.com,Actively Hiring,"Work Setting: On-site | Salary: USD 51,000 - 120,000",JobLeads,https://www.hibu.com,https://www.jobleads.com/us/job/account-executive-b2b--mount-prospect--ebe687049503764d24b692e06ea9fcf88
Senior Account Executive,Flanagan,Bilton LLC,2026-09-04,https://www.jobleads.com/us/job/senior-account-executive--chicago--ea13871d02cc8bf39fdead3dc481de3dd,https://www.flanagan.com,Actively Hiring,"Work Setting: On-site | Salary: USD 70,000 - 100,000",JobLeads,https://www.flanagan.com,https://www.jobleads.com/us/job/senior-account-executive--chicago--ea13871d02cc8bf39fdead3dc481de3dd
Enterprise Account Executive — AI-Driven Growth,"Checkr, Inc.",Chicago (IL),2026-09-04,https://www.jobleads.com/us/job/enterprise-account-executive-ai-driven-growth--chicago--e9ee562143efcbf29e2ec9aade0fb1ebb,https://www.checkr.com,Actively Hiring,"Work Setting: On-site | Salary: USD 252,000 - 298,000",JobLeads,https://www.checkr.com,https://www.jobleads.com/us/job/enterprise-account-executive-ai-driven-growth--chicago--e9ee562143efcbf29e2ec9aade0fb1ebb
Account Executive - B2B,Hibu,Addison (IL),2026-09-04,https://www.jobleads.com/us/job/account-executive-b2b--addison--ecb13aaa4c7043f1ef1f8c21b2f54f1c1,https://www.hibu.com,Actively Hiring,"Work Setting: On-site | Salary: USD 90,000",JobLeads,https://www.hibu.com,https://www.jobleads.com/us/job/account-executive-b2b--addison--ecb13aaa4c7043f1ef1f8c21b2f54f1c1
Territory Growth Executive - Environmental Solutions,Jobtailor,Lombard (IL),2026-09-10,https://www.jobleads.com/us/job/territory-growth-executive-environmental-solutions--lombard--e51dd1df7ae78eedd06e8bceff55eabd9,https://www.jobtailor.in,Actively Hiring,"Work Setting: On-site | Salary: USD 70,000 - 110,000",JobLeads,https://www.jobtailor.in,https://www.jobleads.com/us/job/territory-growth-executive-environmental-solutions--lombard--e51dd1df7ae78eedd06e8bceff55eabd9
Uncapped Commission Sales Executive | Digital Marketing,Hibu,Bartlett (IL),2026-09-04,https://www.jobleads.com/us/job/uncapped-commission-sales-executive-digital-marketing--bartlett--eafd63c280f2cecf80850cf8bdd84c824,https://www.hibu.com,Actively Hiring,"Work Setting: On-site | Salary: USD 51,000 - 120,000",JobLeads,https://www.hibu.com,https://www.jobleads.com/us/job/uncapped-commission-sales-executive-digital-marketing--bartlett--eafd63c280f2cecf80850cf8bdd84c824
Assistant Manager -Lead Generation Specialist,Genpact,Chicago (IL),2026-09-04,https://www.jobleads.com/us/job/assistant-manager-lead-generation-specialist--chicago--e3aa653fa0316d3ad4f35538f4eb22d8f,https://www.genpact.com,Actively Hiring,"Work Setting: On-site | Salary: USD 75,000 - 85,000",JobLeads,https://www.genpact.com,https://www.jobleads.com/us/job/assistant-manager-lead-generation-specialist--chicago--e3aa653fa0316d3ad4f35538f4eb22d8f
Logistics Sales Executive — Grow Revenue & Relationships,Crane Worldwide Logistics LLC,Itasca (IL),2026-09-04,https://www.jobleads.com/us/job/logistics-sales-executive-grow-revenue-relationships--itasca--ee578497c62da4a0fa2d777781a3e0123,https://www.craneworldwidelogistics.com,Actively Hiring,"Work Setting: On-site | Salary: USD 50,000 - 68,000",JobLeads,https://www.craneworldwidelogistics.com,https://www.jobleads.com/us/job/logistics-sales-executive-grow-revenue-relationships--itasca--ee578497c62da4a0fa2d777781a3e0123
Account Executive,Circle Logistics,Chicago (IL),2026-09-04,https://www.jobleads.com/us/job/account-executive--chicago--ebb23468ec361c7c423c7002d60e16987,https://www.circlelogistics.com,Actively Hiring,"Work Setting: On-site | Salary: USD 50,000 - 60,000",JobLeads,https://www.circlelogistics.com,https://www.jobleads.com/us/job/account-executive--chicago--ebb23468ec361c7c423c7002d60e16987
Account Executive - B2B,Hibu,Palatine (IL),2026-09-04,https://www.jobleads.com/us/job/account-executive-b2b--palatine--e6ba5a25804fa89d56d707cd03a179af3,https://www.hibu.com,Actively Hiring,"Work Setting: On-site | Salary: USD 51,000 - 120,000",JobLeads,https://www.hibu.com,https://www.jobleads.com/us/job/account-executive-b2b--palatine--e6ba5a25804fa89d56d707cd03a179af3
(Founding) Account Executive | SaaS | Chicago | Up to 220k OTE,Bluebird,Chicago (IL),2026-09-04,https://www.jobleads.com/us/job/founding-account-executive-saas-chicago-up-to-220k-ote--chicago--ea4f00588b7b6af79e5da893c7f7730e1,https://www.bluebird.com,Actively Hiring,"Work Setting: On-site | Salary: USD 120,000 - 220,000",JobLeads,https://www.bluebird.com,https://www.jobleads.com/us/job/founding-account-executive-saas-chicago-up-to-220k-ote--chicago--ea4f00588b7b6af79e5da893c7f7730e1
Remote Executive Assistant to 2 Executives | Expense Expert,"DUAL North America, Inc.",Chicago (IL),2026-09-04,https://www.jobleads.com/us/job/remote-executive-assistant-to-2-executives-expense-expert--chicago--e674aa98eeaf8cf66b6537bc1834ecd3b,https://www.dualnorthamerica.com,Actively Hiring,"Work Setting: On-site | Salary: USD 90,000 - 110,000",JobLeads,https://www.dualnorthamerica.com,https://www.jobleads.com/us/job/remote-executive-assistant-to-2-executives-expense-expert--chicago--e674aa98eeaf8cf66b6537bc1834ecd3b
Executive Assistant,"Tower Communications Expert, LLC",Burr Ridge (IL),2026-09-04,https://www.jobleads.com/us/job/executive-assistant--burr-ridge--e0d9aedeb270fb6b56dae721bee1c8e74,https://www.towercommunicationsexpert.com,Actively Hiring,"Work Setting: On-site | Salary: USD 55,000 - 85,000",JobLeads,https://www.towercommunicationsexpert.com,https://www.jobleads.com/us/job/executive-assistant--burr-ridge--e0d9aedeb270fb6b56dae721bee1c8e74
Pharma Growth Executive,Ascentria Search Partners,Chicago (IL),2026-09-04,https://www.jobleads.com/us/job/pharma-growth-executive--chicago--e28dab93318ab91f543ff3bdc2b4afc8e,https://www.ascentriasearchpartners.com,Actively Hiring,"Work Setting: On-site | Salary: USD 150,000 - 190,000",JobLeads,https://www.ascentriasearchpartners.com,https://www.jobleads.com/us/job/pharma-growth-executive--chicago--e28dab93318ab91f543ff3bdc2b4afc8e
"Remote Account Executive, B2B SaaS (Startup Growth)",SCALIS,Chicago (IL),2026-09-04,https://www.jobleads.com/us/job/remote-account-executive-b2b-saas-startup-growth--chicago--ef1bdc8d29a5539600e545de166d1711c,https://www.scalis.com,Actively Hiring,"Work Setting: On-site | Salary: USD 85,000 - 135,000",JobLeads,https://www.scalis.com,https://www.jobleads.com/us/job/remote-account-executive-b2b-saas-startup-growth--chicago--ef1bdc8d29a5539600e545de166d1711c
Remote Enterprise Account Executive,Elasticsearch B.V.,Chicago (IL),2026-09-04,https://www.jobleads.com/us/job/remote-enterprise-account-executive--chicago--ea2c70a33e26d06983b9c3e64b026a6d6,https://www.elasticsearchbv.com,Actively Hiring,"Work Setting: On-site | Salary: USD 94,000 - 150,000",JobLeads,https://www.elasticsearchbv.com,https://www.jobleads.com/us/job/remote-enterprise-account-executive--chicago--ea2c70a33e26d06983b9c3e64b026a6d6
Regional Growth Account Executive — Uncapped Commission,DWS ProSearch,Chicago (IL),2026-09-04,https://www.jobleads.com/us/job/regional-growth-account-executive-uncapped-commission--chicago--ea97cc9b8d2d830a8e80ec2fbc024a20e,https://www.dwsprosearch.com,Actively Hiring,"Work Setting: On-site | Salary: USD 100,000 - 120,000",JobLeads,https://www.dwsprosearch.com,https://www.jobleads.com/us/job/regional-growth-account-executive-uncapped-commission--chicago--ea97cc9b8d2d830a8e80ec2fbc024a20e
"LHH Recruitment Solution - Sales Executive - Hybrid - Chicago, IL",The Adecco Group,Chicago (IL),2026-09-04,https://www.jobleads.com/us/job/lhh-recruitment-solution-sales-executive-hybrid-chicago-il--chicago--e33303a04c92a80d36ba05849474ced34,https://www.theadecco.com,Actively Hiring,"Work Setting: On-site | Salary: USD 50,000 - 75,000",JobLeads,https://www.theadecco.com,https://www.jobleads.com/us/job/lhh-recruitment-solution-sales-executive-hybrid-chicago-il--chicago--e33303a04c92a80d36ba05849474ced34
(USA) Sales Executive,Morrison Express,Elk Grove Village (IL),2026-09-04,https://www.jobleads.com/us/job/usa-sales-executive--elk-grove-village--e8dc26f774d6a58b681c2f62aec412de6,https://www.morrisonexpress.com,Actively Hiring,"Work Setting: On-site | Salary: USD 60,000 - 80,000",JobLeads,https://www.morrisonexpress.com,https://www.jobleads.com/us/job/usa-sales-executive--elk-grove-village--e8dc26f774d6a58b681c2f62aec412de6
B2B Sales Executive - Facility Services (North IL),Fountain,Chicago (IL),2026-09-04,https://www.jobleads.com/us/job/b2b-sales-executive-facility-services-north-il--chicago--ee4f76a8f5349dc328254b70982b643bd,https://www.fountain.com,Actively Hiring,"Work Setting: On-site | Salary: USD 60,000 - 80,000",JobLeads,https://www.fountain.com,https://www.jobleads.com/us/job/b2b-sales-executive-facility-services-north-il--chicago--ee4f76a8f5349dc328254b70982b643bd
Account Executive,Empowered Staffing,Skokie (IL),2026-09-04,https://www.jobleads.com/us/job/account-executive--skokie--ea21c907259421ba4cdcf5881b642ea96,https://www.empoweredstaffing.com,Actively Hiring,"Work Setting: On-site | Salary: USD 90,000 - 140,000",JobLeads,https://www.empoweredstaffing.com,https://www.jobleads.com/us/job/account-executive--skokie--ea21c907259421ba4cdcf5881b642ea96
Remote Senior Logistics Sales Executive — High Value Freight,Top Talent LLC,Chicago (IL),2026-09-04,https://www.jobleads.com/us/job/remote-senior-logistics-sales-executive-high-value-freight--chicago--e1437b2e3877935221463b2cee05408cc,https://www.toptalent.com,Actively Hiring,"Work Setting: On-site | Salary: USD 100,000 - 125,000",JobLeads,https://www.toptalent.com,https://www.jobleads.com/us/job/remote-senior-logistics-sales-executive-high-value-freight--chicago--e1437b2e3877935221463b2cee05408cc
"Senior Account Executive, PR & Communications",LaunchSquad,"Chicago (IL), New York (NY), Boston (MA), San Francisco (CA)",2026-09-04,https://www.jobleads.com/us/job/public-relations-senior-specialist--chicago--new-york--boston--san-francisco--e15233bb45946078bbfe86e78a0efc201,https://www.launchsquad.com,Actively Hiring,"Work Setting: On-site | Salary: USD 70,000 - 85,000",JobLeads,https://www.launchsquad.com,https://www.jobleads.com/us/job/public-relations-senior-specialist--chicago--new-york--boston--san-francisco--e15233bb45946078bbfe86e78a0efc201
Enterprise SaaS Sales Executive for AI Platform,HappyRobot,Peru (IL),2026-09-04,https://www.jobleads.com/us/job/enterprise-saas-sales-executive-for-ai-platform--peru--ed3929b3e122b2d865fedf3e8974f3d08,https://www.happyrobot.ai,Actively Hiring,"Work Setting: On-site | Salary: USD 90,000 - 140,000",JobLeads,https://www.happyrobot.ai,https://www.jobleads.com/us/job/enterprise-saas-sales-executive-for-ai-platform--peru--ed3929b3e122b2d865fedf3e8974f3d08
Account Executive: Fast-Track to Management & Strategy,US Energy Company,Chicago (IL),2026-09-04,https://www.jobleads.com/us/job/account-executive-fast-track-to-management-strategy--chicago--e45d8ab38b7ebc8f97700eb11d46a6fa5,https://www.usenergycompany.com,Actively Hiring,"Work Setting: On-site | Salary: USD 60,000 - 80,000",JobLeads,https://www.usenergycompany.com,https://www.jobleads.com/us/job/account-executive-fast-track-to-management-strategy--chicago--e45d8ab38b7ebc8f97700eb11d46a6fa5
Sales Executive (2027 Graduate),Engtal,Chicago (IL),2026-09-10,https://www.jobleads.com/us/job/sales-executive-2027-graduate--chicago--ec9aa3d8d6ff4ffddc5a375cbdd2024c5,https://www.engtal.com,Actively Hiring,"Work Setting: On-site | Salary: USD 40,000 - 75,000",JobLeads,https://www.engtal.com,https://www.jobleads.com/us/job/sales-executive-2027-graduate--chicago--ec9aa3d8d6ff4ffddc5a375cbdd2024c5
Account Executive — B2B Sales with Mentorship & Uncapped Commission,Marcus Evans Group,Chicago (IL),2026-09-04,https://www.jobleads.com/us/job/account-executive-b2b-sales-with-mentorship-uncapped-commission--chicago--e6a77d64b78f461781c26341eaa908eca,https://www.marcusevans.com,Actively Hiring,"Work Setting: On-site | Salary: USD 42,000 - 80,000",JobLeads,https://www.marcusevans.com,https://www.jobleads.com/us/job/account-executive-b2b-sales-with-mentorship-uncapped-commission--chicago--e6a77d64b78f461781c26341eaa908eca
Global Executive Travel Manager,LaSalle Network,Chicago (IL),2026-09-04,https://www.jobleads.com/us/job/global-executive-travel-manager--chicago--e1dbcc4ed1d5fce5216f66adb9ef3fb83,https://www.lasallenetwork.com,Actively Hiring,"Work Setting: On-site | Salary: USD 120,000 - 130,000",JobLeads,https://www.lasallenetwork.com,https://www.jobleads.com/us/job/global-executive-travel-manager--chicago--e1dbcc4ed1d5fce5216f66adb9ef3fb83
Executive Assistant,Clear Investment Group,Chicago (IL),2026-09-04,https://www.jobleads.com/us/job/executive-assistant--chicago--e29ef5f3e90cf5ffc3f0c8030ec033897,https://www.clearinvestment.com,Actively Hiring,"Work Setting: On-site | Salary: USD 70,000 - 90,000",JobLeads,https://www.clearinvestment.com,https://www.jobleads.com/us/job/executive-assistant--chicago--e29ef5f3e90cf5ffc3f0c8030ec033897
Enterprise AI SaaS Account Executive,Happyrobot Inc.,Peru (IL),2026-09-04,https://www.jobleads.com/us/job/enterprise-ai-saas-account-executive--peru--e550653d3afe1f568202e6b0a6019cce1,https://www.happyrobot.ai,Actively Hiring,"Work Setting: On-site | Salary: USD 90,000 - 130,000",JobLeads,https://www.happyrobot.ai,https://www.jobleads.com/us/job/enterprise-ai-saas-account-executive--peru--e550653d3afe1f568202e6b0a6019cce1
"Leadership Advisory Services, Executive Search",Egon Zehnder,Chicago (IL),2026-09-04,https://www.jobleads.com/us/job/leadership-advisory-services-executive-search--chicago--ebfb085aefa4f3126b88b332a3cab4363,https://www.egonzehnder.com,Actively Hiring,"Work Setting: On-site | Salary: USD 90,000 - 140,000",JobLeads,https://www.egonzehnder.com,https://www.jobleads.com/us/job/leadership-advisory-services-executive-search--chicago--ebfb085aefa4f3126b88b332a3cab4363
Enterprise HCM Sales Executive – Growth & Impact,Paychex Deutschland GmbH,Chicago (IL),2026-09-04,https://www.jobleads.com/us/job/enterprise-hcm-sales-executive-growth-impact--chicago--e83fbdcd808011433dd5871ecc495b2ef,https://www.paychexdeutschland.com,Actively Hiring,"Work Setting: On-site | Salary: USD 85,000 - 160,000",JobLeads,https://www.paychexdeutschland.com,https://www.jobleads.com/us/job/enterprise-hcm-sales-executive-growth-impact--chicago--e83fbdcd808011433dd5871ecc495b2ef
Executive Director - Legacy Leadership Forums,Christian Career Center,Lansing (IL),2026-09-18,https://www.jobleads.com/us/job/executive-director-legacy-leadership-forums--lansing--ef11931da06914efb9fa02b74e16c296b,https://www.christiancareercenter.com,Actively Hiring,"Work Setting: On-site | Salary: USD 85,000 - 95,000",JobLeads,https://www.christiancareercenter.com,https://www.jobleads.com/us/job/executive-director-legacy-leadership-forums--lansing--ef11931da06914efb9fa02b74e16c296b
"Demand Generation Director, Logistics & Supply Chain AI - Fractional",Raft,Chicago (IL),2026-09-04,https://www.jobleads.com/us/job/demand-generation-director-logistics-supply-chain-ai--chicago--ee0988a5feab51c7892840616da2405d3,https://www.raft.com,Actively Hiring,"Work Setting: On-site | Salary: USD 120,000 - 180,000",JobLeads,https://www.raft.com,https://www.jobleads.com/us/job/demand-generation-director-logistics-supply-chain-ai--chicago--ee0988a5feab51c7892840616da2405d3
"Enterprise B2B Sales Executive, Supply Chain",Gartner,Chicago (IL),2026-09-04,https://www.jobleads.com/us/job/enterprise-b2b-sales-executive-supply-chain--chicago--ebb4eff17617d7a3ad377711211347766,https://www.gartner.com,Actively Hiring,"Work Setting: On-site | Salary: USD 102,000 - 147,000",JobLeads,https://www.gartner.com,https://www.jobleads.com/us/job/enterprise-b2b-sales-executive-supply-chain--chicago--ebb4eff17617d7a3ad377711211347766
Sales Executive,Lyngsoe Systems,Chicago (IL),2026-09-04,https://www.jobleads.com/us/job/sales-executive--chicago--e2a5ca09ff9acf28e55ea65078e193819,https://www.lyngsoesystems.com,Actively Hiring,"Work Setting: On-site | Salary: USD 120,000 - 190,000",JobLeads,https://www.lyngsoesystems.com,https://www.jobleads.com/us/job/sales-executive--chicago--e2a5ca09ff9acf28e55ea65078e193819
Senior Enterprise Expansion Account Executive,Domaintools,Chicago (IL),2026-09-04,https://www.jobleads.com/us/job/senior-enterprise-expansion-account-executive--chicago--ec33630310544d502208b4b73dca162d7,https://www.domaintools.com,Actively Hiring,"Work Setting: On-site | Salary: USD 130,000 - 150,000",JobLeads,https://www.domaintools.com,https://www.jobleads.com/us/job/senior-enterprise-expansion-account-executive--chicago--ec33630310544d502208b4b73dca162d7
Enterprise SaaS Growth Account Executive,Perk,Chicago (IL),2026-09-04,https://www.jobleads.com/us/job/enterprise-saas-growth-account-executive--chicago--e4927973aa7f18f219baa4b5e9c3daf7f,https://www.perk.com,Actively Hiring,"Work Setting: On-site | Salary: USD 180,000 - 230,000",JobLeads,https://www.perk.com,https://www.jobleads.com/us/job/enterprise-saas-growth-account-executive--chicago--e4927973aa7f18f219baa4b5e9c3daf7f
Digital Marketing Account Executive - Uncapped Earnings,Hibu,Mount Prospect (IL),2026-09-04,https://www.jobleads.com/us/job/digital-marketing-account-executive-uncapped-earnings--mount-prospect--ef9375e226a50a368c91ddc0b31f8b0a8,https://www.hibu.com,Actively Hiring,"Work Setting: On-site | Salary: USD 51,000 - 120,000",JobLeads,https://www.hibu.com,https://www.jobleads.com/us/job/digital-marketing-account-executive-uncapped-earnings--mount-prospect--ef9375e226a50a368c91ddc0b31f8b0a8
Remote Local Advertising Executive – Cinema & Data Solutions,"National CineMedia, LLC",Chicago (IL),2026-09-04,https://www.jobleads.com/us/job/remote-local-advertising-executive-cinema-data-solutions--chicago--e3f88bc8b5fef6eff0546954536c297b2,https://www.nationalcinemedia.com,Actively Hiring,"Work Setting: On-site | Salary: USD 85,000 - 125,000",JobLeads,https://www.nationalcinemedia.com,https://www.jobleads.com/us/job/remote-local-advertising-executive-cinema-data-solutions--chicago--e3f88bc8b5fef6eff0546954536c297b2
Sales Account Executive,"Sales Recruiters Chicago, Dallas, Denver",Elgin (IL),2026-09-04,https://www.jobleads.com/us/job/sales-account-executive--elgin--e21eee76456ad640a2fa1a9b4fe6adf77,https://www.salesrecruiterschicagodallasdenver.com,Actively Hiring,"Work Setting: On-site | Salary: USD 80,000 - 200,000",JobLeads,https://www.salesrecruiterschicagodallasdenver.com,https://www.jobleads.com/us/job/sales-account-executive--elgin--e21eee76456ad640a2fa1a9b4fe6adf77
Business Development Executive,Euromonitor International,"Chicago (IL), Northern (KY)",2026-09-04,https://www.jobleads.com/us/job/business-development-executive--chicago--northern--e23d1887a76fde9de2413d9c444004cbd,https://www.euromonitorinternational.com,Actively Hiring,"Work Setting: On-site | Salary: USD 64,000 - 104,000",JobLeads,https://www.euromonitorinternational.com,https://www.jobleads.com/us/job/business-development-executive--chicago--northern--e23d1887a76fde9de2413d9c444004cbd
Client Relationship Manager - Executive Search,Crucial Hire,Chicago (IL),2026-09-04,https://www.jobleads.com/us/job/client-relationship-manager-executive-search--chicago--ecf6ad982cc285d9bd99b70d10a7dbea9,https://www.crucialhire.com,Actively Hiring,"Work Setting: On-site | Salary: USD 90,000 - 600,000",JobLeads,https://www.crucialhire.com,https://www.jobleads.com/us/job/client-relationship-manager-executive-search--chicago--ecf6ad982cc285d9bd99b70d10a7dbea9
Senior Account Executive - Adobe Practice,NextRow Digital,Schaumburg (IL),2026-09-05,https://www.jobleads.com/us/job/senior-account-executive-adobe-practice--schaumburg--e14576843098878247987a56107520120,https://www.nextrowdigital.com,Actively Hiring,"Work Setting: On-site | Salary: USD 300,000 - 325,000",JobLeads,https://www.nextrowdigital.com,https://www.jobleads.com/us/job/senior-account-executive-adobe-practice--schaumburg--e14576843098878247987a56107520120
Account Executive (investments),Marcus Evans Group,Chicago (IL),2026-09-04,https://www.jobleads.com/us/job/account-executive-investments--chicago--e97d51541952262b133dd5ef89e39c712,https://www.marcusevans.com,Actively Hiring,"Work Setting: On-site | Salary: USD 60,000 - 80,000",JobLeads,https://www.marcusevans.com,https://www.jobleads.com/us/job/account-executive-investments--chicago--e97d51541952262b133dd5ef89e39c712
Marketing Communications & Demand Generation Manager,MedPro Disposal,Naperville (IL),2026-09-06,https://www.jobleads.com/us/job/marketing-communications-demand-generation-manager--naperville--e44ebc3b5a91687efbcd56920a2163d94,https://www.medprodisposal.com,Actively Hiring,"Work Setting: On-site | Salary: USD 70,000 - 80,000",JobLeads,https://www.medprodisposal.com,https://www.jobleads.com/us/job/marketing-communications-demand-generation-manager--naperville--e44ebc3b5a91687efbcd56920a2163d94
"Business Development Executive, Supply Chain, LE",Gartner,Chicago (IL),2026-09-04,https://www.jobleads.com/us/job/business-development-executive-supply-chain-le--chicago--ed19e2c68036a2541ea16fc751759cace,https://www.gartner.com,Actively Hiring,"Work Setting: On-site | Salary: USD 102,000 - 147,000",JobLeads,https://www.gartner.com,https://www.jobleads.com/us/job/business-development-executive-supply-chain-le--chicago--ed19e2c68036a2541ea16fc751759cace
Account Executive,Forefront Global Logistics LLC,Elk Grove Village (IL),2026-09-04,https://www.jobleads.com/us/job/account-executive--elk-grove-village--e4e4d02d7ef6505fd9cf22d525cc45d86,https://www.forefrontgloballogistics.com,Actively Hiring,"Work Setting: On-site | Salary: USD 50,000 - 75,000",JobLeads,https://www.forefrontgloballogistics.com,https://www.jobleads.com/us/job/account-executive--elk-grove-village--e4e4d02d7ef6505fd9cf22d525cc45d86
Logistics Account Executive – Uncapped Earnings,InXpress,Orland Park (IL),2026-09-18,https://www.jobleads.com/us/job/logistics-account-executive-uncapped-earnings--orland-park--e68bb4fad7b4dac869903f8877583a6f7,https://www.inxpress.com,Actively Hiring,"Work Setting: On-site | Salary: USD 60,000 - 120,000",JobLeads,https://www.inxpress.com,https://www.jobleads.com/us/job/logistics-account-executive-uncapped-earnings--orland-park--e68bb4fad7b4dac869903f8877583a6f7
Experienced Sales Executive - Employee Benefits,Cottingham & Butler,Des Plaines (IL),2026-09-04,https://www.jobleads.com/us/job/experienced-sales-executive-employee-benefits--des-plaines--e907eca00b80a34752833b1e50e7c5ba3,https://www.cottinghambutler.com,Actively Hiring,"Work Setting: On-site | Salary: USD 90,000 - 130,000",JobLeads,https://www.cottinghambutler.com,https://www.jobleads.com/us/job/experienced-sales-executive-employee-benefits--des-plaines--e907eca00b80a34752833b1e50e7c5ba3
Account Executive,"Octane11, Inc.",Chicago (IL),2026-09-04,https://www.jobleads.com/us/job/account-executive--chicago--e6d28b9f0e1934d6c4f8f0e67c0a2b6c0,https://www.octane11.com,Actively Hiring,"Work Setting: On-site | Salary: USD 70,000 - 90,000",JobLeads,https://www.octane11.com,https://www.jobleads.com/us/job/account-executive--chicago--e6d28b9f0e1934d6c4f8f0e67c0a2b6c0
Remote AdTech Account Executive: Programmatic Data,Precisely,Chicago (IL),2026-09-04,https://www.jobleads.com/us/job/remote-adtech-account-executive-programmatic-data--chicago--e5a2d166325a730586ccaa76aa27b75c6,https://www.precisely.com,Actively Hiring,"Work Setting: On-site | Salary: USD 100,000 - 135,000",JobLeads,https://www.precisely.com,https://www.jobleads.com/us/job/remote-adtech-account-executive-programmatic-data--chicago--e5a2d166325a730586ccaa76aa27b75c6
IT Sales Executive: Uncapped Commissions & Growth,Sentinel Technologies Inc.,Downers Grove (IL),2026-09-04,https://www.jobleads.com/us/job/it-sales-executive-uncapped-commissions-growth--downers-grove--ee1bb0639d06757acfbecb5c0a92adb3e,https://www.sentinel.com,Actively Hiring,"Work Setting: On-site | Salary: USD 65,000 - 200,000",JobLeads,https://www.sentinel.com,https://www.jobleads.com/us/job/it-sales-executive-uncapped-commissions-growth--downers-grove--ee1bb0639d06757acfbecb5c0a92adb3e
"Account Executive, Digital Media","Brett Fisher Group, LLC",Chicago (IL),2026-09-04,https://www.jobleads.com/us/job/account-executive-digital-media--chicago--e5e4540c9f26afca7d3ebd68364d36faa,https://www.brettfisher.com,Actively Hiring,"Work Setting: On-site | Salary: USD 60,000 - 80,000",JobLeads,https://www.brettfisher.com,https://www.jobleads.com/us/job/account-executive-digital-media--chicago--e5e4540c9f26afca7d3ebd68364d36faa
Executive Personal Assistant,Fairway Independent Mortgage Corporation,Chicago (IL),2026-09-04,https://www.jobleads.com/us/job/executive-personal-assistant--chicago--e4334958d7fca17923b920b0d3b45b654,https://www.fairwayindependentmortgage.com,Actively Hiring,"Work Setting: On-site | Salary: USD 40,000 - 46,000",JobLeads,https://www.fairwayindependentmortgage.com,https://www.jobleads.com/us/job/executive-personal-assistant--chicago--e4334958d7fca17923b920b0d3b45b654
Major Account Executive,Green Office Partner,Chicago (IL),2026-09-18,https://www.jobleads.com/us/job/major-account-executive--chicago--e9e7656a232d93a1f439aef458b3aa7f1,https://www.greenofficepartner.com,Actively Hiring,"Work Setting: On-site | Salary: USD 100,000 - 180,000",JobLeads,https://www.greenofficepartner.com,https://www.jobleads.com/us/job/major-account-executive--chicago--e9e7656a232d93a1f439aef458b3aa7f1
Sales Executive - Chicago,KLM Careers,Chicago (IL),2026-09-04,https://www.jobleads.com/us/job/sales-executive-chicago--chicago--e575208d5a7e86124aadeaad12320c1d9,https://www.klmcareers.com,Actively Hiring,"Work Setting: On-site | Salary: USD 70,000 - 90,000",JobLeads,https://www.klmcareers.com,https://www.jobleads.com/us/job/sales-executive-chicago--chicago--e575208d5a7e86124aadeaad12320c1d9
Sales Executive Assistant — Growth & Strategy,Mars Incorporated,Chicago (IL),2026-09-07,https://www.jobleads.com/us/job/sales-executive-assistant-growth-strategy--chicago--e25b725df49b988f1af6d9249275ab1bc,https://www.marsincorporated.com,Actively Hiring,"Work Setting: On-site | Salary: USD 75,000 - 103,000",JobLeads,https://www.marsincorporated.com,https://www.jobleads.com/us/job/sales-executive-assistant-growth-strategy--chicago--e25b725df49b988f1af6d9249275ab1bc
Global EOR Account Executive: Strategic Closings,Atlas HXM,Chicago (IL),2026-09-04,https://www.jobleads.com/us/job/global-eor-account-executive-strategic-closings--chicago--e1e3ebee23019bbb3c8953a17509253c9,https://www.atlashxm.com,Actively Hiring,"Work Setting: On-site | Salary: USD 100,000 - 180,000",JobLeads,https://www.atlashxm.com,https://www.jobleads.com/us/job/global-eor-account-executive-strategic-closings--chicago--e1e3ebee23019bbb3c8953a17509253c9
Creative Agency - Account Executive,Tukaiz,Franklin Park (IL),2026-09-04,https://www.jobleads.com/us/job/account-executive--franklin-park--e1360769715e0e54ac3ba9aaa0c25682a,https://www.tukaiz.com,Actively Hiring,"Work Setting: On-site | Salary: USD 65,000 - 85,000",JobLeads,https://www.tukaiz.com,https://www.jobleads.com/us/job/account-executive--franklin-park--e1360769715e0e54ac3ba9aaa0c25682a
Account Executive,Hirewell,Chicago (IL),2026-09-04,https://www.jobleads.com/us/job/account-executive--chicago--e3ebc5740c028834c77e0b8219e145232,https://www.hirewell.com,Actively Hiring,"Work Setting: On-site | Salary: USD 85,000 - 135,000",JobLeads,https://www.hirewell.com,https://www.jobleads.com/us/job/account-executive--chicago--e3ebc5740c028834c77e0b8219e145232
Account Executive - Digital Transformation,Codal,Chicago (IL),2026-09-04,https://www.jobleads.com/us/job/account-executive-digital-transformation--chicago--e8c35137750e27f0654784fcfcdd06719,https://www.codal.com,Actively Hiring,"Work Setting: On-site | Salary: USD 65,000 - 90,000",JobLeads,https://www.codal.com,https://www.jobleads.com/us/job/account-executive-digital-transformation--chicago--e8c35137750e27f0654784fcfcdd06719
"Senior Account Executive, Sports Tech — High-Growth Startup",JLB,Chicago (IL),2026-09-04,https://www.jobleads.com/us/job/senior-account-executive-sports-tech-high-growth-startup--chicago--e2331d44a44bd3150ef77cf96a99739ac,https://www.jlb.com,Actively Hiring,"Work Setting: On-site | Salary: USD 200,000",JobLeads,https://www.jlb.com,https://www.jobleads.com/us/job/senior-account-executive-sports-tech-high-growth-startup--chicago--e2331d44a44bd3150ef77cf96a99739ac
Experienced Executive Assistant,Watson Dwyer Inc.,Chicago (IL),2026-09-04,https://www.jobleads.com/us/job/experienced-executive-assistant--chicago--e65fc66906ba152b985694275cf5bc981,https://www.watsondwyer.com,Actively Hiring,"Work Setting: On-site | Salary: USD 80,000 - 120,000",JobLeads,https://www.watsondwyer.com,https://www.jobleads.com/us/job/experienced-executive-assistant--chicago--e65fc66906ba152b985694275cf5bc981
Account Executive | Uncapped Commission + On-Site,Victory Lap,River Grove (IL),2026-09-04,https://www.jobleads.com/us/job/account-executive-uncapped-commission-on-site--river-grove--e758682393d65132360539f9de920cfb7,https://www.victorylap.com,Actively Hiring,"Work Setting: On-site | Salary: USD 90,000 - 180,000",JobLeads,https://www.victorylap.com,https://www.jobleads.com/us/job/account-executive-uncapped-commission-on-site--river-grove--e758682393d65132360539f9de920cfb7
"Account Executive, Enterprise",Showpad,Chicago (IL),2026-09-04,https://www.jobleads.com/us/job/account-executive-enterprise--chicago--e02f9a469ed75d66d8efa14d7ab4cae8d,https://www.showpad.com,Actively Hiring,"Work Setting: On-site | Salary: USD 90,000 - 150,000",JobLeads,https://www.showpad.com,https://www.jobleads.com/us/job/account-executive-enterprise--chicago--e02f9a469ed75d66d8efa14d7ab4cae8d
Enterprise Sales Executive — AI-Powered Growth,Paychex,Chicago (IL),2026-09-18,https://www.jobleads.com/us/job/enterprise-sales-executive-ai-powered-growth--chicago--ee89b1371ae4a5c4540a8092af240ccef,https://www.paychex.com,Actively Hiring,"Work Setting: On-site | Salary: USD 85,000 - 200,000",JobLeads,https://www.paychex.com,https://www.jobleads.com/us/job/enterprise-sales-executive-ai-powered-growth--chicago--ee89b1371ae4a5c4540a8092af240ccef
Executive Search Researcher and Sourcer,"The Overture Group, LLC",Lisle (IL),2026-09-04,https://www.jobleads.com/us/job/executive-search-researcher-and-sourcer--lisle--e018168f2f2861f6fa1e77ad6ed151e64,https://www.theoverture.com,Actively Hiring,"Work Setting: On-site | Salary: USD 70,000 - 100,000",JobLeads,https://www.theoverture.com,https://www.jobleads.com/us/job/executive-search-researcher-and-sourcer--lisle--e018168f2f2861f6fa1e77ad6ed151e64
Sales Executive,Xerox,Crown Point (IN),2026-09-04,https://www.jobleads.com/us/job/sales-executive--crown-point--ee0fe586ed1d723cd59c40d770c74aeeb,https://www.xerox.com,Actively Hiring,"Work Setting: On-site | Salary: USD 80,000 - 200,000",JobLeads,https://www.xerox.com,https://www.jobleads.com/us/job/sales-executive--crown-point--ee0fe586ed1d723cd59c40d770c74aeeb
North America Business Executive Trainee,Pacificacontinental,Chicago (IL),2026-09-04,https://www.jobleads.com/us/job/north-america-business-executive-trainee--chicago--e9ecf52a0725640f87cef03e2e19cccbc,https://www.pacificacontinental.com,Actively Hiring,"Work Setting: On-site | Salary: USD 70,000 - 90,000",JobLeads,https://www.pacificacontinental.com,https://www.jobleads.com/us/job/north-america-business-executive-trainee--chicago--e9ecf52a0725640f87cef03e2e19cccbc
Associate Account Executive – Brooksource – Immediate Start,Eightelevengroup,Chicago (IL),2026-09-14,https://www.jobleads.com/us/job/associate-account-executive-brooksource-immediate-start--chicago--e326f0a1eee9e0f957614066b05fa130a,https://www.eightelevengroup.com,Actively Hiring,"Work Setting: On-site | Salary: USD 70,000 - 110,000",JobLeads,https://www.eightelevengroup.com,https://www.jobleads.com/us/job/associate-account-executive-brooksource-immediate-start--chicago--e326f0a1eee9e0f957614066b05fa130a
Account Executive – Luxury Media (Uncapped Commission),Modern Luxury,Chicago (IL),2026-09-04,https://www.jobleads.com/us/job/account-executive--chicago--ecc34a01f17a7d7193200221ca69b0d2c,https://www.modernluxury.com,Actively Hiring,"Work Setting: On-site | Salary: USD 60,000 - 80,000",JobLeads,https://www.modernluxury.com,https://www.jobleads.com/us/job/account-executive--chicago--ecc34a01f17a7d7193200221ca69b0d2c
Outside Sales Executive (Municipal and Industrial Market),Dreisilker Electric Motors Inc.,Oak Brook (IL),2026-09-04,https://www.jobleads.com/us/job/outside-sales-executive-municipal-and-industrial-market--oak-brook--e16810642016c8d8bca35215fb7a8b69f,https://www.dreisilkerelectricmotors.com,Actively Hiring,"Work Setting: On-site | Salary: USD 70,000 - 130,000",JobLeads,https://www.dreisilkerelectricmotors.com,https://www.jobleads.com/us/job/outside-sales-executive-municipal-and-industrial-market--oak-brook--e16810642016c8d8bca35215fb7a8b69f
Qualified Commercial Account Executive,"salesforce.com, inc.",Chicago (IL),2026-09-04,https://www.jobleads.com/us/job/qualified-commercial-account-executive--chicago--ef2b093f6e11c089517b3f89a3b85a5b9,https://www.salesforce.com,Actively Hiring,"Work Setting: On-site | Salary: USD 99,000 - 190,000",JobLeads,https://www.salesforce.com,https://www.jobleads.com/us/job/qualified-commercial-account-executive--chicago--ef2b093f6e11c089517b3f89a3b85a5b9
Remote Client Growth Executive for Enterprise Accounts,Corestream,Chicago (IL),2026-09-07,https://www.jobleads.com/us/job/remote-client-growth-executive-for-enterprise-accounts--chicago--e407638591853eff18216dd535bf5b302,https://www.corestream.com,Actively Hiring,"Work Setting: On-site | Salary: USD 110,000 - 170,000",JobLeads,https://www.corestream.com,https://www.jobleads.com/us/job/remote-client-growth-executive-for-enterprise-accounts--chicago--e407638591853eff18216dd535bf5b302
IT Channel Sales Executive,Keystone Distinction Group,Chicago (IL),2026-09-04,https://www.jobleads.com/us/job/it-channel-sales-executive--chicago--eed28fcaaa954e7409ea3cb1480108b4c,https://www.keystonedistinction.com,Actively Hiring,"Work Setting: On-site | Salary: USD 100,000 - 130,000",JobLeads,https://www.keystonedistinction.com,https://www.jobleads.com/us/job/it-channel-sales-executive--chicago--eed28fcaaa954e7409ea3cb1480108b4c
Outside Sales Executive,LRS,Chicago (IL),2026-09-12,https://www.jobleads.com/us/job/outside-sales-executive--chicago--e40b35d61259743c650f83b8d442b50b5,https://www.lrs.com,Actively Hiring,"Work Setting: On-site | Salary: USD 52,000 - 65,000",JobLeads,https://www.lrs.com,https://www.jobleads.com/us/job/outside-sales-executive--chicago--e40b35d61259743c650f83b8d442b50b5
Account Executive,Strategy,Chicago (IL),2026-09-09,https://www.jobleads.com/us/job/account-executive--chicago--e9a47792debbd739c49c5292ac9e9dcfa,https://www.strategy.com,Actively Hiring,"Work Setting: On-site | Salary: USD 109,000 - 195,000",JobLeads,https://www.strategy.com,https://www.jobleads.com/us/job/account-executive--chicago--e9a47792debbd739c49c5292ac9e9dcfa
Account Executive,Victory Lap,River Grove (IL),2026-09-04,https://www.jobleads.com/us/job/account-executive--river-grove--e908f2c15145b52177cf90422d1a2ec01,https://www.victorylap.com,Actively Hiring,"Work Setting: On-site | Salary: USD 90,000 - 180,000",JobLeads,https://www.victorylap.com,https://www.jobleads.com/us/job/account-executive--river-grove--e908f2c15145b52177cf90422d1a2ec01
Senior Sales Executive,Vaimo,Chicago (IL),2026-09-04,https://www.jobleads.com/us/job/senior-sales-executive--chicago--e68fa842e2dddf7824bdd464217a282e1,https://www.vaimo.com,Actively Hiring,"Work Setting: On-site | Salary: USD 90,000 - 130,000",JobLeads,https://www.vaimo.com,https://www.jobleads.com/us/job/senior-sales-executive--chicago--e68fa842e2dddf7824bdd464217a282e1
Sales and Business Development Executive,Engtal,Chicago (IL),2026-09-11,https://www.jobleads.com/us/job/sales-and-business-development-executive--chicago--ed79f6d72b8f8a2851766915a920b739b,https://www.engtal.com,Actively Hiring,"Work Setting: On-site | Salary: USD 60,000 - 90,000",JobLeads,https://www.engtal.com,https://www.jobleads.com/us/job/sales-and-business-development-executive--chicago--ed79f6d72b8f8a2851766915a920b739b
"Executive Search Senior Associate, Consumer Markets","Heidrick & Struggles International, Inc.",Chicago (IL),2026-09-04,https://www.jobleads.com/us/job/executive-search-senior-associate-consumer-markets--chicago--e00561b7f0f45cd48ab745b08f2345c87,https://www.heidrickstrugglesinternational.com,Actively Hiring,"Work Setting: On-site | Salary: USD 100,000 - 125,000",JobLeads,https://www.heidrickstrugglesinternational.com,https://www.jobleads.com/us/job/executive-search-senior-associate-consumer-markets--chicago--e00561b7f0f45cd48ab745b08f2345c87
Strategic Industrial Accounts Executive (Field & Gov),Elgin Sweeper Company,Elgin (IL),2026-09-04,https://www.jobleads.com/us/job/strategic-industrial-accounts-executive-field-gov--elgin--ea677f28b70d71c944b4120b632c4940f,https://www.elginsweepercompany.com,Actively Hiring,"Work Setting: On-site | Salary: USD 85,000 - 130,000",JobLeads,https://www.elginsweepercompany.com,https://www.jobleads.com/us/job/strategic-industrial-accounts-executive-field-gov--elgin--ea677f28b70d71c944b4120b632c4940f
Account Executive - Recent Grad,Goosehead Insurance,Chicago (IL),2026-09-04,https://www.jobleads.com/us/job/account-executive-recent-grad--chicago--e81e7e570dc775127f8fb36919842189e,https://www.gooseheadinsurance.com,Actively Hiring,"Work Setting: On-site | Salary: USD 60,000 - 120,000",JobLeads,https://www.gooseheadinsurance.com,https://www.jobleads.com/us/job/account-executive-recent-grad--chicago--e81e7e570dc775127f8fb36919842189e
Major Account Executive,Green Office Partner,Chicago (IL),2026-09-04,https://www.jobleads.com/us/job/major-account-executive--chicago--eeceff26f34db064c57a7f4c012d56782,https://www.greenofficepartner.com,Actively Hiring,"Work Setting: On-site | Salary: USD 90,000 - 150,000",JobLeads,https://www.greenofficepartner.com,https://www.jobleads.com/us/job/major-account-executive--chicago--eeceff26f34db064c57a7f4c012d56782
"Executive Client Growth Leader, Enterprise Media & Data",Publicis Groupe Holdings B.V,Chicago (IL),2026-09-04,https://www.jobleads.com/us/job/executive-client-growth-leader-enterprise-media-data--chicago--e0169af04e015714aa4ca0826f1dacd74,https://www.publicisgroupebv.com,Actively Hiring,"Work Setting: On-site | Salary: USD 148,000 - 200,000",JobLeads,https://www.publicisgroupebv.com,https://www.jobleads.com/us/job/executive-client-growth-leader-enterprise-media-data--chicago--e0169af04e015714aa4ca0826f1dacd74
Account Executive,Forefront Global Logistics LLC,Chicago (IL),2026-09-04,https://www.jobleads.com/us/job/account-executive--chicago--edd8b72d131a10d7909008cf435f3acab,https://www.forefrontgloballogistics.com,Actively Hiring,"Work Setting: On-site | Salary: USD 55,000 - 85,000",JobLeads,https://www.forefrontgloballogistics.com,https://www.jobleads.com/us/job/account-executive--chicago--edd8b72d131a10d7909008cf435f3acab
Client Executive - Insurance Growth & Retention,"Hylant Group, Inc.",Chicago (IL),2026-09-04,https://www.jobleads.com/us/job/client-executive-insurance-growth-retention--chicago--e85a8c27091acd6d2813643cec3bcb7c8,https://www.hylant.com,Actively Hiring,"Work Setting: On-site | Salary: USD 90,000 - 130,000",JobLeads,https://www.hylant.com,https://www.jobleads.com/us/job/client-executive-insurance-growth-retention--chicago--e85a8c27091acd6d2813643cec3bcb7c8
Remote Field Account Executive - Revenue Growth Leader,Roadrunner,Downers Grove (IL),2026-09-04,https://www.jobleads.com/us/job/remote-field-account-executive-revenue-growth-leader--downers-grove--e0036b2e3e1209a26a17995dbae12d187,https://www.roadrunner.com,Actively Hiring,"Work Setting: On-site | Salary: USD 85,000 - 100,000",JobLeads,https://www.roadrunner.com,https://www.jobleads.com/us/job/remote-field-account-executive-revenue-growth-leader--downers-grove--e0036b2e3e1209a26a17995dbae12d187
Energy Sales & Campaigns Account Executive,US Energy Company,Schaumburg (IL),2026-09-04,https://www.jobleads.com/us/job/energy-sales-campaigns-account-executive--schaumburg--e7ff4150abd6eb94ab8116e45d240f515,https://www.usenergycompany.com,Actively Hiring,"Work Setting: On-site | Salary: USD 55,000 - 90,000",JobLeads,https://www.usenergycompany.com,https://www.jobleads.com/us/job/energy-sales-campaigns-account-executive--schaumburg--e7ff4150abd6eb94ab8116e45d240f515
Executive Search Researcher & Sourcer — AI-Driven Talent,"The Overture Group, LLC",Lisle (IL),2026-09-04,https://www.jobleads.com/us/job/executive-search-researcher-sourcer-ai-driven-talent--lisle--e386add4facdc350cf25d46e39cabd43f,https://www.theoverture.com,Actively Hiring,"Work Setting: On-site | Salary: USD 70,000 - 100,000",JobLeads,https://www.theoverture.com,https://www.jobleads.com/us/job/executive-search-researcher-sourcer-ai-driven-talent--lisle--e386add4facdc350cf25d46e39cabd43f
"LHH Recruitment Solutions - Executive Recruiter Attorney Search - Hybrid - Chicago, IL",The Adecco Group,Chicago (IL),2026-09-04,https://www.jobleads.com/us/job/lhh-recruitment-solutions-executive-recruiter-attorney-search-hybrid-chicago-il--chicago--ee76c15d74c7f05925bb4cfe7e73dc687,https://www.theadecco.com,Actively Hiring,"Work Setting: On-site | Salary: USD 50,000 - 70,000",JobLeads,https://www.theadecco.com,https://www.jobleads.com/us/job/lhh-recruitment-solutions-executive-recruiter-attorney-search-hybrid-chicago-il--chicago--ee76c15d74c7f05925bb4cfe7e73dc687
Junior Sales Executives-Sports Minded/Military - SALARIED,Ethos Management,Hammond (IN),2026-09-04,https://www.jobleads.com/us/job/junior-sales-executives-sports-minded-military-salaried--hammond--e1ff8a8de3936da102bf6e575fa403fb6,https://www.ethosmanagement.com,Actively Hiring,"Work Setting: On-site | Salary: USD 38,000 - 52,000",JobLeads,https://www.ethosmanagement.com,https://www.jobleads.com/us/job/junior-sales-executives-sports-minded-military-salaried--hammond--e1ff8a8de3936da102bf6e575fa403fb6
Transportation Sales Growth Executive,Australia-Employment,Chicago (IL),2026-09-14,https://www.jobleads.com/us/job/transportation-sales-growth-executive--chicago--e62393dd31dfc8d65471aaa973793c43c,https://www.australiaemployment.com,Actively Hiring,"Work Setting: On-site | Salary: USD 85,000 - 250,000",JobLeads,https://www.australiaemployment.com,https://www.jobleads.com/us/job/transportation-sales-growth-executive--chicago--e62393dd31dfc8d65471aaa973793c43c
Senior Account Executive - Ongoing Recruitment,Wonderlic,Chicago (IL),2026-09-13,https://www.jobleads.com/us/job/senior-account-executive-ongoing-recruitment--chicago--e3a246b746a02c6a6d00a67646585d944,https://www.wonderlic.com,Actively Hiring,"Work Setting: On-site | Salary: USD 175,000 - 220,000",JobLeads,https://www.wonderlic.com,https://www.jobleads.com/us/job/senior-account-executive-ongoing-recruitment--chicago--e3a246b746a02c6a6d00a67646585d944
Executive Meetings & Events Sales Lead,Schulte Hospitality Group,Chicago (IL),2026-09-09,https://www.jobleads.com/us/job/executive-meetings-events-sales-lead--chicago--e4b7569c43da5a41ba9f4cd83da75d722,https://www.schultehospitality.com,Actively Hiring,"Work Setting: On-site | Salary: USD 65,000 - 70,000",JobLeads,https://www.schultehospitality.com,https://www.jobleads.com/us/job/executive-meetings-events-sales-lead--chicago--e4b7569c43da5a41ba9f4cd83da75d722
Enterprise Account Executive | Uncapped Commissions,Gartner,Chicago (IL),2026-09-04,https://www.jobleads.com/us/job/enterprise-account-executive-uncapped-commissions--chicago--e5e10d237ec1ead517032be3f9c7084df,https://www.gartner.com,Actively Hiring,"Work Setting: On-site | Salary: USD 80,000 - 120,000",JobLeads,https://www.gartner.com,https://www.jobleads.com/us/job/enterprise-account-executive-uncapped-commissions--chicago--e5e10d237ec1ead517032be3f9c7084df
Account Executive,Atlas HXM,Chicago (IL),2026-09-04,https://www.jobleads.com/us/job/account-executive--chicago--e8f9b6cb2804dc8aecb3b618f51b75026,https://www.atlashxm.com,Actively Hiring,"Work Setting: On-site | Salary: USD 100,000 - 180,000",JobLeads,https://www.atlashxm.com,https://www.jobleads.com/us/job/account-executive--chicago--e8f9b6cb2804dc8aecb3b618f51b75026
Strategic Freight & Automotive Sales Executive,Morrison Express,Elk Grove Village (IL),2026-09-04,https://www.jobleads.com/us/job/strategic-freight-automotive-sales-executive--elk-grove-village--efac82b36333e1fd00905f7381b5e4b3b,https://www.morrisonexpress.com,Actively Hiring,"Work Setting: On-site | Salary: USD 60,000 - 80,000",JobLeads,https://www.morrisonexpress.com,https://www.jobleads.com/us/job/strategic-freight-automotive-sales-executive--elk-grove-village--efac82b36333e1fd00905f7381b5e4b3b
Senior Hi-Tech Enterprise Account Executive — Remote (West),Kinaxis,Chicago (IL),2026-09-04,https://www.jobleads.com/us/job/senior-hi-tech-enterprise-account-executive-remote-west--chicago--eeb90d0a7c0ce1b7532601966e4687517,https://www.kinaxis.com,Actively Hiring,"Work Setting: On-site | Salary: USD 100,000 - 130,000",JobLeads,https://www.kinaxis.com,https://www.jobleads.com/us/job/senior-hi-tech-enterprise-account-executive-remote-west--chicago--eeb90d0a7c0ce1b7532601966e4687517
Remote Enterprise Account Executive – Growth,MongoDB,Chicago (IL),2026-09-04,https://www.jobleads.com/us/job/remote-enterprise-account-executive-growth--chicago--e43bae3b9404a223871aa0ad9c4d0bd30,https://www.mongodb.com,Actively Hiring,"Work Setting: On-site | Salary: USD 150,000",JobLeads,https://www.mongodb.com,https://www.jobleads.com/us/job/remote-enterprise-account-executive-growth--chicago--e43bae3b9404a223871aa0ad9c4d0bd30
Account Executive,"Energy Systems Group, LLC.",Chicago (IL),2026-09-04,https://www.jobleads.com/us/job/account-executive--chicago--e1ae43837093b802e8136f1a901e26211,https://www.energysystems.com,Actively Hiring,"Work Setting: On-site | Salary: USD 90,000 - 130,000",JobLeads,https://www.energysystems.com,https://www.jobleads.com/us/job/account-executive--chicago--e1ae43837093b802e8136f1a901e26211
Enterprise Account Executive - Chicago,Socket.dev,Chicago (IL),2026-09-04,https://www.jobleads.com/us/job/enterprise-account-executive-chicago--chicago--ecb7a14c3f1bd098619f58662b83aa3a6,https://www.socketdev.com,Actively Hiring,"Work Setting: On-site | Salary: USD 150,000 - 230,000",JobLeads,https://www.socketdev.com,https://www.jobleads.com/us/job/enterprise-account-executive-chicago--chicago--ecb7a14c3f1bd098619f58662b83aa3a6
Global Experiential Events Account Executive,Production Resource Group,Chicago (IL),2026-09-11,https://www.jobleads.com/us/job/global-experiential-events-account-executive--chicago--e99e2cb5587b497434a82c71d2a1ac1b8,https://www.productionresource.com,Actively Hiring,"Work Setting: On-site | Salary: USD 80,000 - 120,000",JobLeads,https://www.productionresource.com,https://www.jobleads.com/us/job/global-experiential-events-account-executive--chicago--e99e2cb5587b497434a82c71d2a1ac1b8
"Enterprise Account Executive, Azure & Data AI Solutions",Medium,Chicago (IL),2026-09-04,https://www.jobleads.com/us/job/enterprise-account-executive-azure-data-ai-solutions--chicago--e0ab09ac2161456ccd61e0102e1a20854,https://www.medium.com,Actively Hiring,"Work Setting: On-site | Salary: USD 120,000 - 160,000",JobLeads,https://www.medium.com,https://www.jobleads.com/us/job/enterprise-account-executive-azure-data-ai-solutions--chicago--e0ab09ac2161456ccd61e0102e1a20854
Lead Specialty Sales Executive Team Leader,Target,Tinley Park (IL),2026-09-04,https://www.jobleads.com/us/job/lead-specialty-sales-executive-team-leader--tinley-park--e1def94c629e48dd21b9429c4564e0ffd,https://www.target.com,Actively Hiring,"Work Setting: On-site | Salary: USD 64,000 - 128,000",JobLeads,https://www.target.com,https://www.jobleads.com/us/job/lead-specialty-sales-executive-team-leader--tinley-park--e1def94c629e48dd21b9429c4564e0ffd
Digital Sales Executive: Uncapped Earnings & Growth,Hibu,Villa Park (IL),2026-09-04,https://www.jobleads.com/us/job/digital-sales-executive-uncapped-earnings-growth--villa-park--e654daa67ad84db03208a62560348ff9e,https://www.hibu.com,Actively Hiring,"Work Setting: On-site | Salary: USD 51,000 - 120,000",JobLeads,https://www.hibu.com,https://www.jobleads.com/us/job/digital-sales-executive-uncapped-earnings-growth--villa-park--e654daa67ad84db03208a62560348ff9e
IT Sales Executive — Uncapped Commission & Mentorship,Sentinel Technologies,Downers Grove (IL),2026-09-12,https://www.jobleads.com/us/job/it-sales-executive-uncapped-commission-mentorship--downers-grove--e46c032e3e988e86b198be664b0d7b89f,https://www.sentinel.com,Actively Hiring,"Work Setting: On-site | Salary: USD 65,000 - 200,000",JobLeads,https://www.sentinel.com,https://www.jobleads.com/us/job/it-sales-executive-uncapped-commission-mentorship--downers-grove--e46c032e3e988e86b198be664b0d7b89f
Account Executive (IT & Cybersecurity),"Impact Networking, LLC",Chicago (IL),2026-09-04,https://www.jobleads.com/us/job/account-executive-it-cybersecurity--chicago--ef7645144b9a82e2ba165229507ec8b44,https://www.impactnetworking.com,Actively Hiring,"Work Setting: On-site | Salary: USD 120,000 - 280,000",JobLeads,https://www.impactnetworking.com,https://www.jobleads.com/us/job/account-executive-it-cybersecurity--chicago--ef7645144b9a82e2ba165229507ec8b44
Remote Dental Tech Account Executive,RevenueWell,Chicago (IL),2026-09-13,https://www.jobleads.com/us/job/remote-dental-tech-account-executive--chicago--eeb28ca7cbe2502d8b749595c89ceffc9,https://www.revenuewell.com,Actively Hiring,"Work Setting: On-site | Salary: USD 60,000 - 90,000",JobLeads,https://www.revenuewell.com,https://www.jobleads.com/us/job/remote-dental-tech-account-executive--chicago--eeb28ca7cbe2502d8b749595c89ceffc9
Account Executive,Gartner,Chicago (IL),2026-09-04,https://www.jobleads.com/us/job/account-executive--chicago--ed46c6efb122480059334dc963fc56f13,https://www.gartner.com,Actively Hiring,"Work Setting: On-site | Salary: USD 80,000 - 120,000",JobLeads,https://www.gartner.com,https://www.jobleads.com/us/job/account-executive--chicago--ed46c6efb122480059334dc963fc56f13
Strategic Executive Assistant – Sales & Leadership Support,Mars,Chicago (IL),2026-09-10,https://www.jobleads.com/us/job/strategic-executive-assistant-sales-leadership-support--chicago--e8eff270cb8f1b58b43ad6caa67efcb13,https://www.mars.com,Actively Hiring,"Work Setting: On-site | Salary: USD 75,000 - 103,000",JobLeads,https://www.mars.com,https://www.jobleads.com/us/job/strategic-executive-assistant-sales-leadership-support--chicago--e8eff270cb8f1b58b43ad6caa67efcb13
Account Executive,Energy CX,Chicago (IL),2026-09-04,https://www.jobleads.com/us/job/account-executive--chicago--e283446b04dcc68495015f0f3554e15a5,https://www.energycx.com,Actively Hiring,"Work Setting: On-site | Salary: USD 125,000 - 500,000",JobLeads,https://www.energycx.com,https://www.jobleads.com/us/job/account-executive--chicago--e283446b04dcc68495015f0f3554e15a5
Growth-Focused Client Account Executive,Paylocity,Schaumburg (IL),2026-09-08,https://www.jobleads.com/us/job/growth-focused-client-account-executive--schaumburg--ebb7698efd38ef236c47c1d0f327947e1,https://www.paylocity.com,Actively Hiring,"Work Setting: On-site | Salary: USD 55,000 - 60,000",JobLeads,https://www.paylocity.com,https://www.jobleads.com/us/job/growth-focused-client-account-executive--schaumburg--ebb7698efd38ef236c47c1d0f327947e1
Regional Auto Dealer Growth Executive,JMG Marketing,Chicago (IL),2026-09-04,https://www.jobleads.com/us/job/regional-auto-dealer-growth-executive--chicago--e38348473e479b78efab5d51ccbd33785,https://www.jmgmarketing.com,Actively Hiring,"Work Setting: On-site | Salary: USD 90,000 - 140,000",JobLeads,https://www.jmgmarketing.com,https://www.jobleads.com/us/job/regional-auto-dealer-growth-executive--chicago--e38348473e479b78efab5d51ccbd33785
"Sales Executive, Commercial Risk Management",Gibson,Chicago (IL),2026-09-04,https://www.jobleads.com/us/job/sales-executive-commercial-risk-management--chicago--e787e0c10518f10ba3c358f2141fecef1,https://www.gibson.com,Actively Hiring,"Work Setting: On-site | Salary: USD 60,000 - 85,000",JobLeads,https://www.gibson.com,https://www.jobleads.com/us/job/sales-executive-commercial-risk-management--chicago--e787e0c10518f10ba3c358f2141fecef1
Enterprise Account Executive - Chicago,CodeRabbit,Chicago (IL),2026-09-04,https://www.jobleads.com/us/job/enterprise-account-executive-chicago--chicago--e4b407a87168ec1daf41dc37905ddd6cc,https://www.coderabbit.com,Actively Hiring,"Work Setting: On-site | Salary: USD 80,000 - 120,000",JobLeads,https://www.coderabbit.com,https://www.jobleads.com/us/job/enterprise-account-executive-chicago--chicago--e4b407a87168ec1daf41dc37905ddd6cc
"Director, Executive Thought Leadership",JLL,Chicago (IL),2026-09-10,https://www.jobleads.com/us/job/director-executive-thought-leadership--chicago--e4918d9c882c23b8ff6cdf9a242ec50fd,https://www.jll.com,Actively Hiring,"Work Setting: On-site | Salary: USD 120,000 - 190,000",JobLeads,https://www.jll.com,https://www.jobleads.com/us/job/director-executive-thought-leadership--chicago--e4918d9c882c23b8ff6cdf9a242ec50fd
B2B Sales Account Executive - Grow Client Partnerships,PeopleShare,Frankfort (IL),2026-09-04,https://www.jobleads.com/us/job/sales-account-executive--frankfort--e9f8cf911c6ca57eb3a24ead4ef40dc49,https://www.peopleshare.com,Actively Hiring,"Work Setting: On-site | Salary: USD 60,000 - 65,000",JobLeads,https://www.peopleshare.com,https://www.jobleads.com/us/job/sales-account-executive--frankfort--e9f8cf911c6ca57eb3a24ead4ef40dc49
Sales Account Executive: Own the Funnel & Close Deals,AMZ Advisers,Chicago (IL),2026-09-04,https://www.jobleads.com/us/job/sales-account-executive-own-the-funnel-close-deals--chicago--e9803cff273783564004816d1ecb44953,https://www.amzadvisers.com,Actively Hiring,"Work Setting: On-site | Salary: USD 45,000 - 80,000",JobLeads,https://www.amzadvisers.com,https://www.jobleads.com/us/job/sales-account-executive-own-the-funnel-close-deals--chicago--e9803cff273783564004816d1ecb44953
Account Executive,Gordon-Flesc,Schaumburg (IL),2026-09-18,https://www.jobleads.com/us/job/account-executive--schaumburg--e613d79452eec4a02fdfd12d980ba7fe3,https://www.gordonflesc.com,Actively Hiring,"Work Setting: On-site | Salary: USD 60,000 - 75,000",JobLeads,https://www.gordonflesc.com,https://www.jobleads.com/us/job/account-executive--schaumburg--e613d79452eec4a02fdfd12d980ba7fe3
Enterprise HCM Sales Executive — Drive Growth & Partnerships,Paychex,Naperville (IL),2026-09-04,https://www.jobleads.com/us/job/enterprise-hcm-sales-executive-drive-growth-partnerships--naperville--e172d1b611d78a5afda32eb858016a49b,https://www.paychex.com,Actively Hiring,"Work Setting: On-site | Salary: USD 85,000 - 160,000",JobLeads,https://www.paychex.com,https://www.jobleads.com/us/job/enterprise-hcm-sales-executive-drive-growth-partnerships--naperville--e172d1b611d78a5afda32eb858016a49b
Account Executive,"H2B Consulting, Inc.",Chicago (IL),2026-09-04,https://www.jobleads.com/us/job/account-executive--chicago--e8f0ff1204d65aa760e6c68419c716eb4,https://www.h2bconsulting.com,Actively Hiring,"Work Setting: On-site | Salary: USD 85,000 - 120,000",JobLeads,https://www.h2bconsulting.com,https://www.jobleads.com/us/job/account-executive--chicago--e8f0ff1204d65aa760e6c68419c716eb4
Executive Leadership Operations Coordinator,Spotless Brands,Oakbrook Terrace (IL),2026-09-04,https://www.jobleads.com/us/job/executive-leadership-operations-coordinator--oakbrook-terrace--eebe0a53f13ec3cab2f3607d01214e919,https://www.spotlessbrands.com,Actively Hiring,"Work Setting: On-site | Salary: USD 55,000 - 75,000",JobLeads,https://www.spotlessbrands.com,https://www.jobleads.com/us/job/executive-leadership-operations-coordinator--oakbrook-terrace--eebe0a53f13ec3cab2f3607d01214e919
Talent Executive,Kforce Inc,Chicago (IL),2026-09-04,https://www.jobleads.com/us/job/talent-executive--chicago--e486afec11643eb6dee891dc3f86bda42,https://www.kforce.com,Actively Hiring,"Work Setting: On-site | Salary: USD 90,000 - 150,000",JobLeads,https://www.kforce.com,https://www.jobleads.com/us/job/talent-executive--chicago--e486afec11643eb6dee891dc3f86bda42
Fleet Branding Account Executive — Remote & Flexible Hours,Lowen Corporation,Chicago (IL),2026-09-04,https://www.jobleads.com/us/job/fleet-branding-account-executive-remote-flexible-hours--chicago--ec2bfe214f37df54601ad4806c34f3fca,https://www.lowen.com,Actively Hiring,"Work Setting: On-site | Salary: USD 50,000 - 70,000",JobLeads,https://www.lowen.com,https://www.jobleads.com/us/job/fleet-branding-account-executive-remote-flexible-hours--chicago--ec2bfe214f37df54601ad4806c34f3fca
Account Executive: Uncapped Commission in Energy Sector,Energy CX,Chicago (IL),2026-09-11,https://www.jobleads.com/us/job/account-executive-uncapped-commission-in-energy-sector--chicago--e9b42059f30d23838c794f2ab62f92b4a,https://www.energycx.com,Actively Hiring,"Work Setting: On-site | Salary: USD 140,000 - 515,000",JobLeads,https://www.energycx.com,https://www.jobleads.com/us/job/account-executive-uncapped-commission-in-energy-sector--chicago--e9b42059f30d23838c794f2ab62f92b4a
Executive Assistant,The Larko Group,Oak Brook (IL),2026-09-10,https://www.jobleads.com/us/job/executive-assistant--oak-brook--e5492d987ab11bdb1b4e3e891a6643dbb,https://www.thelarko.com,Actively Hiring,"Work Setting: On-site | Salary: USD 85,000 - 110,000",JobLeads,https://www.thelarko.com,https://www.jobleads.com/us/job/executive-assistant--oak-brook--e5492d987ab11bdb1b4e3e891a6643dbb
Turnkey Projects Field Sales Executive (Midwest),"Catalyst Recruiting, Inc",Chicago (IL),2026-09-10,https://www.jobleads.com/us/job/turnkey-projects-field-sales-executive-midwest--chicago--e510ca55db78552e311cc582019cc0c93,https://www.catalystrecruiting.com,Actively Hiring,"Work Setting: On-site | Salary: USD 85,000 - 145,000",JobLeads,https://www.catalystrecruiting.com,https://www.jobleads.com/us/job/turnkey-projects-field-sales-executive-midwest--chicago--e510ca55db78552e311cc582019cc0c93
Enterprise Account Executive - Uncapped Commissions,Southern Consulting Company,Chicago (IL),2026-09-04,https://www.jobleads.com/us/job/enterprise-account-executive-uncapped-commissions--chicago--e6e5d7cb42b80f7db5d26fc462508c5ab,https://www.southernconsultingcompany.com,Actively Hiring,"Work Setting: On-site | Salary: USD 80,000 - 120,000",JobLeads,https://www.southernconsultingcompany.com,https://www.jobleads.com/us/job/enterprise-account-executive-uncapped-commissions--chicago--e6e5d7cb42b80f7db5d26fc462508c5ab
Executive Search Senior Associate - Industrial Practice,Heidrick & Struggles,Chicago (IL),2026-09-04,https://www.jobleads.com/us/job/executive-search-senior-associate-industrial-practice--chicago--edf0b9f897cb2f072f275bda4dd14966c,https://www.heidrickstruggles.com,Actively Hiring,"Work Setting: On-site | Salary: USD 80,000 - 120,000",JobLeads,https://www.heidrickstruggles.com,https://www.jobleads.com/us/job/executive-search-senior-associate-industrial-practice--chicago--edf0b9f897cb2f072f275bda4dd14966c
Impactful Rare Disease Account Executive,ExecuSearch of Chicago,Chicago (IL),2026-09-04,https://www.jobleads.com/us/job/impactful-rare-disease-account-executive--chicago--eea15affc03e1ef463b2f3fc1ebf16b58,https://www.execusearchofchicago.com,Actively Hiring,"Work Setting: On-site | Salary: USD 70,000 - 90,000",JobLeads,https://www.execusearchofchicago.com,https://www.jobleads.com/us/job/impactful-rare-disease-account-executive--chicago--eea15affc03e1ef463b2f3fc1ebf16b58
Enterprise Insurance Sales Executive — Equity,Socket.dev,Chicago (IL),2026-09-14,https://www.jobleads.com/us/job/enterprise-insurance-sales-executive-equity--chicago--e6fd708428691f94dac3619e3f7dca81d,https://www.socketdev.com,Actively Hiring,"Work Setting: On-site | Salary: USD 238,000 - 298,000",JobLeads,https://www.socketdev.com,https://www.jobleads.com/us/job/enterprise-insurance-sales-executive-equity--chicago--e6fd708428691f94dac3619e3f7dca81d
Fortune 500 Strategic Enterprise Account Executive,barcodesinc,Chicago (IL),2026-09-04,https://www.jobleads.com/us/job/fortune-500-strategic-enterprise-account-executive--chicago--e8d03f4cc32ac667d777c7eafb1e4ec6b,https://www.barcodesinc.com,Actively Hiring,"Work Setting: On-site | Salary: USD 80,000 - 120,000",JobLeads,https://www.barcodesinc.com,https://www.jobleads.com/us/job/fortune-500-strategic-enterprise-account-executive--chicago--e8d03f4cc32ac667d777c7eafb1e4ec6b
Global Logistics Account Executive — Commission-Based Growth,"AIT Worldwide Logistics, INC.",Itasca (IL),2026-09-04,https://www.jobleads.com/us/job/global-logistics-account-executive-commission-based-growth--itasca--e9e0b7b426b1eaf9c00245dc48fe44e39,https://www.aitworldwidelogistics.com,Actively Hiring,"Work Setting: On-site | Salary: USD 60,000 - 80,000",JobLeads,https://www.aitworldwidelogistics.com,https://www.jobleads.com/us/job/global-logistics-account-executive-commission-based-growth--itasca--e9e0b7b426b1eaf9c00245dc48fe44e39
Federal Enterprise Growth Executive,TRACTIAN,Chicago (IL),2026-09-04,https://www.jobleads.com/us/job/federal-enterprise-growth-executive--chicago--eb23605d9e1cc954b68e0abab261a9013,https://tractian.com,Actively Hiring,"Work Setting: On-site | Salary: USD 130,000 - 210,000",JobLeads,https://tractian.com,https://www.jobleads.com/us/job/federal-enterprise-growth-executive--chicago--eb23605d9e1cc954b68e0abab261a9013
Sales Executive-Employee Benefits,Insurancecenterinc,Westmont (IL),2026-09-05,https://www.jobleads.com/us/job/sales-executive-employee-benefits--westmont--ea5c17d40c391a35a937b554b9e9b80ca,https://www.insurancecenterinc.com,Actively Hiring,"Work Setting: On-site | Salary: USD 60,000 - 200,000",JobLeads,https://www.insurancecenterinc.com,https://www.jobleads.com/us/job/sales-executive-employee-benefits--westmont--ea5c17d40c391a35a937b554b9e9b80ca
Executive Operations Specialist | On-Site in Chicago,LaSalle Network,Chicago (IL),2026-09-04,https://www.jobleads.com/us/job/executive-operations-specialist-on-site-in-chicago--chicago--e80f2a8ac20d20c5af86a71c33be18613,https://www.lasallenetwork.com,Actively Hiring,"Work Setting: On-site | Salary: USD 100,000 - 120,000",JobLeads,https://www.lasallenetwork.com,https://www.jobleads.com/us/job/executive-operations-specialist-on-site-in-chicago--chicago--e80f2a8ac20d20c5af86a71c33be18613
Outside Sales Executive — Higher Ed EdTech (Chicago),ECA Recruiters,Chicago (IL),2026-09-13,https://www.jobleads.com/us/job/outside-sales-executive-higher-ed-edtech-chicago--chicago--eb0606e8f4b58747b7f69db0b32f0cd48,https://www.ecarecruiters.com,Actively Hiring,"Work Setting: On-site | Salary: USD 65,000 - 85,000",JobLeads,https://www.ecarecruiters.com,https://www.jobleads.com/us/job/outside-sales-executive-higher-ed-edtech-chicago--chicago--eb0606e8f4b58747b7f69db0b32f0cd48
Global Enterprise Account Executive — Unlimited Earnings,C.C.D. Cogent Communications Deutschland GmbH,Chicago (IL),2026-09-04,https://www.jobleads.com/us/job/global-enterprise-account-executive-unlimited-earnings--chicago--e079d188b64cc21cd4327918f68915274,https://www.ccdcogentcommunicationsdeutschland.com,Actively Hiring,"Work Setting: On-site | Salary: USD 40,000 - 90,000",JobLeads,https://www.ccdcogentcommunicationsdeutschland.com,https://www.jobleads.com/us/job/global-enterprise-account-executive-unlimited-earnings--chicago--e079d188b64cc21cd4327918f68915274
Qualified Enterprise Account Executive,"salesforce.com, inc.",Chicago (IL),2026-09-04,https://www.jobleads.com/us/job/qualified-enterprise-account-executive--chicago--ef0704001a9b6aa22f2d9406027be998a,https://www.salesforce.com,Actively Hiring,"Work Setting: On-site | Salary: USD 99,000 - 190,000",JobLeads,https://www.salesforce.com,https://www.jobleads.com/us/job/qualified-enterprise-account-executive--chicago--ef0704001a9b6aa22f2d9406027be998a
NetSuite Cloud Sales Executive — ERP/CRM/PSA,Ll Oefentherapie,"Austin (TX), Chicago (IL), Santa Monica (CA)",2026-09-04,https://www.jobleads.com/us/job/netsuite-cloud-sales-executive-erp-crm-psa--austin--chicago--santa-monica--e156c1656c6f9fb79bc48b1a066b73782,https://www.lloefentherapie.com,Actively Hiring,"Work Setting: On-site | Salary: USD 90,000 - 130,000",JobLeads,https://www.lloefentherapie.com,https://www.jobleads.com/us/job/netsuite-cloud-sales-executive-erp-crm-psa--austin--chicago--santa-monica--e156c1656c6f9fb79bc48b1a066b73782
Remote Senior Freight Sales Executive - Uncapped Commissions,GET Logistics,Chicago (IL),2026-09-04,https://www.jobleads.com/us/job/remote-senior-freight-sales-executive-uncapped-commissions--chicago--ecd498a29b2b27300f3b70fac4f824dc5,https://www.getlogistics.com,Actively Hiring,"Work Setting: On-site | Salary: USD 60,000 - 80,000",JobLeads,https://www.getlogistics.com,https://www.jobleads.com/us/job/remote-senior-freight-sales-executive-uncapped-commissions--chicago--ecd498a29b2b27300f3b70fac4f824dc5
"Sr Account Executive New Chicago, IL",Ivalua,"Chicago (IL), Northern (KY)",2026-09-04,https://www.jobleads.com/us/job/sr-account-executive-new-chicago-il--chicago--northern--e3b46521427b77f11b97c3774384baed4,https://www.ivalua.com,Actively Hiring,"Work Setting: On-site | Salary: USD 113,000 - 188,000",JobLeads,https://www.ivalua.com,https://www.jobleads.com/us/job/sr-account-executive-new-chicago-il--chicago--northern--e3b46521427b77f11b97c3774384baed4
Senior Freight Forwarder Growth Sales Executive,Clutch Canada,Chicago (IL),2026-09-04,https://www.jobleads.com/us/job/senior-freight-forwarder-growth-sales-executive--chicago--e9f339cc58b29f0f34fda843d90b93cc3,https://www.clutchcanada.com,Actively Hiring,"Work Setting: On-site | Salary: USD 150,000 - 185,000",JobLeads,https://www.clutchcanada.com,https://www.jobleads.com/us/job/senior-freight-forwarder-growth-sales-executive--chicago--e9f339cc58b29f0f34fda843d90b93cc3
Enterprise Freight & Logistics Growth Executive,MAP Transit,Chicago (IL),2026-09-13,https://www.jobleads.com/us/job/enterprise-freight-logistics-growth-executive--chicago--e5c66b5b39f74f3ac393a0297cbbb3b8e,https://www.maptransit.com,Actively Hiring,"Work Setting: On-site | Salary: USD 90,000 - 135,000",JobLeads,https://www.maptransit.com,https://www.jobleads.com/us/job/enterprise-freight-logistics-growth-executive--chicago--e5c66b5b39f74f3ac393a0297cbbb3b8e
Account Executive - The Schmeltz Agency,Goosehead Insurance,Morton Grove (IL),2026-09-04,https://www.jobleads.com/us/job/account-executive-the-schmeltz-agency--morton-grove--e24a61f0350b90b0ed9c8ad80a9ae153b,https://www.gooseheadinsurance.com,Actively Hiring,"Work Setting: On-site | Salary: USD 53,000 - 90,000",JobLeads,https://www.gooseheadinsurance.com,https://www.jobleads.com/us/job/account-executive-the-schmeltz-agency--morton-grove--e24a61f0350b90b0ed9c8ad80a9ae153b
"Account Executive, II",Reveal,Chicago (IL),2026-09-04,https://www.jobleads.com/us/job/account-executive-ii--chicago--ece6498433f3b41bbdab3389d962baca0,https://www.reveal.com,Actively Hiring,"Work Setting: On-site | Salary: USD 119,000 - 140,000",JobLeads,https://www.reveal.com,https://www.jobleads.com/us/job/account-executive-ii--chicago--ece6498433f3b41bbdab3389d962baca0
Enterprise Account Executive — Remote Growth Leader,Trax Retail,Chicago (IL),2026-09-04,https://www.jobleads.com/us/job/enterprise-account-executive-remote-growth-leader--chicago--e6e0cab4f93d61b29a305fff885353a42,https://www.traxretail.com,Actively Hiring,"Work Setting: On-site | Salary: USD 125,000 - 150,000",JobLeads,https://www.traxretail.com,https://www.jobleads.com/us/job/enterprise-account-executive-remote-growth-leader--chicago--e6e0cab4f93d61b29a305fff885353a42
Executive Director - Legacy Leadership Forums,Christian Career,Lansing (IL),2026-09-07,https://www.jobleads.com/us/job/executive-director-legacy-leadership-forums--lansing--e5c753df6f0698aad2fbd4c3ade3e9c19,https://www.christiancareer.com,Actively Hiring,"Work Setting: On-site | Salary: USD 77,000 - 104,000",JobLeads,https://www.christiancareer.com,https://www.jobleads.com/us/job/executive-director-legacy-leadership-forums--lansing--e5c753df6f0698aad2fbd4c3ade3e9c19
Senior Enterprise Data Solutions Account Executive,Fruition Group,Chicago (IL),2026-09-04,https://www.jobleads.com/us/job/senior-enterprise-data-solutions-account-executive--chicago--e964c00a58d7458b4fdf6e5f26835d705,https://www.fruition.com,Actively Hiring,"Work Setting: On-site | Salary: USD 150,000",JobLeads,https://www.fruition.com,https://www.jobleads.com/us/job/senior-enterprise-data-solutions-account-executive--chicago--e964c00a58d7458b4fdf6e5f26835d705
Chicago-Based Global Freight Forwarding Account Executive,HireNow Staffing Inc,Chicago (IL),2026-09-04,https://www.jobleads.com/us/job/chicago-based-global-freight-forwarding-account-executive--chicago--e4f20f58c963a4989a1097f9e42e982a1,https://www.hirenowstaffing.com,Actively Hiring,"Work Setting: On-site | Salary: USD 50,000 - 75,000",JobLeads,https://www.hirenowstaffing.com,https://www.jobleads.com/us/job/chicago-based-global-freight-forwarding-account-executive--chicago--e4f20f58c963a4989a1097f9e42e982a1
Account Executive,OUTFRONT Media Inc.,Chicago (IL),2026-09-04,https://www.jobleads.com/us/job/account-executive--chicago--e30d964fdee9db6cbbb74a997e86be039,https://www.outfrontmedia.com,Actively Hiring,"Work Setting: On-site | Salary: USD 70,000 - 85,000",JobLeads,https://www.outfrontmedia.com,https://www.jobleads.com/us/job/account-executive--chicago--e30d964fdee9db6cbbb74a997e86be039
Embedded Executive Assistant to Startup Founders Chicago,Index Industries,Chicago (IL),2026-09-04,https://www.jobleads.com/us/job/embedded-executive-assistant-to-startup-founders-chicago--chicago--ed8f3d38102df75e234a53d4cc35eb3ba,https://www.indexindustries.com,Actively Hiring,"Work Setting: On-site | Salary: USD 85,000 - 115,000",JobLeads,https://www.indexindustries.com,https://www.jobleads.com/us/job/embedded-executive-assistant-to-startup-founders-chicago--chicago--ed8f3d38102df75e234a53d4cc35eb3ba
High-Velocity Commercial Sales Executive,Empirical Security,Chicago (IL),2026-09-04,https://www.jobleads.com/us/job/high-velocity-commercial-sales-executive--chicago--e7fdf0658d9d6e7bd77d92a8fa8558833,https://www.empiricalsecurity.com,Actively Hiring,"Work Setting: On-site | Salary: USD 90,000 - 150,000",JobLeads,https://www.empiricalsecurity.com,https://www.jobleads.com/us/job/high-velocity-commercial-sales-executive--chicago--e7fdf0658d9d6e7bd77d92a8fa8558833
Strategic Executive Assistant & Office Operations Lead,The Catalyst Corporation,Chicago (IL),2026-09-04,https://www.jobleads.com/us/job/strategic-executive-assistant-office-operations-lead--chicago--e469020fd8fd372d9626edf253b701f07,https://www.thecatalyst.com,Actively Hiring,Work Setting: On-site,JobLeads,https://www.thecatalyst.com,https://www.jobleads.com/us/job/strategic-executive-assistant-office-operations-lead--chicago--e469020fd8fd372d9626edf253b701f07
Senior Executive Assistant & Strategic Partner to CEO,Steele Recruiting,Chicago (IL),2026-09-04,https://www.jobleads.com/us/job/senior-executive-assistant-strategic-partner-to-ceo--chicago--ea7e3bc78b4489a6239ec7bb00c51bedf,https://www.steelerecruiting.com,Actively Hiring,"Work Setting: On-site | Salary: USD 115,000 - 180,000",JobLeads,https://www.steelerecruiting.com,https://www.jobleads.com/us/job/senior-executive-assistant-strategic-partner-to-ceo--chicago--ea7e3bc78b4489a6239ec7bb00c51bedf
Associate Portfolio Executive: Launch Your Growth Track,C.H. Robinson Worldwide,Chicago (IL),2026-09-08,https://www.jobleads.com/us/job/associate-portfolio-executive-launch-your-growth-track--chicago--e03d4e4835dfa946e987ce01ffb784f15,https://www.chrobinsonworldwide.com,Actively Hiring,"Work Setting: On-site | Salary: USD 26,000 - 52,000",JobLeads,https://www.chrobinsonworldwide.com,https://www.jobleads.com/us/job/associate-portfolio-executive-launch-your-growth-track--chicago--e03d4e4835dfa946e987ce01ffb784f15
Senior Enterprise AI Sales Executive (Remote),Braintrust,Chicago (IL),2026-09-04,https://www.jobleads.com/us/job/senior-enterprise-ai-sales-executive-remote--chicago--eb2756d0a97141fdaca337297fce1bcc8,https://www.braintrust.com,Actively Hiring,"Work Setting: On-site | Salary: USD 100,000 - 150,000",JobLeads,https://www.braintrust.com,https://www.jobleads.com/us/job/senior-enterprise-ai-sales-executive-remote--chicago--eb2756d0a97141fdaca337297fce1bcc8
Senior Video Ad Sales Executive - YouTube Contextual Growth,Channel Factory,Chicago (IL),2026-09-06,https://www.jobleads.com/us/job/senior-video-ad-sales-executive-youtube-contextual-growth--chicago--e60652cfc6c375f99123596f0136a98a4,https://www.channelfactory.com,Actively Hiring,"Work Setting: On-site | Salary: USD 125,000 - 150,000",JobLeads,https://www.channelfactory.com,https://www.jobleads.com/us/job/senior-video-ad-sales-executive-youtube-contextual-growth--chicago--e60652cfc6c375f99123596f0136a98a4
Global Office & Executive Travel Coordinator,AELF,Chicago (IL),2026-09-04,https://www.jobleads.com/us/job/global-office-executive-travel-coordinator--chicago--e73173cf70a7d10cb4dfba238666cf7c3,https://www.aelf.com,Actively Hiring,"Work Setting: On-site | Salary: USD 55,000 - 75,000",JobLeads,https://www.aelf.com,https://www.jobleads.com/us/job/global-office-executive-travel-coordinator--chicago--e73173cf70a7d10cb4dfba238666cf7c3
"Executive Assistant, Oak Brook, IL (On-Site)",THE LARKO GROUP,Chicago (IL),2026-09-04,https://www.jobleads.com/us/job/executive-assistant-oak-brook-il-on-site--chicago--e9b7715015f2c85edff8eb16fc45cd0d1,https://www.thelarko.com,Actively Hiring,"Work Setting: On-site | Salary: USD 104,000 - 127,000",JobLeads,https://www.thelarko.com,https://www.jobleads.com/us/job/executive-assistant-oak-brook-il-on-site--chicago--e9b7715015f2c85edff8eb16fc45cd0d1
Residential Title Sales Account Executive — High Commission,Landtrust Title Services,Chicago (IL),2026-09-04,https://www.jobleads.com/us/job/residential-title-sales-account-executive-high-commission--chicago--e015ca6a027c35e83c9ee1768ebb87662,https://www.landtrusttitle.com,Actively Hiring,"Work Setting: On-site | Salary: USD 60,000 - 69,000",JobLeads,https://www.landtrusttitle.com,https://www.jobleads.com/us/job/residential-title-sales-account-executive-high-commission--chicago--e015ca6a027c35e83c9ee1768ebb87662
Account Executive — Energy Sales & Strategy Leader,US Energy Company,Schaumburg (IL),2026-09-04,https://www.jobleads.com/us/job/account-executive-energy-sales-strategy-leader--schaumburg--eab6de9c21c9aa30ee121519e759bbe29,https://www.usenergycompany.com,Actively Hiring,"Work Setting: On-site | Salary: USD 50,000 - 85,000",JobLeads,https://www.usenergycompany.com,https://www.jobleads.com/us/job/account-executive-energy-sales-strategy-leader--schaumburg--eab6de9c21c9aa30ee121519e759bbe29
"Executive Support Lead: Calendars, Travel & Liaison",Townley Engineering & Manufacturing Co,Chicago (IL),2026-09-04,https://www.jobleads.com/us/job/executive-support-lead-calendars-travel-liaison--chicago--ea867b2504a36e2739778577796323b22,https://www.townleyengineeringmanufacturing.com,Actively Hiring,"Work Setting: On-site | Salary: USD 40,000 - 60,000",JobLeads,https://www.townleyengineeringmanufacturing.com,https://www.jobleads.com/us/job/executive-support-lead-calendars-travel-liaison--chicago--ea867b2504a36e2739778577796323b22
Strategic Insurance Client Executive,Signers National,"Dallas (TX), New York (NY), Chicago (IL)",2026-09-04,https://www.jobleads.com/us/job/strategic-insurance-client-executive--dallas--new-york--chicago--e3da80cfe32def46a6feab8abe2430ebc,https://www.signersnational.com,Actively Hiring,"Work Setting: On-site | Salary: USD 60,000 - 100,000",JobLeads,https://www.signersnational.com,https://www.jobleads.com/us/job/strategic-insurance-client-executive--dallas--new-york--chicago--e3da80cfe32def46a6feab8abe2430ebc
Executive Admin & Office Manager - Unlimited PTO & Growth,Clear Height Properties,Oak Brook (IL),2026-09-04,https://www.jobleads.com/us/job/executive-admin-office-manager-unlimited-pto-growth--oak-brook--e2bccab78a7b2ff06fa1202c69dd6350f,https://www.clearheightproperties.com,Actively Hiring,"Work Setting: On-site | Salary: USD 55,000 - 75,000",JobLeads,https://www.clearheightproperties.com,https://www.jobleads.com/us/job/executive-admin-office-manager-unlimited-pto-growth--oak-brook--e2bccab78a7b2ff06fa1202c69dd6350f
Inbound Telecom Solutions Account Executive,Firstbase,Chicago (IL),2026-09-04,https://www.jobleads.com/us/job/inbound-telecom-solutions-account-executive--chicago--e22896083b2c45a10dda777bce3b0131b,https://www.firstbase.com,Actively Hiring,"Work Setting: On-site | Salary: USD 79,000 - 104,000",JobLeads,https://www.firstbase.com,https://www.jobleads.com/us/job/inbound-telecom-solutions-account-executive--chicago--e22896083b2c45a10dda777bce3b0131b
"IT Sales Executive — Unlimited Commission, Onsite IL",Sentinel Technologies Inc.,Downers Grove (IL),2026-09-04,https://www.jobleads.com/us/job/it-sales-executive-unlimited-commission-onsite-il--downers-grove--e2c1e07075fffafd78b5f1f90fc74e59d,https://www.sentinel.com,Actively Hiring,"Work Setting: On-site | Salary: USD 70,000 - 200,000",JobLeads,https://www.sentinel.com,https://www.jobleads.com/us/job/it-sales-executive-unlimited-commission-onsite-il--downers-grove--e2c1e07075fffafd78b5f1f90fc74e59d
Executive Assistant to Senior Leadership,"Mack & Associates, Ltd.",Chicago (IL),2026-09-04,https://www.jobleads.com/us/job/executive-assistant-to-senior-leadership--chicago--e9665df788861fa456d062df7dc772fb3,https://www.mackassociatesltd.com,Actively Hiring,"Work Setting: On-site | Salary: USD 75,000 - 95,000",JobLeads,https://www.mackassociatesltd.com,https://www.jobleads.com/us/job/executive-assistant-to-senior-leadership--chicago--e9665df788861fa456d062df7dc772fb3
Strategic Benefits Account Executive,Empowered Staffing,Skokie (IL),2026-09-04,https://www.jobleads.com/us/job/strategic-benefits-account-executive--skokie--eb126c982f62dc7fb05576386ca2451c8,https://www.empoweredstaffing.com,Actively Hiring,"Work Setting: On-site | Salary: USD 90,000 - 140,000",JobLeads,https://www.empoweredstaffing.com,https://www.jobleads.com/us/job/strategic-benefits-account-executive--skokie--eb126c982f62dc7fb05576386ca2451c8
Strategic Enterprise Account Executive — Own Your Pipeline,WinsAbove,Chicago (IL),2026-09-04,https://www.jobleads.com/us/job/strategic-enterprise-account-executive-own-your-pipeline--chicago--ee371ebc65badf6371fc29bce3f2c464b,https://www.winsabove.com,Actively Hiring,"Work Setting: On-site | Salary: USD 94,000 - 150,000",JobLeads,https://www.winsabove.com,https://www.jobleads.com/us/job/strategic-enterprise-account-executive-own-your-pipeline--chicago--ee371ebc65badf6371fc29bce3f2c464b
Account Executive,Orion Solutions Group,Chicago (IL),2026-09-04,https://www.jobleads.com/us/job/account-executive--chicago--e5d6d06f80211983b01755bf097a49790,https://www.orion.com,Actively Hiring,"Work Setting: On-site | Salary: USD 70,000 - 80,000",JobLeads,https://www.orion.com,https://www.jobleads.com/us/job/account-executive--chicago--e5d6d06f80211983b01755bf097a49790
Account Executive - Entry Level Management,NY Marketing Firm,Chicago (IL),2026-09-04,https://www.jobleads.com/us/job/account-executive-entry-level-management--chicago--ecd8fe455b3f72a4ed4c27e86e51db5cc,https://www.nymarketingfirm.com,Actively Hiring,"Work Setting: On-site | Salary: USD 40,000 - 55,000",JobLeads,https://www.nymarketingfirm.com,https://www.jobleads.com/us/job/account-executive-entry-level-management--chicago--ecd8fe455b3f72a4ed4c27e86e51db5cc
Executive Operations & Projects Lead,nuEra Cannabis,Chicago (IL),2026-09-04,https://www.jobleads.com/us/job/executive-operations-projects-lead--chicago--e99e7def90ea2636f46648e11f4d66320,https://www.nueracannabis.com,Actively Hiring,"Work Setting: On-site | Salary: USD 55,000 - 75,000",JobLeads,https://www.nueracannabis.com,https://www.jobleads.com/us/job/executive-operations-projects-lead--chicago--e99e7def90ea2636f46648e11f4d66320
Sales Executive,Crafty,Chicago (IL),2026-09-18,https://www.jobleads.com/us/job/sales-executive--chicago--e5c501ebe2d29f04f69fc9ce8fb3bfbf0,https://www.crafty.com,Actively Hiring,"Work Setting: On-site | Salary: USD 180,000 - 260,000",JobLeads,https://www.crafty.com,https://www.jobleads.com/us/job/sales-executive--chicago--e5c501ebe2d29f04f69fc9ce8fb3bfbf0
Building Automation Service Account Executive,Siemens,Rolling Meadows (IL),2026-09-04,https://www.jobleads.com/us/job/building-automation-service-account-executive--rolling-meadows--effe6d4116d6b9e840bc62a9f6c311a33,https://www.siemens.com,Actively Hiring,"Work Setting: On-site | Salary: USD 80,000 - 139,000",JobLeads,https://www.siemens.com,https://www.jobleads.com/us/job/building-automation-service-account-executive--rolling-meadows--effe6d4116d6b9e840bc62a9f6c311a33
Client Account Executive - Growth,Paylocity,Schaumburg (IL),2026-09-08,https://www.jobleads.com/us/job/client-account-executive-growth--schaumburg--e54d10ec5c125f40b579eb1e7c3eea602,https://www.paylocity.com,Actively Hiring,"Work Setting: On-site | Salary: USD 55,000 - 60,000",JobLeads,https://www.paylocity.com,https://www.jobleads.com/us/job/client-account-executive-growth--schaumburg--e54d10ec5c125f40b579eb1e7c3eea602
Home Health Account Executive,Addus HomeCare,Chicago (IL),2026-09-04,https://www.jobleads.com/us/job/home-health-account-executive--chicago--e414b6d33a39955730d437c6352255753,https://www.addushomecare.com,Actively Hiring,"Work Setting: On-site | Salary: USD 90,000 - 100,000",JobLeads,https://www.addushomecare.com,https://www.jobleads.com/us/job/home-health-account-executive--chicago--e414b6d33a39955730d437c6352255753
"Senior Account Executive, SEO Sales",Interdependence,Chicago (IL),2026-09-18,https://www.jobleads.com/us/job/senior-account-executive-seo-sales--chicago--e06745745dec2610991ab079f68409b81,https://www.interdependence.com,Actively Hiring,"Work Setting: On-site | Salary: USD 120,000 - 150,000",JobLeads,https://www.interdependence.com,https://www.jobleads.com/us/job/senior-account-executive-seo-sales--chicago--e06745745dec2610991ab079f68409b81
Field Sales Executive – Roofing & Exterior Solutions,"Legacy Restoration, LLC",Lombard (IL),2026-09-04,https://www.jobleads.com/us/job/field-sales-executive-roofing-exterior-solutions--lombard--ea1c322a6c5d2d93f0eda757b169bb76d,https://www.legacyrestoration.com,Actively Hiring,"Work Setting: On-site | Salary: USD 90,000 - 160,000",JobLeads,https://www.legacyrestoration.com,https://www.jobleads.com/us/job/field-sales-executive-roofing-exterior-solutions--lombard--ea1c322a6c5d2d93f0eda757b169bb76d
Business Development Executive,Harvard Maintenance,Elk Grove Village (IL),2026-09-04,https://www.jobleads.com/us/job/business-development-executive--elk-grove-village--e9deb4b00cc1ea0bea6ecd08c1b02ea85,https://www.harvardmaintenance.com,Actively Hiring,"Work Setting: On-site | Salary: USD 120,000 - 130,000",JobLeads,https://www.harvardmaintenance.com,https://www.jobleads.com/us/job/business-development-executive--elk-grove-village--e9deb4b00cc1ea0bea6ecd08c1b02ea85
Executive Assistant,Insight Global,Chicago (IL),2026-09-04,https://www.jobleads.com/us/job/executive-assistant--chicago--ec5a21ac70433dc412f6e2707c36e756e,https://www.insightglobal.com,Actively Hiring,"Work Setting: On-site | Salary: USD 65,000 - 95,000",JobLeads,https://www.insightglobal.com,https://www.jobleads.com/us/job/executive-assistant--chicago--ec5a21ac70433dc412f6e2707c36e756e
Senior Enterprise Growth Executive – US Retail & Ecommerce,ESW,Chicago (IL),2026-09-04,https://www.jobleads.com/us/job/senior-enterprise-growth-executive-us-retail-ecommerce--chicago--e39c59814cb21d9c2b5a719a9e5f2560e,https://www.esw.com,Actively Hiring,"Work Setting: On-site | Salary: USD 150,000 - 170,000",JobLeads,https://www.esw.com,https://www.jobleads.com/us/job/senior-enterprise-growth-executive-us-retail-ecommerce--chicago--e39c59814cb21d9c2b5a719a9e5f2560e
Financial Services Practice Researcher – Executive Search,Egon Zehnder,Chicago (IL),2026-09-04,https://www.jobleads.com/us/job/financial-services-practice-researcher-executive-search--chicago--e23600e63d0c35a1c6a8d9802d001fe03,https://www.egonzehnder.com,Actively Hiring,"Work Setting: On-site | Salary: USD 85,000 - 95,000",JobLeads,https://www.egonzehnder.com,https://www.jobleads.com/us/job/financial-services-practice-researcher-executive-search--chicago--e23600e63d0c35a1c6a8d9802d001fe03
Digital Marketing Account Executive — Uncapped Earning Potential,Hibu,Arlington Heights (IL),2026-09-04,https://www.jobleads.com/us/job/digital-marketing-account-executive-uncapped-earning-potential--arlington-heights--ef749930e65e70583b33d4ec971ae0606,https://www.hibu.com,Actively Hiring,"Work Setting: On-site | Salary: USD 51,000 - 120,000",JobLeads,https://www.hibu.com,https://www.jobleads.com/us/job/digital-marketing-account-executive-uncapped-earning-potential--arlington-heights--ef749930e65e70583b33d4ec971ae0606
Engineering Executive,Jooble Verified Employer,Chennai,2026-09-18,https://in.jooble.org/desc/-6212359301498585427?ckey=lead+generation+executive&rgn=4921&pos=1&elckey=-8042297126546053989&pageType=20&p=1&sid=-1379311251630732324&jobAge=462&relb=100&brelb=100&bscr=19999.80000162232&scr=19999.80000162232&searchTestGroup=1_2_1&iid=-9129182882107609950,https://www.teamblind.com,Actively Hiring,Engineering Executive,Jooble,https://www.teamblind.com,https://in.jooble.org/desc/-6212359301498585427?ckey=lead+generation+executive&rgn=4921&pos=1&elckey=-8042297126546053989&pageType=20&p=1&sid=-1379311251630732324&jobAge=462&relb=100&brelb=100&bscr=19999.80000162232&scr=19999.80000162232&searchTestGroup=1_2_1&iid=-9129182882107609950
Executive - Operations (Billing & Invoicing),Jooble Verified Employer,Chennai,2026-09-18,https://in.jooble.org/desc/2392515135348065920?ckey=lead+generation+executive&rgn=4921&pos=2&elckey=-8042297126546053989&pageType=20&p=1&sid=-1379311251630732324&jobAge=128&relb=100&brelb=100&bscr=19542.90151456086&scr=19542.90151456086&searchTestGroup=1_2_1&iid=1348879051042423681,https://www.teamblind.com,Actively Hiring,Executive - Operations (Billing & Invoicing),Jooble,https://www.teamblind.com,https://in.jooble.org/desc/2392515135348065920?ckey=lead+generation+executive&rgn=4921&pos=2&elckey=-8042297126546053989&pageType=20&p=1&sid=-1379311251630732324&jobAge=128&relb=100&brelb=100&bscr=19542.90151456086&scr=19542.90151456086&searchTestGroup=1_2_1&iid=1348879051042423681
Accounts Executive,Jooble Verified Employer,Chennai,2026-09-18,https://in.jooble.org/desc/-151039699491661664?ckey=lead+generation+executive&rgn=4921&pos=6&elckey=-8042297126546053989&pageType=20&p=1&sid=-1379311251630732324&jobAge=248&relb=100&brelb=100&bscr=17781.873867394435&scr=17781.873867394435&searchTestGroup=1_2_1&iid=-5059519581373859039,https://www.teamblind.com,Actively Hiring,Accounts Executive,Jooble,https://www.teamblind.com,https://in.jooble.org/desc/-151039699491661664?ckey=lead+generation+executive&rgn=4921&pos=6&elckey=-8042297126546053989&pageType=20&p=1&sid=-1379311251630732324&jobAge=248&relb=100&brelb=100&bscr=17781.873867394435&scr=17781.873867394435&searchTestGroup=1_2_1&iid=-5059519581373859039
Executive - Commercial Operations (Theatre Marketing),Jooble Verified Employer,Chennai,2026-09-18,https://in.jooble.org/desc/-1086268175519723464?ckey=lead+generation+executive&rgn=4921&pos=7&elckey=-8042297126546053989&pageType=20&p=1&sid=-1379311251630732324&jobAge=128&relb=100&brelb=100&bscr=17609.546671014734&scr=17609.546671014734&searchTestGroup=1_2_1&iid=8718598081454006489,https://www.teamblind.com,Actively Hiring,Executive - Commercial Operations (Theatre Marketing),Jooble,https://www.teamblind.com,https://in.jooble.org/desc/-1086268175519723464?ckey=lead+generation+executive&rgn=4921&pos=7&elckey=-8042297126546053989&pageType=20&p=1&sid=-1379311251630732324&jobAge=128&relb=100&brelb=100&bscr=17609.546671014734&scr=17609.546671014734&searchTestGroup=1_2_1&iid=8718598081454006489
Senior Executive - Revenue (Chennai),Jooble Verified Employer,Chennai,2026-09-18,https://in.jooble.org/desc/8378477311291455902?ckey=lead+generation+executive&rgn=4921&pos=9&elckey=-8042297126546053989&pageType=20&p=1&sid=-1379311251630732324&jobAge=1280&relb=100&brelb=100&bscr=16268.07602785118&scr=16268.07602785118&searchTestGroup=1_2_1&iid=7238523365925566751,https://www.teamblind.com,Actively Hiring,Senior Executive - Revenue (Chennai),Jooble,https://www.teamblind.com,https://in.jooble.org/desc/8378477311291455902?ckey=lead+generation+executive&rgn=4921&pos=9&elckey=-8042297126546053989&pageType=20&p=1&sid=-1379311251630732324&jobAge=1280&relb=100&brelb=100&bscr=16268.07602785118&scr=16268.07602785118&searchTestGroup=1_2_1&iid=7238523365925566751
Channel Partnership Executive,Jooble Verified Employer,Chennai,2026-09-18,https://in.jooble.org/desc/1992134241877949892?ckey=lead+generation+executive&rgn=4921&pos=10&elckey=-8042297126546053989&pageType=20&p=1&sid=-1379311251630732324&jobAge=2415&relb=100&brelb=100&bscr=16268.07602785118&scr=16268.07602785118&searchTestGroup=1_2_1&iid=-5176696133720265587,https://www.teamblind.com,Actively Hiring,Channel Partnership Executive,Jooble,https://www.teamblind.com,https://in.jooble.org/desc/1992134241877949892?ckey=lead+generation+executive&rgn=4921&pos=10&elckey=-8042297126546053989&pageType=20&p=1&sid=-1379311251630732324&jobAge=2415&relb=100&brelb=100&bscr=16268.07602785118&scr=16268.07602785118&searchTestGroup=1_2_1&iid=-5176696133720265587
Talent Acquisition Executive - India,Jooble Verified Employer,Chennai,2026-09-18,https://in.jooble.org/desc/8176645597011430531?ckey=lead+generation+executive&rgn=4921&pos=14&elckey=-8042297126546053989&pageType=20&p=1&sid=-1379311251630732324&jobAge=1480&relb=110&brelb=110&bscr=15555.053228514365&scr=15555.053228514365&searchTestGroup=1_2_1&iid=-1906935704855400344,https://www.teamblind.com,Actively Hiring,Talent Acquisition Executive - India,Jooble,https://www.teamblind.com,https://in.jooble.org/desc/8176645597011430531?ckey=lead+generation+executive&rgn=4921&pos=14&elckey=-8042297126546053989&pageType=20&p=1&sid=-1379311251630732324&jobAge=1480&relb=110&brelb=110&bscr=15555.053228514365&scr=15555.053228514365&searchTestGroup=1_2_1&iid=-1906935704855400344
F&B Executive,Jooble Verified Employer,Chennai,2026-09-18,https://in.jooble.org/desc/-8723271725970142501?ckey=lead+generation+executive&rgn=4921&pos=20&elckey=-8042297126546053989&pageType=20&p=1&sid=-1379311251630732324&jobAge=320&relb=100&brelb=100&bscr=15198.598556503603&scr=15198.598556503603&searchTestGroup=1_2_1&iid=-7647858665949639456,https://www.teamblind.com,Actively Hiring,F&B Executive,Jooble,https://www.teamblind.com,https://in.jooble.org/desc/-8723271725970142501?ckey=lead+generation+executive&rgn=4921&pos=20&elckey=-8042297126546053989&pageType=20&p=1&sid=-1379311251630732324&jobAge=320&relb=100&brelb=100&bscr=15198.598556503603&scr=15198.598556503603&searchTestGroup=1_2_1&iid=-7647858665949639456
Accounts Receivable Executive,Jooble Verified Employer,Chennai,2026-09-18,https://in.jooble.org/desc/4226950648187104319?ckey=lead+generation+executive&rgn=4921&pos=22&elckey=-8042297126546053989&pageType=20&p=1&sid=-1379311251630732324&jobAge=824&relb=100&brelb=100&bscr=15058.276532078722&scr=15058.276532078722&searchTestGroup=1_2_1&iid=4158874803210690188,https://www.teamblind.com,Actively Hiring,Accounts Receivable Executive,Jooble,https://www.teamblind.com,https://in.jooble.org/desc/4226950648187104319?ckey=lead+generation+executive&rgn=4921&pos=22&elckey=-8042297126546053989&pageType=20&p=1&sid=-1379311251630732324&jobAge=824&relb=100&brelb=100&bscr=15058.276532078722&scr=15058.276532078722&searchTestGroup=1_2_1&iid=4158874803210690188
Procurement Executive,Jooble Verified Employer,Chennai,2026-09-18,https://in.jooble.org/desc/-6712585149074602252?ckey=lead+generation+executive&rgn=4921&pos=26&elckey=-8042297126546053989&pageType=20&p=1&sid=-1379311251630732324&jobAge=152&relb=100&brelb=100&bscr=14645.647306758523&scr=14645.647306758523&searchTestGroup=1_2_1&iid=-7553158933488727043,https://www.teamblind.com,Actively Hiring,Procurement Executive,Jooble,https://www.teamblind.com,https://in.jooble.org/desc/-6712585149074602252?ckey=lead+generation+executive&rgn=4921&pos=26&elckey=-8042297126546053989&pageType=20&p=1&sid=-1379311251630732324&jobAge=152&relb=100&brelb=100&bscr=14645.647306758523&scr=14645.647306758523&searchTestGroup=1_2_1&iid=-7553158933488727043
Academic Executive- Chennai,Jooble Verified Employer,Chennai,2026-09-18,https://in.jooble.org/desc/3068804106096552988?ckey=lead+generation+executive&rgn=4921&pos=30&elckey=-8042297126546053989&pageType=20&p=1&sid=-1379311251630732324&jobAge=824&relb=100&brelb=100&bscr=14262.267771283032&scr=14262.267771283032&searchTestGroup=1_2_1&iid=7595430432287939077,https://www.teamblind.com,Actively Hiring,Academic Executive- Chennai,Jooble,https://www.teamblind.com,https://in.jooble.org/desc/3068804106096552988?ckey=lead+generation+executive&rgn=4921&pos=30&elckey=-8042297126546053989&pageType=20&p=1&sid=-1379311251630732324&jobAge=824&relb=100&brelb=100&bscr=14262.267771283032&scr=14262.267771283032&searchTestGroup=1_2_1&iid=7595430432287939077
Executive - Process Engineering,Jooble Verified Employer,Chennai,2026-09-18,https://in.jooble.org/desc/4021219695380680302?ckey=lead+generation+executive&rgn=4921&pos=31&elckey=-8042297126546053989&pageType=20&p=1&sid=-1379311251630732324&jobAge=630&relb=100&brelb=100&bscr=14253.15159073206&scr=14253.15159073206&searchTestGroup=1_2_1&iid=6381872747664446639,https://www.teamblind.com,Actively Hiring,Executive - Process Engineering,Jooble,https://www.teamblind.com,https://in.jooble.org/desc/4021219695380680302?ckey=lead+generation+executive&rgn=4921&pos=31&elckey=-8042297126546053989&pageType=20&p=1&sid=-1379311251630732324&jobAge=630&relb=100&brelb=100&bscr=14253.15159073206&scr=14253.15159073206&searchTestGroup=1_2_1&iid=6381872747664446639
SR. EXECUTIVE - PROCESS & QUALITY,Jooble Verified Employer,Chennai,2026-09-18,https://in.jooble.org/desc/-587326077724758848?ckey=lead+generation+executive&rgn=4921&pos=32&elckey=-8042297126546053989&pageType=20&p=1&sid=-1379311251630732324&jobAge=416&relb=100&brelb=100&bscr=14226.052120216322&scr=14226.052120216322&searchTestGroup=1_2_1&iid=-66731523898791743,https://www.teamblind.com,Actively Hiring,SR. EXECUTIVE - PROCESS & QUALITY,Jooble,https://www.teamblind.com,https://in.jooble.org/desc/-587326077724758848?ckey=lead+generation+executive&rgn=4921&pos=32&elckey=-8042297126546053989&pageType=20&p=1&sid=-1379311251630732324&jobAge=416&relb=100&brelb=100&bscr=14226.052120216322&scr=14226.052120216322&searchTestGroup=1_2_1&iid=-66731523898791743
Bar Executive,Jooble Verified Employer,Chennai,2026-09-18,https://in.jooble.org/desc/-5412005171424058515?ckey=lead+generation+executive&rgn=4921&pos=33&elckey=-8042297126546053989&pageType=20&p=1&sid=-1379311251630732324&jobAge=80&relb=100&brelb=100&bscr=14053.65143714798&scr=14053.65143714798&searchTestGroup=1_2_1&iid=3319970434959882082,https://www.teamblind.com,Actively Hiring,Bar Executive,Jooble,https://www.teamblind.com,https://in.jooble.org/desc/-5412005171424058515?ckey=lead+generation+executive&rgn=4921&pos=33&elckey=-8042297126546053989&pageType=20&p=1&sid=-1379311251630732324&jobAge=80&relb=100&brelb=100&bscr=14053.65143714798&scr=14053.65143714798&searchTestGroup=1_2_1&iid=3319970434959882082
Reservation Executive,Jooble Verified Employer,Chennai,2026-09-18,https://in.jooble.org/desc/-9180812918379242815?ckey=lead+generation+executive&rgn=4921&pos=36&elckey=-8042297126546053989&pageType=20&p=1&sid=-1379311251630732324&jobAge=128&relb=100&brelb=100&bscr=13550.915857183596&scr=13550.915857183596&searchTestGroup=1_2_1&iid=-2834196055387051762,https://www.teamblind.com,Actively Hiring,Reservation Executive,Jooble,https://www.teamblind.com,https://in.jooble.org/desc/-9180812918379242815?ckey=lead+generation+executive&rgn=4921&pos=36&elckey=-8042297126546053989&pageType=20&p=1&sid=-1379311251630732324&jobAge=128&relb=100&brelb=100&bscr=13550.915857183596&scr=13550.915857183596&searchTestGroup=1_2_1&iid=-2834196055387051762
Procurement Executive,Jooble Verified Employer,Chennai,2026-09-18,https://in.jooble.org/desc/-7687855026457489501?ckey=lead+generation+executive&rgn=4921&pos=38&elckey=-8042297126546053989&pageType=20&p=1&sid=-1379311251630732324&jobAge=464&relb=100&brelb=100&bscr=13343.112540244789&scr=13343.112540244789&searchTestGroup=1_2_1&iid=-8146455204419916536,https://www.teamblind.com,Actively Hiring,Procurement Executive,Jooble,https://www.teamblind.com,https://in.jooble.org/desc/-7687855026457489501?ckey=lead+generation+executive&rgn=4921&pos=38&elckey=-8042297126546053989&pageType=20&p=1&sid=-1379311251630732324&jobAge=464&relb=100&brelb=100&bscr=13343.112540244789&scr=13343.112540244789&searchTestGroup=1_2_1&iid=-8146455204419916536
Housekeeping Executive,Jooble Verified Employer,Chennai,2026-09-18,https://in.jooble.org/desc/4751617342232307577?ckey=lead+generation+executive&rgn=4921&pos=39&elckey=-8042297126546053989&pageType=20&p=1&sid=-1379311251630732324&jobAge=296&relb=100&brelb=100&bscr=13261.876485861845&scr=13261.876485861845&searchTestGroup=1_2_1&iid=8273363672559438182,https://www.teamblind.com,Actively Hiring,Housekeeping Executive,Jooble,https://www.teamblind.com,https://in.jooble.org/desc/4751617342232307577?ckey=lead+generation+executive&rgn=4921&pos=39&elckey=-8042297126546053989&pageType=20&p=1&sid=-1379311251630732324&jobAge=296&relb=100&brelb=100&bscr=13261.876485861845&scr=13261.876485861845&searchTestGroup=1_2_1&iid=8273363672559438182
Executive - Credit Control - Royapettah (Chennai),Jooble Verified Employer,Chennai,2026-09-18,https://in.jooble.org/desc/-6790968664017188738?ckey=lead+generation+executive&rgn=4921&pos=46&elckey=-8042297126546053989&pageType=20&p=1&sid=-1379311251630732324&jobAge=1480&relb=110&brelb=110&bscr=12598.292898056317&scr=12598.292898056317&searchTestGroup=1_2_1&iid=1329697840452755327,https://www.teamblind.com,Actively Hiring,Executive - Credit Control - Royapettah (Chennai),Jooble,https://www.teamblind.com,https://in.jooble.org/desc/-6790968664017188738?ckey=lead+generation+executive&rgn=4921&pos=46&elckey=-8042297126546053989&pageType=20&p=1&sid=-1379311251630732324&jobAge=1480&relb=110&brelb=110&bscr=12598.292898056317&scr=12598.292898056317&searchTestGroup=1_2_1&iid=1329697840452755327
ACCOUNTS EXECUTIVE,Jooble Verified Employer,Chennai,2026-09-18,https://in.jooble.org/desc/5444270812311130420?ckey=lead+generation+executive&rgn=4921&pos=47&elckey=-8042297126546053989&pageType=20&p=1&sid=-1379311251630732324&jobAge=7976&relb=100&brelb=100&bscr=12552.29022729068&scr=12552.29022729068&searchTestGroup=1_2_1&iid=5950444810080027197,https://www.teamblind.com,Actively Hiring,ACCOUNTS EXECUTIVE,Jooble,https://www.teamblind.com,https://in.jooble.org/desc/5444270812311130420?ckey=lead+generation+executive&rgn=4921&pos=47&elckey=-8042297126546053989&pageType=20&p=1&sid=-1379311251630732324&jobAge=7976&relb=100&brelb=100&bscr=12552.29022729068&scr=12552.29022729068&searchTestGroup=1_2_1&iid=5950444810080027197
Guest Relation Executive,Jooble Verified Employer,Chennai,2026-09-18,https://in.jooble.org/desc/7839701104987657905?ckey=lead+generation+executive&rgn=4921&pos=54&elckey=-8042297126546053989&pageType=20&p=1&sid=-1379311251630732324&jobAge=3560&relb=100&brelb=100&bscr=12235.370088562402&scr=12235.370088562402&searchTestGroup=1_2_1&iid=-6366125655251722178,https://www.teamblind.com,Actively Hiring,Guest Relation Executive,Jooble,https://www.teamblind.com,https://in.jooble.org/desc/7839701104987657905?ckey=lead+generation+executive&rgn=4921&pos=54&elckey=-8042297126546053989&pageType=20&p=1&sid=-1379311251630732324&jobAge=3560&relb=100&brelb=100&bscr=12235.370088562402&scr=12235.370088562402&searchTestGroup=1_2_1&iid=-6366125655251722178
Vessel Accounts Executive,Jooble Verified Employer,Chennai,2026-09-18,https://in.jooble.org/desc/7372758688859005770?ckey=lead+generation+executive&rgn=4921&pos=59&elckey=-8042297126546053989&pageType=20&p=1&sid=-1379311251630732324&jobAge=752&relb=100&brelb=100&bscr=11744.564023042914&scr=11744.564023042914&searchTestGroup=1_2_1&iid=-7012120588591307453,https://www.teamblind.com,Actively Hiring,Vessel Accounts Executive,Jooble,https://www.teamblind.com,https://in.jooble.org/desc/7372758688859005770?ckey=lead+generation+executive&rgn=4921&pos=59&elckey=-8042297126546053989&pageType=20&p=1&sid=-1379311251630732324&jobAge=752&relb=100&brelb=100&bscr=11744.564023042914&scr=11744.564023042914&searchTestGroup=1_2_1&iid=-7012120588591307453
Field Executive - Customer Experience - Ambattur(Chennai),Jooble Verified Employer,Chennai,2026-09-18,https://in.jooble.org/desc/-3457152769234425445?ckey=lead+generation+executive&rgn=4921&pos=61&elckey=-8042297126546053989&pageType=20&p=1&sid=-1379311251630732324&jobAge=1480&relb=110&brelb=110&bscr=11688.633713456245&scr=11688.633713456245&searchTestGroup=1_2_1&iid=-7189300449612152672,https://www.teamblind.com,Actively Hiring,Field Executive - Customer Experience - Ambattur(Chennai),Jooble,https://www.teamblind.com,https://in.jooble.org/desc/-3457152769234425445?ckey=lead+generation+executive&rgn=4921&pos=61&elckey=-8042297126546053989&pageType=20&p=1&sid=-1379311251630732324&jobAge=1480&relb=110&brelb=110&bscr=11688.633713456245&scr=11688.633713456245&searchTestGroup=1_2_1&iid=-7189300449612152672
Admin Executive,Jooble Verified Employer,Chennai,2026-09-18,https://in.jooble.org/desc/-896907063019195774?ckey=lead+generation+executive&rgn=4921&pos=62&elckey=-8042297126546053989&pageType=20&p=1&sid=-1379311251630732324&jobAge=1112&relb=100&brelb=100&bscr=11673.671181206784&scr=11673.671181206784&searchTestGroup=1_2_1&iid=2881089647256017947,https://www.teamblind.com,Actively Hiring,Admin Executive,Jooble,https://www.teamblind.com,https://in.jooble.org/desc/-896907063019195774?ckey=lead+generation+executive&rgn=4921&pos=62&elckey=-8042297126546053989&pageType=20&p=1&sid=-1379311251630732324&jobAge=1112&relb=100&brelb=100&bscr=11673.671181206784&scr=11673.671181206784&searchTestGroup=1_2_1&iid=2881089647256017947
Civil Executive,Jooble Verified Employer,Chennai,2026-09-18,https://in.jooble.org/desc/-4564795121015643624?ckey=lead+generation+executive&rgn=4921&pos=68&elckey=-8042297126546053989&pageType=20&p=1&sid=-1379311251630732324&jobAge=248&relb=100&brelb=100&bscr=10739.733497330015&scr=10739.733497330015&searchTestGroup=1_2_1&iid=1509501304217234745,https://www.teamblind.com,Actively Hiring,Civil Executive,Jooble,https://www.teamblind.com,https://in.jooble.org/desc/-4564795121015643624?ckey=lead+generation+executive&rgn=4921&pos=68&elckey=-8042297126546053989&pageType=20&p=1&sid=-1379311251630732324&jobAge=248&relb=100&brelb=100&bscr=10739.733497330015&scr=10739.733497330015&searchTestGroup=1_2_1&iid=1509501304217234745
Hiring For Airport Ground Staff Executive Freshers,Jooble Verified Employer,Chennai,2026-09-18,https://in.jooble.org/desc/-3758962617612888385?ckey=lead+generation+executive&rgn=4921&pos=69&elckey=-8042297126546053989&pageType=20&p=1&sid=-1379311251630732324&jobAge=152&relb=100&brelb=100&bscr=10582.965957921753&scr=10582.965957921753&searchTestGroup=1_2_1&iid=6013174148895151628,https://www.teamblind.com,Actively Hiring,Hiring For Airport Ground Staff Executive Freshers,Jooble,https://www.teamblind.com,https://in.jooble.org/desc/-3758962617612888385?ckey=lead+generation+executive&rgn=4921&pos=69&elckey=-8042297126546053989&pageType=20&p=1&sid=-1379311251630732324&jobAge=152&relb=100&brelb=100&bscr=10582.965957921753&scr=10582.965957921753&searchTestGroup=1_2_1&iid=6013174148895151628
Airline Ticketing Executive / Travel Consultant / airport ground staff,Jooble Verified Employer,Chennai,2026-09-18,https://in.jooble.org/desc/-1257876087806495149?ckey=lead+generation+executive&rgn=4921&pos=73&elckey=-8042297126546053989&pageType=20&p=1&sid=-1379311251630732324&jobAge=200&relb=100&brelb=100&bscr=10072.158799562694&scr=10072.158799562694&searchTestGroup=1_2_1&iid=-287472307206968072,https://www.teamblind.com,Actively Hiring,Airline Ticketing Executive / Travel Consultant / airport ground staff,Jooble,https://www.teamblind.com,https://in.jooble.org/desc/-1257876087806495149?ckey=lead+generation+executive&rgn=4921&pos=73&elckey=-8042297126546053989&pageType=20&p=1&sid=-1379311251630732324&jobAge=200&relb=100&brelb=100&bscr=10072.158799562694&scr=10072.158799562694&searchTestGroup=1_2_1&iid=-287472307206968072
Business Development Executive - CBS011 -Chennai,CapActix Business Solutions,"Chennai, Tamil Nadu, India",2026-09-14,https://www.linkedin.com/jobs/view/4467137731,https://www.capactixbusiness.com,Actively Hiring,"Company: CapActix Business Solutions | Location: Chennai, Tamil Nadu, India | Role: Business Development Executive - CBS011 -Chennai | Source: LinkedIn | Actively hiring qualified talent.",LinkedIn,https://www.capactixbusiness.com,https://www.linkedin.com/jobs/view/4467137731
Lead Generation Executive,INZPIRE IOT SOLUTIONS PRIVATE LIMITED,"Chengalpattu, Tamil Nadu, India",2026-09-16,https://www.linkedin.com/jobs/view/4464188618,https://www.inzpireiot.com,Actively Hiring,"Company: INZPIRE IOT SOLUTIONS PRIVATE LIMITED | Location: Chengalpattu, Tamil Nadu, India | Role: Lead Generation Executive | Source: LinkedIn | Actively hiring qualified talent.",LinkedIn,https://www.inzpireiot.com,https://www.linkedin.com/jobs/view/4464188618
Business Development Executive,Medagg Healthcare Pvt Ltd,"Sholinganallur, Tamil Nadu, India",2026-09-13,https://www.linkedin.com/jobs/view/4466168917,https://www.medagghealthcare.com,Actively Hiring,"Company: Medagg Healthcare Pvt Ltd | Location: Sholinganallur, Tamil Nadu, India | Role: Business Development Executive | Source: LinkedIn | Actively hiring qualified talent.",LinkedIn,https://www.medagghealthcare.com,https://www.linkedin.com/jobs/view/4466168917
Hiring Business Development Field Executive for Chennai - ( Job ID - 24224),EH Jobs,"Chennai, Tamil Nadu, India",2026-09-12,https://www.linkedin.com/jobs/view/4466104491,https://ehscareers.com,Actively Hiring,"Company: EH Jobs | Location: Chennai, Tamil Nadu, India | Role: Hiring Business Development Field Executive for Chennai - ( Job ID - 24224) | Source: LinkedIn | Actively hiring qualified talent.",LinkedIn,https://ehscareers.com,https://www.linkedin.com/jobs/view/4466104491
Business Development Executive,GROWAI Edtech,"Chennai, Tamil Nadu, India",2026-09-18,https://www.linkedin.com/jobs/view/4468475118,https://www.growaiedtech.com,Actively Hiring,"Company: GROWAI Edtech | Location: Chennai, Tamil Nadu, India | Role: Business Development Executive | Source: LinkedIn | Actively hiring qualified talent.",LinkedIn,https://www.growaiedtech.com,https://www.linkedin.com/jobs/view/4468475118
Telesales Executive,DETRON India CNC Rotary Tables,"Chennai, Tamil Nadu, India",2026-09-17,https://www.linkedin.com/jobs/view/4468092164,https://www.detroncncrotarytables.com,Actively Hiring,"Company: DETRON India CNC Rotary Tables | Location: Chennai, Tamil Nadu, India | Role: Telesales Executive | Source: LinkedIn | Actively hiring qualified talent.",LinkedIn,https://www.detroncncrotarytables.com,https://www.linkedin.com/jobs/view/4468092164
Inside Sales Executive - International Calling - Royapet,Sanvi Engineering And Business Consulting Solutions,"Guindy, Tamil Nadu, India",2026-09-15,https://www.linkedin.com/jobs/view/4467169582,https://sanvibs.com,Actively Hiring,"Company: Sanvi Engineering And Business Consulting Solutions | Location: Guindy, Tamil Nadu, India | Role: Inside Sales Executive - International Calling - Royapet | Source: LinkedIn | Actively hiring qualified talent.",LinkedIn,https://sanvibs.com,https://www.linkedin.com/jobs/view/4467169582
Sales Executive,WEMAKE SOLUTIONS PVT LTD,Greater Chennai Area,2026-09-14,https://www.linkedin.com/jobs/view/4464838394,https://www.wemakecreators.com,Actively Hiring,Company: WEMAKE SOLUTIONS PVT LTD | Location: Greater Chennai Area | Role: Sales Executive | Source: LinkedIn | Actively hiring qualified talent.,LinkedIn,https://www.wemakecreators.com,https://www.linkedin.com/jobs/view/4464838394
Business Development Executive (BDE),SRK SOLUTIONS LIMITED,Greater Chennai Area,2026-09-13,https://www.linkedin.com/jobs/view/4466552200,https://www.srk.com,Actively Hiring,Company: SRK SOLUTIONS LIMITED | Location: Greater Chennai Area | Role: Business Development Executive (BDE) | Source: LinkedIn | Actively hiring qualified talent.,LinkedIn,https://www.srk.com,https://www.linkedin.com/jobs/view/4466552200
Business Development Executive -Inside Sales,LMES Academy,"Chennai, Tamil Nadu, India",2026-09-17,https://www.linkedin.com/jobs/view/4468077332,https://www.lmesacademy.com,Actively Hiring,"Company: LMES Academy | Location: Chennai, Tamil Nadu, India | Role: Business Development Executive -Inside Sales | Source: LinkedIn | Actively hiring qualified talent.",LinkedIn,https://www.lmesacademy.com,https://www.linkedin.com/jobs/view/4468077332
Business Development Executive,Alitemat Technologies Private Limited,"Chennai, Tamil Nadu, India",2026-09-16,https://www.linkedin.com/jobs/view/4467847425,https://www.alitemat.com,Actively Hiring,"Company: Alitemat Technologies Private Limited | Location: Chennai, Tamil Nadu, India | Role: Business Development Executive | Source: LinkedIn | Actively hiring qualified talent.",LinkedIn,https://www.alitemat.com,https://www.linkedin.com/jobs/view/4467847425
MARKETING EXECUTIVE,AATMIA DIGITAL MARKETING AND SECURITY PRIVATE LIMITED,"Chennai, Tamil Nadu, India",2026-09-16,https://www.linkedin.com/jobs/view/4467847684,https://www.aatmiadigitalmarketingandsecurity.com,Actively Hiring,"Company: AATMIA DIGITAL MARKETING AND SECURITY PRIVATE LIMITED | Location: Chennai, Tamil Nadu, India | Role: MARKETING EXECUTIVE | Source: LinkedIn | Actively hiring qualified talent.",LinkedIn,https://www.aatmiadigitalmarketingandsecurity.com,https://www.linkedin.com/jobs/view/4467847684
Business Development Executive - IT,Circle Communications,"Chennai, Tamil Nadu, India",2026-09-15,https://www.linkedin.com/jobs/view/4467170663,https://www.circlecommunications.in,Actively Hiring,"Company: Circle Communications | Location: Chennai, Tamil Nadu, India | Role: Business Development Executive - IT | Source: LinkedIn | Actively hiring qualified talent.",LinkedIn,https://www.circlecommunications.in,https://www.linkedin.com/jobs/view/4467170663
Inside Sales Executive | Inbound Leads,scanO,"Egmore, Tamil Nadu, India",2026-09-12,https://www.linkedin.com/jobs/view/4466854394,https://www.scano.ai,Actively Hiring,"Company: scanO | Location: Egmore, Tamil Nadu, India | Role: Inside Sales Executive | Inbound Leads | Source: LinkedIn | Actively hiring qualified talent.",LinkedIn,https://www.scano.ai,https://www.linkedin.com/jobs/view/4466854394
Business Development Executive,HomeLane,"Chennai, Tamil Nadu, India",2026-09-16,https://www.linkedin.com/jobs/view/4467838908,https://www.homelane.com,Actively Hiring,"Company: HomeLane | Location: Chennai, Tamil Nadu, India | Role: Business Development Executive | Source: LinkedIn | Actively hiring qualified talent.",LinkedIn,https://www.homelane.com,https://www.linkedin.com/jobs/view/4467838908
Sales Executive,Lentera Technologies Private Limited,"Chennai, Tamil Nadu, India",2026-09-15,https://www.linkedin.com/jobs/view/4467197740,https://www.lentera.com,Actively Hiring,"Company: Lentera Technologies Private Limited | Location: Chennai, Tamil Nadu, India | Role: Sales Executive | Source: LinkedIn | Actively hiring qualified talent.",LinkedIn,https://www.lentera.com,https://www.linkedin.com/jobs/view/4467197740
Business Development Executive,"Boston Institute of Analytics - Sholinganallur, Chennai Campus","Sholinganallur, Tamil Nadu, India",2026-09-14,https://www.linkedin.com/jobs/view/4466842654,https://www.bostoninstituteofanalyticssholinganallurchennaicampus.com,Actively Hiring,"Company: Boston Institute of Analytics - Sholinganallur, Chennai Campus | Location: Sholinganallur, Tamil Nadu, India | Role: Business Development Executive | Source: LinkedIn | Actively hiring qualified talent.",LinkedIn,https://www.bostoninstituteofanalyticssholinganallurchennaicampus.com,https://www.linkedin.com/jobs/view/4466842654
Business Development Executive - sterloCare,sterlo,"Chennai, Tamil Nadu, India",2026-09-16,https://www.linkedin.com/jobs/view/4468036072,https://www.sterlo.com,Actively Hiring,"Company: sterlo | Location: Chennai, Tamil Nadu, India | Role: Business Development Executive - sterloCare | Source: LinkedIn | Actively hiring qualified talent.",LinkedIn,https://www.sterlo.com,https://www.linkedin.com/jobs/view/4468036072
Business Development Executive - Digital & Media,Circle Communications,"Chennai, Tamil Nadu, India",2026-09-15,https://www.linkedin.com/jobs/view/4467173638,https://www.circlecommunications.in,Actively Hiring,"Company: Circle Communications | Location: Chennai, Tamil Nadu, India | Role: Business Development Executive - Digital & Media | Source: LinkedIn | Actively hiring qualified talent.",LinkedIn,https://www.circlecommunications.in,https://www.linkedin.com/jobs/view/4467173638
Sales Executive – B2B SaaS (Field + Inside Sales) | Chennai,kCube Consultancy Services (P) Ltd,"Chennai, Tamil Nadu, India",2026-09-12,https://www.linkedin.com/jobs/view/4467035680,https://kcubeconsulting.com,Actively Hiring,"Company: kCube Consultancy Services (P) Ltd | Location: Chennai, Tamil Nadu, India | Role: Sales Executive – B2B SaaS (Field + Inside Sales) | Chennai | Source: LinkedIn | Actively hiring qualified talent.",LinkedIn,https://kcubeconsulting.com,https://www.linkedin.com/jobs/view/4467035680
Field Sales Executive,findbhk.com,"Chennai, Tamil Nadu, India",2026-09-15,https://www.linkedin.com/jobs/view/4467192077,https://www.findbhkcom.com,Actively Hiring,"Company: findbhk.com | Location: Chennai, Tamil Nadu, India | Role: Field Sales Executive | Source: LinkedIn | Actively hiring qualified talent.",LinkedIn,https://www.findbhkcom.com,https://www.linkedin.com/jobs/view/4467192077
"Senior Field Sales Executive in Tamil Nadu, Mumbai, Bangalore, Kerala Estate, Andhra Pradesh, Chennai, Delhi, Hyderabad",AyuSynk.ai,"Chennai, Tamil Nadu, India",2026-09-15,https://www.linkedin.com/jobs/view/4468843954,https://www.ayusynkai.com,Actively Hiring,"Company: AyuSynk.ai | Location: Chennai, Tamil Nadu, India | Role: Senior Field Sales Executive in Tamil Nadu, Mumbai, Bangalore, Kerala Estate, Andhra Pradesh, Chennai, Delhi, Hyderabad | Source: LinkedIn | Actively hiring qualified talent.",LinkedIn,https://www.ayusynkai.com,https://www.linkedin.com/jobs/view/4468843954
Telesales Executive,XLT Engineers Private Limited,"Chennai, Tamil Nadu, India",2026-09-13,https://www.linkedin.com/jobs/view/4466195576,https://www.xltengineers.com,Actively Hiring,"Company: XLT Engineers Private Limited | Location: Chennai, Tamil Nadu, India | Role: Telesales Executive | Source: LinkedIn | Actively hiring qualified talent.",LinkedIn,https://www.xltengineers.com,https://www.linkedin.com/jobs/view/4466195576
Marketing Executive,Ayur.AI,"Chennai, Tamil Nadu, India",2026-09-16,https://www.linkedin.com/jobs/view/4467508339,https://www.ayurai.com,Actively Hiring,"Company: Ayur.AI | Location: Chennai, Tamil Nadu, India | Role: Marketing Executive | Source: LinkedIn | Actively hiring qualified talent.",LinkedIn,https://www.ayurai.com,https://www.linkedin.com/jobs/view/4467508339
Senior Executive - Digital Sales,ADP,"Chennai, Tamil Nadu, India",2026-09-16,https://www.linkedin.com/jobs/view/4466681821,https://www.adp.com,Actively Hiring,"Company: ADP | Location: Chennai, Tamil Nadu, India | Role: Senior Executive - Digital Sales | Source: LinkedIn | Actively hiring qualified talent.",LinkedIn,https://www.adp.com,https://www.linkedin.com/jobs/view/4466681821
Business Development Executive,Chennai Chess Club,"Chennai, Tamil Nadu, India",2026-09-16,https://www.linkedin.com/jobs/view/4467846139,https://www.chennaichessclub.com,Actively Hiring,"Company: Chennai Chess Club | Location: Chennai, Tamil Nadu, India | Role: Business Development Executive | Source: LinkedIn | Actively hiring qualified talent.",LinkedIn,https://www.chennaichessclub.com,https://www.linkedin.com/jobs/view/4467846139
Sales & Servicing Executive,IndiaMART InterMESH Limited,"Chennai, Tamil Nadu, India",2026-09-16,https://www.linkedin.com/jobs/view/4469124145,https://www.indiamartintermesh.com,Actively Hiring,"Company: IndiaMART InterMESH Limited | Location: Chennai, Tamil Nadu, India | Role: Sales & Servicing Executive | Source: LinkedIn | Actively hiring qualified talent.",LinkedIn,https://www.indiamartintermesh.com,https://www.linkedin.com/jobs/view/4469124145
Marketing Executive,International Certification Services Pvt. Ltd.,"Chennai, Tamil Nadu, India",2026-09-13,https://www.linkedin.com/jobs/view/4466173985,https://www.internationalcertification.com,Actively Hiring,"Company: International Certification Services Pvt. Ltd. | Location: Chennai, Tamil Nadu, India | Role: Marketing Executive | Source: LinkedIn | Actively hiring qualified talent.",LinkedIn,https://www.internationalcertification.com,https://www.linkedin.com/jobs/view/4466173985
Sales Executive,Thompsons HR Consulting Pvt Ltd,"Poonamallee, Tamil Nadu, India",2026-09-15,https://www.linkedin.com/jobs/view/4468375617,https://thompsonshr.com,Actively Hiring,"Company: Thompsons HR Consulting Pvt Ltd | Location: Poonamallee, Tamil Nadu, India | Role: Sales Executive | Source: LinkedIn | Actively hiring qualified talent.",LinkedIn,https://thompsonshr.com,https://www.linkedin.com/jobs/view/4468375617
Recruitment ATS Business Development Executive,Vybog,Greater Chennai Area,2026-09-17,https://www.linkedin.com/jobs/view/4469552514,https://www.vybog.com,Actively Hiring,Company: Vybog | Location: Greater Chennai Area | Role: Recruitment ATS Business Development Executive | Source: LinkedIn | Actively hiring qualified talent.,LinkedIn,https://www.vybog.com,https://www.linkedin.com/jobs/view/4469552514
MARKETING EXECUTIVE,ARAVIND CERAMICS PRIVATE LIMITED,Greater Chennai Area,2026-09-18,https://www.linkedin.com/jobs/view/4469581882,https://www.aravindceramics.com,Actively Hiring,Company: ARAVIND CERAMICS PRIVATE LIMITED | Location: Greater Chennai Area | Role: MARKETING EXECUTIVE | Source: LinkedIn | Actively hiring qualified talent.,LinkedIn,https://www.aravindceramics.com,https://www.linkedin.com/jobs/view/4469581882
Sales Executive – Sustainable Energy & Smart Solutions,VHAN Confiance (OPC) Private Limited,"Chennai, Tamil Nadu, India",2026-09-18,https://www.linkedin.com/jobs/view/4468461837,https://www.vhanconfianceopc.com,Actively Hiring,"Company: VHAN Confiance (OPC) Private Limited | Location: Chennai, Tamil Nadu, India | Role: Sales Executive – Sustainable Energy & Smart Solutions | Source: LinkedIn | Actively hiring qualified talent.",LinkedIn,https://www.vhanconfianceopc.com,https://www.linkedin.com/jobs/view/4468461837
Business Development Executive(Archiect&design backgound),Company,"El Sheikh Zayed City, Giza Governorate, Egypt",2026-09-14,https://jobs.workable.com/view/xsbLduuUqbRLPmbiKAyukZ/business-development-executive(archiect%26design-backgound)-in-el-sheikh-zayed-city-at-company,https://www.boeing.com,Actively Hiring,"Workplace: On_site | Type: Full-time | We are looking for an experienced and driven Business Development Executive – Architects & Design Offices to join our team. The successful candidate will be responsible for developing and maintaining strong relationships with architects, interior designers, consultants, design offices, developers, a",Workable,https://www.boeing.com,https://jobs.workable.com/view/xsbLduuUqbRLPmbiKAyukZ/business-development-executive(archiect%26design-backgound)-in-el-sheikh-zayed-city-at-company
General Application,Cogram,Remote / Various,2026-09-12,https://www.workatastartup.com/companies/cogram,https://www.cogram.com,Actively Hiring,Cogram is hiring for 6 jobs. The AI Platform for Architects and Engineers,Work at a Startup,https://www.cogram.com,https://www.workatastartup.com/companies/cogram
General Application,Healthtech 1,Remote / Various,2026-09-12,https://www.workatastartup.com/companies/healthtech-1,https://www.healthtech1.com,Actively Hiring,"Healthtech 1 is hiring for 2 jobs. Navigating patients to the right place, first time.",Work at a Startup,https://www.healthtech1.com,https://www.workatastartup.com/companies/healthtech-1
General Application,Camber,Remote / Various,2026-09-12,https://www.workatastartup.com/companies/camber-2,https://www.camber.io,Actively Hiring,Camber is hiring for 13 jobs. Admin automation for healthcare,Work at a Startup,https://www.camber.io,https://www.workatastartup.com/companies/camber-2
General Application,Vooma,Remote / Various,2026-09-12,https://www.workatastartup.com/companies/vooma,https://www.vooma.com,Actively Hiring,Vooma(W23) | YC Batch: W23,Work at a Startup,https://www.vooma.com,https://www.workatastartup.com/companies/vooma
Account Executive,See all 6 jobs ›,Remote / Various,2026-09-12,https://www.workatastartup.com/jobs/71015,https://jobs.ikea.com,Actively Hiring,"Account ExecutiveSan Francisco, CA, US / Chicago, IL, USfulltimeWill sponsor$150 - $2503+ yearsView jobAI Software EngineerSan Francisco, CA, US / Palo Alto, CA, USfulltimeWill sponsor$100K - $200K3+ yearsView jobDeployment StrategistSan Francisco, CA, USfulltimeWill sponsor$120K - $190K3+ yearsView jobSee all 6 jobs › | Salary: $150 - $2503 | YC Batch: N/A",Work at a Startup,https://jobs.ikea.com,https://www.workatastartup.com/jobs/71015
AI Software Engineer,See all 6 jobs ›,Remote / Various,2026-09-12,https://www.workatastartup.com/jobs/60818,https://jobs.ikea.com,Actively Hiring,"Account ExecutiveSan Francisco, CA, US / Chicago, IL, USfulltimeWill sponsor$150 - $2503+ yearsView jobAI Software EngineerSan Francisco, CA, US / Palo Alto, CA, USfulltimeWill sponsor$100K - $200K3+ yearsView jobDeployment StrategistSan Francisco, CA, USfulltimeWill sponsor$120K - $190K3+ yearsView jobSee all 6 jobs › | Salary: $100K - $200K | YC Batch: N/A",Work at a Startup,https://jobs.ikea.com,https://www.workatastartup.com/jobs/60818
Deployment Strategist,See all 6 jobs ›,Remote / Various,2026-09-12,https://www.workatastartup.com/jobs/92591,https://jobs.ikea.com,Actively Hiring,"Account ExecutiveSan Francisco, CA, US / Chicago, IL, USfulltimeWill sponsor$150 - $2503+ yearsView jobAI Software EngineerSan Francisco, CA, US / Palo Alto, CA, USfulltimeWill sponsor$100K - $200K3+ yearsView jobDeployment StrategistSan Francisco, CA, USfulltimeWill sponsor$120K - $190K3+ yearsView jobSee all 6 jobs › | Salary: $120K - $190K | YC Batch: N/A",Work at a Startup,https://jobs.ikea.com,https://www.workatastartup.com/jobs/92591
General Application,Lightly,Remote / Various,2026-09-12,https://www.workatastartup.com/companies/lightly,https://www.lightly.ai,Actively Hiring,Lightly is hiring for 2 jobs. Help ML teams label the right data,Work at a Startup,https://www.lightly.ai,https://www.workatastartup.com/companies/lightly
General Application,Open,Remote / Various,2026-09-12,https://www.workatastartup.com/companies/open,https://www.open.com,Actively Hiring,Open is hiring for 2 jobs. Enterprise AI customer support,Work at a Startup,https://www.open.com,https://www.workatastartup.com/companies/open
General Application,Enerjazz,Remote / Various,2026-09-12,https://www.workatastartup.com/companies/enerjazz,https://www.enerjazz.tech,Actively Hiring,Enerjazz(S21) | YC Batch: S21,Work at a Startup,https://www.enerjazz.tech,https://www.workatastartup.com/companies/enerjazz
Customer Support/Success Manager,See all 29 jobs ›,Remote / Various,2026-09-12,https://www.workatastartup.com/jobs/78133,https://www.usajobs.gov,Actively Hiring,"Customer Support/Success ManagerInterview ProcessNoida, UP, INfulltimeUS citizenship/visa not required₹240K - ₹600K INR3+ yearsView jobOperations ManagerInterview ProcessNoida, UP, INfulltimeUS citizenship/visa not required₹300K - ₹600K INR3+ yearsView jobCredit Financing & Collection ManagerNoida, UP, IN / Noida, Uttar Pradesh, INfulltimeUS citize | Salary: ₹240K - ₹600K | YC Batch: N/A",Work at a Startup,https://www.usajobs.gov,https://www.workatastartup.com/jobs/78133
Operations Manager,See all 29 jobs ›,Remote / Various,2026-09-12,https://www.workatastartup.com/jobs/77867,https://www.usajobs.gov,Actively Hiring,"Customer Support/Success ManagerInterview ProcessNoida, UP, INfulltimeUS citizenship/visa not required₹240K - ₹600K INR3+ yearsView jobOperations ManagerInterview ProcessNoida, UP, INfulltimeUS citizenship/visa not required₹300K - ₹600K INR3+ yearsView jobCredit Financing & Collection ManagerNoida, UP, IN / Noida, Uttar Pradesh, INfulltimeUS citize | Salary: ₹300K - ₹600K | YC Batch: N/A",Work at a Startup,https://www.usajobs.gov,https://www.workatastartup.com/jobs/77867
Credit Financing & Collection Manager,See all 29 jobs ›,Remote / Various,2026-09-12,https://www.workatastartup.com/jobs/91986,https://www.usajobs.gov,Actively Hiring,"Customer Support/Success ManagerInterview ProcessNoida, UP, INfulltimeUS citizenship/visa not required₹240K - ₹600K INR3+ yearsView jobOperations ManagerInterview ProcessNoida, UP, INfulltimeUS citizenship/visa not required₹300K - ₹600K INR3+ yearsView jobCredit Financing & Collection ManagerNoida, UP, IN / Noida, Uttar Pradesh, INfulltimeUS citize | Salary: ₹30K - ₹40K | YC Batch: N/A",Work at a Startup,https://www.usajobs.gov,https://www.workatastartup.com/jobs/91986
Chief of Staff,See all 29 jobs ›,Remote / Various,2026-09-12,https://www.workatastartup.com/jobs/83448,https://www.usajobs.gov,Actively Hiring,"Customer Support/Success ManagerInterview ProcessNoida, UP, INfulltimeUS citizenship/visa not required₹240K - ₹600K INR3+ yearsView jobOperations ManagerInterview ProcessNoida, UP, INfulltimeUS citizenship/visa not required₹300K - ₹600K INR3+ yearsView jobCredit Financing & Collection ManagerNoida, UP, IN / Noida, Uttar Pradesh, INfulltimeUS citize | YC Batch: N/A",Work at a Startup,https://www.usajobs.gov,https://www.workatastartup.com/jobs/83448
General Application,Bitmovin,Remote / Various,2026-09-12,https://www.workatastartup.com/companies/bitmovin,https://bitmovin.com,Actively Hiring,Bitmovin is hiring for 1 job. Powers OTT online video providers with video developer tools.,Work at a Startup,https://bitmovin.com,https://www.workatastartup.com/companies/bitmovin
General Application,Anima,Remote / Various,2026-09-12,https://www.workatastartup.com/companies/anima,https://www.anima.com,Actively Hiring,Anima(W21) | YC Batch: W21,Work at a Startup,https://www.anima.com,https://www.workatastartup.com/companies/anima
Staff Software Engineer,See all 6 jobs ›,Remote / Various,2026-09-12,https://www.workatastartup.com/jobs/45746,https://jobs.ikea.com,Actively Hiring,Staff Software EngineerRemotefulltimeWill sponsor£80 - £150 GBP3+ yearsView jobSee all 6 jobs › | Salary: £80 - £150 | YC Batch: N/A,Work at a Startup,https://jobs.ikea.com,https://www.workatastartup.com/jobs/45746
General Application,Confido,Remote / Various,2026-09-12,https://www.workatastartup.com/companies/confido,https://www.confido.com,Actively Hiring,Confido is hiring for 32 jobs. AI-enabled financial automation and intelligence for CPG Brands,Work at a Startup,https://www.confido.com,https://www.workatastartup.com/companies/confido
General Application,Solve Intelligence,Remote / Various,2026-09-12,https://www.workatastartup.com/companies/solve-intelligence,https://www.solveintelligence.com,Actively Hiring,Solve Intelligence(S23) | YC Batch: S23,Work at a Startup,https://www.solveintelligence.com,https://www.workatastartup.com/companies/solve-intelligence
Full-Stack Engineer (Front-End Leaning),See all 12 jobs ›,Remote / Various,2026-09-12,https://www.workatastartup.com/jobs/76344,https://www.usajobs.gov,Actively Hiring,"Full-Stack Engineer (Front-End Leaning)London, England, GBfulltimeUS citizenship/visa not required$100K - $220K3+ yearsView jobAccount Executive/GTMNew York, NY, US / London, England, GBfulltimeWill sponsor$100K - $200K3+ yearsView jobAccount Executive/GTMLondon, England, GBfulltimeUS citizenship/visa not required$100K - $200K3+ yearsView jobAI Eng | Salary: $100K - $220K | YC Batch: N/A",Work at a Startup,https://www.usajobs.gov,https://www.workatastartup.com/jobs/76344
Account Executive/GTM,See all 12 jobs ›,Remote / Various,2026-09-12,https://www.workatastartup.com/jobs/87186,https://www.usajobs.gov,Actively Hiring,"Full-Stack Engineer (Front-End Leaning)London, England, GBfulltimeUS citizenship/visa not required$100K - $220K3+ yearsView jobAccount Executive/GTMNew York, NY, US / London, England, GBfulltimeWill sponsor$100K - $200K3+ yearsView jobAccount Executive/GTMLondon, England, GBfulltimeUS citizenship/visa not required$100K - $200K3+ yearsView jobAI Eng | Salary: $100K - $200K | YC Batch: N/A",Work at a Startup,https://www.usajobs.gov,https://www.workatastartup.com/jobs/87186
Account Executive/GTM,See all 12 jobs ›,Remote / Various,2026-09-12,https://www.workatastartup.com/jobs/80355,https://www.usajobs.gov,Actively Hiring,"Full-Stack Engineer (Front-End Leaning)London, England, GBfulltimeUS citizenship/visa not required$100K - $220K3+ yearsView jobAccount Executive/GTMNew York, NY, US / London, England, GBfulltimeWill sponsor$100K - $200K3+ yearsView jobAccount Executive/GTMLondon, England, GBfulltimeUS citizenship/visa not required$100K - $200K3+ yearsView jobAI Eng | Salary: $100K - $200K | YC Batch: N/A",Work at a Startup,https://www.usajobs.gov,https://www.workatastartup.com/jobs/80355
AI Engineer,See all 12 jobs ›,Remote / Various,2026-09-12,https://www.workatastartup.com/jobs/68959,https://www.usajobs.gov,Actively Hiring,"Full-Stack Engineer (Front-End Leaning)London, England, GBfulltimeUS citizenship/visa not required$100K - $220K3+ yearsView jobAccount Executive/GTMNew York, NY, US / London, England, GBfulltimeWill sponsor$100K - $200K3+ yearsView jobAccount Executive/GTMLondon, England, GBfulltimeUS citizenship/visa not required$100K - $200K3+ yearsView jobAI Eng | Salary: $100K - $250K | YC Batch: N/A",Work at a Startup,https://www.usajobs.gov,https://www.workatastartup.com/jobs/68959
General Application,Rollstack,Remote / Various,2026-09-12,https://www.workatastartup.com/companies/rollstack-2,https://www.rollstack.com,Actively Hiring,Rollstack is hiring for 5 jobs. Automate data-driven slide decks and documents with AI,Work at a Startup,https://www.rollstack.com,https://www.workatastartup.com/companies/rollstack-2
General Application,Artisan,Remote / Various,2026-09-12,https://www.workatastartup.com/companies/artisan,https://jpgamingusa.com,Actively Hiring,"Artisan is hiring for 4 jobs. AI employees that take on real work, starting with sales",Work at a Startup,https://jpgamingusa.com,https://www.workatastartup.com/companies/artisan
General Application,Structured AI,Remote / Various,2026-09-12,https://www.workatastartup.com/companies/structured-ai,https://www.structuredai.com,Actively Hiring,Structured AI is hiring for 2 jobs. The AI drawing review platform for architects and engineers.,Work at a Startup,https://www.structuredai.com,https://www.workatastartup.com/companies/structured-ai
General Application,Terra API,Remote / Various,2026-09-12,https://www.workatastartup.com/companies/terra-api,https://tryterra.co,Actively Hiring,Terra API is hiring for 5 jobs. API for developers and AIs to access health data,Work at a Startup,https://tryterra.co,https://www.workatastartup.com/companies/terra-api
General Application,Encord,Remote / Various,2026-09-12,https://www.workatastartup.com/companies/encord,https://www.encord.com,Actively Hiring,Encord is hiring for 58 jobs. The data layer for physical AI,Work at a Startup,https://www.encord.com,https://www.workatastartup.com/companies/encord
General Application,Legion Health,Remote / Various,2026-09-12,https://www.workatastartup.com/companies/legion-health,https://app.legionhealth.com,Actively Hiring,Legion Health is hiring for 155 jobs. Autonomous medical care,Work at a Startup,https://app.legionhealth.com,https://www.workatastartup.com/companies/legion-health
"Head of Consumer Growth (backed by Y Combinator, $5M+ ARR, $23M+ raised)",See all 11 jobs ›,Remote / Various,2026-09-12,https://www.workatastartup.com/jobs/96237,https://www.usajobs.gov,Actively Hiring,"Head of Consumer Growth (backed by Y Combinator, $5M+ ARR, $23M+ raised)Interview ProcessSan FranciscofulltimeWill sponsor$190K - $300K3+ yearsView jobMedical Director, Psychiatry (backed by Y Combinator, $5M+ ARR, $23M+ raised)Interview ProcessSan FranciscofulltimeWill sponsor$180K - $375K3+ yearsView jobConsumer Brand Leader (backed by Y Combinat | Salary: $190K - $300K | YC Batch: N/A",Work at a Startup,https://www.usajobs.gov,https://www.workatastartup.com/jobs/96237
"Medical Director, Psychiatry (backed by Y Combinator, $5M+ ARR, $23M+ raised)",See all 11 jobs ›,Remote / Various,2026-09-12,https://www.workatastartup.com/jobs/96239,https://www.usajobs.gov,Actively Hiring,"Head of Consumer Growth (backed by Y Combinator, $5M+ ARR, $23M+ raised)Interview ProcessSan FranciscofulltimeWill sponsor$190K - $300K3+ yearsView jobMedical Director, Psychiatry (backed by Y Combinator, $5M+ ARR, $23M+ raised)Interview ProcessSan FranciscofulltimeWill sponsor$180K - $375K3+ yearsView jobConsumer Brand Leader (backed by Y Combinat | Salary: $180K - $375K | YC Batch: N/A",Work at a Startup,https://www.usajobs.gov,https://www.workatastartup.com/jobs/96239
"Consumer Brand Leader (backed by Y Combinator, $5M+ ARR, $23M+ raised)",See all 11 jobs ›,Remote / Various,2026-09-12,https://www.workatastartup.com/jobs/96238,https://www.usajobs.gov,Actively Hiring,"Head of Consumer Growth (backed by Y Combinator, $5M+ ARR, $23M+ raised)Interview ProcessSan FranciscofulltimeWill sponsor$190K - $300K3+ yearsView jobMedical Director, Psychiatry (backed by Y Combinator, $5M+ ARR, $23M+ raised)Interview ProcessSan FranciscofulltimeWill sponsor$180K - $375K3+ yearsView jobConsumer Brand Leader (backed by Y Combinat | Salary: $150K - $270K | YC Batch: N/A",Work at a Startup,https://www.usajobs.gov,https://www.workatastartup.com/jobs/96238
"Founding People and Talent Leader (backed by Y Combinator, $5M+ ARR, $23M+ raised)",See all 11 jobs ›,Remote / Various,2026-09-12,https://www.workatastartup.com/jobs/100204,https://www.usajobs.gov,Actively Hiring,"Head of Consumer Growth (backed by Y Combinator, $5M+ ARR, $23M+ raised)Interview ProcessSan FranciscofulltimeWill sponsor$190K - $300K3+ yearsView jobMedical Director, Psychiatry (backed by Y Combinator, $5M+ ARR, $23M+ raised)Interview ProcessSan FranciscofulltimeWill sponsor$180K - $375K3+ yearsView jobConsumer Brand Leader (backed by Y Combinat | Salary: $170K - $260K | YC Batch: N/A",Work at a Startup,https://www.usajobs.gov,https://www.workatastartup.com/jobs/100204
General Application,Meticulous,Remote / Various,2026-09-12,https://www.workatastartup.com/companies/meticulous,https://www.meticulousda.com,Actively Hiring,Meticulous is hiring for 3 jobs. Automated e2e screenshot testing without writing or maintaining tests,Work at a Startup,https://www.meticulousda.com,https://www.workatastartup.com/companies/meticulous
General Application,Kombo,Remote / Various,2026-09-12,https://www.workatastartup.com/companies/kombo,https://www.kombo.dev,Actively Hiring,Kombo(S22) | YC Batch: S22,Work at a Startup,https://www.kombo.dev,https://www.workatastartup.com/companies/kombo
General Application,Broccoli AI,Remote / Various,2026-09-12,https://www.workatastartup.com/companies/broccoli-ai,https://www.broccoliai.com,Actively Hiring,Broccoli AI is hiring for 11 jobs. AI-native operating system for home service businesses,Work at a Startup,https://www.broccoliai.com,https://www.workatastartup.com/companies/broccoli-ai
General Application,Closure,Remote / Various,2026-09-12,https://www.workatastartup.com/companies/closure,https://www.closure.com,Actively Hiring,Closure is hiring for 7 jobs. We help law enforcement solve crime,Work at a Startup,https://www.closure.com,https://www.workatastartup.com/companies/closure
General Application,Homebase,Remote / Various,2026-09-12,https://www.workatastartup.com/companies/homebase,https://www.homebase.co.uk,Actively Hiring,Homebase is hiring for 4 jobs. Personalized rent-to-own real estate financing using technology in SEA,Work at a Startup,https://www.homebase.co.uk,https://www.workatastartup.com/companies/homebase
General Application,BillionToOne,Remote / Various,2026-09-12,https://www.workatastartup.com/companies/billiontoone,https://www.billiontoone.com,Actively Hiring,BillionToOne is hiring for 6 jobs. The genetic testing platform detecting and measuring disease.,Work at a Startup,https://www.billiontoone.com,https://www.workatastartup.com/companies/billiontoone
General Application,Artie,Remote / Various,2026-09-12,https://www.workatastartup.com/companies/artie,https://artie.clothing,Actively Hiring,Artie is hiring for 5 jobs. Software that streams data from databases to warehouses in real-time,Work at a Startup,https://artie.clothing,https://www.workatastartup.com/companies/artie
General Application,Roboflow,Remote / Various,2026-09-12,https://www.workatastartup.com/companies/roboflow,https://roboflow.com,Actively Hiring,Roboflow is hiring for 25 jobs. 🖼️ Give your software the sense of sight.,Work at a Startup,https://roboflow.com,https://www.workatastartup.com/companies/roboflow
General Application,ROE,Remote / Various,2026-09-12,https://www.workatastartup.com/companies/roe,https://roe.labour.gov.za,Actively Hiring,ROE is hiring for 3 jobs. AI for risk and compliance,Work at a Startup,https://roe.labour.gov.za,https://www.workatastartup.com/companies/roe
General Application,CarbonChain,Remote / Various,2026-09-12,https://www.workatastartup.com/companies/carbonchain,https://www.carbonchain.com,Actively Hiring,CarbonChain(S20) | YC Batch: S20,Work at a Startup,https://www.carbonchain.com,https://www.workatastartup.com/companies/carbonchain
General Application,Ember,Remote / Various,2026-09-12,https://www.workatastartup.com/companies/ember,https://ember.com,Actively Hiring,Ember is hiring for 4 jobs. AI RCM. Increase net revenue by 16%.,Work at a Startup,https://ember.com,https://www.workatastartup.com/companies/ember
General Application,Sirdab,Remote / Various,2026-09-12,https://www.workatastartup.com/companies/sirdab,https://sirdab.co,Actively Hiring,Sirdab is hiring for 7 jobs. Cloud warehousing & supply chain platform in MENA,Work at a Startup,https://sirdab.co,https://www.workatastartup.com/companies/sirdab
Operations Manager,See all 7 jobs ›,Remote / Various,2026-09-12,https://www.workatastartup.com/jobs/61142,https://www.usajobs.gov,Actively Hiring,"Operations Manager SAfulltimeUS citizenship/visa not required3+ yearsView jobMarketing Specialist / Intern Remote (Riyadh, Riyadh Province, SA)fulltimeUS citizenship/visa not required3+ yearsView jobSr. Frontend EngineerRiyadh, Riyadh Province, SA / RemotefulltimeUS citizenship/visa not required3+ yearsView jobProduct Design SA / RemotefulltimeUS c | YC Batch: N/A",Work at a Startup,https://www.usajobs.gov,https://www.workatastartup.com/jobs/61142
Marketing Specialist / Intern,See all 7 jobs ›,Remote / Various,2026-09-12,https://www.workatastartup.com/jobs/66264,https://www.usajobs.gov,Actively Hiring,"Operations Manager SAfulltimeUS citizenship/visa not required3+ yearsView jobMarketing Specialist / Intern Remote (Riyadh, Riyadh Province, SA)fulltimeUS citizenship/visa not required3+ yearsView jobSr. Frontend EngineerRiyadh, Riyadh Province, SA / RemotefulltimeUS citizenship/visa not required3+ yearsView jobProduct Design SA / RemotefulltimeUS c | YC Batch: N/A",Work at a Startup,https://www.usajobs.gov,https://www.workatastartup.com/jobs/66264
Sr. Frontend Engineer,See all 7 jobs ›,Remote / Various,2026-09-12,https://www.workatastartup.com/jobs/61999,https://www.usajobs.gov,Actively Hiring,"Operations Manager SAfulltimeUS citizenship/visa not required3+ yearsView jobMarketing Specialist / Intern Remote (Riyadh, Riyadh Province, SA)fulltimeUS citizenship/visa not required3+ yearsView jobSr. Frontend EngineerRiyadh, Riyadh Province, SA / RemotefulltimeUS citizenship/visa not required3+ yearsView jobProduct Design SA / RemotefulltimeUS c | YC Batch: N/A",Work at a Startup,https://www.usajobs.gov,https://www.workatastartup.com/jobs/61999
Product Design,See all 7 jobs ›,Remote / Various,2026-09-12,https://www.workatastartup.com/jobs/61147,https://www.usajobs.gov,Actively Hiring,"Operations Manager SAfulltimeUS citizenship/visa not required3+ yearsView jobMarketing Specialist / Intern Remote (Riyadh, Riyadh Province, SA)fulltimeUS citizenship/visa not required3+ yearsView jobSr. Frontend EngineerRiyadh, Riyadh Province, SA / RemotefulltimeUS citizenship/visa not required3+ yearsView jobProduct Design SA / RemotefulltimeUS c | YC Batch: N/A",Work at a Startup,https://www.usajobs.gov,https://www.workatastartup.com/jobs/61147
General Application,Agave,Remote / Various,2026-09-12,https://www.workatastartup.com/companies/agave,https://www.agave.in,Actively Hiring,Agave(W22) | YC Batch: W22,Work at a Startup,https://www.agave.in,https://www.workatastartup.com/companies/agave
Marketing Lead,See all 11 jobs ›,Remote / Various,2026-09-12,https://www.workatastartup.com/jobs/108691,https://www.usajobs.gov,Actively Hiring,"Marketing LeadSan Francisco, CA, USfulltimeWill sponsor$130K - $165K3+ yearsView jobFounding Account/Customer Success ManagerInterview ProcessSan Francisco, CA, USfulltimeWill sponsor$115K - $165K3+ yearsView jobAccount Executive Interview ProcessSan Francisco, CA, US / Remote (US)fulltimeWill sponsor$140K - $200K3+ yearsView jobProduct ManagerInte | Salary: $130K - $165K | YC Batch: N/A",Work at a Startup,https://www.usajobs.gov,https://www.workatastartup.com/jobs/108691
Founding Account/Customer Success Manager,See all 11 jobs ›,Remote / Various,2026-09-12,https://www.workatastartup.com/jobs/89762,https://www.usajobs.gov,Actively Hiring,"Marketing LeadSan Francisco, CA, USfulltimeWill sponsor$130K - $165K3+ yearsView jobFounding Account/Customer Success ManagerInterview ProcessSan Francisco, CA, USfulltimeWill sponsor$115K - $165K3+ yearsView jobAccount Executive Interview ProcessSan Francisco, CA, US / Remote (US)fulltimeWill sponsor$140K - $200K3+ yearsView jobProduct ManagerInte | Salary: $115K - $165K | YC Batch: N/A",Work at a Startup,https://www.usajobs.gov,https://www.workatastartup.com/jobs/89762
Account Executive,See all 11 jobs ›,Remote / Various,2026-09-12,https://www.workatastartup.com/jobs/68287,https://www.usajobs.gov,Actively Hiring,"Marketing LeadSan Francisco, CA, USfulltimeWill sponsor$130K - $165K3+ yearsView jobFounding Account/Customer Success ManagerInterview ProcessSan Francisco, CA, USfulltimeWill sponsor$115K - $165K3+ yearsView jobAccount Executive Interview ProcessSan Francisco, CA, US / Remote (US)fulltimeWill sponsor$140K - $200K3+ yearsView jobProduct ManagerInte | Salary: $140K - $200K | YC Batch: N/A",Work at a Startup,https://www.usajobs.gov,https://www.workatastartup.com/jobs/68287
Product Manager,See all 11 jobs ›,Remote / Various,2026-09-12,https://www.workatastartup.com/jobs/65427,https://www.usajobs.gov,Actively Hiring,"Marketing LeadSan Francisco, CA, USfulltimeWill sponsor$130K - $165K3+ yearsView jobFounding Account/Customer Success ManagerInterview ProcessSan Francisco, CA, USfulltimeWill sponsor$115K - $165K3+ yearsView jobAccount Executive Interview ProcessSan Francisco, CA, US / Remote (US)fulltimeWill sponsor$140K - $200K3+ yearsView jobProduct ManagerInte | Salary: $130K - $200K | YC Batch: N/A",Work at a Startup,https://www.usajobs.gov,https://www.workatastartup.com/jobs/65427
General Application,Arpari,Remote / Various,2026-09-12,https://www.workatastartup.com/companies/arpari,https://www.arpari.com,Actively Hiring,Arpari is hiring for 3 jobs. Multibank treasury management,Work at a Startup,https://www.arpari.com,https://www.workatastartup.com/companies/arpari
General Application,Readily,Remote / Various,2026-09-12,https://www.workatastartup.com/companies/readily,https://www.readily.in,Actively Hiring,Readily(S23) | YC Batch: S23,Work at a Startup,https://www.readily.in,https://www.workatastartup.com/companies/readily
General Application,dili,Remote / Various,2026-09-12,https://www.workatastartup.com/companies/dili,https://www.dili.com,Actively Hiring,dili is hiring for 8 jobs. Automating Compliance for Construction,Work at a Startup,https://www.dili.com,https://www.workatastartup.com/companies/dili
General Application,Instawork,Remote / Various,2026-09-12,https://www.workatastartup.com/companies/instawork,https://www.instawork.com,Actively Hiring,Instawork is hiring for 26 jobs. A flexible work app that connects businesses with hourly workers.,Work at a Startup,https://www.instawork.com,https://www.workatastartup.com/companies/instawork
General Application,Tavus,Remote / Various,2026-09-12,https://www.workatastartup.com/companies/tavus,https://www.tavus.io,Actively Hiring,Tavus is hiring for 12 jobs. Building the human layer of AI,Work at a Startup,https://www.tavus.io,https://www.workatastartup.com/companies/tavus
General Application,Curacel,Remote / Various,2026-09-12,https://www.workatastartup.com/companies/curacel,https://curamedical.com,Actively Hiring,Curacel(W22) | YC Batch: W22,Work at a Startup,https://curamedical.com,https://www.workatastartup.com/companies/curacel
General Application,Andromeda Surgical,Remote / Various,2026-09-12,https://www.workatastartup.com/companies/andromeda-surgical,https://www.andromedasurgical.com,Actively Hiring,Andromeda Surgical is hiring for 5 jobs. Autonomous surgical robots,Work at a Startup,https://www.andromedasurgical.com,https://www.workatastartup.com/companies/andromeda-surgical
Machine Learning Engineer,See all 5 jobs ›,Remote / Various,2026-09-12,https://www.workatastartup.com/jobs/108088,https://www.usajobs.gov,Actively Hiring,"Machine Learning EngineerSouth San Francisco, CA, USfulltimeWill sponsor$150K - $250K0.10% - 0.30%3+ yearsView jobSenior Software engineerSouth San Francisco, CA, USfulltimeWill sponsor$150K - $250K0.80% - 1.50%3+ yearsView jobUX DesignerSouth San Francisco, CA, USfulltimeWill sponsor$150K - $250K0.80% - 1.47%3+ yearsView jobLead Hardware EngineerS | Salary: $150K - $250K | YC Batch: N/A",Work at a Startup,https://www.usajobs.gov,https://www.workatastartup.com/jobs/108088
Senior Software engineer,See all 5 jobs ›,Remote / Various,2026-09-12,https://www.workatastartup.com/jobs/66541,https://www.usajobs.gov,Actively Hiring,"Machine Learning EngineerSouth San Francisco, CA, USfulltimeWill sponsor$150K - $250K0.10% - 0.30%3+ yearsView jobSenior Software engineerSouth San Francisco, CA, USfulltimeWill sponsor$150K - $250K0.80% - 1.50%3+ yearsView jobUX DesignerSouth San Francisco, CA, USfulltimeWill sponsor$150K - $250K0.80% - 1.47%3+ yearsView jobLead Hardware EngineerS | Salary: $150K - $250K | YC Batch: N/A",Work at a Startup,https://www.usajobs.gov,https://www.workatastartup.com/jobs/66541
UX Designer,See all 5 jobs ›,Remote / Various,2026-09-12,https://www.workatastartup.com/jobs/80395,https://www.usajobs.gov,Actively Hiring,"Machine Learning EngineerSouth San Francisco, CA, USfulltimeWill sponsor$150K - $250K0.10% - 0.30%3+ yearsView jobSenior Software engineerSouth San Francisco, CA, USfulltimeWill sponsor$150K - $250K0.80% - 1.50%3+ yearsView jobUX DesignerSouth San Francisco, CA, USfulltimeWill sponsor$150K - $250K0.80% - 1.47%3+ yearsView jobLead Hardware EngineerS | Salary: $150K - $250K | YC Batch: N/A",Work at a Startup,https://www.usajobs.gov,https://www.workatastartup.com/jobs/80395
Lead Hardware Engineer,See all 5 jobs ›,Remote / Various,2026-09-12,https://www.workatastartup.com/jobs/83839,https://www.usajobs.gov,Actively Hiring,"Machine Learning EngineerSouth San Francisco, CA, USfulltimeWill sponsor$150K - $250K0.10% - 0.30%3+ yearsView jobSenior Software engineerSouth San Francisco, CA, USfulltimeWill sponsor$150K - $250K0.80% - 1.50%3+ yearsView jobUX DesignerSouth San Francisco, CA, USfulltimeWill sponsor$150K - $250K0.80% - 1.47%3+ yearsView jobLead Hardware EngineerS | Salary: $140K - $200K | YC Batch: N/A",Work at a Startup,https://www.usajobs.gov,https://www.workatastartup.com/jobs/83839
General Application,AfterQuery,Remote / Various,2026-09-12,https://www.workatastartup.com/companies/afterquery,https://www.afterquery.com,Actively Hiring,AfterQuery(W25) | YC Batch: W25,Work at a Startup,https://www.afterquery.com,https://www.workatastartup.com/companies/afterquery
General Application,kapa.ai,Remote / Various,2026-09-12,https://www.workatastartup.com/companies/kapa-ai,https://www.kapaai.com,Actively Hiring,kapa.ai is hiring for 9 jobs. The fastest way to build AI assistants on technical content,Work at a Startup,https://www.kapaai.com,https://www.workatastartup.com/companies/kapa-ai
Account Executive (US),See all 6 jobs ›,Remote / Various,2026-09-12,https://www.workatastartup.com/jobs/92252,https://jobs.ikea.com,Actively Hiring,"Account Executive (US)Interview ProcessNew York, NY, US / Remote (US)fulltimeUS citizenship/visa not required$150K - $300K0.01% - 0.05%3+ yearsView jobSoftware Engineer (Full-stack)GB / EG / RU / UA / TR / FR / IT / ES / PL / RO / KZ / NL / BE / SE / CZ / GR / PT / HU / AT / CH / BG / DK / FI / NO / SK / LT / EE / DE / Remote (GB; EG; RU; UA; TR; F | Salary: $150K - $300K | YC Batch: N/A",Work at a Startup,https://jobs.ikea.com,https://www.workatastartup.com/jobs/92252
Software Engineer (Full-stack),See all 6 jobs ›,Remote / Various,2026-09-12,https://www.workatastartup.com/jobs/76640,https://jobs.ikea.com,Actively Hiring,"Account Executive (US)Interview ProcessNew York, NY, US / Remote (US)fulltimeUS citizenship/visa not required$150K - $300K0.01% - 0.05%3+ yearsView jobSoftware Engineer (Full-stack)GB / EG / RU / UA / TR / FR / IT / ES / PL / RO / KZ / NL / BE / SE / CZ / GR / PT / HU / AT / CH / BG / DK / FI / NO / SK / LT / EE / DE / Remote (GB; EG; RU; UA; TR; F | Salary: $100K - $150K | YC Batch: N/A",Work at a Startup,https://jobs.ikea.com,https://www.workatastartup.com/jobs/76640
"Research Engineer, Applied AI",See all 6 jobs ›,Remote / Various,2026-09-12,https://www.workatastartup.com/jobs/76641,https://jobs.ikea.com,Actively Hiring,"Account Executive (US)Interview ProcessNew York, NY, US / Remote (US)fulltimeUS citizenship/visa not required$150K - $300K0.01% - 0.05%3+ yearsView jobSoftware Engineer (Full-stack)GB / EG / RU / UA / TR / FR / IT / ES / PL / RO / KZ / NL / BE / SE / CZ / GR / PT / HU / AT / CH / BG / DK / FI / NO / SK / LT / EE / DE / Remote (GB; EG; RU; UA; TR; F | Salary: $100K - $170K | YC Batch: N/A",Work at a Startup,https://jobs.ikea.com,https://www.workatastartup.com/jobs/76641
Marketing Lead,See all 6 jobs ›,Remote / Various,2026-09-12,https://www.workatastartup.com/jobs/84623,https://jobs.ikea.com,Actively Hiring,"Account Executive (US)Interview ProcessNew York, NY, US / Remote (US)fulltimeUS citizenship/visa not required$150K - $300K0.01% - 0.05%3+ yearsView jobSoftware Engineer (Full-stack)GB / EG / RU / UA / TR / FR / IT / ES / PL / RO / KZ / NL / BE / SE / CZ / GR / PT / HU / AT / CH / BG / DK / FI / NO / SK / LT / EE / DE / Remote (GB; EG; RU; UA; TR; F | Salary: $70K - $110K | YC Batch: N/A",Work at a Startup,https://jobs.ikea.com,https://www.workatastartup.com/jobs/84623
General Application,Junction,Remote / Various,2026-09-12,https://www.workatastartup.com/companies/junction,https://www.junction.com,Actively Hiring,Junction is hiring for 4 jobs. API for at-home health data,Work at a Startup,https://www.junction.com,https://www.workatastartup.com/companies/junction
General Application,Model ML,Remote / Various,2026-09-12,https://www.workatastartup.com/companies/model-ml,https://www.modelml.com,Actively Hiring,Model ML(W24) | YC Batch: W24,Work at a Startup,https://www.modelml.com,https://www.workatastartup.com/companies/model-ml
GTM Lead,See all 9 jobs ›,Remote / Various,2026-09-12,https://www.workatastartup.com/jobs/91482,https://9jobs.in,Actively Hiring,"GTM LeadNew York, NY, USfulltimeWill sponsor$200K - $400K3+ yearsView jobMarketing LeadLondon, England, GBfulltimeUS citizenship/visa not required$80K - $130K3+ yearsView jobDesign LeadLondon, England, GBfulltimeUS citizenship/visa not required$80K - $140K3+ yearsView jobBrand DesignerLondon, England, GBfulltimeUS citizenship/visa not required$80K  | Salary: $200K - $400K | YC Batch: N/A",Work at a Startup,https://9jobs.in,https://www.workatastartup.com/jobs/91482
Marketing Lead,See all 9 jobs ›,Remote / Various,2026-09-12,https://www.workatastartup.com/jobs/77750,https://9jobs.in,Actively Hiring,"GTM LeadNew York, NY, USfulltimeWill sponsor$200K - $400K3+ yearsView jobMarketing LeadLondon, England, GBfulltimeUS citizenship/visa not required$80K - $130K3+ yearsView jobDesign LeadLondon, England, GBfulltimeUS citizenship/visa not required$80K - $140K3+ yearsView jobBrand DesignerLondon, England, GBfulltimeUS citizenship/visa not required$80K  | Salary: $80K - $130K | YC Batch: N/A",Work at a Startup,https://9jobs.in,https://www.workatastartup.com/jobs/77750
Design Lead,See all 9 jobs ›,Remote / Various,2026-09-12,https://www.workatastartup.com/jobs/78535,https://9jobs.in,Actively Hiring,"GTM LeadNew York, NY, USfulltimeWill sponsor$200K - $400K3+ yearsView jobMarketing LeadLondon, England, GBfulltimeUS citizenship/visa not required$80K - $130K3+ yearsView jobDesign LeadLondon, England, GBfulltimeUS citizenship/visa not required$80K - $140K3+ yearsView jobBrand DesignerLondon, England, GBfulltimeUS citizenship/visa not required$80K  | Salary: $80K - $140K | YC Batch: N/A",Work at a Startup,https://9jobs.in,https://www.workatastartup.com/jobs/78535
Brand Designer,See all 9 jobs ›,Remote / Various,2026-09-12,https://www.workatastartup.com/jobs/80697,https://9jobs.in,Actively Hiring,"GTM LeadNew York, NY, USfulltimeWill sponsor$200K - $400K3+ yearsView jobMarketing LeadLondon, England, GBfulltimeUS citizenship/visa not required$80K - $130K3+ yearsView jobDesign LeadLondon, England, GBfulltimeUS citizenship/visa not required$80K - $140K3+ yearsView jobBrand DesignerLondon, England, GBfulltimeUS citizenship/visa not required$80K  | Salary: $80K - $120K | YC Batch: N/A",Work at a Startup,https://9jobs.in,https://www.workatastartup.com/jobs/80697
General Application,Juicebox,Remote / Various,2026-09-12,https://www.workatastartup.com/companies/juicebox,https://www.juicebox.com,Actively Hiring,Juicebox(S22) | YC Batch: S22,Work at a Startup,https://www.juicebox.com,https://www.workatastartup.com/companies/juicebox
General Application,Arva AI,Remote / Various,2026-09-12,https://www.workatastartup.com/companies/arva-ai,https://www.arvaai.com,Actively Hiring,Arva AI(S24) | YC Batch: S24,Work at a Startup,https://www.arvaai.com,https://www.workatastartup.com/companies/arva-ai
Strategic Customer Success,See all 5 jobs ›,Remote / Various,2026-09-12,https://www.workatastartup.com/jobs/95681,https://www.usajobs.gov,Actively Hiring,"Strategic Customer SuccessLondon, England, GBfulltimeUS citizenship/visa not required£50K - £75K GBP0.05% - 0.20%3+ yearsView jobHead of ProductInterview ProcessLondon, England, GBfulltimeUS citizenship/visa not required£90K - £130K GBP0.40% - 0.70%3+ yearsView jobSenior Full-Stack Product EngineerInterview ProcessLondon, England, GBfulltimeUS citi | Salary: £50K - £75K | YC Batch: N/A",Work at a Startup,https://www.usajobs.gov,https://www.workatastartup.com/jobs/95681
Head of Product,See all 5 jobs ›,Remote / Various,2026-09-12,https://www.workatastartup.com/jobs/89533,https://www.usajobs.gov,Actively Hiring,"Strategic Customer SuccessLondon, England, GBfulltimeUS citizenship/visa not required£50K - £75K GBP0.05% - 0.20%3+ yearsView jobHead of ProductInterview ProcessLondon, England, GBfulltimeUS citizenship/visa not required£90K - £130K GBP0.40% - 0.70%3+ yearsView jobSenior Full-Stack Product EngineerInterview ProcessLondon, England, GBfulltimeUS citi | Salary: £90K - £130K | YC Batch: N/A",Work at a Startup,https://www.usajobs.gov,https://www.workatastartup.com/jobs/89533
Senior Full-Stack Product Engineer,See all 5 jobs ›,Remote / Various,2026-09-12,https://www.workatastartup.com/jobs/73892,https://www.usajobs.gov,Actively Hiring,"Strategic Customer SuccessLondon, England, GBfulltimeUS citizenship/visa not required£50K - £75K GBP0.05% - 0.20%3+ yearsView jobHead of ProductInterview ProcessLondon, England, GBfulltimeUS citizenship/visa not required£90K - £130K GBP0.40% - 0.70%3+ yearsView jobSenior Full-Stack Product EngineerInterview ProcessLondon, England, GBfulltimeUS citi | Salary: £70K - £110K | YC Batch: N/A",Work at a Startup,https://www.usajobs.gov,https://www.workatastartup.com/jobs/73892
Forward Deployed Engineer,See all 5 jobs ›,Remote / Various,2026-09-12,https://www.workatastartup.com/jobs/89530,https://www.usajobs.gov,Actively Hiring,"Strategic Customer SuccessLondon, England, GBfulltimeUS citizenship/visa not required£50K - £75K GBP0.05% - 0.20%3+ yearsView jobHead of ProductInterview ProcessLondon, England, GBfulltimeUS citizenship/visa not required£90K - £130K GBP0.40% - 0.70%3+ yearsView jobSenior Full-Stack Product EngineerInterview ProcessLondon, England, GBfulltimeUS citi | Salary: £80K - £110K | YC Batch: N/A",Work at a Startup,https://www.usajobs.gov,https://www.workatastartup.com/jobs/89530
General Application,LightSprint,Remote / Various,2026-09-12,https://www.workatastartup.com/companies/lightsprint,https://lightsprint.ai,Actively Hiring,LightSprint is hiring for 4 jobs. Software factory for product teams,Work at a Startup,https://lightsprint.ai,https://www.workatastartup.com/companies/lightsprint
General Application,Spark,Remote / Various,2026-09-12,https://www.workatastartup.com/companies/spark,https://www.spark.com,Actively Hiring,Spark(W24) | YC Batch: W24,Work at a Startup,https://www.spark.com,https://www.workatastartup.com/companies/spark
General Application,Solum Health,Remote / Various,2026-09-12,https://www.workatastartup.com/companies/solum-health,https://app.getsolum.com,Actively Hiring,Solum Health is hiring for 7 jobs. AI Automation for Therapy Practices,Work at a Startup,https://app.getsolum.com,https://www.workatastartup.com/companies/solum-health
Founding Full Stack Engineer – Build the Future of Healthcare Automation,See all 5 jobs ›,Remote / Various,2026-09-12,https://www.workatastartup.com/jobs/78099,https://www.usajobs.gov,Actively Hiring,"Founding Full Stack Engineer – Build the Future of Healthcare AutomationCO / AR / BR / UY / MX / CA / Remote (CO; AR; BR; UY; MX; CA)fulltimeUS citizenship/visa not required$4K - $7K0.10% - 0.50%3+ yearsView jobFDE - Forward Deployment Engineer (Founding Team)San Francisco, CA, US / Medellín, Antioquia, CO / RemotefulltimeUS citizenship/visa not re | Salary: $4K - $7K | YC Batch: N/A",Work at a Startup,https://www.usajobs.gov,https://www.workatastartup.com/jobs/78099
FDE - Forward Deployment Engineer (Founding Team),See all 5 jobs ›,Remote / Various,2026-09-12,https://www.workatastartup.com/jobs/102002,https://www.usajobs.gov,Actively Hiring,"Founding Full Stack Engineer – Build the Future of Healthcare AutomationCO / AR / BR / UY / MX / CA / Remote (CO; AR; BR; UY; MX; CA)fulltimeUS citizenship/visa not required$4K - $7K0.10% - 0.50%3+ yearsView jobFDE - Forward Deployment Engineer (Founding Team)San Francisco, CA, US / Medellín, Antioquia, CO / RemotefulltimeUS citizenship/visa not re | Salary: $4K - $15K | YC Batch: N/A",Work at a Startup,https://www.usajobs.gov,https://www.workatastartup.com/jobs/102002
Founding Product Operations,See all 5 jobs ›,Remote / Various,2026-09-12,https://www.workatastartup.com/jobs/95194,https://www.usajobs.gov,Actively Hiring,"Founding Full Stack Engineer – Build the Future of Healthcare AutomationCO / AR / BR / UY / MX / CA / Remote (CO; AR; BR; UY; MX; CA)fulltimeUS citizenship/visa not required$4K - $7K0.10% - 0.50%3+ yearsView jobFDE - Forward Deployment Engineer (Founding Team)San Francisco, CA, US / Medellín, Antioquia, CO / RemotefulltimeUS citizenship/visa not re | YC Batch: N/A",Work at a Startup,https://www.usajobs.gov,https://www.workatastartup.com/jobs/95194
Founding Product Operations,See all 5 jobs ›,Remote / Various,2026-09-12,https://www.workatastartup.com/jobs/95197,https://www.usajobs.gov,Actively Hiring,"Founding Full Stack Engineer – Build the Future of Healthcare AutomationCO / AR / BR / UY / MX / CA / Remote (CO; AR; BR; UY; MX; CA)fulltimeUS citizenship/visa not required$4K - $7K0.10% - 0.50%3+ yearsView jobFDE - Forward Deployment Engineer (Founding Team)San Francisco, CA, US / Medellín, Antioquia, CO / RemotefulltimeUS citizenship/visa not re | Salary: $100K - $150K | YC Batch: N/A",Work at a Startup,https://www.usajobs.gov,https://www.workatastartup.com/jobs/95197
General Application,Seal,Remote / Various,2026-09-12,https://www.workatastartup.com/companies/seal-2,https://www.seal.com,Actively Hiring,Seal(S20) | YC Batch: S20,Work at a Startup,https://www.seal.com,https://www.workatastartup.com/companies/seal-2
General Application,Giga,Remote / Various,2026-09-12,https://www.workatastartup.com/companies/giga,https://giga.ai,Actively Hiring,Giga(S23) | YC Batch: S23,Work at a Startup,https://giga.ai,https://www.workatastartup.com/companies/giga
General Application,Blaxel,Remote / Various,2026-09-12,https://www.workatastartup.com/companies/blaxel,https://blaxel.ai,Actively Hiring,Blaxel(P25) | YC Batch: P25,Work at a Startup,https://blaxel.ai,https://www.workatastartup.com/companies/blaxel
General Application,Mem0,Remote / Various,2026-09-12,https://www.workatastartup.com/companies/mem0,https://www.mem0.com,Actively Hiring,Mem0 is hiring for 4 jobs. The Memory layer for AI Agents,Work at a Startup,https://www.mem0.com,https://www.workatastartup.com/companies/mem0
General Application,Drillbit,Remote / Various,2026-09-12,https://www.workatastartup.com/companies/drillbit,https://drillbitglobal.com,Actively Hiring,Drillbit is hiring for 4 jobs. Automating Office Work for Residential Contractors.,Work at a Startup,https://drillbitglobal.com,https://www.workatastartup.com/companies/drillbit
General Application,Pasito,Remote / Various,2026-09-12,https://www.workatastartup.com/companies/pasito,https://www.pasito.ai,Actively Hiring,Pasito is hiring for 3 jobs. AI agents for insurance and benefits,Work at a Startup,https://www.pasito.ai,https://www.workatastartup.com/companies/pasito
General Application,Firstbase.io,Remote / Various,2026-09-12,https://www.workatastartup.com/companies/firstbase-io,https://www.firstbaseio.com,Actively Hiring,Firstbase.io is hiring for 9 jobs. The all-in-one startup operating system,Work at a Startup,https://www.firstbaseio.com,https://www.workatastartup.com/companies/firstbase-io
"Growth Manager, Paid and Lifecycle",See all 6 jobs ›,Remote / Various,2026-09-12,https://www.workatastartup.com/jobs/77426,https://jobs.ikea.com,Actively Hiring,"Growth Manager, Paid and LifecycleNew YorkfulltimeWill sponsor$120K - $180K3+ yearsView jobAccount ExecutiveNew YorkfulltimeWill sponsor$170K - $220K3+ yearsView jobContent Strategy LeadNew YorkfulltimeWill sponsor$130K - $170K3+ yearsView jobHead of RevenueNew YorkfulltimeWill sponsor$200K - $250K3+ yearsView jobSee all 6 jobs › | Salary: $120K - $180K | YC Batch: N/A",Work at a Startup,https://jobs.ikea.com,https://www.workatastartup.com/jobs/77426
Account Executive,See all 6 jobs ›,Remote / Various,2026-09-12,https://www.workatastartup.com/jobs/71062,https://jobs.ikea.com,Actively Hiring,"Growth Manager, Paid and LifecycleNew YorkfulltimeWill sponsor$120K - $180K3+ yearsView jobAccount ExecutiveNew YorkfulltimeWill sponsor$170K - $220K3+ yearsView jobContent Strategy LeadNew YorkfulltimeWill sponsor$130K - $170K3+ yearsView jobHead of RevenueNew YorkfulltimeWill sponsor$200K - $250K3+ yearsView jobSee all 6 jobs › | Salary: $170K - $220K | YC Batch: N/A",Work at a Startup,https://jobs.ikea.com,https://www.workatastartup.com/jobs/71062
Content Strategy Lead,See all 6 jobs ›,Remote / Various,2026-09-12,https://www.workatastartup.com/jobs/77427,https://jobs.ikea.com,Actively Hiring,"Growth Manager, Paid and LifecycleNew YorkfulltimeWill sponsor$120K - $180K3+ yearsView jobAccount ExecutiveNew YorkfulltimeWill sponsor$170K - $220K3+ yearsView jobContent Strategy LeadNew YorkfulltimeWill sponsor$130K - $170K3+ yearsView jobHead of RevenueNew YorkfulltimeWill sponsor$200K - $250K3+ yearsView jobSee all 6 jobs › | Salary: $130K - $170K | YC Batch: N/A",Work at a Startup,https://jobs.ikea.com,https://www.workatastartup.com/jobs/77427
Head of Revenue,See all 6 jobs ›,Remote / Various,2026-09-12,https://www.workatastartup.com/jobs/82672,https://jobs.ikea.com,Actively Hiring,"Growth Manager, Paid and LifecycleNew YorkfulltimeWill sponsor$120K - $180K3+ yearsView jobAccount ExecutiveNew YorkfulltimeWill sponsor$170K - $220K3+ yearsView jobContent Strategy LeadNew YorkfulltimeWill sponsor$130K - $170K3+ yearsView jobHead of RevenueNew YorkfulltimeWill sponsor$200K - $250K3+ yearsView jobSee all 6 jobs › | Salary: $200K - $250K | YC Batch: N/A",Work at a Startup,https://jobs.ikea.com,https://www.workatastartup.com/jobs/82672
General Application,Tractian,Remote / Various,2026-09-12,https://www.workatastartup.com/companies/tractian,https://tractian.com,Actively Hiring,Tractian is hiring for 2 jobs. Physical AI for asset-heavy industries,Work at a Startup,https://tractian.com,https://www.workatastartup.com/companies/tractian
General Application,Karumi,Remote / Various,2026-09-12,https://www.workatastartup.com/companies/karumi,https://www.karumi.com,Actively Hiring,Karumi is hiring for 7 jobs. The Waymo of Personalized demos,Work at a Startup,https://www.karumi.com,https://www.workatastartup.com/companies/karumi
General Application,Human Archive,Remote / Various,2026-09-12,https://www.workatastartup.com/companies/human-archive,https://www.humanarchive.com,Actively Hiring,Human Archive is hiring for 8 jobs. Physical AI data lab,Work at a Startup,https://www.humanarchive.com,https://www.workatastartup.com/companies/human-archive
General Application,Ankr Health,Remote / Various,2026-09-12,https://www.workatastartup.com/companies/ankr-health,https://ankr.health,Actively Hiring,Ankr Health(W22) | YC Batch: W22,Work at a Startup,https://ankr.health,https://www.workatastartup.com/companies/ankr-health
General Application,Mbodi AI,Remote / Various,2026-09-12,https://www.workatastartup.com/companies/mbodi-ai,https://www.mbodi.ai,Actively Hiring,Mbodi AI(P25) | YC Batch: P25,Work at a Startup,https://www.mbodi.ai,https://www.workatastartup.com/companies/mbodi-ai
General Application,Asendia AI,Remote / Various,2026-09-12,https://www.workatastartup.com/companies/asendia-ai,https://asendia.ai,Actively Hiring,Asendia AI is hiring for 3 jobs. AI recruiters for staffing agencies,Work at a Startup,https://asendia.ai,https://www.workatastartup.com/companies/asendia-ai
General Application,Landeed,Remote / Various,2026-09-12,https://www.workatastartup.com/companies/landeed,https://www.landeed.com,Actively Hiring,Landeed(S22) | YC Batch: S22,Work at a Startup,https://www.landeed.com,https://www.workatastartup.com/companies/landeed
Senior Legal Associate,See all 17 jobs ›,Remote / Various,2026-09-12,https://www.workatastartup.com/jobs/57083,https://jobs.ikea.com,Actively Hiring,"Senior Legal AssociateGurugram, HR, IN / Gurugram, Haryana, IN / New Delhi, DL, IN / New Delhi, Delhi, IN / DL, IN / Delhi, IN / Mumbai, MH, IN / Mumbai, Maharashtra, INfulltimeUS citizenship/visa not required₹40K - ₹75K INR / monthly3+ yearsView jobHead of Corporate Affairs, Public Policy and Government Relations (CPG)Hyderabad, TG, INfulltimeUS c | Salary: ₹40K - ₹75K | YC Batch: N/A",Work at a Startup,https://jobs.ikea.com,https://www.workatastartup.com/jobs/57083
"Head of Corporate Affairs, Public Policy and Government Relations (CPG)",See all 17 jobs ›,Remote / Various,2026-09-12,https://www.workatastartup.com/jobs/57082,https://jobs.ikea.com,Actively Hiring,"Senior Legal AssociateGurugram, HR, IN / Gurugram, Haryana, IN / New Delhi, DL, IN / New Delhi, Delhi, IN / DL, IN / Delhi, IN / Mumbai, MH, IN / Mumbai, Maharashtra, INfulltimeUS citizenship/visa not required₹40K - ₹75K INR / monthly3+ yearsView jobHead of Corporate Affairs, Public Policy and Government Relations (CPG)Hyderabad, TG, INfulltimeUS c | Salary: $20K - $50K | YC Batch: N/A",Work at a Startup,https://jobs.ikea.com,https://www.workatastartup.com/jobs/57082
"Ex-founder - Technical, India",See all 17 jobs ›,Remote / Various,2026-09-12,https://www.workatastartup.com/jobs/85313,https://jobs.ikea.com,Actively Hiring,"Senior Legal AssociateGurugram, HR, IN / Gurugram, Haryana, IN / New Delhi, DL, IN / New Delhi, Delhi, IN / DL, IN / Delhi, IN / Mumbai, MH, IN / Mumbai, Maharashtra, INfulltimeUS citizenship/visa not required₹40K - ₹75K INR / monthly3+ yearsView jobHead of Corporate Affairs, Public Policy and Government Relations (CPG)Hyderabad, TG, INfulltimeUS c | Salary: ₹3M - ₹6M | YC Batch: N/A",Work at a Startup,https://jobs.ikea.com,https://www.workatastartup.com/jobs/85313
Business Development And Enterprise Sales (BDES),See all 17 jobs ›,Remote / Various,2026-09-12,https://www.workatastartup.com/jobs/65257,https://jobs.ikea.com,Actively Hiring,"Senior Legal AssociateGurugram, HR, IN / Gurugram, Haryana, IN / New Delhi, DL, IN / New Delhi, Delhi, IN / DL, IN / Delhi, IN / Mumbai, MH, IN / Mumbai, Maharashtra, INfulltimeUS citizenship/visa not required₹40K - ₹75K INR / monthly3+ yearsView jobHead of Corporate Affairs, Public Policy and Government Relations (CPG)Hyderabad, TG, INfulltimeUS c | Salary: ₹1M - ₹2 | YC Batch: N/A",Work at a Startup,https://jobs.ikea.com,https://www.workatastartup.com/jobs/65257
General Application,Coulomb AI,Remote / Various,2026-09-12,https://www.workatastartup.com/companies/coulomb-ai,https://www.coulomb.ai,Actively Hiring,Coulomb AI is hiring for 8 jobs. Battery Observability Platform for Electric Vehicles,Work at a Startup,https://www.coulomb.ai,https://www.workatastartup.com/companies/coulomb-ai
Senior Data Scientist,See all 8 jobs ›,Remote / Various,2026-09-12,https://www.workatastartup.com/jobs/65856,https://www.usajobs.gov,Actively Hiring,"Senior Data ScientistInterview ProcessBengaluru, KA, INfulltimeUS citizenship/visa not required$25K - $40K0.05% - 0.10%3+ yearsView jobBattery Modelling EngineerInterview ProcessBangalorefulltimeUS citizenship/visa not required$10K - $14K0.01% - 0.10%3+ yearsView jobSee all 8 jobs › | Salary: $25K - $40K | YC Batch: N/A",Work at a Startup,https://www.usajobs.gov,https://www.workatastartup.com/jobs/65856
Battery Modelling Engineer,See all 8 jobs ›,Remote / Various,2026-09-12,https://www.workatastartup.com/jobs/68169,https://www.usajobs.gov,Actively Hiring,"Senior Data ScientistInterview ProcessBengaluru, KA, INfulltimeUS citizenship/visa not required$25K - $40K0.05% - 0.10%3+ yearsView jobBattery Modelling EngineerInterview ProcessBangalorefulltimeUS citizenship/visa not required$10K - $14K0.01% - 0.10%3+ yearsView jobSee all 8 jobs › | Salary: $10K - $14K | YC Batch: N/A",Work at a Startup,https://www.usajobs.gov,https://www.workatastartup.com/jobs/68169
General Application,Axle,Remote / Various,2026-09-12,https://www.workatastartup.com/companies/axle,https://www.detroitaxle.com,Actively Hiring,Axle(S22) | YC Batch: S22,Work at a Startup,https://www.detroitaxle.com,https://www.workatastartup.com/companies/axle
Senior Deployment Strategist,See all 5 jobs ›,Remote / Various,2026-09-12,https://www.workatastartup.com/jobs/97458,https://www.usajobs.gov,Actively Hiring,"Senior Deployment StrategistNew York, NY, US / Atlanta, GA, USfulltimeWill sponsor$160K - $200K0.08% - 0.15%3+ yearsView jobImplementation SpecialistAtlanta, GA, US / New York, NY, USfulltimeWill sponsor$80K - $95K0.02% - 0.03%3+ yearsView jobSee all 5 jobs › | Salary: $160K - $200K | YC Batch: N/A",Work at a Startup,https://www.usajobs.gov,https://www.workatastartup.com/jobs/97458
Implementation Specialist,See all 5 jobs ›,Remote / Various,2026-09-12,https://www.workatastartup.com/jobs/93374,https://www.usajobs.gov,Actively Hiring,"Senior Deployment StrategistNew York, NY, US / Atlanta, GA, USfulltimeWill sponsor$160K - $200K0.08% - 0.15%3+ yearsView jobImplementation SpecialistAtlanta, GA, US / New York, NY, USfulltimeWill sponsor$80K - $95K0.02% - 0.03%3+ yearsView jobSee all 5 jobs › | Salary: $80K - $95K | YC Batch: N/A",Work at a Startup,https://www.usajobs.gov,https://www.workatastartup.com/jobs/93374
General Application,FINNY AI,FINNY AI(S24),2026-09-12,https://www.workatastartup.com/companies/finny-ai,https://www.finnyai.com,Actively Hiring,FINNY AI is hiring for 4 jobs. The organic growth engine for financial advisors,Work at a Startup,https://www.finnyai.com,https://www.workatastartup.com/companies/finny-ai
General Application,mdhub,Remote / Various,2026-09-12,https://www.workatastartup.com/companies/mdhub,https://www.mdhub.ai,Actively Hiring,mdhub(S24) | YC Batch: S24,Work at a Startup,https://www.mdhub.ai,https://www.workatastartup.com/companies/mdhub
General Application,CTGT,Remote / Various,2026-09-12,https://www.workatastartup.com/companies/ctgt,https://www.ctgt.com,Actively Hiring,CTGT(F24) | YC Batch: F24,Work at a Startup,https://www.ctgt.com,https://www.workatastartup.com/companies/ctgt
Senior Software Engineer,See all 5 jobs ›,Remote / Various,2026-09-12,https://www.workatastartup.com/jobs/93803,https://www.usajobs.gov,Actively Hiring,"Senior Software EngineerSan Francisco, CA, USfulltimeWill sponsor$175K - $250K0.50% - 1.00%3+ yearsView jobSenior Software Engineer, PlatformSan Francisco, CA, USfulltimeWill sponsor$175K - $250K0.50% - 1.00%3+ yearsView jobSee all 5 jobs › | Salary: $175K - $250K | YC Batch: N/A",Work at a Startup,https://www.usajobs.gov,https://www.workatastartup.com/jobs/93803
"Senior Software Engineer, Platform",See all 5 jobs ›,Remote / Various,2026-09-12,https://www.workatastartup.com/jobs/93804,https://www.usajobs.gov,Actively Hiring,"Senior Software EngineerSan Francisco, CA, USfulltimeWill sponsor$175K - $250K0.50% - 1.00%3+ yearsView jobSenior Software Engineer, PlatformSan Francisco, CA, USfulltimeWill sponsor$175K - $250K0.50% - 1.00%3+ yearsView jobSee all 5 jobs › | Salary: $175K - $250K | YC Batch: N/A",Work at a Startup,https://www.usajobs.gov,https://www.workatastartup.com/jobs/93804
General Application,Method Financial,Remote / Various,2026-09-12,https://www.workatastartup.com/companies/method-financial,https://methodfi.com,Actively Hiring,Method Financial(S19) | YC Batch: S19,Work at a Startup,https://methodfi.com,https://www.workatastartup.com/companies/method-financial
General Application,MSPilot,Remote / Various,2026-09-12,https://www.workatastartup.com/companies/mspilot,https://www.mspilot.com,Actively Hiring,MSPilot(F25) | YC Batch: F25,Work at a Startup,https://www.mspilot.com,https://www.workatastartup.com/companies/mspilot
Lead Generation Executive,hotReloads,"Bengaluru, Karnataka, India",2026-09-09,https://wellfound.com/jobs/4691323-lead-generation-executive,https://hotreloads.com,Actively Hiring,"Company : Hotreloads Digital Private Limited Location : Bengaluru (in office) Type : Full-time or contract Experience : 1 to 3 years in outbound sales or lead generation Compensation : ₹4.5L to ₹7L fixed per year, plus incentives on qualified meetings and closed projects About us Hotreloads is a software development studio in Bengaluru. We build products end to end across web, mobile, backend and AI for clients in India, the UAE and Europe. We are a small team and the founders are hands-on with",Wellfound,https://hotreloads.com,https://wellfound.com/jobs/4691323-lead-generation-executive
B2B Lead Generation Executive,sembark Travel software,"Jaipur, Rajasthan, India / Rajasthan, India / Jaipur, Rajasthan, India",2026-09-10,https://wellfound.com/jobs/4697821-b2b-lead-generation-executive,https://sembark.com/,Actively Hiring,"Responsibilities: ● Conduct outbound prospecting activities to identify and qualify leads through cold calling, email outreach, and social media engagement. ● Actively engage with potential customers to understand their needs, educate them on our products/services, and identify sales opportunities. ● Follow up on leads generated from marketing campaigns and outbound prospecting efforts to schedule qualified sales demos. ● Maintain a high volume of outbound calls and emails while adhering to esta",Wellfound,https://sembark.com/,https://wellfound.com/jobs/4697821-b2b-lead-generation-executive
Lead Generation Executive,Antier Solutions,"Sahibzada Ajit Singh Nagar, Punjab, India",2026-09-15,https://wellfound.com/jobs/4718554-lead-generation-executive,https://www.antiersolutions.com/,Actively Hiring,"We’re looking for a Web3-native lead generation specialist to build a qualified B2B pipeline for Instanodes. The ideal candidate understands the blockchain ecosystem, knows where to find relevant projects and decision-makers, and can turn research into qualified opportunities. Responsibilities Research and identify prospects across protocols, DeFi, DApps, wallets, exchanges, L2s, rollups, validators, and Web3 infrastructure companies. Source prospects through X, LinkedIn, Telegram, Discord, GitH",Wellfound,https://www.antiersolutions.com/,https://wellfound.com/jobs/4718554-lead-generation-executive
Sales Development Specialist,Briidge.one,"Atlanta, Georgia, United States / Austin, Texas, United States / Boston, Massachusetts, United States / California, United States / Chicago, Illinois, United States / Dallas, Texas, United States / Denver, Colorado, United States / Los Angeles, California, United States / Miami, Florida, United States / Missouri, United States / New York, New York, United States / Ohio, United States / Pennsylvania, United States / Philadelphia, Pennsylvania, United States / Phoenix, Arizona, United States / San Diego, California, United States / Seattle, Washington, United States / Texas, United States / Virginia, United States / Washington, District of Columbia, United States / San Francisco, California, United States / San Jose, California, United States / England, United Kingdom / Berkeley, California, United States / Florida, United States / Toronto, Ontario, Canada / Las Vegas, Nevada, United States / Amsterdam, North Holland, Netherlands / Montreal, Québec, Canada / Manchester, England, United Kingdom / New Jersey, United States / Ontario, Canada / Melbourne, Victoria, Australia / Washington, United States / Colorado, United States / Kentucky, United States / San Mateo, California, United States / Georgia, United States / Calgary, Alberta, Canada / Alberta, Canada / Stockholm, Stockholm County, Sweden / Nevada, United States / Los Altos, California, United States / Montana, United States / Alaska, United States / Rio de Janeiro, State of Rio de Janeiro, Brazil / Hawaii, United States / New York, United States / Perth, Western Australia, Australia / Sydney, New South Wales, Australia / Naples, Florida, United States / Lombardy, Italy / Edinburgh, Scotland, United Kingdom / Livermore, California, United States / Virginia Beach, Virginia, United States / Brisbane, Queensland, Australia / Birmingham, England, United Kingdom / Stuttgart, Baden-Württemberg, Germany / Los Gatos, California, United States / State of São Paulo, Brazil / Eindhoven, North Brabant, Netherlands / Glasgow, Scotland, United Kingdom / Rotterdam, South Holland, Netherlands / Adelaide, South Australia, Australia / Liverpool, England, United Kingdom / Dundee, Scotland, United Kingdom / Canberra, Australian Capital Territory, Australia / California City, California, United States / California, United States / New South Wales, Australia / England, United Kingdom / State of Santa Catarina, Brazil / California, United States / Las Vegas, Nevada, United States / Washington, Texas, United States",2026-08-31,https://wellfound.com/jobs/4656830-lead-generation-executive-clone,https://www.briidge.one,Actively Hiring,"About Us Briidge.one is a custom AI and software transformation company helping established businesses turn fragmented operations, legacy systems and proprietary data into intelligent digital infrastructure. We work with businesses that have outgrown generic SaaS tools and need technology built around the way they actually operate. Our work includes: Custom AI powered business systems Internal operational platforms and dashboards Client portals and visibility systems AI reporting and query assis",Wellfound,https://www.briidge.one,https://wellfound.com/jobs/4656830-lead-generation-executive-clone
Business Development Executive – LinkedIn / LinkedIn Lead Generation,DevOptiv,"Sahibzada Ajit Singh Nagar, Punjab, India",2026-08-24,https://wellfound.com/jobs/4627285-business-development-executive-linkedin-linkedin-lead-generation,https://devoptiv.com,Actively Hiring,"We’re looking for an experienced LinkedIn Outreach / Business Development Executive to join our team! 🌟 🔹 Key Responsibilities: • Generate B2B leads through LinkedIn & other channels • 🎯 Identify ICP and target decision-makers • 🔎 Work with LinkedIn Sales Navigator, Apollo & other sales tools • 👥 Handle multiple client accounts • ✍️ Draft personalized outreach messages & follow-ups • 📞 Achieve monthly targets for leads, calls & meeting bookings • 📊 Track account-wise performance and campaign act",Wellfound,https://devoptiv.com,https://wellfound.com/jobs/4627285-business-development-executive-linkedin-linkedin-lead-generation
🚀 Sales Partner / Lead Generation Contractor — 30% Recurring Commission,Hostvia,"Bengaluru, Karnataka, India / Gurgaon, Haryana, India / Mumbai, Maharashtra, India / Noida, Uttar Pradesh, India / Uttar Pradesh, India / Punjab, India / Greater Noida, Uttar Pradesh, India",2026-09-07,https://wellfound.com/jobs/4688487-sales-partner-lead-generation-contractor-30-recurring-commission,https://hostvia.in,Actively Hiring,"Hostvia | Remote | Contractor I'm looking for someone who can help me find potential clients and close deals for Hostvia. We work with hotels, Airbnb hosts and property owners, helping them with OTA and Airbnb management. The work is pretty straightforward: 🔎 Find potential property owners 📩 Reach out to them 📞 Talk to interested prospects 🤝 Help close the deal 💰 Commission You get 30% of whatever Hostvia earns from the client. And here's the good part — as long as we retain the client, you keep",Wellfound,https://hostvia.in,https://wellfound.com/jobs/4688487-sales-partner-lead-generation-contractor-30-recurring-commission
Digital Marketing & Lead Generation-Intern,CognixNexus,"Pune, Maharashtra, India",2026-08-31,https://wellfound.com/jobs/4657069-digital-marketing-lead-generation-intern,https://cognixnexus.com,Actively Hiring,Role Overview We are looking for a highly motivated and execution-focused intern who will directly contribute to our lead generation and business growth efforts across domestic and international markets. This is a hands-on role where you will learn real-world B2B sales and digital marketing in the AI & Cloud domain. Key Responsibilities Lead Generation & Outreach • Research and identify target companies and potential clients in India and international markets. • Identify relevant decision-makers,Wellfound,https://cognixnexus.com,https://wellfound.com/jobs/4657069-digital-marketing-lead-generation-intern
LinkedIn Lead Generation Intern,Budhana Tech,"Pune, Maharashtra, India",2026-08-25,https://wellfound.com/jobs/4628491-linkedin-lead-generation-intern,https://www.budhanatech.com/,Actively Hiring,"LinkedIn Lead Generation (Internship) Location: Remote (Work from Home) Type: Full-Time Internship Duration - 4 months Share your resume at hr@budhanatech.com or whatsapp at 9157736001 Stipend: ₹5,000/month + 2% Incentive per Lead Conversion About the Role We are looking for enthusiastic and driven LinkedIn Lead Generation (BDE) Interns to join our growing team. This is a great opportunity for candidates from Marketing, BBA, or MBA backgrounds who are eager to learn and kick-start their career i",Wellfound,https://www.budhanatech.com/,https://wellfound.com/jobs/4628491-linkedin-lead-generation-intern
LinkedIn Outreach & Lead Generation Specialist(Part-Time),Infinite Possibilities,"New Delhi, Delhi, India",2026-07-23,https://wellfound.com/jobs/4505555-linkedin-outreach-lead-generation-specialist-part-time,https://www.infinitepossibilities.ai,Actively Hiring,"Company Description Agentic Private Markets is a fast-growing startup transforming how Private Equity and Venture Capital teams work through AI-native tools. The platform combines advanced large language models, robust infrastructure, and deep private markets expertise to reduce deal noise and surface insights quickly. Its agents help investment teams evaluate opportunities, prepare for investment committee meetings, and scale knowledge across the organization. The company operates at the inters",Wellfound,https://www.infinitepossibilities.ai,https://wellfound.com/jobs/4505555-linkedin-outreach-lead-generation-specialist-part-time
Lead Generation (US shift),Skillfi,"Dover, Delaware, United States",2026-07-10,https://wellfound.com/jobs/4452715-lead-generation-us-shift,https://www.skillfi.com,Actively Hiring,"We are seeking an experienced and results-driven Lead Generation professional to join our team, working on the US shift to drive business growth and revenue. The successful candidate will be responsible for managing existing accounts, generating new leads, and consistently meeting revenue targets through effective sales techniques. This is an excellent opportunity for a motivated and ambitious individual to join a dynamic and fast-paced team. Key Responsibilities Manage existing accounts to buil",Wellfound,https://www.skillfi.com,https://wellfound.com/jobs/4452715-lead-generation-us-shift
Sales Development Representative (SDR),Weborbitlab,India,2026-09-10,https://wellfound.com/jobs/4697944-sales-development-representative-sdr,https://weborbitlab.com,Actively Hiring,"We are seeking a driven Sales Development Representative (SDR) to act as the first point of contact for potential customers. You will be responsible for driving revenue growth by generating, researching, and qualifying new business opportunities before handing them off to the Account Executive team. Key Responsibilities Conduct high-volume outbound prospecting via phone, email, and social media (e.g., LinkedIn). Identify and qualify inbound and outbound leads to build a healthy sales pipeline. S",Wellfound,https://weborbitlab.com,https://wellfound.com/jobs/4697944-sales-development-representative-sdr
Sales Development Representative (SDR),HolmesOps.AI,"Bengaluru, Karnataka, India / Delhi, India / Hyderabad, Telangana, India / Mumbai, Maharashtra, India / New Delhi, Delhi, India",2026-09-02,https://wellfound.com/jobs/4664484-sales-development-representative-sdr,https://holmesops.ai,Actively Hiring,"Sales Development Representative (SDR) Company: Holmes AI HolmesOps.ai Location: India (Remote) Experience: 3-5 Years Employment Type: Full-time Role Overview As a Sales Development Representative, you will be responsible for identifying potential customers, engaging decision-makers, understanding their business and procurement challenges, and generating qualified sales opportunities for the Account Executive/Sales team. The ideal candidate should have 3 years of B2B sales/ SDR/ Business Develop",Wellfound,https://holmesops.ai,https://wellfound.com/jobs/4664484-sales-development-representative-sdr
Sales Development Representative (SDR) | Founding Team,Blinkins Media,"Mumbai, Maharashtra, India",2026-08-19,https://wellfound.com/jobs/4607023-sales-development-representative-sdr-founding-team,https://blinkins.media,Actively Hiring,"Sales Development Representative (SDR) — Blinkins Media Full-Time | Remote | ₹20,000/month Base + Uncapped Performance Incentives ⚠️ IMPORTANT — APPLICATION REQUIRED: To be considered for this role, you must complete the application form here: tally.so/r/KYrzEX (please copy this link to access the form). Applications submitted without completing the form will not be reviewed. About the Opportunity Blinkins Media is a B2B outbound agency helping companies build predictable sales pipelines through",Wellfound,https://blinkins.media,https://wellfound.com/jobs/4607023-sales-development-representative-sdr-founding-team
Sales development Representative,Velocity,"Karnataka, India",2026-08-12,https://wellfound.com/jobs/4577356-sales-development-representative,https://www.velocity.in,Actively Hiring,"Job Description Sales Development Representative (SDR) 📍 HSR Layout, Bangalore | Day Shift About Velocity Velocity is a leading eCommerce growth platform enabling 4,000+ D2C and digital-first brands to scale through funding, logistics, payments, and AI-powered solutions. We are building a high-performance outbound sales team focused on growth, discipline, and results. Role Overview This is a performance-driven outbound sales role. You will be responsible for high-volume prospecting, initiating c",Wellfound,https://www.velocity.in,https://wellfound.com/jobs/4577356-sales-development-representative
Sales Development Representative (SDR),CredShields,"Bengaluru, Karnataka, India / Karnataka, India / Karnataka, India",2026-09-07,https://wellfound.com/jobs/4307336-sales-development-representative-sdr,https://credshields.com,Actively Hiring,"About CredShields CredShields is building the next generation of offensive cybersecurity infrastructure through AI-powered penetration testing and continuous security validation. Our platform enables organizations to move beyond static, point-in-time assessments toward continuous, real-world security testing that identifies and remediates vulnerabilities before they can be exploited. Founded by a globally recognized team of cybersecurity researchers with Hall of Fame acknowledgements from Google",Wellfound,https://credshields.com,https://wellfound.com/jobs/4307336-sales-development-representative-sdr
Sales Development Representative (SDR),SalesUP,"New Delhi, Delhi, India",2026-01-19,https://wellfound.com/jobs/3768594-sales-development-representative-sdr,https://salesup.club,Actively Hiring,"Sales Development Representative (SDR) - SalesUP Location: Remote (India) Employment Type: Full-time Salary: ₹20,000 - ₹30,000 per month About SalesUP SalesUP is a B2B sales development outsourcing company that partners with global businesses to accelerate their pipeline growth. We work with VPs of Sales, Marketing leaders, and B2B founders across industries—helping them book qualified meetings and drive revenue without the overhead of building in-house SDR teams. The Role We're looking for hung",Wellfound,https://salesup.club,https://wellfound.com/jobs/3768594-sales-development-representative-sdr
Business Development Representative,CRUV,"Bengaluru, Karnataka, India",2026-08-19,https://wellfound.com/jobs/4607062-business-development-representative,https://cruv.org/,Actively Hiring,"Location: Bangalore,HSR Layout Work Mode: Work From Office Experience: 1-4 Years Employment Type: Full Time We are looking for a motivated and energetic Business Development Representative (BDR) to join our team in Bengaluru. This role is ideal for candidates who are interested in sales, client engagement, lead generation, and business growth. The candidate will work closely with the sales and business development team to identify potential clients and support revenue generation activities Key R",Wellfound,https://cruv.org/,https://wellfound.com/jobs/4607062-business-development-representative
Business Development Representative,DataBrain,"Tamil Nadu, India",2026-07-23,https://wellfound.com/jobs/4223965-2-business-development-representative,https://usedatabrain.com,Actively Hiring,"About DataBrain DataBrain is an AI-powered analytics platform that helps companies move from dashboards to decisions. Teams use DataBrain to embed analytics, metrics, and AI-powered insights directly into their products, and we’re building toward agentic analytics: AI agents that monitor business performance, surface opportunities and risks, and help teams act automatically. Customers like Spendflo, SpotDraft, Freightify, and EpochOS use DataBrain to power analytics for thousands of users. About",Wellfound,https://usedatabrain.com,https://wellfound.com/jobs/4223965-2-business-development-representative
Business Development Associate,uprio,"Bengaluru, Karnataka, India / Hyderabad, Telangana, India / Tamil Nadu, India",2026-09-17,https://wellfound.com/jobs/4728246-business-development-associate,https://www.uprio.com/,Actively Hiring,"Salary: INR 300000.0 - 500000.0 | Role: Business Development Associate | Company: uprio | Location: Bengaluru, Karnataka, India / Hyderabad, Telangana, India / Tamil Nadu, India",Wellfound,https://www.uprio.com/,https://wellfound.com/jobs/4728246-business-development-associate
Business Development Representative / Lead Generator — COMMISSION ONLY at STEP AI,Digital Gateway. STEP AI,"Boston, Massachusetts, United States / California, United States / Chicago, Illinois, United States / New York, New York, United States / Seattle, Washington, United States / Texas, United States / Washington, District of Columbia, United States / Florida, United States / Toronto, Ontario, Canada / Maine, United States / British Columbia, Canada / Ontario, Canada / Calgary, Alberta, Canada / Alberta, Canada / New York, United States / Tampa, Florida, United States / Kansas City, Missouri, United States / California City, California, United States",2026-09-04,https://wellfound.com/jobs/4677994-business-development-lead-generator-commission-only-at-step-ai-clone,https://step-ai.digital,Actively Hiring,"Commission Only — Startup Environment — Business Development / Lead Generation Role Important Compensation & Role Disclaimer Please read this section carefully before applying. This is a 100% commission-only independent contractor role. There is: • No base salary • No hourly pay • No monthly retainer • No guaranteed income • No paid training (you are not on payroll while you ramp up) • No employee benefits • No paid tools, paid software or paid accounts provided — you use your own outreach stack",Wellfound,https://step-ai.digital,https://wellfound.com/jobs/4677994-business-development-lead-generator-commission-only-at-step-ai-clone
Business Development Executive,TechUp Labs,"Surat, Gujarat, India",2026-08-25,https://wellfound.com/jobs/4607121-business-development-executive,http://techuplabs.com,Actively Hiring,"Company Overview: TechUp Labs is looking for a Business Development Executive who is driven, proactive, and passionate about building business opportunities and creating meaningful client relationships. We are looking for someone with prior experience in the service industry who understands client acquisition, lead generation, relationship management, and the complete business development cycle. The ideal candidate should be comfortable identifying prospects, initiating conversations, understand",Wellfound,http://techuplabs.com,https://wellfound.com/jobs/4607121-business-development-executive
Business Development Executive,MetaUpSpace,"Mumbai, Maharashtra, India",2026-08-21,https://wellfound.com/jobs/4607038-business-development-executive,https://www.metaupspace.com/,Actively Hiring,"Job Details: Role: Business Development Executive (BDE) Location: Mumbai Duration: 3-Month Probation to Full Time Employment Type: Full-Time Full Time CTC: ₹4.5– ₹6 LPA (Fixed +Variable) Experience Required: 1+ years Freshers with Relevant Internship Experience are encouraged to apply Position Summary: We are seeking a Business Development Executive to own the end-to-end sales lifecycle, from market research and lead generation to high-level negotiation and deal closure. In this role, you will l",Wellfound,https://www.metaupspace.com/,https://wellfound.com/jobs/4607038-business-development-executive
Business Development Executive (Brand Partnerships),Midnight Media,"Delhi, India / Mumbai, Maharashtra, India / Maharashtra, India / Thane, Maharashtra, India / Navi Mumbai, Maharashtra, India / Karnataka, India",2026-08-06,https://wellfound.com/jobs/4557441-business-development-executive-brand-partnerships,https://midnightmedia.in,Actively Hiring,"🚀 We're Hiring: Business Development Executive (Brand Partnerships) Midnight Media is looking for a driven Business Development Executive to help us build long-term partnerships with brands for creator and influencer marketing campaigns. If you enjoy sales, outreach, networking, and closing deals, this role is for you. What You'll Do Identify and research D2C brands across fashion, beauty, skincare, fitness, wellness, food, lifestyle, home, consumer tech, and other growing categories. Reach out",Wellfound,https://midnightmedia.in,https://wellfound.com/jobs/4557441-business-development-executive-brand-partnerships
Business Development Executive,Samaaro,"Bengaluru, Karnataka, India",2026-07-27,https://wellfound.com/jobs/4520965-business-development-executive,https://samaaro.com,Actively Hiring,"* About the Company * Samaaro is an AI-powered event marketing platform that enables marketing teams to turn events into a measurable growth channel by planning, promoting, executing, and measuring their business impact. We are building for marketing teams as they scale their event GTM, and we solve two hard problems for them: getting the right people in the room, and proving the ROI of events. Recognized by YourStory as one of the Top 30 Most Innovative Startups in India, Samaaro works with phe",Wellfound,https://samaaro.com,https://wellfound.com/jobs/4520965-business-development-executive
Business Development Executive job,Weborbitlab,India,2026-08-30,https://wellfound.com/jobs/4480919-business-development-executive-job,https://weborbitlab.com,Actively Hiring,"Role Overview As a Business Development Executive, you will be the bridge between our technical solutions and our clients' business needs. You will be responsible for identifying new market opportunities, cultivating relationships with prospective clients, and effectively communicating how our AI automation services can drive tangible value for their businesses. Responsibilities Lead Generation & Prospecting: Proactively identify and engage potential clients in target industries who can benefit",Wellfound,https://weborbitlab.com,https://wellfound.com/jobs/4480919-business-development-executive-job
Business Development Executive,Weborbitlab,India,2026-07-17,https://wellfound.com/jobs/4480917-business-development-executive,https://weborbitlab.com,Actively Hiring,"Role Overview As a Business Development Executive, you will be the bridge between our technical solutions and our clients' business needs. You will be responsible for identifying new market opportunities, cultivating relationships with prospective clients, and effectively communicating how our AI automation services can drive tangible value for their businesses. Responsibilities Lead Generation & Prospecting: Proactively identify and engage potential clients in target industries who can benefit",Wellfound,https://weborbitlab.com,https://wellfound.com/jobs/4480917-business-development-executive
Business Development Executive - IT Services (AI & Web),Solvornx Solutions,"Tamil Nadu, India",2026-06-23,https://wellfound.com/jobs/4377478-business-development-executive-it-services-ai-web,https://solvornx.com/,Actively Hiring,"Company : Solvornx Solutions Pvt. Ltd. Location : Chennai (on-site / hybrid) Experience : 1+ year in B2B IT services / software sales Type: Full-time About Solvornx Solvornx is an AI-powered engineering studio building web, mobile, SaaS, and AI products for clients across insurance, fintech, e-commerce, and manufacturing. We're a fast-moving team that ships real products and we're looking for someone who can own the sales pipeline end to end. The Role This is a full-cycle sales role. You own the",Wellfound,https://solvornx.com/,https://wellfound.com/jobs/4377478-business-development-executive-it-services-ai-web
Business Development Executive,ServiceHive,"New Delhi, Delhi, India",2026-09-03,https://wellfound.com/jobs/4238488-business-development-executive,https://servicehive.tech,Actively Hiring,"Key Responsibilities: Compensation Structure Base Salary: Fixed (as per experience and company standards) — does not include incentives Performance Incentive: 1.5% – 7.5% per deal/revenue generated Lead Generation & Prospecting Identify potential clients across startups, SMEs, and enterprises Build a qualified pipeline using cold calls, emails, LinkedIn, and outbound strategies Research target companies, decision-makers, and industry trends Client Engagement & Pitching Connect with founders, CFO",Wellfound,https://servicehive.tech,https://wellfound.com/jobs/4238488-business-development-executive
Inside Sales,1to1help,"Bengaluru, Karnataka, India",2026-09-15,https://wellfound.com/jobs/4718634-inside-sales,https://1to1help.com,Actively Hiring,"Job Purpose The Inside Sales Intern will support the sales team in lead generation, client outreach, and business development activities. This role is ideal for individuals looking to gain hands-on experience in sales, communication, and client engagement within a fast-paced environment. The candidate will assist in driving revenue growth by connecting with potential clients and supporting the end-to-end sales process. Key Responsibilities • Conduct outbound calls and emails to generate leads an",Wellfound,https://1to1help.com,https://wellfound.com/jobs/4718634-inside-sales
Inside Sales Associate,Rimigo,"Karnataka, India",2026-09-07,https://wellfound.com/jobs/4688463-inside-sales-associate,https://www.rimigo.com,Actively Hiring,"The Role As an Inside Sales Associate at Rimigo, you will be the primary point of contact for travellers looking to plan and book their next trip. This is a consultative, client-facing role where you will take ownership of the customer's journey — from understanding their travel preferences and designing the right trip to final booking confirmation and pre- and post-booking assistance. What You’ll Do Speak with travellers and understand their trip requirements Build strong relationships and act",Wellfound,https://www.rimigo.com,https://wellfound.com/jobs/4688463-inside-sales-associate
Founding Demand Generation Lead,Alloy River,"Toronto, Ontario, Canada",2026-08-21,https://wellfound.com/jobs/4618120-founding-demand-generation-lead,https://alloyriver.com,Actively Hiring,"About Alloy River Alloy River builds agentic applied AI for finance and accounting. Accounting today is fragmented, manual, and reactive. We believe it should be intelligent, structured, and operationally decisive. Our mission is to transform finance from a slow, labor-intensive, reporting function into a real-time, strategic engine for profit and control. We re-architected the general ledger from first principles, and layered automation, workflow orchestration, and applied AI directly into its",Wellfound,https://alloyriver.com,https://wellfound.com/jobs/4618120-founding-demand-generation-lead
Demand Generation,Lorikeet,United States,2026-09-16,https://wellfound.com/jobs/4594783-demand-generation,https://www.lorikeetcx.ai,Actively Hiring,"About Us Lorikeet is redefining what customer support looks like — and we're just getting started. We build AI that handles complex, high-volume support for fintechs, healthtechs, marketplaces, and delivery services. Not chatbot-tier AI. The kind that actually resolves tickets, gives support teams their time back, and raises the bar for what software can do. We're backed by over $50M USD from QED, Blackbird, and Square Peg, with backing from operators like Claire Hughes Johnson (ex-Stripe COO) a",Wellfound,https://www.lorikeetcx.ai,https://wellfound.com/jobs/4594783-demand-generation
"Demand Generation Manager, Industrials & Manufacturing",commercetools,"North Carolina, United States",2026-08-24,https://wellfound.com/jobs/4452953-demand-generation-manager-industrials-manufacturing,http://www.commercetools.com,Actively Hiring,"About commercetools Real innovation starts with a strong foundation, and at commercetools, that comes from the perfect balance of our product and our people. Behind every leap forward is a collective of builders, explorers, doers, makers, and problem-solvers. The kind of people who not only created composable commerce but also shaped the culture of experimentation that idea unlocked. Together they are the engine of commerce innovation today. At commercetools, we power the next era of commerce fo",Wellfound,http://www.commercetools.com,https://wellfound.com/jobs/4452953-demand-generation-manager-industrials-manufacturing
Lead Sales Representative,NeuralFactoryAI,"Noida, Uttar Pradesh, India",2026-07-13,https://wellfound.com/jobs/4463590-lead-sales-representative,https://www.neuralfactoryai.com/,Actively Hiring,"🚀 We’re Hiring — and we’re building something BIG. At NeuralFactoryAI, we’re solving a problem most manufacturers don’t even realize they have: 👉 Factories are losing CRORES due to tiny inefficiencies 👉 Even a 1 gram overfill = massive annual loss 👉 And no one is fixing it at scale We are. We’re building AI-driven manufacturing systems to deliver: ⚡ Zero Dosing Error ⚡ Zero Manual Dependency ⚡ Zero Yield Loss And now, we’re looking for a Lead Sales Representative to help us scale this mission. 📍",Wellfound,https://www.neuralfactoryai.com/,https://wellfound.com/jobs/4463590-lead-sales-representative
Sales Representative,RoleColorAI,"Tamil Nadu, India",2026-08-19,https://wellfound.com/jobs/4607090-sales-representative,https://rolecolorfinder.com,Actively Hiring,"About RoleColorFinder RoleColorFinder is a behavioral leadership assessment platform built to solve a problem most HR tools ignore: people don't fail because of their personality — they fail because they're in the wrong role under pressure. Our proprietary Red/Yellow/Green/Blue framework measures how people actually perform under stress, not just how they describe themselves on a survey. We call the cost of getting this wrong the ""Behavioral Tax,"" and we help HR leaders, ops leaders, and school",Wellfound,https://rolecolorfinder.com,https://wellfound.com/jobs/4607090-sales-representative
Sales Representative — Hotel Industry,Theryxstudio,"Gujarat, India",2026-09-19,https://wellfound.com/jobs/4656824-sales-representative-hotel-industry,https://theryxstudio.in,Actively Hiring,"We’re looking for a B2B Sales Representative — Hospitality to help us bring Hotel Friendly to hotels across India. You’ll be responsible for identifying potential hotel clients, reaching out to owners and managers, presenting Hotel Friendly, building relationships, and helping turn conversations into customers. What we’re looking for: Strong communication and confidence Comfortable with outreach and sales conversations Self-driven and willing to learn Comfortable handling rejection and following",Wellfound,https://theryxstudio.in,https://wellfound.com/jobs/4656824-sales-representative-hotel-industry
Sales Representative – Event Lead Management SaaS Product,tutordock.ai,"Hyderabad, Telangana, India",2026-08-31,https://wellfound.com/jobs/4657018-sales-representative-event-lead-management-saas-product,https://tutordock.ai,Actively Hiring,"Lead Recorder is a stealth-stage startup building the next generation of event lead capture and management software. Our platform enables field sales representatives to make the most of their conversations and meetings at events by ensuring each conversation is captured, transcribed for the marketing team to initiate successful nurture campaigns, ensure MQLs conversion to SQLs and ROI from the events. We're growing our early go-to-market team and looking for a driven, entry-level Sales Represent",Wellfound,https://tutordock.ai,https://wellfound.com/jobs/4657018-sales-representative-event-lead-management-saas-product
Sales Development Representative (SDR) — Remote India,Reece,"Davenport, Iowa, United States",2026-08-25,https://wellfound.com/jobs/4628458-sales-development-representative-sdr-remote-india-clone,https://callreece.ai,Actively Hiring,"Reece is hiring a remote Sales Development Representative (SDR) in India to help build outbound sales for our US small-business market. Reece builds AI receptionist software that helps small businesses answer and manage customer calls. You’ll work directly with the founder and own focused prospecting, qualification, and accurate follow-up. What you’ll do Research and prospect appropriate US small and midsize businesses. Cold-call owners and decision-makers. Use truthful email and LinkedIn outrea",Wellfound,https://callreece.ai,https://wellfound.com/jobs/4628458-sales-development-representative-sdr-remote-india-clone
Technical Sales Specialist / Inside Sales (LIMS & ELN),NRV LAB INFORMATICS,"Bengaluru, Karnataka, India",2026-09-07,https://wellfound.com/jobs/4688353-technical-sales-specialist-inside-sales-lims-eln,https://nrvlabinformatics.org/,Actively Hiring,"Job Title: Technical Sales Specialist / Inside Sales (LIMS & ELN) Company: NRV Lab Informatics Location: 100% Remote Target Markets: India (Primary Sales) & GCC (Pre-Sales Support) Employment Type: Full-time About Us NRV Lab Informatics are fast-growing consultancy and product providers specializing in digital transformation for modern laboratories. Based in the UAE (Ajman Free Zone), we hold exclusive partnerships with leading platforms like TRAZiT and MediLIMS, and provide specialized applicat",Wellfound,https://nrvlabinformatics.org/,https://wellfound.com/jobs/4688353-technical-sales-specialist-inside-sales-lims-eln
BUSINESS DEVELOPMENT & MARKET EXPANSION LEAD,Friss India,"California, United States / Dubai, United Arab Emirates / New York, New York, United States / California, United States / Washington, District of Columbia, United States / Alberta, Canada / Hyderabad, Telangana, India / United Arab Emirates",2026-09-14,https://wellfound.com/jobs/4716575-business-development-market-expansion-lead,https://www.frissindia.in,Actively Hiring,"BUSINESS DEVELOPMENT EXPERT — BUILD MARKETS. CREATE REVENUE. GO GLOBAL. Friss India | Remote | Worldwide | Full-Time | 5+ Years Experience 🚀 WE ARE NOT HIRING A TRADITIONAL SALESPERSON. WE ARE HIRING A BUSINESS BUILDER. Friss India is looking for an exceptionally driven Business Development Expert who can take complete ownership of market expansion, strategic partnerships, client acquisition and revenue generation across India, GCC & Europe. This is a high-ownership, self-starter role for someon",Wellfound,https://www.frissindia.in,https://wellfound.com/jobs/4716575-business-development-market-expansion-lead
