Job Role,Company Name,Location,Date Posted,Apply Link,Company Link,No. of Applicants,Job Description,Source,website,apply_link_url
Sales Manager - Outbound Sales (Facebook Lead Generation & Meta Ads),411 Locals,Chennai,2026-08-19,https://www.careerbuilder.com/job-details/sales-manager-outbound-sales-facebook-lead-generation-meta-ads--53c90b3f-267a-4ff0-bf53-534f5468a58f,https://www.411locals.com,Actively Hiring,"411 Locals Sales Manager - Outbound Sales (Facebook Lead Generation & Meta Ads) Remote $50,000–$100,000 / year 30+ days ago",CareerBuilder,https://www.411locals.com,https://www.careerbuilder.com/job-details/sales-manager-outbound-sales-facebook-lead-generation-meta-ads--53c90b3f-267a-4ff0-bf53-534f5468a58f
VP of Partner Sales & Lead Generation - US Based,Vensure Employer Services Inc,AZ,2026-08-27,https://www.careerbuilder.com/job-details/vp-of-partner-sales-lead-generation-us-based-phoenix-az--c6b0e647-a6d7-4972-a448-cf15a44251fd,https://www.vensureemployer.com,Actively Hiring,Vensure Employer Services Inc VP of Partner Sales & Lead Generation - US Based AZ 22 days ago,CareerBuilder,https://www.vensureemployer.com,https://www.careerbuilder.com/job-details/vp-of-partner-sales-lead-generation-us-based-phoenix-az--c6b0e647-a6d7-4972-a448-cf15a44251fd
Senior Auto Sales Executive - Outside Sales & Account Generation,D&M Leasing,"Austin, TX",2026-08-27,https://www.careerbuilder.com/job-details/senior-auto-sales-executive-outside-sales-account-generation-austin-tx--cac7c69c-30c0-4c64-b690-dc09ad695e75,https://www.dmleasing.com,Actively Hiring,"D&M Leasing Senior Auto Sales Executive - Outside Sales & Account Generation Austin, TX $400,000 / year 22 days ago",CareerBuilder,https://www.dmleasing.com,https://www.careerbuilder.com/job-details/senior-auto-sales-executive-outside-sales-account-generation-austin-tx--cac7c69c-30c0-4c64-b690-dc09ad695e75
Senior Auto Sales Executive – Outside Sales & Account Generation,D&M Auto Leasing,"Austin, Texas",2026-08-19,https://www.careerbuilder.com/job-details/senior-auto-sales-executive-outside-sales-account-generation-austin-tx--1e0a7853-2f79-4794-a8ad-89a29aeb8091,https://www.dmautoleasing.com,Actively Hiring,"D&M Auto Leasing Senior Auto Sales Executive – Outside Sales & Account Generation Austin, Texas 30+ days ago",CareerBuilder,https://www.dmautoleasing.com,https://www.careerbuilder.com/job-details/senior-auto-sales-executive-outside-sales-account-generation-austin-tx--1e0a7853-2f79-4794-a8ad-89a29aeb8091
North America Proactive Large Deal Generation Pre-Sales Lead - US Remote,"NTT DATA Services, LLC","Plano, TX",2026-08-19,https://www.careerbuilder.com/job-details/north-america-proactive-large-deal-generation-pre-sales-lead-us-remote-plano-tx--dddaf77f-b3dc-41dd-9f2c-b9c3d56cd5a7,https://www.nttdata.com,Actively Hiring,"NTT DATA Services, LLC North America Proactive Large Deal Generation Pre-Sales Lead - US Remote Plano, TX Remote $225,000–$450,000 / year 30+ days ago",CareerBuilder,https://www.nttdata.com,https://www.careerbuilder.com/job-details/north-america-proactive-large-deal-generation-pre-sales-lead-us-remote-plano-tx--dddaf77f-b3dc-41dd-9f2c-b9c3d56cd5a7
Lead Generation Sales,Stargate HR,"Tampa, Florida",2026-08-19,https://www.careerbuilder.com/job-details/lead-generation-sales-tampa-fl--d4d5d32b-0bd2-49a0-8430-5cc58662ce58,https://www.stargatehr.com,Actively Hiring,"Stargate HR Lead Generation Sales Tampa, Florida 30+ days ago",CareerBuilder,https://www.stargatehr.com,https://www.careerbuilder.com/job-details/lead-generation-sales-tampa-fl--d4d5d32b-0bd2-49a0-8430-5cc58662ce58
Lead Generation Representative - Remote,UnitedHealth Group Inc.,"Minnetonka, MN",2026-09-07,https://www.careerbuilder.com/job-details/lead-generation-representative-remote-minnetonka-mn--90417b60-442d-4159-911a-f21149048f67,https://www.unitedhealth.com,Actively Hiring,"UnitedHealth Group Inc. Lead Generation Representative - Remote Minnetonka, MN Remote $50,000–$115,000 / year 11 days ago",CareerBuilder,https://www.unitedhealth.com,https://www.careerbuilder.com/job-details/lead-generation-representative-remote-minnetonka-mn--90417b60-442d-4159-911a-f21149048f67
Field Sales Representative (Door-To-Door Lead Generation / Outside Sales),Keycafe,"Dallas, TX",2026-08-19,https://www.careerbuilder.com/job-details/field-sales-representative-door-to-door-lead-generation-outside-sales-dallas-tx--6c7673f7-eb6a-4898-87fa-946bec128f91,https://www.keycafe.com,Actively Hiring,"Keycafe Field Sales Representative (Door-To-Door Lead Generation / Outside Sales) Dallas, TX $55,000–$75,000 / year 30+ days ago",CareerBuilder,https://www.keycafe.com,https://www.careerbuilder.com/job-details/field-sales-representative-door-to-door-lead-generation-outside-sales-dallas-tx--6c7673f7-eb6a-4898-87fa-946bec128f91
Field Sales Representative (Door-to-Door Lead Generation / Outside Sales),Keycafe,"Dallas, TX",2026-08-19,https://www.careerbuilder.com/job-details/field-sales-representative-door-to-door-lead-generation-outside-sales-dallas-tx--29003b6a-3ea9-4cc5-a68d-89ee6695628c,https://www.keycafe.com,Actively Hiring,"Keycafe Field Sales Representative (Door-to-Door Lead Generation / Outside Sales) Dallas, TX $55,000–$75,000 / year 30+ days ago",CareerBuilder,https://www.keycafe.com,https://www.careerbuilder.com/job-details/field-sales-representative-door-to-door-lead-generation-outside-sales-dallas-tx--29003b6a-3ea9-4cc5-a68d-89ee6695628c
"Sales Executive Lead, Card Issuing, Regional and Community Banking",Fidelity National Information Services Inc,"Jacksonville, FL",2026-08-19,https://www.careerbuilder.com/job-details/sales-executive-lead-card-issuing-regional-and-community-banking-jacksonville-fl--0aa7de76-a0a4-4ffb-ac65-dacb73f2caef,https://www.fidelitynationalinformation.com,Actively Hiring,"Fidelity National Information Services Inc Sales Executive Lead, Card Issuing, Regional and Community Banking Jacksonville, FL 30+ days ago",CareerBuilder,https://www.fidelitynationalinformation.com,https://www.careerbuilder.com/job-details/sales-executive-lead-card-issuing-regional-and-community-banking-jacksonville-fl--0aa7de76-a0a4-4ffb-ac65-dacb73f2caef
"Executive Director, US Admilparant National Sales Lead",Bristol-Myers Squibb Co,"Princeton, NJ",2026-08-19,https://www.careerbuilder.com/job-details/executive-director-us-admilparant-national-sales-lead-princeton-nj--00763422-1715-467d-a386-0cb612fc37ef,https://www.bristolmyerssquibb.com,Actively Hiring,"Bristol-Myers Squibb Co Executive Director, US Admilparant National Sales Lead Princeton, NJ $270,530–$327,818 / year 30+ days ago",CareerBuilder,https://www.bristolmyerssquibb.com,https://www.careerbuilder.com/job-details/executive-director-us-admilparant-national-sales-lead-princeton-nj--00763422-1715-467d-a386-0cb612fc37ef
"Senior IT Field Sales Position Opening at Southern California-based Nth Generation Computing, Inc.",Nth Generation,"San Diego, CA",2026-08-19,https://www.careerbuilder.com/job-details/senior-it-field-sales-position-opening-at-southern-california-based-nth-generation-computing-inc-san-diego-ca--e313d9b5-94b4-431e-8769-d3a4ba076580,https://www.nthgeneration.com,Actively Hiring,"Nth Generation Senior IT Field Sales Position Opening at Southern California-based Nth Generation Computing, Inc. San Diego, CA Full time Quick Apply 30+ days ago",CareerBuilder,https://www.nthgeneration.com,https://www.careerbuilder.com/job-details/senior-it-field-sales-position-opening-at-southern-california-based-nth-generation-computing-inc-san-diego-ca--e313d9b5-94b4-431e-8769-d3a4ba076580
"Spc, Inside Sales Acct Rel I",ProgressRail,"Belton, MO",2026-08-26,https://www.careerbuilder.com/job-details/spc-inside-sales-acct-rel-i-belton-mo--e962d576-46d6-4509-8de6-c00b36070cb4,https://www.progressrail.com,Actively Hiring,"ProgressRail Spc, Inside Sales Acct Rel I Belton, MO 23 days ago",CareerBuilder,https://www.progressrail.com,https://www.careerbuilder.com/job-details/spc-inside-sales-acct-rel-i-belton-mo--e962d576-46d6-4509-8de6-c00b36070cb4
Business Development Manager - Lenovo,"Zones, Inc.","Seattle, WA",2026-08-19,https://www.careerbuilder.com/job-details/business-development-manager-lenovo-seattle-wa--45b106be-9b88-4f95-b253-33cc2168b14f,https://www.zones.com,Actively Hiring,"Zones, Inc. Business Development Manager - Lenovo Seattle, WA $121,000–$131,300 / year 30+ days ago",CareerBuilder,https://www.zones.com,https://www.careerbuilder.com/job-details/business-development-manager-lenovo-seattle-wa--45b106be-9b88-4f95-b253-33cc2168b14f
REMOTE - Inside Sales Specialist - Small Commercial,Gallagher,"Bradenton, Florida",2026-08-19,https://www.careerbuilder.com/job-details/remote-inside-sales-specialist-small-commercial-bradenton-fl--56ee9afd-8d2b-45e4-a556-c7d51ff1975e,https://www.gallagher.com,Actively Hiring,"Gallagher REMOTE - Inside Sales Specialist - Small Commercial Bradenton, Florida Remote Full time 30+ days ago",CareerBuilder,https://www.gallagher.com,https://www.careerbuilder.com/job-details/remote-inside-sales-specialist-small-commercial-bradenton-fl--56ee9afd-8d2b-45e4-a556-c7d51ff1975e
Inside Sales Representative - Asana,MarketStar,"Ogden, Utah",2026-08-23,https://www.careerbuilder.com/job-details/inside-sales-representative-asana-ogden-ut--82d0996e-326a-4143-a30a-fe44d670c048,https://www.marketstar.com,Actively Hiring,"MarketStar Inside Sales Representative - Asana Ogden, Utah 26 days ago",CareerBuilder,https://www.marketstar.com,https://www.careerbuilder.com/job-details/inside-sales-representative-asana-ogden-ut--82d0996e-326a-4143-a30a-fe44d670c048
NA/EMEA Inside Sales,Everspin Technologies Inc,"Chandler, AZ",2026-08-24,https://www.careerbuilder.com/job-details/na-emea-inside-sales-chandler-az--acf8e70e-cb53-4b46-8f64-b445ec884899,https://www.everspin.com,Actively Hiring,"Everspin Technologies Inc NA/EMEA Inside Sales Chandler, AZ 25 days ago",CareerBuilder,https://www.everspin.com,https://www.careerbuilder.com/job-details/na-emea-inside-sales-chandler-az--acf8e70e-cb53-4b46-8f64-b445ec884899
Inside Sales Representative,Metals USA,"Enid, OK",2026-08-19,https://www.careerbuilder.com/job-details/inside-sales-representative-enid-ok--d62f28a6-4357-4f2d-942c-e3edec18f849,https://www.metalsusa.com,Actively Hiring,"Metals USA Inside Sales Representative Enid, OK $22.50–$26.50 / hour 30+ days ago",CareerBuilder,https://www.metalsusa.com,https://www.careerbuilder.com/job-details/inside-sales-representative-enid-ok--d62f28a6-4357-4f2d-942c-e3edec18f849
"Inside Sales Associate, B2B",Town Square Media,"Charlotte, NC",2026-09-01,https://www.careerbuilder.com/job-details/inside-sales-associate-b2b-charlotte-nc--6ab7785e-d116-4ebd-ac76-5a6c8116ac91,https://www.townsquaremedia.com,Actively Hiring,"Town Square Media Inside Sales Associate, B2B Charlotte, NC 17 days ago",CareerBuilder,https://www.townsquaremedia.com,https://www.careerbuilder.com/job-details/inside-sales-associate-b2b-charlotte-nc--6ab7785e-d116-4ebd-ac76-5a6c8116ac91
"Director, Inside Sales",Assa Abloy AB,"Tulsa, OK",2026-09-01,https://www.careerbuilder.com/job-details/director-inside-sales-tulsa-ok--35b4ed56-2890-4ad1-89a4-311ad39683ca,https://www.assaabloyab.com,Actively Hiring,"Role: Director, Inside Sales | Company: Assa Abloy AB | Location: Tulsa, OK",CareerBuilder,https://www.assaabloyab.com,https://www.careerbuilder.com/job-details/director-inside-sales-tulsa-ok--35b4ed56-2890-4ad1-89a4-311ad39683ca
Inside Sales Representative - M. Holland,Ravago,"Northbrook, IL",2026-08-30,https://www.careerbuilder.com/job-details/inside-sales-representative-m-holland-northbrook-il--9ff2ee58-1909-4ac1-bcc6-b3965a851cb1,https://www.ravago.com,Actively Hiring,"Ravago Inside Sales Representative - M. Holland Northbrook, IL $50,000–$70,000 / year 19 days ago",CareerBuilder,https://www.ravago.com,https://www.careerbuilder.com/job-details/inside-sales-representative-m-holland-northbrook-il--9ff2ee58-1909-4ac1-bcc6-b3965a851cb1
Inside Sales Account Executive,PSA Security Network,"Westminster, CO",2026-09-11,https://www.careerbuilder.com/job-details/inside-sales-account-executive-westminster-co--91eaa384-2045-40e2-ac3b-7b7052df34d4,https://www.psasecuritynetwork.com,Actively Hiring,"PSA Security Network Inside Sales Account Executive Westminster, CO $50,000–$60,000 / year 7 days ago",CareerBuilder,https://www.psasecuritynetwork.com,https://www.careerbuilder.com/job-details/inside-sales-account-executive-westminster-co--91eaa384-2045-40e2-ac3b-7b7052df34d4
Inside Sales Engineer,Building Controls and Services,"Memphis, TN",2026-09-12,https://www.careerbuilder.com/job-details/inside-sales-engineer-memphis-tn--47cd4776-4b57-4ffa-92da-7bec25cf0b3f,https://www.buildingcontrolsand.com,Actively Hiring,"Building Controls and Services New Inside Sales Engineer Memphis, TN $28–$30 / hour 6 days ago",CareerBuilder,https://www.buildingcontrolsand.com,https://www.careerbuilder.com/job-details/inside-sales-engineer-memphis-tn--47cd4776-4b57-4ffa-92da-7bec25cf0b3f
Inside Sales Coordinator - Technical,Daily Thermetrics Corp,"Houston, TX",2026-08-24,https://www.careerbuilder.com/job-details/inside-sales-coordinator-technical-houston-tx--431c04b0-d07c-40d6-b9c4-588105483571,https://www.dailythermetrics.com,Actively Hiring,"Daily Thermetrics Corp Inside Sales Coordinator - Technical Houston, TX 25 days ago",CareerBuilder,https://www.dailythermetrics.com,https://www.careerbuilder.com/job-details/inside-sales-coordinator-technical-houston-tx--431c04b0-d07c-40d6-b9c4-588105483571
"Sales Executive Senior, Receivables/O2C, EIPP and Integrated Payables solutions",FIS Capital Markets,Chennai,2026-08-19,https://www.careerbuilder.com/job-details/sales-executive-senior-receivables-o2c-eipp-and-integrated-payables-solutions--d6e77932-1f14-45a3-8e70-c3548ac7b5ac,https://www.fiscapitalmarkets.com,Actively Hiring,"FIS Capital Markets Sales Executive Senior, Receivables/O2C, EIPP and Integrated Payables solutions 30+ days ago",CareerBuilder,https://www.fiscapitalmarkets.com,https://www.careerbuilder.com/job-details/sales-executive-senior-receivables-o2c-eipp-and-integrated-payables-solutions--d6e77932-1f14-45a3-8e70-c3548ac7b5ac
"Senior Account Manager, Inside Sales",Amphenol CIT,"Cerritos, CA",2026-08-19,https://www.careerbuilder.com/job-details/senior-account-manager-inside-sales-cerritos-ca--dcc675b2-c75f-4d6c-b2a1-612c2f74d64b,https://www.amphenolcit.com,Actively Hiring,"Amphenol CIT Senior Account Manager, Inside Sales Cerritos, CA $70,000–$80,000 / year 30+ days ago",CareerBuilder,https://www.amphenolcit.com,https://www.careerbuilder.com/job-details/senior-account-manager-inside-sales-cerritos-ca--dcc675b2-c75f-4d6c-b2a1-612c2f74d64b
Partner Sales Manager - GSI,Infoblox Inc,IL,2026-08-22,https://www.careerbuilder.com/job-details/partner-sales-manager-gsi-chicago-il--6b8535db-57cc-4d12-9081-5ee84878ec79,https://www.infoblox.com,Actively Hiring,Infoblox Inc Partner Sales Manager - GSI IL Remote 27 days ago,CareerBuilder,https://www.infoblox.com,https://www.careerbuilder.com/job-details/partner-sales-manager-gsi-chicago-il--6b8535db-57cc-4d12-9081-5ee84878ec79
Mid-Market Solution Sales Executive,Open Text Corp,NY,2026-09-05,https://www.careerbuilder.com/job-details/mid-market-solution-sales-executive-new-york-ny--82299083-6614-402b-9cdb-35cbaee1d7b6,https://www.opentext.com,Actively Hiring,"Open Text Corp Mid-Market Solution Sales Executive NY $110,000–$160,000 / year 13 days ago",CareerBuilder,https://www.opentext.com,https://www.careerbuilder.com/job-details/mid-market-solution-sales-executive-new-york-ny--82299083-6614-402b-9cdb-35cbaee1d7b6
Entry-level Sales Associate,"Medpace, Inc.","Cincinnati, Ohio",2026-08-19,https://www.careerbuilder.com/job-details/entry-level-sales-associate-cincinnati-oh--cf2c44b7-7498-4f53-8d52-6a17c0e4a5e6,https://www.medpace.com,Actively Hiring,"Medpace, Inc. Entry-level Sales Associate Cincinnati, Ohio 30+ days ago",CareerBuilder,https://www.medpace.com,https://www.careerbuilder.com/job-details/entry-level-sales-associate-cincinnati-oh--cf2c44b7-7498-4f53-8d52-6a17c0e4a5e6
Sales Representative,Jackson Healthcare,"Alpharetta, GA",2026-09-10,https://www.careerbuilder.com/job-details/sales-representative-alpharetta-ga--ad4b6461-2e20-4da0-986f-416d1e2a5ef9,https://www.jacksonhealthcare.com,Actively Hiring,"Jackson Healthcare Sales Representative Alpharetta, GA 8 days ago",CareerBuilder,https://www.jacksonhealthcare.com,https://www.careerbuilder.com/job-details/sales-representative-alpharetta-ga--ad4b6461-2e20-4da0-986f-416d1e2a5ef9
Sales Development Representative,Rev.io,"Atlanta, GA",2026-09-17,https://www.careerbuilder.com/job-details/sales-development-representative-atlanta-ga--36433737-e1a5-4935-b87e-d8e3c929b730,https://www.revio.in,Actively Hiring,"Rev.io New Sales Development Representative Atlanta, GA Full time 1 day ago",CareerBuilder,https://www.revio.in,https://www.careerbuilder.com/job-details/sales-development-representative-atlanta-ga--36433737-e1a5-4935-b87e-d8e3c929b730
Sales Development Representative,ProScore Technologies,"Austin, Texas",2026-08-19,https://www.careerbuilder.com/job-details/sales-development-representative-austin-tx--6809ad43-3866-44ed-b252-c67a785d56c9,https://www.proscore.com,Actively Hiring,"ProScore Technologies Sales Development Representative Austin, Texas 30+ days ago",CareerBuilder,https://www.proscore.com,https://www.careerbuilder.com/job-details/sales-development-representative-austin-tx--6809ad43-3866-44ed-b252-c67a785d56c9
Inside Sales Representative,Nilfisk,"Plymouth, MN",2026-08-19,https://www.careerbuilder.com/job-details/inside-sales-representative-plymouth-mn--34d2bd8b-2ff2-41fd-9c2d-87cb35971488,https://www.nilfisk.com,Actively Hiring,"Nilfisk Inside Sales Representative Plymouth, MN $55,200–$69,000 / year 30+ days ago",CareerBuilder,https://www.nilfisk.com,https://www.careerbuilder.com/job-details/inside-sales-representative-plymouth-mn--34d2bd8b-2ff2-41fd-9c2d-87cb35971488
Counter/Inside Sales Associate - Electrical,"Dakota Supply Group, Inc","Watertown, SD",2026-08-31,https://www.careerbuilder.com/job-details/counter-inside-sales-associate-electrical-watertown-sd--f80bb9c7-afa0-4e42-af02-006d8c78de7c,https://www.dakotasupply.com,Actively Hiring,"Dakota Supply Group, Inc Counter/Inside Sales Associate - Electrical Watertown, SD 18 days ago",CareerBuilder,https://www.dakotasupply.com,https://www.careerbuilder.com/job-details/counter-inside-sales-associate-electrical-watertown-sd--f80bb9c7-afa0-4e42-af02-006d8c78de7c
Inside Sales Representative,"Telementum Global, LLC","Lawrenceville, GA",2026-09-03,https://www.careerbuilder.com/job-details/inside-sales-representative-lawrenceville-ga--7d62cbe8-aff7-4d85-b5e0-c8d71c8f90d0,https://www.telementumglobal.com,Actively Hiring,"Telementum Global, LLC Inside Sales Representative Lawrenceville, GA 15 days ago",CareerBuilder,https://www.telementumglobal.com,https://www.careerbuilder.com/job-details/inside-sales-representative-lawrenceville-ga--7d62cbe8-aff7-4d85-b5e0-c8d71c8f90d0
Director of Inside Sales (Kansas City),SalesFirst Recruiting-1,"Kansas City, Kansas",2026-08-19,https://www.careerbuilder.com/job-details/director-of-inside-sales-kansas-city-kansas-city-ks--90c06409-f494-47f2-b8b9-6d2aaea56509,https://www.salesfirstrecruiting1.com,Actively Hiring,"SalesFirst Recruiting-1 Director of Inside Sales (Kansas City) Kansas City, Kansas 30+ days ago",CareerBuilder,https://www.salesfirstrecruiting1.com,https://www.careerbuilder.com/job-details/director-of-inside-sales-kansas-city-kansas-city-ks--90c06409-f494-47f2-b8b9-6d2aaea56509
Counter/Inside Sales Associate - Plumbing & HVAC,"Dakota Supply Group, Inc","spirit lake, IA",2026-09-12,https://www.careerbuilder.com/job-details/counter-inside-sales-associate-plumbing-hvac-spirit-lake-ia--54c01788-d883-4f7c-bd83-2b8f9e86668c,https://www.dakotasupply.com,Actively Hiring,"Dakota Supply Group, Inc New Counter/Inside Sales Associate - Plumbing & HVAC spirit lake, IA 6 days ago",CareerBuilder,https://www.dakotasupply.com,https://www.careerbuilder.com/job-details/counter-inside-sales-associate-plumbing-hvac-spirit-lake-ia--54c01788-d883-4f7c-bd83-2b8f9e86668c
Inside Sales Manager - N. Ft. Worth,Master Halco,"Ft. Worth, Texas",2026-08-28,https://www.careerbuilder.com/job-details/inside-sales-manager-n-ft-worth-fort-worth-tx--1bd35c66-2510-4c75-87bc-373de5e603cd,https://www.masterhalco.com,Actively Hiring,"Master Halco Inside Sales Manager - N. Ft. Worth Ft. Worth, Texas $71,000–$80,000 / year 21 days ago",CareerBuilder,https://www.masterhalco.com,https://www.careerbuilder.com/job-details/inside-sales-manager-n-ft-worth-fort-worth-tx--1bd35c66-2510-4c75-87bc-373de5e603cd
Inside Sales Manager N. Ft. Worth,Master Halco Inc,"Ft. Worth, TX",2026-08-29,https://www.careerbuilder.com/job-details/inside-sales-manager-n-ft-worth-fort-worth-tx--3da318ed-acc0-4d3f-9a14-aa7f99e07738,https://www.masterhalco.com,Actively Hiring,"Master Halco Inc Inside Sales Manager N. Ft. Worth Ft. Worth, TX $71,000–$80,000 / year 20 days ago",CareerBuilder,https://www.masterhalco.com,https://www.careerbuilder.com/job-details/inside-sales-manager-n-ft-worth-fort-worth-tx--3da318ed-acc0-4d3f-9a14-aa7f99e07738
Sales Development Rep,74Software SA,"Scottsdale, AZ",2026-08-19,https://www.careerbuilder.com/job-details/sales-development-rep-scottsdale-az--81b37b2d-9f5d-4af4-81a7-b51729c8028e,https://www.74softwaresa.com,Actively Hiring,"74Software SA Sales Development Rep Scottsdale, AZ 30+ days ago",CareerBuilder,https://www.74softwaresa.com,https://www.careerbuilder.com/job-details/sales-development-rep-scottsdale-az--81b37b2d-9f5d-4af4-81a7-b51729c8028e
Sales Development Representative,Bottomline,"Portsmouth, NH",2026-09-06,https://www.careerbuilder.com/job-details/sales-development-representative-portsmouth-nh--e793c689-7ee5-4d0c-85a6-520e0e418b89,https://www.bottomline.com,Actively Hiring,"Bottomline Sales Development Representative Portsmouth, NH 12 days ago",CareerBuilder,https://www.bottomline.com,https://www.careerbuilder.com/job-details/sales-development-representative-portsmouth-nh--e793c689-7ee5-4d0c-85a6-520e0e418b89
"Senior Field Sales Executive, North America Enterprise",Wolters Kluwer N.V.,TX,2026-08-19,https://www.careerbuilder.com/job-details/senior-field-sales-executive-north-america-enterprise-austin-tx--d9ae373c-8577-474a-9cce-907ef5248df2,https://www.wolterskluwernv.com,Actively Hiring,"Wolters Kluwer N.V. Senior Field Sales Executive, North America Enterprise TX $89,600–$157,000 / year 30+ days ago",CareerBuilder,https://www.wolterskluwernv.com,https://www.careerbuilder.com/job-details/senior-field-sales-executive-north-america-enterprise-austin-tx--d9ae373c-8577-474a-9cce-907ef5248df2
Inside Sales Rep - Heavy Equipment Dealership,McCann Industries,"Bolingbrook, Illinois",2026-08-19,https://www.careerbuilder.com/job-details/inside-sales-rep-heavy-equipment-dealership-bolingbrook-il--78e17376-9ad6-42e3-8fd0-a846d18ea2b9,https://www.mccannindustries.com,Actively Hiring,"McCann Industries Inside Sales Rep - Heavy Equipment Dealership Bolingbrook, Illinois 30+ days ago",CareerBuilder,https://www.mccannindustries.com,https://www.careerbuilder.com/job-details/inside-sales-rep-heavy-equipment-dealership-bolingbrook-il--78e17376-9ad6-42e3-8fd0-a846d18ea2b9
Sales Development Representative (SDR),Deep End Talent Strategies,Chennai,2026-08-31,https://www.careerbuilder.com/job-details/sales-development-representative-sdr--5bd25fd6-a4c8-4517-bc29-7b4dca81f46f,https://www.deependtalentstrategies.com,Actively Hiring,"Deep End Talent Strategies Sales Development Representative (SDR) Remote $63,000–$70,000 18 days ago",CareerBuilder,https://www.deependtalentstrategies.com,https://www.careerbuilder.com/job-details/sales-development-representative-sdr--5bd25fd6-a4c8-4517-bc29-7b4dca81f46f
Sales Development Specialist,American Bureau of Shipping (ABS),"Houston, Texas",2026-09-13,https://www.careerbuilder.com/job-details/sales-development-specialist-houston-tx--63445118-2aa6-44cf-8428-f00fdfa4fcef,https://www.americanbureauofshippingabs.com,Actively Hiring,"American Bureau of Shipping (ABS) New Sales Development Specialist Houston, Texas 5 days ago",CareerBuilder,https://www.americanbureauofshippingabs.com,https://www.careerbuilder.com/job-details/sales-development-specialist-houston-tx--63445118-2aa6-44cf-8428-f00fdfa4fcef
Sales Development Representative - Corporate Legal,RELX Group plc,"Dayton, OH",2026-08-19,https://www.careerbuilder.com/job-details/sales-development-representative-corporate-legal-dayton-oh--2b31eccf-c3bc-46c8-8488-661efbdb9507,https://www.relxplc.com,Actively Hiring,"RELX Group plc Sales Development Representative - Corporate Legal Dayton, OH $35,100–$58,400 / year 30+ days ago",CareerBuilder,https://www.relxplc.com,https://www.careerbuilder.com/job-details/sales-development-representative-corporate-legal-dayton-oh--2b31eccf-c3bc-46c8-8488-661efbdb9507
Sales Development Rep- State And Local Gov't Accounts (Legal Tech),RELX Group,"Dayton, OH",2026-09-10,https://www.careerbuilder.com/job-details/sales-development-rep-state-and-local-gov-t-accounts-legal-tech-dayton-oh--795e681b-c185-43c1-ac9b-d1822c34add8,https://www.relx.com,Actively Hiring,"RELX Group Sales Development Rep- State And Local Gov't Accounts (Legal Tech) Dayton, OH $35,100–$58,400 / year 8 days ago",CareerBuilder,https://www.relx.com,https://www.careerbuilder.com/job-details/sales-development-rep-state-and-local-gov-t-accounts-legal-tech-dayton-oh--795e681b-c185-43c1-ac9b-d1822c34add8
Sales Development Representative,Corel,"Las Vegas, Nevada",2026-09-13,https://www.careerbuilder.com/job-details/sales-development-representative-las-vegas-nv--cd898876-5d84-4b90-bfa4-f29273728521,https://www.corel.com,Actively Hiring,"Corel New Sales Development Representative Las Vegas, Nevada 5 days ago",CareerBuilder,https://www.corel.com,https://www.careerbuilder.com/job-details/sales-development-representative-las-vegas-nv--cd898876-5d84-4b90-bfa4-f29273728521
Sales Development Representative- Salon and Spa Space,Millennium Systems International,(Multiple States),2026-09-17,https://www.careerbuilder.com/job-details/sales-development-representative-salon-and-spa-space--6937fe50-a4d8-4c3f-9e48-89b3d1e855fd,https://www.millenniumsystemsinternational.com,Actively Hiring,Millennium Systems International New Sales Development Representative- Salon and Spa Space (Multiple States) Remote Full time 1 day ago,CareerBuilder,https://www.millenniumsystemsinternational.com,https://www.careerbuilder.com/job-details/sales-development-representative-salon-and-spa-space--6937fe50-a4d8-4c3f-9e48-89b3d1e855fd
Inside Sales - Market Segment Leader,Signicast Corporation,TX,2026-08-29,https://www.careerbuilder.com/job-details/inside-sales-market-segment-leader-hutchins-tx--71795778-bbc3-48cf-b93b-689d8c33d767,https://www.signicast.com,Actively Hiring,Signicast Corporation Inside Sales - Market Segment Leader TX 20 days ago,CareerBuilder,https://www.signicast.com,https://www.careerbuilder.com/job-details/inside-sales-market-segment-leader-hutchins-tx--71795778-bbc3-48cf-b93b-689d8c33d767
Territory Sales Lead – North Central,Amphenol TCS,"Chicago, Illinois",2026-09-07,https://www.careerbuilder.com/job-details/territory-sales-lead-north-central-chicago-il--04981211-229a-45d5-8489-76a5ee085ac4,https://www.amphenoltcs.com,Actively Hiring,"Amphenol TCS Territory Sales Lead – North Central Chicago, Illinois Quick Apply 11 days ago",CareerBuilder,https://www.amphenoltcs.com,https://www.careerbuilder.com/job-details/territory-sales-lead-north-central-chicago-il--04981211-229a-45d5-8489-76a5ee085ac4
"VP, Power Generation Development",Switch Inc,Chennai,2026-08-19,https://www.careerbuilder.com/job-details/vp-power-generation-development--7a1feddb-ad38-436e-8432-067261288828,https://www.switch.com,Actively Hiring,"Switch Inc VP, Power Generation Development Remote 30+ days ago",CareerBuilder,https://www.switch.com,https://www.careerbuilder.com/job-details/vp-power-generation-development--7a1feddb-ad38-436e-8432-067261288828
"Enterprise Inside Sales Account Executive, Rosetta Stone",IXL Learning Inc,"Harrisonburg, VA",2026-08-19,https://www.careerbuilder.com/job-details/enterprise-inside-sales-account-executive-rosetta-stone-harrisonburg-va--bfc55d63-5397-4d95-8d4c-4309a2459ad7,https://www.ixllearning.com,Actively Hiring,"IXL Learning Inc Enterprise Inside Sales Account Executive, Rosetta Stone Harrisonburg, VA 30+ days ago",CareerBuilder,https://www.ixllearning.com,https://www.careerbuilder.com/job-details/enterprise-inside-sales-account-executive-rosetta-stone-harrisonburg-va--bfc55d63-5397-4d95-8d4c-4309a2459ad7
Packaging Sales Executive,Enhance Recruiting,"Dallas, TX",2026-08-31,https://www.careerbuilder.com/job-details/packaging-sales-executive-dallas-tx--44dc0a3a-6ab6-4379-b80d-6e56861df4cd,https://www.enhancerecruiting.com,Actively Hiring,"Enhance Recruiting Packaging Sales Executive Dallas, TX Quick Apply 18 days ago",CareerBuilder,https://www.enhancerecruiting.com,https://www.careerbuilder.com/job-details/packaging-sales-executive-dallas-tx--44dc0a3a-6ab6-4379-b80d-6e56861df4cd
Inside Sales Account Executive,Sourgum Waste,"Salt Lake City, UT",2026-09-07,https://www.careerbuilder.com/job-details/inside-sales-account-executive-salt-lake-city-ut--e7b7c0a5-6def-48b9-805c-4555bb406f04,https://www.sourgumwaste.com,Actively Hiring,"Sourgum Waste Inside Sales Account Executive Salt Lake City, UT 11 days ago",CareerBuilder,https://www.sourgumwaste.com,https://www.careerbuilder.com/job-details/inside-sales-account-executive-salt-lake-city-ut--e7b7c0a5-6def-48b9-805c-4555bb406f04
Account Executive | Software Sales | iWorQ,IWorQ Systems Inc,"Logan, UT",2026-08-19,https://www.careerbuilder.com/job-details/account-executive-software-sales-iworq-logan-ut--00a41bfc-feff-4112-ae22-36e6a312473e,https://www.iworqsystems.com,Actively Hiring,"IWorQ Systems Inc Account Executive | Software Sales | iWorQ Logan, UT $70,000–$100,000 / year 30+ days ago",CareerBuilder,https://www.iworqsystems.com,https://www.careerbuilder.com/job-details/account-executive-software-sales-iworq-logan-ut--00a41bfc-feff-4112-ae22-36e6a312473e
"Sales Executive, Renewable Energy Advisory",UL Solutions Inc,NY,2026-08-19,https://www.careerbuilder.com/job-details/sales-executive-renewable-energy-advisory-new-york-ny--4a314d8c-4e4c-43f2-b105-53de5b216607,https://www.linkedin.com,Actively Hiring,"UL Solutions Inc Sales Executive, Renewable Energy Advisory NY $70,000–$85,000 / year 30+ days ago",CareerBuilder,https://www.linkedin.com,https://www.careerbuilder.com/job-details/sales-executive-renewable-energy-advisory-new-york-ny--4a314d8c-4e4c-43f2-b105-53de5b216607
Business Development Executive (Remote - US Based),Sutherland Global,"Rochester, NY",2026-08-19,https://www.careerbuilder.com/job-details/business-development-executive-remote-us-based-rochester-ny--d723f902-57b3-413d-aa57-c2ea78a4757a,https://www.sutherlandglobal.com,Actively Hiring,"Sutherland Global Business Development Executive (Remote - US Based) Rochester, NY Remote 30+ days ago",CareerBuilder,https://www.sutherlandglobal.com,https://www.careerbuilder.com/job-details/business-development-executive-remote-us-based-rochester-ny--d723f902-57b3-413d-aa57-c2ea78a4757a
Channel Sales - Account Executive (Partnerships),Seamless.AI,Chennai,2026-08-19,https://www.careerbuilder.com/job-details/channel-sales-account-executive-partnerships--41996494-b2e5-4ea7-a20a-e6414a0c6a62,https://www.seamlessai.com,Actively Hiring,Seamless.AI Channel Sales - Account Executive (Partnerships) Remote 30+ days ago,CareerBuilder,https://www.seamlessai.com,https://www.careerbuilder.com/job-details/channel-sales-account-executive-partnerships--41996494-b2e5-4ea7-a20a-e6414a0c6a62
Sales Account Executive,EAB,"Philadelphia, PA",2026-08-19,https://www.careerbuilder.com/job-details/sales-account-executive-philadelphia-pa--592b26a5-c176-4a57-80b8-ece46ff71d3f,https://www.eab.com,Actively Hiring,"EAB Sales Account Executive Philadelphia, PA Full time 30+ days ago",CareerBuilder,https://www.eab.com,https://www.careerbuilder.com/job-details/sales-account-executive-philadelphia-pa--592b26a5-c176-4a57-80b8-ece46ff71d3f
Outside Sales Executive,FASTSIGNS,"Orange, CA",2026-08-19,https://www.careerbuilder.com/job-details/outside-sales-executive-orange-ca--1a69eec2-535a-449f-b66e-8e77fe6a9982,https://www.fastsigns.com,Actively Hiring,"Role: Outside Sales Executive | Company: FASTSIGNS | Location: Orange, CA",CareerBuilder,https://www.fastsigns.com,https://www.careerbuilder.com/job-details/outside-sales-executive-orange-ca--1a69eec2-535a-449f-b66e-8e77fe6a9982
Sales Account Executive,Hunt Consolidated Inc,"Dallas, TX",2026-08-19,https://www.careerbuilder.com/job-details/sales-account-executive-dallas-tx--b94c54a0-3ef8-4e63-87a5-35b3a167bf95,https://www.huntconsolidated.com,Actively Hiring,"Hunt Consolidated Inc Sales Account Executive Dallas, TX 30+ days ago",CareerBuilder,https://www.huntconsolidated.com,https://www.careerbuilder.com/job-details/sales-account-executive-dallas-tx--b94c54a0-3ef8-4e63-87a5-35b3a167bf95
"Sales Executive, Retail Lending",Finastra Technology,Chennai,2026-09-05,https://www.careerbuilder.com/job-details/sales-executive-retail-lending--30c25884-290a-4611-b6c4-edf689d65e6d,https://www.finastratechnology.com,Actively Hiring,"Finastra Technology Sales Executive, Retail Lending 13 days ago",CareerBuilder,https://www.finastratechnology.com,https://www.careerbuilder.com/job-details/sales-executive-retail-lending--30c25884-290a-4611-b6c4-edf689d65e6d
"Account Manager, Inside Sales, US",Meso Scale Diagnostics LLC,"Rockville, MD",2026-08-19,https://www.careerbuilder.com/job-details/account-manager-inside-sales-us-rockville-md--b6e19538-64a1-46f2-bb51-8551eddbb207,https://www.mesoscalediagnostics.com,Actively Hiring,"Meso Scale Diagnostics LLC Account Manager, Inside Sales, US Rockville, MD 30+ days ago",CareerBuilder,https://www.mesoscalediagnostics.com,https://www.careerbuilder.com/job-details/account-manager-inside-sales-us-rockville-md--b6e19538-64a1-46f2-bb51-8551eddbb207
"Account Manager III, Inside Sales",Meso Scale Diagnostics LLC,"Illinois, IL",2026-08-31,https://www.careerbuilder.com/job-details/account-manager-iii-inside-sales-elk-grove-village-il--cf3fe227-6032-48d0-85cd-6062ac5423e1,https://www.mesoscalediagnostics.com,Actively Hiring,"Meso Scale Diagnostics LLC Account Manager III, Inside Sales Illinois, IL 18 days ago",CareerBuilder,https://www.mesoscalediagnostics.com,https://www.careerbuilder.com/job-details/account-manager-iii-inside-sales-elk-grove-village-il--cf3fe227-6032-48d0-85cd-6062ac5423e1
Inside Sales Representative - Kendall Electric,The Kendall Group,"Traverse City, Michigan",2026-08-19,https://www.careerbuilder.com/job-details/inside-sales-representative-kendall-electric-traverse-city-mi--871f1677-906f-455c-a0c7-2dbaff817e7d,https://www.thekendall.com,Actively Hiring,"The Kendall Group Inside Sales Representative - Kendall Electric Traverse City, Michigan 30+ days ago",CareerBuilder,https://www.thekendall.com,https://www.careerbuilder.com/job-details/inside-sales-representative-kendall-electric-traverse-city-mi--871f1677-906f-455c-a0c7-2dbaff817e7d
Inside Sales Representative,Sunbelt Rentals Inc,"New Bern, NC",2026-09-14,https://www.careerbuilder.com/job-details/inside-sales-representative-new-bern-nc--aec41b1f-bc80-4c48-a438-70de69ba1016,https://www.sunbeltrentals.com,Actively Hiring,"Sunbelt Rentals Inc New Inside Sales Representative New Bern, NC $20.31–$24.12 / hour 4 days ago",CareerBuilder,https://www.sunbeltrentals.com,https://www.careerbuilder.com/job-details/inside-sales-representative-new-bern-nc--aec41b1f-bc80-4c48-a438-70de69ba1016
Inside Sales Representative,Reflective Apparel,"Marietta, Georgia",2026-08-19,https://www.careerbuilder.com/job-details/inside-sales-representative-marietta-ga--ecb8c9b4-f818-4e05-9304-9616b228935f,https://www.reflectiveapparel.com,Actively Hiring,"Reflective Apparel Inside Sales Representative Marietta, Georgia 30+ days ago",CareerBuilder,https://www.reflectiveapparel.com,https://www.careerbuilder.com/job-details/inside-sales-representative-marietta-ga--ecb8c9b4-f818-4e05-9304-9616b228935f
Inside Sales Associate,Horry Telephone Cooperative,"Conway, South Carolina",2026-08-19,https://www.careerbuilder.com/job-details/inside-sales-associate-conway-sc--5fe5119a-2edb-49e6-a74f-0566255af6d8,https://www.horrytelephonecooperative.com,Actively Hiring,"Horry Telephone Cooperative Inside Sales Associate Conway, South Carolina Full time 30+ days ago",CareerBuilder,https://www.horrytelephonecooperative.com,https://www.careerbuilder.com/job-details/inside-sales-associate-conway-sc--5fe5119a-2edb-49e6-a74f-0566255af6d8
Inside Sales Representative,Trojan Battery Company,Chennai,2026-08-19,https://www.careerbuilder.com/job-details/inside-sales-representative--6eaace82-b938-41eb-8b35-62dbd6f16bd9,https://www.trojanbatterycompany.com,Actively Hiring,Trojan Battery Company Inside Sales Representative 30+ days ago,CareerBuilder,https://www.trojanbatterycompany.com,https://www.careerbuilder.com/job-details/inside-sales-representative--6eaace82-b938-41eb-8b35-62dbd6f16bd9
Inside Sales Representative *REMOTE*,Brinks Home,"Farmers Branch, Texas",2026-08-28,https://www.careerbuilder.com/job-details/inside-sales-representative-remote-farmers-branch-tx--91e3cb6a-a620-4de5-a6f1-1cfc0278c52e,https://www.brinkshome.com,Actively Hiring,"Brinks Home Inside Sales Representative *REMOTE* Farmers Branch, Texas Remote 21 days ago",CareerBuilder,https://www.brinkshome.com,https://www.careerbuilder.com/job-details/inside-sales-representative-remote-farmers-branch-tx--91e3cb6a-a620-4de5-a6f1-1cfc0278c52e
Inside Sales Rep/Service Dispatcher,Glass Doctor of Sioux Falls,"Tea, SD",2026-09-08,https://www.careerbuilder.com/job-details/inside-sales-rep-service-dispatcher-tea-sd--9bc30e51-a487-4681-81fc-3e33674c383d,https://www.glassdoctorofsiouxfalls.com,Actively Hiring,"Glass Doctor of Sioux Falls Inside Sales Rep/Service Dispatcher Tea, SD 10 days ago",CareerBuilder,https://www.glassdoctorofsiouxfalls.com,https://www.careerbuilder.com/job-details/inside-sales-rep-service-dispatcher-tea-sd--9bc30e51-a487-4681-81fc-3e33674c383d
Inside Sales Representative,Yarde Metals,Chennai,2026-08-19,https://www.careerbuilder.com/job-details/inside-sales-representative--c3215b70-bcf9-4d7f-8674-089cd0c513f9,https://www.yardemetals.com,Actively Hiring,Role: Inside Sales Representative | Company: Yarde Metals | Location: Chennai,CareerBuilder,https://www.yardemetals.com,https://www.careerbuilder.com/job-details/inside-sales-representative--c3215b70-bcf9-4d7f-8674-089cd0c513f9
"Inside Sales Associate, B2B",Townsquare Interactive,"Phoenix, AZ",2026-09-06,https://www.careerbuilder.com/job-details/inside-sales-associate-b2b-phoenix-az--2ba77718-e71e-45cc-b380-7dea2afaeb8a,https://www.townsquareinteractive.com,Actively Hiring,"Townsquare Interactive Inside Sales Associate, B2B Phoenix, AZ 12 days ago",CareerBuilder,https://www.townsquareinteractive.com,https://www.careerbuilder.com/job-details/inside-sales-associate-b2b-phoenix-az--2ba77718-e71e-45cc-b380-7dea2afaeb8a
Inside Sales Representative,FormWood Industries Inc,"Jeffersonville, IN",2026-08-19,https://www.careerbuilder.com/job-details/inside-sales-representative-jeffersonville-in--373b9a31-7d19-4e76-864a-b6e9e8e72e5d,https://www.formwoodindustries.com,Actively Hiring,"FormWood Industries Inc Inside Sales Representative Jeffersonville, IN 30+ days ago",CareerBuilder,https://www.formwoodindustries.com,https://www.careerbuilder.com/job-details/inside-sales-representative-jeffersonville-in--373b9a31-7d19-4e76-864a-b6e9e8e72e5d
Inside Sales Representative,Multi Service,"Overland Park, KS",2026-09-13,https://www.careerbuilder.com/job-details/inside-sales-representative-overland-park-ks--71ebe29f-0f10-41df-85ce-d417ea4556fe,https://www.multiservice.com,Actively Hiring,"Multi Service New Inside Sales Representative Overland Park, KS 5 days ago",CareerBuilder,https://www.multiservice.com,https://www.careerbuilder.com/job-details/inside-sales-representative-overland-park-ks--71ebe29f-0f10-41df-85ce-d417ea4556fe
Digital Infrastructure Inside Sales Representative,Hitachi Ltd,"Dallas, TX",2026-08-19,https://www.careerbuilder.com/job-details/digital-infrastructure-inside-sales-representative-dallas-tx--b1b57b26-7447-46e6-b125-a5c2cb2efca1,https://www.hitachiltd.com,Actively Hiring,"Hitachi Ltd Digital Infrastructure Inside Sales Representative Dallas, TX 30+ days ago",CareerBuilder,https://www.hitachiltd.com,https://www.careerbuilder.com/job-details/digital-infrastructure-inside-sales-representative-dallas-tx--b1b57b26-7447-46e6-b125-a5c2cb2efca1
Inside Sales Representative,SYOXSA,"El Paso, Texas",2026-08-30,https://www.careerbuilder.com/job-details/inside-sales-representative-el-paso-tx--e4f1390d-8f1e-4ae5-879e-dd7ee674be5a,https://www.syoxsa.com,Actively Hiring,"SYOXSA Inside Sales Representative El Paso, Texas $36,000–$60,000 / year 19 days ago",CareerBuilder,https://www.syoxsa.com,https://www.careerbuilder.com/job-details/inside-sales-representative-el-paso-tx--e4f1390d-8f1e-4ae5-879e-dd7ee674be5a
Inside Sales Representative,"SYOXSA, Inc.","El Paso, TX",2026-08-19,https://www.careerbuilder.com/job-details/inside-sales-representative-el-paso-tx--58212d54-da3b-4a4d-b262-9756271eaf4c,https://www.syoxsa.com,Actively Hiring,"SYOXSA, Inc. Inside Sales Representative El Paso, TX Full time 30+ days ago",CareerBuilder,https://www.syoxsa.com,https://www.careerbuilder.com/job-details/inside-sales-representative-el-paso-tx--58212d54-da3b-4a4d-b262-9756271eaf4c
Inside Sales Representative - Level 1 (Temporary),"Federal Data Systems, Inc",Remote,2026-08-24,https://www.careerbuilder.com/job-details/inside-sales-representative-level-1-temporary--92fe0520-b9f4-4fd0-8e0d-4c319e9555f4,https://www.federaldatasystems.com,Actively Hiring,"Federal Data Systems, Inc Inside Sales Representative - Level 1 (Temporary) Remote Remote $50,000–$70,000 / year 25 days ago",CareerBuilder,https://www.federaldatasystems.com,https://www.careerbuilder.com/job-details/inside-sales-representative-level-1-temporary--92fe0520-b9f4-4fd0-8e0d-4c319e9555f4
Inside Sales Associate,Fecon Inc,"Lebanon, OH",2026-08-29,https://www.careerbuilder.com/job-details/inside-sales-associate-lebanon-oh--74cce6f0-f91d-49fc-b708-05afe4e19775,https://www.fecon.com,Actively Hiring,"Role: Inside Sales Associate | Company: Fecon Inc | Location: Lebanon, OH",CareerBuilder,https://www.fecon.com,https://www.careerbuilder.com/job-details/inside-sales-associate-lebanon-oh--74cce6f0-f91d-49fc-b708-05afe4e19775
BUSINESS DEVELOPMENT SALES LEAD- DATA CENTER,Yokogawa Electric Corp,IL,2026-08-19,https://www.careerbuilder.com/job-details/business-development-sales-lead-data-center-elk-grove-village-il--2067abac-b85c-4faa-8a9d-7deee43085d2,https://www.yokogawaelectric.com,Actively Hiring,Yokogawa Electric Corp BUSINESS DEVELOPMENT SALES LEAD- DATA CENTER IL 30+ days ago,CareerBuilder,https://www.yokogawaelectric.com,https://www.careerbuilder.com/job-details/business-development-sales-lead-data-center-elk-grove-village-il--2067abac-b85c-4faa-8a9d-7deee43085d2
"Associate, Inside Sales to Service","Mac Papers, Inc.","Jacksonville, FL",2026-08-19,https://www.careerbuilder.com/job-details/associate-inside-sales-to-service-jacksonville-fl--38ddc088-88da-47e8-bd21-efbc2b0844bd,https://www.macpapers.com,Actively Hiring,"Mac Papers, Inc. Associate, Inside Sales to Service Jacksonville, FL 30+ days ago",CareerBuilder,https://www.macpapers.com,https://www.careerbuilder.com/job-details/associate-inside-sales-to-service-jacksonville-fl--38ddc088-88da-47e8-bd21-efbc2b0844bd
"Executive Director, Marketing - Project & Development Services (PDS) and Property Management",Jones Lang LaSalle Inc,"Chicago, IL",2026-08-19,https://www.careerbuilder.com/job-details/executive-director-marketing-project-development-services-pds-and-property-management-chicago-il--ef1e4678-0480-4b6e-bb66-e9fc010bd111,https://www.joneslanglasalle.com,Actively Hiring,"Jones Lang LaSalle Inc Executive Director, Marketing - Project & Development Services (PDS) and Property Management Chicago, IL 30+ days ago",CareerBuilder,https://www.joneslanglasalle.com,https://www.careerbuilder.com/job-details/executive-director-marketing-project-development-services-pds-and-property-management-chicago-il--ef1e4678-0480-4b6e-bb66-e9fc010bd111
Inside Sales Representative,Wasabi Technologies,Chennai,2026-09-02,https://www.careerbuilder.com/job-details/inside-sales-representative--b4a048c7-39a3-49c3-8b3a-9b076e4a36e4,https://www.wasabi.com,Actively Hiring,Role: Inside Sales Representative | Company: Wasabi Technologies | Location: Chennai,CareerBuilder,https://www.wasabi.com,https://www.careerbuilder.com/job-details/inside-sales-representative--b4a048c7-39a3-49c3-8b3a-9b076e4a36e4
Inside Sales Representative - Forberg Smith,"Kendall Electric, Inc.","Bridgeville, PA",2026-08-19,https://www.careerbuilder.com/job-details/inside-sales-representative-forberg-smith-bridgeville-pa--6ef9720f-ef4c-4c1f-af2f-94da9af6db63,https://www.kendallelectric.com,Actively Hiring,"Kendall Electric, Inc. Inside Sales Representative - Forberg Smith Bridgeville, PA 30+ days ago",CareerBuilder,https://www.kendallelectric.com,https://www.careerbuilder.com/job-details/inside-sales-representative-forberg-smith-bridgeville-pa--6ef9720f-ef4c-4c1f-af2f-94da9af6db63
Account Development Representative,Aptean,"Alpharetta, Georgia",2026-08-19,https://www.careerbuilder.com/job-details/account-development-representative-alpharetta-ga--4bcbb67f-b720-4289-a7a7-166454756d52,https://www.aptean.com,Actively Hiring,"Aptean Account Development Representative Alpharetta, Georgia 30+ days ago",CareerBuilder,https://www.aptean.com,https://www.careerbuilder.com/job-details/account-development-representative-alpharetta-ga--4bcbb67f-b720-4289-a7a7-166454756d52
"Manager, Inside Sales (Multifamily) - New Braunfels, TX",HD Supply Holdings Inc,"New Braunfels, TX",2026-08-19,https://www.careerbuilder.com/job-details/manager-inside-sales-multifamily-new-braunfels-tx-new-braunfels-tx--58dabd4e-f13a-4e72-9080-82d15e239a58,https://www.hdsupply.com,Actively Hiring,"HD Supply Holdings Inc Manager, Inside Sales (Multifamily) - New Braunfels, TX New Braunfels, TX 30+ days ago",CareerBuilder,https://www.hdsupply.com,https://www.careerbuilder.com/job-details/manager-inside-sales-multifamily-new-braunfels-tx-new-braunfels-tx--58dabd4e-f13a-4e72-9080-82d15e239a58
Inside Sales Representative,"REXCO EQUIPMENT, INC.","Cedar Rapids, IA",2026-08-19,https://www.careerbuilder.com/job-details/inside-sales-representative-cedar-rapids-ia--20cf64ec-ce41-4d8c-9ca3-273a5e7606cb,https://www.rexcoequipment.com,Actively Hiring,"REXCO EQUIPMENT, INC. Inside Sales Representative Cedar Rapids, IA 30+ days ago",CareerBuilder,https://www.rexcoequipment.com,https://www.careerbuilder.com/job-details/inside-sales-representative-cedar-rapids-ia--20cf64ec-ce41-4d8c-9ca3-273a5e7606cb
Sales Development Representative- Legal Tech,RELX Group,"Dayton, OH",2026-08-30,https://www.careerbuilder.com/job-details/sales-development-representative-legal-tech-dayton-oh--89275bcb-7b83-49cc-8be1-b57733e20f94,https://www.relx.com,Actively Hiring,"RELX Group Sales Development Representative- Legal Tech Dayton, OH $35,100–$58,400 / year 19 days ago",CareerBuilder,https://www.relx.com,https://www.careerbuilder.com/job-details/sales-development-representative-legal-tech-dayton-oh--89275bcb-7b83-49cc-8be1-b57733e20f94
Sales Development Representative,Armanino McKenna Certified Public Accountants & Consultants,"Woodland Hills, CA",2026-09-06,https://www.careerbuilder.com/job-details/sales-development-representative-woodland-hills-ca--35d9583f-2df5-49db-af73-2dee995882f7,https://www.armaninomckennacertifiedpublicaccountantsconsultants.com,Actively Hiring,"Armanino McKenna Certified Public Accountants & Consultants Sales Development Representative Woodland Hills, CA $88,800–$102,100 / year 12 days ago",CareerBuilder,https://www.armaninomckennacertifiedpublicaccountantsconsultants.com,https://www.careerbuilder.com/job-details/sales-development-representative-woodland-hills-ca--35d9583f-2df5-49db-af73-2dee995882f7
Sales Development Representative - Mid Market,Yardi Systems Inc,"Raleigh, NC",2026-08-22,https://www.careerbuilder.com/job-details/sales-development-representative-mid-market-raleigh-nc--147c4e84-24cf-447d-8bd8-375d645e4f96,https://www.yardisystems.com,Actively Hiring,"Yardi Systems Inc Sales Development Representative - Mid Market Raleigh, NC $85,000–$90,000 / year 27 days ago",CareerBuilder,https://www.yardisystems.com,https://www.careerbuilder.com/job-details/sales-development-representative-mid-market-raleigh-nc--147c4e84-24cf-447d-8bd8-375d645e4f96
Inside Sales Representative - Onsite,Allied Modular,"ORANGE, CA",2026-08-19,https://www.careerbuilder.com/job-details/inside-sales-representative-onsite-orange-ca--7d7d7bb5-e992-441f-801c-27fe3c53851c,https://www.alliedmodular.com,Actively Hiring,"Allied Modular Inside Sales Representative - Onsite ORANGE, CA 30+ days ago",CareerBuilder,https://www.alliedmodular.com,https://www.careerbuilder.com/job-details/inside-sales-representative-onsite-orange-ca--7d7d7bb5-e992-441f-801c-27fe3c53851c
Inside Sales Representative,BSE Global,"Brooklyn, NY",2026-08-19,https://www.careerbuilder.com/job-details/inside-sales-representative-brooklyn-ny--52c92272-56ae-4894-b9ba-e2a8b855978f,https://www.bseglobal.com,Actively Hiring,"BSE Global Inside Sales Representative Brooklyn, NY $16.50–$20 / hour 30+ days ago",CareerBuilder,https://www.bseglobal.com,https://www.careerbuilder.com/job-details/inside-sales-representative-brooklyn-ny--52c92272-56ae-4894-b9ba-e2a8b855978f
Senior Sales Executive,"Pythian Group, Inc.","San Francisco, CA",2026-08-19,https://www.careerbuilder.com/job-details/senior-sales-executive-san-francisco-ca--0297d246-1a03-455a-ab10-8fadb623aec1,https://www.pythian.com,Actively Hiring,"Pythian Group, Inc. Senior Sales Executive San Francisco, CA 30+ days ago",CareerBuilder,https://www.pythian.com,https://www.careerbuilder.com/job-details/senior-sales-executive-san-francisco-ca--0297d246-1a03-455a-ab10-8fadb623aec1
Sales Account Executive - SMB,Arketa,Chennai,2026-09-10,https://www.careerbuilder.com/job-details/sales-account-executive-smb--2e65d8d0-3604-4937-8e8f-fe611b3a4151,https://www.arketa.com,Actively Hiring,Role: Sales Account Executive - SMB | Company: Arketa | Location: Chennai,CareerBuilder,https://www.arketa.com,https://www.careerbuilder.com/job-details/sales-account-executive-smb--2e65d8d0-3604-4937-8e8f-fe611b3a4151
Inside Sales Representative,Wasabi Technologies LLC,NY,2026-08-31,https://www.careerbuilder.com/job-details/inside-sales-representative-new-york-ny--51f6a533-dc9f-42bf-b21e-76ec603b388d,https://www.wasabi.com,Actively Hiring,"Wasabi Technologies LLC Inside Sales Representative NY $90,000–$110,000 / year 18 days ago",CareerBuilder,https://www.wasabi.com,https://www.careerbuilder.com/job-details/inside-sales-representative-new-york-ny--51f6a533-dc9f-42bf-b21e-76ec603b388d
Inside Sales Account Executive,Imagine Learning Inc,"Austin, TX",2026-08-19,https://www.careerbuilder.com/job-details/inside-sales-account-executive-austin-tx--6ea639a5-cd87-4cb7-930d-4f961f1de747,https://www.imaginelearning.com,Actively Hiring,"Imagine Learning Inc Inside Sales Account Executive Austin, TX $25.75 / hour 30+ days ago",CareerBuilder,https://www.imaginelearning.com,https://www.careerbuilder.com/job-details/inside-sales-account-executive-austin-tx--6ea639a5-cd87-4cb7-930d-4f961f1de747
Lead Inside Sales,Building Controls and Services,"Overland Park, KS",2026-08-19,https://www.careerbuilder.com/job-details/lead-inside-sales-overland-park-ks--ca711be2-23f3-4dc7-bb2b-c25557a60d21,https://www.buildingcontrolsand.com,Actively Hiring,"Building Controls and Services Lead Inside Sales Overland Park, KS 30+ days ago",CareerBuilder,https://www.buildingcontrolsand.com,https://www.careerbuilder.com/job-details/lead-inside-sales-overland-park-ks--ca711be2-23f3-4dc7-bb2b-c25557a60d21
Inside Sales,Franklin Building Supply Co Inc,"Twin Falls, ID",2026-09-07,https://www.careerbuilder.com/job-details/inside-sales-twin-falls-id--037f807e-d040-4418-a98f-1a7bb944c489,https://www.franklinbuildingsupply.com,Actively Hiring,"Franklin Building Supply Co Inc Inside Sales Twin Falls, ID 11 days ago",CareerBuilder,https://www.franklinbuildingsupply.com,https://www.careerbuilder.com/job-details/inside-sales-twin-falls-id--037f807e-d040-4418-a98f-1a7bb944c489
Inside Sales Representative (Flat Glass Scheduling),Glass Doctor,"Elkhart, IN",2026-09-07,https://www.careerbuilder.com/job-details/inside-sales-representative-flat-glass-scheduling-elkhart-in--9e369281-32f2-4ef2-9e01-9c1f74143ad0,https://www.glassdoctor.com,Actively Hiring,"Glass Doctor Inside Sales Representative (Flat Glass Scheduling) Elkhart, IN 11 days ago",CareerBuilder,https://www.glassdoctor.com,https://www.careerbuilder.com/job-details/inside-sales-representative-flat-glass-scheduling-elkhart-in--9e369281-32f2-4ef2-9e01-9c1f74143ad0
Entry Level Inside Sales Representative,Hansen Pole Buildings,"Fargo, ND",2026-08-19,https://www.careerbuilder.com/job-details/entry-level-inside-sales-representative-fargo-nd--93f5f237-bee7-4e7b-a243-40f96f0fd76e,https://www.hansenpolebuildings.com,Actively Hiring,"Hansen Pole Buildings Entry Level Inside Sales Representative Fargo, ND $32,000–$85,000 / year 30+ days ago",CareerBuilder,https://www.hansenpolebuildings.com,https://www.careerbuilder.com/job-details/entry-level-inside-sales-representative-fargo-nd--93f5f237-bee7-4e7b-a243-40f96f0fd76e
Account Manager - Outside Sales Northeast,Greif Inc,NY,2026-09-04,https://www.careerbuilder.com/job-details/account-manager-outside-sales-northeast-new-york-ny--ba77496c-38bf-44b7-ab5c-94705289c868,https://www.greif.com,Actively Hiring,"Greif Inc Account Manager - Outside Sales Northeast NY Remote $125,100–$200,200 / year 14 days ago",CareerBuilder,https://www.greif.com,https://www.careerbuilder.com/job-details/account-manager-outside-sales-northeast-new-york-ny--ba77496c-38bf-44b7-ab5c-94705289c868
"Senior Associate - Business Development, Services",GEP,"Clark, NJ",2026-09-05,https://www.careerbuilder.com/job-details/senior-associate-business-development-services-clark-nj--4821010c-4fad-40ba-aace-bca05cefb1d2,https://www.gep.com,Actively Hiring,"GEP Senior Associate - Business Development, Services Clark, NJ $100,000–$120,000 / year 13 days ago",CareerBuilder,https://www.gep.com,https://www.careerbuilder.com/job-details/senior-associate-business-development-services-clark-nj--4821010c-4fad-40ba-aace-bca05cefb1d2
Inside Sales Representative - Forberg Smith,The Kendall Group,"FPTP Bridgeville, Pennsylvania",2026-08-19,https://www.careerbuilder.com/job-details/inside-sales-representative-forberg-smith-pa--10674b3d-f5a5-4c60-9310-4a88e052472d,https://www.thekendall.com,Actively Hiring,"The Kendall Group Inside Sales Representative - Forberg Smith FPTP Bridgeville, Pennsylvania 30+ days ago",CareerBuilder,https://www.thekendall.com,https://www.careerbuilder.com/job-details/inside-sales-representative-forberg-smith-pa--10674b3d-f5a5-4c60-9310-4a88e052472d
Inside Sales Specialist - Radiology,Bayer AG,"Pittsburgh, PA",2026-08-19,https://www.careerbuilder.com/job-details/inside-sales-specialist-radiology-pittsburgh-pa--03425138-16e2-48e4-8967-89351d8c8144,https://www.bayerag.com,Actively Hiring,"Bayer AG Inside Sales Specialist - Radiology Pittsburgh, PA $68,000–$103,000 / year 30+ days ago",CareerBuilder,https://www.bayerag.com,https://www.careerbuilder.com/job-details/inside-sales-specialist-radiology-pittsburgh-pa--03425138-16e2-48e4-8967-89351d8c8144
Inside Sales Rep I,Patterson Companies Inc,"San Antonio, TX",2026-08-24,https://www.careerbuilder.com/job-details/inside-sales-rep-i-san-antonio-tx--227504c4-6009-46f6-9012-f7ef93878248,https://www.pattersoncompanies.com,Actively Hiring,"Patterson Companies Inc Inside Sales Rep I San Antonio, TX $18.85–$24.49 / hour 25 days ago",CareerBuilder,https://www.pattersoncompanies.com,https://www.careerbuilder.com/job-details/inside-sales-rep-i-san-antonio-tx--227504c4-6009-46f6-9012-f7ef93878248
Inside Sales Associate,Imagine Learning Inc,"Austin, TX",2026-08-19,https://www.careerbuilder.com/job-details/inside-sales-associate-austin-tx--5525028e-8f7e-49a5-a6ad-bed9adee9503,https://www.imaginelearning.com,Actively Hiring,"Imagine Learning Inc Inside Sales Associate Austin, TX $21.19–$29 / hour 30+ days ago",CareerBuilder,https://www.imaginelearning.com,https://www.careerbuilder.com/job-details/inside-sales-associate-austin-tx--5525028e-8f7e-49a5-a6ad-bed9adee9503
"Manager, Inside Sales - Irvine",Rivian,"Irvine, California",2026-08-19,https://www.careerbuilder.com/job-details/manager-inside-sales-irvine-irvine-ca--fc27c337-a5b8-420a-83c8-3d2927e10a5e,https://www.rivian.com,Actively Hiring,"Rivian Manager, Inside Sales - Irvine Irvine, California $85,600–$107,000 / year Full time 30+ days ago",CareerBuilder,https://www.rivian.com,https://www.careerbuilder.com/job-details/manager-inside-sales-irvine-irvine-ca--fc27c337-a5b8-420a-83c8-3d2927e10a5e
Inside Sales Rep,Patterson Companies Inc,"Sioux Center, IA",2026-08-19,https://www.careerbuilder.com/job-details/inside-sales-rep-sioux-center-ia--8ecef14c-64d3-47fb-b9de-3174cb63cf59,https://www.pattersoncompanies.com,Actively Hiring,"Patterson Companies Inc Inside Sales Rep Sioux Center, IA $17.36–$22.55 / hour 30+ days ago",CareerBuilder,https://www.pattersoncompanies.com,https://www.careerbuilder.com/job-details/inside-sales-rep-sioux-center-ia--8ecef14c-64d3-47fb-b9de-3174cb63cf59
Inside Sales/ Account Executive,Community Savings,"Charlotte, NC",2026-08-19,https://www.careerbuilder.com/job-details/inside-sales-account-executive-charlotte-nc--e6b8ddca-34de-48be-92d0-8412eff3cd51,https://www.communitysavings.com,Actively Hiring,"Community Savings Inside Sales/ Account Executive Charlotte, NC 30+ days ago",CareerBuilder,https://www.communitysavings.com,https://www.careerbuilder.com/job-details/inside-sales-account-executive-charlotte-nc--e6b8ddca-34de-48be-92d0-8412eff3cd51
Inside Sales Representative,CPG,"Phoenix, Arizona",2026-09-15,https://www.careerbuilder.com/job-details/inside-sales-representative-phoenix-az--f30bc2ce-a3ef-418e-9e06-2b7a65b34c1b,https://www.cpg.com,Actively Hiring,"CPG New Inside Sales Representative Phoenix, Arizona 3 days ago",CareerBuilder,https://www.cpg.com,https://www.careerbuilder.com/job-details/inside-sales-representative-phoenix-az--f30bc2ce-a3ef-418e-9e06-2b7a65b34c1b
Sales Development Representative (Sdr),BreachLock,"Hauppauge, NY",2026-08-19,https://www.careerbuilder.com/job-details/sales-development-representative-sdr-hauppauge-ny--3981d5c0-67a7-42fe-a7d1-4f9435cce30e,https://www.breachlock.com,Actively Hiring,"BreachLock Sales Development Representative (Sdr) Hauppauge, NY 30+ days ago",CareerBuilder,https://www.breachlock.com,https://www.careerbuilder.com/job-details/sales-development-representative-sdr-hauppauge-ny--3981d5c0-67a7-42fe-a7d1-4f9435cce30e
Inside Sales Representative - Decatur,Empower Rental Group,"Decatur, AL",2026-09-10,https://www.careerbuilder.com/job-details/inside-sales-representative-decatur-decatur-al--352438fe-ed71-4418-ad0d-b3a5a9cd79c7,https://www.empowerrental.com,Actively Hiring,"Empower Rental Group Inside Sales Representative - Decatur Decatur, AL 8 days ago",CareerBuilder,https://www.empowerrental.com,https://www.careerbuilder.com/job-details/inside-sales-representative-decatur-decatur-al--352438fe-ed71-4418-ad0d-b3a5a9cd79c7
New Logo Senior Sales Executive – U.S. Regional Banks,Temenos,Chennai,2026-09-10,https://www.careerbuilder.com/job-details/new-logo-senior-sales-executive-u-s-regional-banks--3b5912a9-a2f4-4146-88cb-42f9018b1790,https://www.temenos.com,Actively Hiring,Temenos New Logo Senior Sales Executive – U.S. Regional Banks 8 days ago,CareerBuilder,https://www.temenos.com,https://www.careerbuilder.com/job-details/new-logo-senior-sales-executive-u-s-regional-banks--3b5912a9-a2f4-4146-88cb-42f9018b1790
"Solutions Sales Executive (Ae), Pharmaceutical Manufacturers - Remote",UnitedHealth Group Inc.,"Eden Prairie, MN",2026-09-07,https://www.careerbuilder.com/job-details/solutions-sales-executive-ae-pharmaceutical-manufacturers-remote-eden-prairie-mn--a730de11-316e-479f-9bec-9a7699d86d7d,https://www.unitedhealth.com,Actively Hiring,"UnitedHealth Group Inc. Solutions Sales Executive (Ae), Pharmaceutical Manufacturers - Remote Eden Prairie, MN Remote $60,000–$130,000 / year 11 days ago",CareerBuilder,https://www.unitedhealth.com,https://www.careerbuilder.com/job-details/solutions-sales-executive-ae-pharmaceutical-manufacturers-remote-eden-prairie-mn--a730de11-316e-479f-9bec-9a7699d86d7d
"Account Manager, Inside Sales, US",Meso Scale Discovery,"Rockville, MD",2026-08-19,https://www.careerbuilder.com/job-details/account-manager-inside-sales-us-rockville-md--beb8acbb-aac7-4613-8bbf-552f44083cfa,https://www.mesoscalediscovery.com,Actively Hiring,"Meso Scale Discovery Account Manager, Inside Sales, US Rockville, MD 30+ days ago",CareerBuilder,https://www.mesoscalediscovery.com,https://www.careerbuilder.com/job-details/account-manager-inside-sales-us-rockville-md--beb8acbb-aac7-4613-8bbf-552f44083cfa
Regional Inside Sales Manager,Lennox International Inc,"Richardson, TX",2026-08-19,https://www.careerbuilder.com/job-details/regional-inside-sales-manager-richardson-tx--6bd2acfc-9018-478b-8241-a546f443d3ab,https://www.lennoxinternational.com,Actively Hiring,"Lennox International Inc Regional Inside Sales Manager Richardson, TX $104,800–$137,550 / year 30+ days ago",CareerBuilder,https://www.lennoxinternational.com,https://www.careerbuilder.com/job-details/regional-inside-sales-manager-richardson-tx--6bd2acfc-9018-478b-8241-a546f443d3ab
Inside Sales Representative - Russellville,Empower Rental Group,"Russellville, KY",2026-08-19,https://www.careerbuilder.com/job-details/inside-sales-representative-russellville-russellville-ky--7ba679dc-1866-4d72-8ab3-f65224a82f19,https://www.empowerrental.com,Actively Hiring,"Empower Rental Group Inside Sales Representative - Russellville Russellville, KY 30+ days ago",CareerBuilder,https://www.empowerrental.com,https://www.careerbuilder.com/job-details/inside-sales-representative-russellville-russellville-ky--7ba679dc-1866-4d72-8ab3-f65224a82f19
Inside Sales Representative,JM Hunter Group,"Bradenton, Florida",2026-08-19,https://www.careerbuilder.com/job-details/inside-sales-representative-bradenton-fl--a8f3c643-cc23-4074-8796-3f17c28aa7db,https://www.jmhunter.com,Actively Hiring,"JM Hunter Group Inside Sales Representative Bradenton, Florida 30+ days ago",CareerBuilder,https://www.jmhunter.com,https://www.careerbuilder.com/job-details/inside-sales-representative-bradenton-fl--a8f3c643-cc23-4074-8796-3f17c28aa7db
Healthcare Inside Sales Representative,Skilled Wound Care,"New York, NY",2026-08-25,https://www.careerbuilder.com/job-details/healthcare-inside-sales-representative-new-york-ny--fcbfafba-c7c4-4019-b2a0-aeed2b416dc7,https://www.skilledwoundcare.com,Actively Hiring,"Skilled Wound Care Healthcare Inside Sales Representative New York, NY $25–$29 / hour 24 days ago",CareerBuilder,https://www.skilledwoundcare.com,https://www.careerbuilder.com/job-details/healthcare-inside-sales-representative-new-york-ny--fcbfafba-c7c4-4019-b2a0-aeed2b416dc7
Inside Sales Representative,Corpay Inc,"Peachtree Corners, GA",2026-08-19,https://www.careerbuilder.com/job-details/inside-sales-representative-peachtree-corners-ga--b5507aaa-3bbe-4dfc-beaa-0720c52b912d,https://www.corpay.com,Actively Hiring,"Corpay Inc Inside Sales Representative Peachtree Corners, GA 30+ days ago",CareerBuilder,https://www.corpay.com,https://www.careerbuilder.com/job-details/inside-sales-representative-peachtree-corners-ga--b5507aaa-3bbe-4dfc-beaa-0720c52b912d
Inside Sales Account Manager,HP Inc,"Rio Rancho, NM",2026-08-19,https://www.careerbuilder.com/job-details/inside-sales-account-manager-rio-rancho-nm--005ab242-9d6e-4627-a9d7-eefa136a4d46,https://www.hp.com,Actively Hiring,"HP Inc Inside Sales Account Manager Rio Rancho, NM $26–$39 / hour 30+ days ago",CareerBuilder,https://www.hp.com,https://www.careerbuilder.com/job-details/inside-sales-account-manager-rio-rancho-nm--005ab242-9d6e-4627-a9d7-eefa136a4d46
Inside Sales Representative I,Super-Sod,"Raleigh, NC",2026-08-23,https://www.careerbuilder.com/job-details/inside-sales-representative-i-raleigh-nc--23b2b48e-64d8-43b0-9d89-6f27e14649ff,https://www.supersod.com,Actively Hiring,"Super-Sod Inside Sales Representative I Raleigh, NC $16–$20 / hour 26 days ago",CareerBuilder,https://www.supersod.com,https://www.careerbuilder.com/job-details/inside-sales-representative-i-raleigh-nc--23b2b48e-64d8-43b0-9d89-6f27e14649ff
"Manager, Sales Operations",Marmon Holdings Inc,"East Granby, CT",2026-08-19,https://www.careerbuilder.com/job-details/manager-sales-operations-east-granby-ct--25d51991-1a31-4d72-b380-c4a6d5db4bce,https://www.marmon.com,Actively Hiring,"Marmon Holdings Inc Manager, Sales Operations East Granby, CT 30+ days ago",CareerBuilder,https://www.marmon.com,https://www.careerbuilder.com/job-details/manager-sales-operations-east-granby-ct--25d51991-1a31-4d72-b380-c4a6d5db4bce
Sales Development Rep- State and Local Gov't Accounts (Legal Tech),LexisNexis,"Dayton, Ohio",2026-09-10,https://www.careerbuilder.com/job-details/sales-development-rep-state-and-local-gov-t-accounts-legal-tech-dayton-oh--a241e57c-b5a1-4c29-9e5f-cdae32a995b3,https://www.lexisnexis.com,Actively Hiring,"LexisNexis Sales Development Rep- State and Local Gov't Accounts (Legal Tech) Dayton, Ohio 8 days ago",CareerBuilder,https://www.lexisnexis.com,https://www.careerbuilder.com/job-details/sales-development-rep-state-and-local-gov-t-accounts-legal-tech-dayton-oh--a241e57c-b5a1-4c29-9e5f-cdae32a995b3
Inside Sales Coordinator,Sub-Zero Group,"Madison, WI",2026-08-19,https://www.careerbuilder.com/job-details/inside-sales-coordinator-madison-wi--e5f533cd-210c-404c-be3d-a60d426577c8,https://www.subzero.com,Actively Hiring,"Sub-Zero Group Inside Sales Coordinator Madison, WI 30+ days ago",CareerBuilder,https://www.subzero.com,https://www.careerbuilder.com/job-details/inside-sales-coordinator-madison-wi--e5f533cd-210c-404c-be3d-a60d426577c8
Sales Development Representative- Legal Tech,LexisNexis,"Dayton, Ohio",2026-08-30,https://www.careerbuilder.com/job-details/sales-development-representative-legal-tech-dayton-oh--64d64c5a-a7f7-4058-ade4-93e05c314a23,https://www.lexisnexis.com,Actively Hiring,"LexisNexis Sales Development Representative- Legal Tech Dayton, Ohio 19 days ago",CareerBuilder,https://www.lexisnexis.com,https://www.careerbuilder.com/job-details/sales-development-representative-legal-tech-dayton-oh--64d64c5a-a7f7-4058-ade4-93e05c314a23
"Specialist, Sales Development",ABS Group of Companies Inc,"Houston, TX",2026-08-23,https://www.careerbuilder.com/job-details/specialist-sales-development-houston-tx--ec7e9aad-fd65-485a-b92b-59b05e3d482a,https://www.absofcompanies.com,Actively Hiring,"ABS Group of Companies Inc Specialist, Sales Development Houston, TX 26 days ago",CareerBuilder,https://www.absofcompanies.com,https://www.careerbuilder.com/job-details/specialist-sales-development-houston-tx--ec7e9aad-fd65-485a-b92b-59b05e3d482a
Sales Executive,Allied Universal,NY,2026-08-19,https://www.careerbuilder.com/job-details/sales-executive-new-york-ny--157411c1-7632-4fd5-9a9f-c1cbf35768d9,https://www.allieduniversal.com,Actively Hiring,"Allied Universal Sales Executive NY $70,000–$85,000 / year 30+ days ago",CareerBuilder,https://www.allieduniversal.com,https://www.careerbuilder.com/job-details/sales-executive-new-york-ny--157411c1-7632-4fd5-9a9f-c1cbf35768d9
"Sales Manager, Data Center/Power Generation",Ingersoll Rand Inc,"Davidson, NC",2026-08-27,https://www.careerbuilder.com/job-details/sales-manager-data-center-power-generation-davidson-nc--0c959856-7218-4d2e-a851-d700f345083d,https://www.ingersollrand.com,Actively Hiring,"Ingersoll Rand Inc Sales Manager, Data Center/Power Generation Davidson, NC Remote $120,000–$140,000 / year 22 days ago",CareerBuilder,https://www.ingersollrand.com,https://www.careerbuilder.com/job-details/sales-manager-data-center-power-generation-davidson-nc--0c959856-7218-4d2e-a851-d700f345083d
"Sales Manager, Data Center Power Generation",Ingersoll Rand Inc,"Davidson, NC",2026-08-29,https://www.careerbuilder.com/job-details/sales-manager-data-center-power-generation-davidson-nc--ca606222-ed38-4fa8-b3b6-4f2dbb4d6d65,https://www.ingersollrand.com,Actively Hiring,"Ingersoll Rand Inc Sales Manager, Data Center Power Generation Davidson, NC Remote $120,000–$140,000 / year 20 days ago",CareerBuilder,https://www.ingersollrand.com,https://www.careerbuilder.com/job-details/sales-manager-data-center-power-generation-davidson-nc--ca606222-ed38-4fa8-b3b6-4f2dbb4d6d65
Inside Sales Representative,"Rexco Equipment, Inc","Cedar Rapids, IA",2026-08-19,https://www.careerbuilder.com/job-details/inside-sales-representative-cedar-rapids-ia--98ae4dd7-f723-45e6-aa18-0219685005ca,https://www.rexcoequipment.com,Actively Hiring,"Rexco Equipment, Inc Inside Sales Representative Cedar Rapids, IA Full time Quick Apply 30+ days ago",CareerBuilder,https://www.rexcoequipment.com,https://www.careerbuilder.com/job-details/inside-sales-representative-cedar-rapids-ia--98ae4dd7-f723-45e6-aa18-0219685005ca
Inside Sales Coordinator,Agcor Steel,"Hanceville, AL",2026-08-19,https://www.careerbuilder.com/job-details/inside-sales-coordinator-hanceville-al--a1b536bc-380c-4028-a55c-c42a06a4d1ce,https://www.agcorsteel.com,Actively Hiring,"Agcor Steel Inside Sales Coordinator Hanceville, AL Full time Quick Apply 30+ days ago",CareerBuilder,https://www.agcorsteel.com,https://www.careerbuilder.com/job-details/inside-sales-coordinator-hanceville-al--a1b536bc-380c-4028-a55c-c42a06a4d1ce
Director Of Inside Sales,KI Bonduel,"Green Bay, WI",2026-08-19,https://www.careerbuilder.com/job-details/director-of-inside-sales-green-bay-wi--00cab33e-41a0-4782-b83d-721c9c26c865,https://www.kibonduel.com,Actively Hiring,"KI Bonduel Director Of Inside Sales Green Bay, WI 30+ days ago",CareerBuilder,https://www.kibonduel.com,https://www.careerbuilder.com/job-details/director-of-inside-sales-green-bay-wi--00cab33e-41a0-4782-b83d-721c9c26c865
Inside Sales Representative - Valves Department,SunSource,"Matthews, NC",2026-08-19,https://www.careerbuilder.com/job-details/inside-sales-representative-valves-department-matthews-nc--52eac8dd-d6dc-4591-8859-0a8c115b7160,https://www.sunsource.com,Actively Hiring,"SunSource Inside Sales Representative - Valves Department Matthews, NC 30+ days ago",CareerBuilder,https://www.sunsource.com,https://www.careerbuilder.com/job-details/inside-sales-representative-valves-department-matthews-nc--52eac8dd-d6dc-4591-8859-0a8c115b7160
Customer Service/ Inside Sales Associate,TDK Corp,"Chula Vista, CA",2026-08-19,https://www.careerbuilder.com/job-details/customer-service-inside-sales-associate-chula-vista-ca--cc26a978-87e3-499c-9069-4fbfdb119ce5,https://www.tdk.com,Actively Hiring,"TDK Corp Customer Service/ Inside Sales Associate Chula Vista, CA $58,000–$68,000 / year 30+ days ago",CareerBuilder,https://www.tdk.com,https://www.careerbuilder.com/job-details/customer-service-inside-sales-associate-chula-vista-ca--cc26a978-87e3-499c-9069-4fbfdb119ce5
Inside Sales Coordinator,Cavco Industries Inc,"millersburg, OR",2026-08-19,https://www.careerbuilder.com/job-details/inside-sales-coordinator-millersburg-or--fe2fcd04-67b1-4b45-85d2-f3744d0b1101,https://www.cavcoindustries.com,Actively Hiring,"Cavco Industries Inc Inside Sales Coordinator millersburg, OR 30+ days ago",CareerBuilder,https://www.cavcoindustries.com,https://www.careerbuilder.com/job-details/inside-sales-coordinator-millersburg-or--fe2fcd04-67b1-4b45-85d2-f3744d0b1101
Inside Sales Representative,Steris Plc,"Cleveland, OH",2026-09-06,https://www.careerbuilder.com/job-details/inside-sales-representative-cleveland-oh--54688d18-e399-4c97-aec5-4889aa6ddd47,https://www.sterisplc.com,Actively Hiring,"Steris Plc Inside Sales Representative Cleveland, OH $85,000–$120,000 / year 12 days ago",CareerBuilder,https://www.sterisplc.com,https://www.careerbuilder.com/job-details/inside-sales-representative-cleveland-oh--54688d18-e399-4c97-aec5-4889aa6ddd47
Customer Service / Inside Sales Associate,TDK,"Chula Vista, CA",2026-09-07,https://www.careerbuilder.com/job-details/customer-service-inside-sales-associate-chula-vista-ca--c3c438d3-2521-49bc-9120-f1af6e60b0b0,https://www.tdk.com,Actively Hiring,"TDK Customer Service / Inside Sales Associate Chula Vista, CA $58,000–$68,000 / year 11 days ago",CareerBuilder,https://www.tdk.com,https://www.careerbuilder.com/job-details/customer-service-inside-sales-associate-chula-vista-ca--c3c438d3-2521-49bc-9120-f1af6e60b0b0
Business Development Manager - Lenovo,"Zones, LLC","Seattle, WA",2026-08-19,https://www.careerbuilder.com/job-details/business-development-manager-lenovo-seattle-wa--1e57c210-99c1-4de1-91da-dba22a4ffc95,https://www.zones.com,Actively Hiring,"Zones, LLC Business Development Manager - Lenovo Seattle, WA $121,000–$131,300 / year 30+ days ago",CareerBuilder,https://www.zones.com,https://www.careerbuilder.com/job-details/business-development-manager-lenovo-seattle-wa--1e57c210-99c1-4de1-91da-dba22a4ffc95
Inside Sales Manager - Marketplace,RB Global Inc,"Austin, TX",2026-08-31,https://www.careerbuilder.com/job-details/inside-sales-manager-marketplace-austin-tx--ec1234cf-0f06-46b3-b588-70778c8bae35,https://www.rbglobal.com,Actively Hiring,"RB Global Inc Inside Sales Manager - Marketplace Austin, TX 18 days ago",CareerBuilder,https://www.rbglobal.com,https://www.careerbuilder.com/job-details/inside-sales-manager-marketplace-austin-tx--ec1234cf-0f06-46b3-b588-70778c8bae35
"Account Manager, Software Sales",ProSight Financial Association,"St. Louis, Missouri",2026-08-19,https://www.careerbuilder.com/job-details/account-manager-software-sales-saint-louis-mo--924ce262-eacf-47f7-8bd7-3020157a30ec,https://www.prosightfinancialassociation.com,Actively Hiring,"ProSight Financial Association Account Manager, Software Sales St. Louis, Missouri $100,000–$120,000 / year 30+ days ago",CareerBuilder,https://www.prosightfinancialassociation.com,https://www.careerbuilder.com/job-details/account-manager-software-sales-saint-louis-mo--924ce262-eacf-47f7-8bd7-3020157a30ec
Hard Armor Inside Sales Support,Point Blank Enterprises,"Hialeah, Florida",2026-08-19,https://www.careerbuilder.com/job-details/hard-armor-inside-sales-support-hialeah-fl--68fb1850-e188-4f60-998e-db5eec12d73a,https://www.pointblank.com,Actively Hiring,"Point Blank Enterprises Hard Armor Inside Sales Support Hialeah, Florida 30+ days ago",CareerBuilder,https://www.pointblank.com,https://www.careerbuilder.com/job-details/hard-armor-inside-sales-support-hialeah-fl--68fb1850-e188-4f60-998e-db5eec12d73a
LCUR Inside Sales Specialist,Trane Technologies Plc,"Latham, NY",2026-08-21,https://www.careerbuilder.com/job-details/lcur-inside-sales-specialist-latham-ny--3ef340f0-23f9-4387-ae50-34a86722c5c7,https://www.traneplc.com,Actively Hiring,"Trane Technologies Plc LCUR Inside Sales Specialist Latham, NY $47,600–$96,039.99 / year 28 days ago",CareerBuilder,https://www.traneplc.com,https://www.careerbuilder.com/job-details/lcur-inside-sales-specialist-latham-ny--3ef340f0-23f9-4387-ae50-34a86722c5c7
Inside Sales Representative,Fessenden Hall,"Pennsauken Township, NJ",2026-09-10,https://www.careerbuilder.com/job-details/inside-sales-representative-pennsauken-nj--16d7ed22-0fe8-4d61-a986-52a1448d9516,https://www.fessendenhall.com,Actively Hiring,"Fessenden Hall Inside Sales Representative Pennsauken Township, NJ $20–$25 / hour Full time Quick Apply 8 days ago",CareerBuilder,https://www.fessendenhall.com,https://www.careerbuilder.com/job-details/inside-sales-representative-pennsauken-nj--16d7ed22-0fe8-4d61-a986-52a1448d9516
Inside Sales Engineer,AIR Control Concepts,"Memphis, TN",2026-09-12,https://www.careerbuilder.com/job-details/inside-sales-engineer-memphis-tn--3296604e-e111-4c58-8cdc-1b15f444a2ff,https://www.aircontrolconcepts.com,Actively Hiring,"AIR Control Concepts New Inside Sales Engineer Memphis, TN $28–$30 / hour 6 days ago",CareerBuilder,https://www.aircontrolconcepts.com,https://www.careerbuilder.com/job-details/inside-sales-engineer-memphis-tn--3296604e-e111-4c58-8cdc-1b15f444a2ff
Inside Sales Support Specialist,DRYTECH INC,"Cookstown, NJ",2026-08-19,https://www.careerbuilder.com/job-details/inside-sales-support-specialist-cookstown-nj--2bacae58-ccea-4d76-bad0-e046a7690047,https://www.drytech.com,Actively Hiring,"DRYTECH INC Inside Sales Support Specialist Cookstown, NJ Full time 30+ days ago",CareerBuilder,https://www.drytech.com,https://www.careerbuilder.com/job-details/inside-sales-support-specialist-cookstown-nj--2bacae58-ccea-4d76-bad0-e046a7690047
Sales Development Representative - Outbound,Global Payments Inc,"Oklahoma City, OK",2026-08-19,https://www.careerbuilder.com/job-details/sales-development-representative-outbound-oklahoma-city-ok--144884d1-dfa5-49c4-98cf-479d4048f1a9,https://www.globalpayments.com,Actively Hiring,"Global Payments Inc Sales Development Representative - Outbound Oklahoma City, OK $19.23 / hour 30+ days ago",CareerBuilder,https://www.globalpayments.com,https://www.careerbuilder.com/job-details/sales-development-representative-outbound-oklahoma-city-ok--144884d1-dfa5-49c4-98cf-479d4048f1a9
Inside Sales Representative,Trane Technologies Plc,"Diamond Bar, CA",2026-09-07,https://www.careerbuilder.com/job-details/inside-sales-representative-diamond-bar-ca--bee71579-4a0a-4312-bdfc-30cc4a2df95c,https://www.traneplc.com,Actively Hiring,"Trane Technologies Plc Inside Sales Representative Diamond Bar, CA $72,600–$143,220 / year 11 days ago",CareerBuilder,https://www.traneplc.com,https://www.careerbuilder.com/job-details/inside-sales-representative-diamond-bar-ca--bee71579-4a0a-4312-bdfc-30cc4a2df95c
Inside Sales Representative,Wilcoxon Sensing Technologies,"Frederick, MD",2026-08-19,https://www.careerbuilder.com/job-details/inside-sales-representative-frederick-md--f1645a2d-0327-4bee-b603-33dc6beafbd9,https://www.wilcoxonsensing.com,Actively Hiring,"Wilcoxon Sensing Technologies Inside Sales Representative Frederick, MD $29–$35 Quick Apply 30+ days ago",CareerBuilder,https://www.wilcoxonsensing.com,https://www.careerbuilder.com/job-details/inside-sales-representative-frederick-md--f1645a2d-0327-4bee-b603-33dc6beafbd9
Inside Sales Representative,Wilcoxon Sensing Technologies.,"Frederick, MD",2026-08-19,https://www.careerbuilder.com/job-details/inside-sales-representative-frederick-md--057f4bcb-e001-4857-8b8b-c464df7fc1aa,https://www.wilcoxonsensing.com,Actively Hiring,"Wilcoxon Sensing Technologies. Inside Sales Representative Frederick, MD 30+ days ago",CareerBuilder,https://www.wilcoxonsensing.com,https://www.careerbuilder.com/job-details/inside-sales-representative-frederick-md--057f4bcb-e001-4857-8b8b-c464df7fc1aa
Office Administrator/Inside Sales,Generator Supercenter,"Peachtree City, Georgia",2026-08-23,https://www.careerbuilder.com/job-details/office-administrator-inside-sales-peachtree-city-ga--e41ea5f5-6f06-4b7c-b405-ae7a040d2064,https://www.generatorsupercenter.com,Actively Hiring,"Generator Supercenter Office Administrator/Inside Sales Peachtree City, Georgia 26 days ago",CareerBuilder,https://www.generatorsupercenter.com,https://www.careerbuilder.com/job-details/office-administrator-inside-sales-peachtree-city-ga--e41ea5f5-6f06-4b7c-b405-ae7a040d2064
Sales Lead/Manager – Healthcare IT,ClinDCast LLC,"Tampa, FL",2026-08-20,https://www.careerbuilder.com/job-details/sales-lead-manager-healthcare-it-tampa-fl--17b82e2b-5dbf-4b83-b82c-4f7e35605f22,https://www.clindcast.com,Actively Hiring,"ClinDCast LLC Sales Lead/Manager – Healthcare IT Tampa, FL Full time 29 days ago",CareerBuilder,https://www.clindcast.com,https://www.careerbuilder.com/job-details/sales-lead-manager-healthcare-it-tampa-fl--17b82e2b-5dbf-4b83-b82c-4f7e35605f22
Territory Sales Engineer - Great Lakes,Atlas Copco Group,US,2026-09-18,https://www.dice.com/job-detail/9872e52c-9584-40a2-b750-637d08a4356b,https://www.atlascopco.com,Actively Hiring,"Company: Atlas Copco Group | Your Role The Territory Sales Engineer is responsible for supporting existing customers, and pursuing new sales opportunities in Michigan, Wisconsin, Iowa, Kansas, Missouri, Illinois, Kentucky, Ohio, West Virginia, and Pennsylvania directly. The Territory Sales Engineer is responsible for identifying decision makers in the customer organizations, building strong relationships and leveraging the Edwards support organization to deliver best in class support and position Edwards as supplier of choice. Will establish Edwards as the preferred supplier of vacuum components and systems to the Industrial market sectors customers in the assigned territory area. Achieve revenue and contribution growth objectives and build strong relationships with customers and maximize Edwards visibility and increase sales to the sector. You will: Achieve orders, sales and contribution budgets as agreed for each year, while also maintaining and building our long term relationship as",Dice,https://www.atlascopco.com,https://www.dice.com/job-detail/9872e52c-9584-40a2-b750-637d08a4356b
Channel Sales Development Specialist,Atlas Copco Group,US,2026-09-18,https://www.dice.com/job-detail/6e134c43-c519-4746-8979-a9eb44d4bf9b,https://www.atlascopco.com,Actively Hiring,"Company: Atlas Copco Group | Your role The Channel Sales Development Specialist is responsible for driving revenue growth and market expansion for Edwards Vacuum's liquid ring pump portfolio across North America by developing, enabling, and managing a high-performing network of channel partners. This role ensures strong partner engagement, accountability, and alignment with business objectives to effectively generate demand, execute sales opportunities, and increase market penetration through indirect sales channels. Main Responsibilities: Channel Partner Development & Management Build and manager relationships with existing distributors and new channel partners Expand value-added reseller networks Drive partners to achieve aggressive revenue targets Channel Expansion (Hunting Focus) Identify, recruit and onboard new partners Strengthen market coverage across North America Target strategic, technically capable partners (integrators, specialists) Partner Performance & Accountability Con",Dice,https://www.atlascopco.com,https://www.dice.com/job-detail/6e134c43-c519-4746-8979-a9eb44d4bf9b
AWS Partner Development Executive,"Capgemini America, Inc.","Illinois, USA",2026-09-18,https://www.dice.com/job-detail/ee6312f9-8788-4a63-85c0-6aa3dff2b08d,https://www.capgemini.com,Actively Hiring,"Company: Capgemini America, Inc. | Choosing Capgemini means choosing a company where you will be empowered to shape your career in the way you'd like, where you'll be supported and inspired by a collaborative community of colleagues around the world, and where you'll be able to reimagine what's possible. Join us and help the world's leading organizations unlock the value of technology and build a more sustainable, more inclusive world. About the job you are considering Capgemini is a global leader in consulting, digital transformation, technology, and engineering services. As we continue to expand our strategic partnerships, we are seeking a Partner Development Executive (PDE) to lead and grow our relationship with AWS, one of the world's premier enterprise software providers. As a PDE dedicated to AWS, you will be responsible for a defined scope within the AWS partnership. Your mission is to deepen the relationship, collaborate closely with AWS field sales, drive joint go-to-market in",Dice,https://www.capgemini.com,https://www.dice.com/job-detail/ee6312f9-8788-4a63-85c0-6aa3dff2b08d
"Solution Partner, Manufacturing (Salesforce)",Purple Drive Technologies LLC,"Edison, New Jersey, USA",2026-09-17,https://www.dice.com/job-detail/a39532dc-1a75-452d-b403-c7decdda032c,https://www.purpledrive.com,Actively Hiring,"Company: Purple Drive Technologies LLC | Job Description - Solution Partner, Manufacturing (Salesforce) Position Summary We are seeking an experienced Solution Partner - Manufacturing to drive strategic business transformation initiatives for manufacturing clients using Salesforce solutions and industry best practices . The successful candidate will serve as a trusted advisor to business and technology stakeholders, helping manufacturing organizations modernize their sales, customer service, dealer/distributor, partner, field service, and customer engagement operations . The role requires a combination of deep manufacturing industry knowledge, strong Salesforce expertise, business consulting, solution shaping, and executive stakeholder management . Key Responsibilities Act as a trusted advisor to manufacturing clients, business leaders, and technology executives. Lead strategic digital transformation initiatives leveraging Salesforce. Define manufacturing-specific technology roadmaps,",Dice,https://www.purpledrive.com,https://www.dice.com/job-detail/a39532dc-1a75-452d-b403-c7decdda032c
Enterprise Sales Manager,Xpertiz Inc,"Indianapolis, Indiana, USA",2026-09-16,https://www.dice.com/job-detail/bcffb9b5-cf3d-4c22-b2fa-0a51d03882c1,https://www.xpertiz.com,Actively Hiring,"Company: Xpertiz Inc | Enterprise Sales Manager Introduction We are seeking a talented Enterprise Sales Manager to drive new business and strategic growth within US enterprise accounts, focusing on Pharma, Biotech, Life Sciences, MedTech, and other related industries. The ideal candidate will have a strong background in IT Services, Consulting, Business Development, and Digital Transformation. Responsibilities Lead the sales process for enterprise accounts, from prospecting to closure Develop and implement account strategies and territory plans Build and maintain strong relationships with C-Suite, VP, and Director-level decision-makers Manage complex sales cycles and large-scale engagements ranging from $5M to $20M Create and deliver compelling presentations to effectively communicate value propositions Collaborate with internal teams to ensure successful delivery of services Utilize consultative selling techniques to understand client needs and provide tailored solutions Participate i",Dice,https://www.xpertiz.com,https://www.dice.com/job-detail/bcffb9b5-cf3d-4c22-b2fa-0a51d03882c1
Vice President of Sales,"SAI Systems Intl., Inc.","Shelton, Connecticut, USA",2026-09-16,https://www.dice.com/job-detail/2ab7fa2f-2c51-4f59-979d-b46c3365c726,https://www.saisystemsintl.com,Actively Hiring,"Company: SAI Systems Intl., Inc. | Job Title: Vice President, Sales Mode: Full-Time Location: Shelton, CT (Onsite) Job Summary: Saisystems Technology is seeking a dynamic VP of Sales to drive revenue growth and lead our sales and account management organization. This is a unique opportunity to join a 35+ year technology services company specializing in custom application development, data analytics, and digital automation for healthcare providers. The ideal candidate will be a proven sales hunter who can both personally drive new business acquisitions while building and leading a high-performing sales team to achieve our revenue targets and client growth. Job Responsibilities: This role owns and is responsible to deliver the annual revenue growth target for Saisystems Technology through new client acquisition, existing account expansion, and strategic partner collaboration while building and leading a high performing sales team that maintains 90% + customer retention and healthy sales",Dice,https://www.saisystemsintl.com,https://www.dice.com/job-detail/2ab7fa2f-2c51-4f59-979d-b46c3365c726
AI Solutions Sales & Digital Marketing Associate,Bits & Bytes Technology Solutions,"Albany, New York, USA",2026-09-16,https://www.dice.com/job-detail/632b2b9a-2e53-414d-8906-64215398b7a6,https://www.bitsbytestechnology.com,Actively Hiring,"Company: Bits & Bytes Technology Solutions | AI Solutions Sales & Digital Marketing Associate On-site | Albany, NY Schedule Monday–Friday Initial 20–30 hrs/week Transition Full-time Q1 next year Compensation Based on experience We are looking for a tech-savvy, motivated professional with experience in digital media, email campaigns, customer outreach, and cold calling to join our growing team in Albany, NY. The role will primarily focus on selling AI and technology solutions to businesses , generating leads, building relationships with prospective customers, and helping communicate how AI-powered solutions can improve their operations. Responsibilities · Manage email marketing and outreach campaigns · Generate and qualify potential business leads · Conduct cold calls and follow up with prospective customers · Present and promote AI and technology solutions · Build and maintain relationships with potential clients · Assist with digital marketing and business development activities · Wor",Dice,https://www.bitsbytestechnology.com,https://www.dice.com/job-detail/632b2b9a-2e53-414d-8906-64215398b7a6
Salesforce Technical Project Manager,SoftPath Technologies LLC,"Atlanta, Georgia, USA",2026-09-15,https://www.dice.com/job-detail/bc313b10-8b65-46ab-a08d-51673911556f,https://www.softpath.com,Actively Hiring,"Company: SoftPath Technologies LLC | Salesforce Technical Project Manager Job Title: Salesforce Technical Project Manager Location: Atlanta, GA – Onsite, 5 Days/Week Experience: 10+ Years Overall IT Experience Salesforce Experience: 5+ Years Employment Type: Full-Time Job Summary We are seeking an experienced Salesforce Technical Project Manager to lead complex Salesforce implementation and transformation programs. The ideal candidate will have 10+ years of overall IT experience, including at least 5+ years managing Salesforce projects and programs. The candidate will be responsible for end-to-end project delivery, including planning, estimation, resource management, governance, stakeholder management, risk and dependency management, deployment, and hypercare support. Strong technical knowledge of the Salesforce platform and experience working with cross-functional Agile delivery teams are required. Key Responsibilities Lead end-to-end Salesforce implementation and transformation proje",Dice,https://www.softpath.com,https://www.dice.com/job-detail/bc313b10-8b65-46ab-a08d-51673911556f
Paper & Pulp Engineering Technical Sales Intern,ECOLAB,"Naperville, Illinois, USA",2026-09-21,https://www.dice.com/job-detail/90cb831e-e4de-4ced-8c25-d15f6fd1f322,https://www.ecolab.com,Actively Hiring,"Company: ECOLAB | Own your future as an intern at Ecolab! Our internship program provides you with invaluable insights from leaders across Ecolab, engaging and challenging projects, opportunities for personal and professional growth, extensive networking, and the chance to immerse yourself in our innovative and dynamic environment. Ecolab is seeking Paper & Pulp Engineering Technical Sales Interns to partner with experienced Field Sales Representatives to learn our approach to account management, customer service, and how technical expertise is used to solve problems for customers and develop business within our Paper & Pulp industry. You will combine a traditional engineering approach with a consultative sales approach focused on strong account leadership skills and retention of strategic accounts. You will also learn how to build long-term relationships with a large customer base by understanding their key business drivers, providing strategic resolution through hands-on problem solv",Dice,https://www.ecolab.com,https://www.dice.com/job-detail/90cb831e-e4de-4ced-8c25-d15f6fd1f322
Senior Systems Sales Engineer,Nutanix,"Dallas, Texas, USA",2026-09-16,https://www.dice.com/job-detail/0487130f-327d-4375-a1c1-b9d6722da750,https://www.nutanix.com,Actively Hiring,"Company: Nutanix | Hungry, Humble, Honest, with Heart. The Opportunity Are you a customer-focused technical expert with a passion for solving complex problems and a desire to help businesses transform through innovative cloud solutions? If so, joining our Systems Engineering team at Nutanix offers you the opportunity to partner with sales to deliver cutting-edge technology to customers while becoming a trusted advisor and expert in your field. About the Team The role will be part of the Systems Engineering & Solution Sales team at Nutanix. This team is composed of over 800 customer-focused technical sales professionals dedicated to identifying and matching technology opportunities with customer business challenges and objectives. The culture is collaborative and innovative, fostering a spirit of teamwork while prioritizing customer success. The mission of the team is to transform how companies operate by leveraging Nutanix solutions, ensuring that customers can achieve their business g",Dice,https://www.nutanix.com,https://www.dice.com/job-detail/0487130f-327d-4375-a1c1-b9d6722da750
"Principal, Strategic AI Sales",Braze,"San Francisco, California, USA",2026-09-17,https://www.dice.com/job-detail/c8004b81-6493-40fa-be75-c3eb8ad17f11,https://www.braze.com,Actively Hiring,"Company: Braze | At Braze, we have found our people. We're a genuinely approachable, exceptionally kind, and intensely passionate crew. We seek to ignite that passion by setting high standards, championing teamwork, and creating work-life harmony as we collectively navigate rapid growth on a global scale while striving for greater equity and opportunity - inside and outside our organization. To flourish here, you must be prepared to set a high bar for yourself and those around you. There is always a way to contribute: Acting with autonomy, having accountability and being open to new perspectives are essential to our continued success. Our deep curiosity to learn and our eagerness to share diverse passions with others gives us balance and injects a one-of-a-kind vibrancy into our culture. If you are driven to solve exhilarating challenges and have a bias toward action in the face of change, you will be empowered to make a real impact here, with a sharp and passionate team at your back.",Dice,https://www.braze.com,https://www.dice.com/job-detail/c8004b81-6493-40fa-be75-c3eb8ad17f11
"Principal, Strategic AI Sales",Braze,"Chicago, Illinois, USA",2026-09-17,https://www.dice.com/job-detail/fb3e7c20-42b8-44ef-9ae3-edeebb89cac0,https://www.braze.com,Actively Hiring,"Company: Braze | At Braze, we have found our people. We're a genuinely approachable, exceptionally kind, and intensely passionate crew. We seek to ignite that passion by setting high standards, championing teamwork, and creating work-life harmony as we collectively navigate rapid growth on a global scale while striving for greater equity and opportunity - inside and outside our organization. To flourish here, you must be prepared to set a high bar for yourself and those around you. There is always a way to contribute: Acting with autonomy, having accountability and being open to new perspectives are essential to our continued success. Our deep curiosity to learn and our eagerness to share diverse passions with others gives us balance and injects a one-of-a-kind vibrancy into our culture. If you are driven to solve exhilarating challenges and have a bias toward action in the face of change, you will be empowered to make a real impact here, with a sharp and passionate team at your back.",Dice,https://www.braze.com,https://www.dice.com/job-detail/fb3e7c20-42b8-44ef-9ae3-edeebb89cac0
"Principal, Strategic AI Sales",Braze,"New York, New York, USA",2026-09-17,https://www.dice.com/job-detail/e0ccff8a-72fa-4f5c-a9da-2bd73b057d93,https://www.braze.com,Actively Hiring,"Company: Braze | At Braze, we have found our people. We're a genuinely approachable, exceptionally kind, and intensely passionate crew. We seek to ignite that passion by setting high standards, championing teamwork, and creating work-life harmony as we collectively navigate rapid growth on a global scale while striving for greater equity and opportunity - inside and outside our organization. To flourish here, you must be prepared to set a high bar for yourself and those around you. There is always a way to contribute: Acting with autonomy, having accountability and being open to new perspectives are essential to our continued success. Our deep curiosity to learn and our eagerness to share diverse passions with others gives us balance and injects a one-of-a-kind vibrancy into our culture. If you are driven to solve exhilarating challenges and have a bias toward action in the face of change, you will be empowered to make a real impact here, with a sharp and passionate team at your back.",Dice,https://www.braze.com,https://www.dice.com/job-detail/e0ccff8a-72fa-4f5c-a9da-2bd73b057d93
Sr. Systems Sales Engineer,Nutanix,"San Jose, California, USA",2026-09-19,https://www.dice.com/job-detail/9696e0ce-284c-46df-a551-5558a90eeb7e,https://www.nutanix.com,Actively Hiring,"Company: Nutanix | Hungry, Humble, Honest, with Heart. The Opportunity Are you a passionate technical expert with a strong background in presales engineering and a knack for transforming customer challenges into innovative solutions? If so, you'll thrive in our dynamic Systems Engineering team at Nutanix, where you'll have the opportunity to leverage your skills to drive customer success and be part of a collaborative environment focused on cutting-edge enterprise cloud technology. About the Team The Sr. Systems Sales Engineer will be part of the Systems Engineering & Solution Sales team at Nutanix, a dynamic group based in San Jose. This team's culture is characterized by collaboration, innovation, and a strong customer-centric approach. Their mission is to identify and align technology opportunities with customer business goals, ensuring that clients achieve success through the integration of Nutanix's advanced solutions. With a focus on transforming how companies operate and helping",Dice,https://www.nutanix.com,https://www.dice.com/job-detail/9696e0ce-284c-46df-a551-5558a90eeb7e
Staff Software Applications Development Engineer,Qualcomm Technologies,"Santa Clara, California, USA",2026-09-16,https://www.dice.com/job-detail/322b583a-64cd-4be0-91ca-c418ccbcf445,https://www.qualcomm.com,Actively Hiring,"Company: Qualcomm Technologies | Company: Qualcomm Innovation Center, Inc. Job Area: Engineering Group, Engineering Group > Software Applications Engineering General Summary: This individual leads, plans, synthesizes ambiguous or conflicting requirements and performs the complex responsibility of the providing of technical expertise of software systems through sales presentations, product demonstrations, installation, and maintenance of company products. Assists the sales staff in assessing potential application of company products to meet customer needs and preparing detailed product specifications for the development and implementation of customer applications/solutions. Ensures that the application/solution is functioning according to specifications. May provide software development and consultation to prospective users and/or product capability assessment and validation. Assists customers with any questions, issues, debugging, or troubleshooting regarding software systems and appli",Dice,https://www.qualcomm.com,https://www.dice.com/job-detail/322b583a-64cd-4be0-91ca-c418ccbcf445
Engineer Journeyman - Foreign Military Sales (FMS) (ENKG_03),Air Combat Effectiveness Consulting Group,"Lexington Park, Maryland, USA",2026-09-20,https://www.dice.com/job-detail/26ac69a3-03d8-44ba-98a6-c9e30303b91b,https://www.aircombateffectivenessconsulting.com,Actively Hiring,"Company: Air Combat Effectiveness Consulting Group | Job Type Full-time Description ACE Consulting Group is seeking a Journeyman Engineer to support our Patuxent River, MD customer. The Engineer will provide Foreign Military Sales (FMS) Case support to one of our NAVAIR PMX customers. The Journeyman Engineer will support the efforts and actions of the Case Manager/Program Managers/Team Lead for various Foreign Military Sales (FMS) programs. With other members of the Security Cooperation team, and under the direction of the Case Manager/Program Manager/Team Lead, assists the Case Manager in analyzing and managing all aspects of FMS casework in accordance with the Arms Export Control Act, the Security Assistance Management Manual (SAMM) and the International Traffic in Arms Regulation (ITAR) as well as applicable DoD Acquisition policy guidance. Duties will include, but are not limited to: Coordinating and hosting SAR Board meetings. Supporting ICWG meetings and following up on action it",Dice,https://www.aircombateffectivenessconsulting.com,https://www.dice.com/job-detail/26ac69a3-03d8-44ba-98a6-c9e30303b91b
"Presales Solution Engineer, Databases and Analytics",Microsoft Corporation,"Fargo, North Dakota, USA",2026-09-17,https://www.dice.com/job-detail/839c1abd-e9c9-4c29-bb70-90fb65f51f64,https://www.microsoft.com,Actively Hiring,"Company: Microsoft Corporation | Overview Are you insatiably curious, deeply passionate about the realm of databases and analytics, and ready to tackle complex challenges in a dynamic environment in the era of AI? If so, we invite you to join our team as Digital Cloud & AI Solution Engineer - Innovative Data Platform for mid-market customers at Microsoft. Here, you'll be at the forefront of innovation, working on cutting-edge projects that leverage the latest technologies to drive meaningful impact. Join us and be part of a team that thrives on collaboration, creativity, and continuous learning. Databases & Analytics is a growth opportunity for Microsoft Cloud & AI, as well as its partners and customers. It includes a rich portfolio of products including IaaS and PaaS services on the Cloud & AI Platform in the age of AI. These technologies empower customers to build, deploy, and manage database and analytics applications in a cloud-native way. At Small Medium Enterprises and Channel (S",Dice,https://www.microsoft.com,https://www.dice.com/job-detail/839c1abd-e9c9-4c29-bb70-90fb65f51f64
Sr. Systems Sales Engineer,Nutanix,"Omaha, Nebraska, USA",2026-09-17,https://www.dice.com/job-detail/108a5be9-c2db-4631-a986-f82c734b5f93,https://www.nutanix.com,Actively Hiring,"Company: Nutanix | Hungry, Humble, Honest, with Heart. The Opportunity Are you a motivated technical professional with a proven ability to articulate technology solutions and build strong relationships with clients? If so, joining our team as a Systems Sales Engineer will allow you to leverage your skills in a dynamic environment, collaborate with dedicated sales counterparts, and contribute to transformative solutions that make a significant impact on our customers' businesses. About the Team The Systems Engineering team at Nutanix is a dynamic and innovative group dedicated to delivering cutting-edge technology solutions that empower businesses to transform their IT infrastructure. The team prides itself on a collaborative culture that emphasizes teamwork, adaptability, and continuous learning, ensuring each member contributes to the collective goal of driving customer success. Our mission is to articulate the value of Nutanix solutions to key stakeholders, helping organizations navi",Dice,https://www.nutanix.com,https://www.dice.com/job-detail/108a5be9-c2db-4631-a986-f82c734b5f93
Development Engineer,Philips North America,"Reedsville, Pennsylvania, USA",2026-09-16,https://www.dice.com/job-detail/5f368f25-0783-4922-8496-3748f492f9e8,https://www.philipsnorthamerica.com,Actively Hiring,"Company: Philips North America | Job Title Development Engineer Job Description The Development Engineer is responsible for executing engineering requirements analysis, generating component designs, developing and validating test plans, and ensuring compliance with regulatory standards, working under general supervision. Your role: Analyze engineering requirements and support the development of design solutions for medical device components in accordance with applicable standards and quality requirements. Develop and execute test plans and procedures to verify engineering designs, accurately documenting test results and validation activities. Troubleshoot hardware, software, and system-level issues, using testing and evaluation results to support design improvements and enhance product quality and reliability. Participate in design reviews, technical discussions, and evaluation of components and technologies from external suppliers to support product development. Collaborate with cross",Dice,https://www.philipsnorthamerica.com,https://www.dice.com/job-detail/5f368f25-0783-4922-8496-3748f492f9e8
Network Systems Engineer (Pre Sales) - Trading Platforms,"Arastra, Inc.","Chicago, Illinois, USA",2026-09-16,https://www.dice.com/job-detail/0fa2ae06-1c53-4bce-b8b2-203ae2355975,https://aastratech.com,Actively Hiring,"Company: Arastra, Inc. | Company Description Arista Networks is an industry leader in data-driven, client-to-cloud networking for large data center, campus and routing environments. What sets us apart is our relentless pursuit of innovation. We leverage the latest advancements in cloud computing, artificial intelligence, and software-defined networking to provide our clients with a competitive edge in an increasingly interconnected world. Our solutions are designed to not only meet the current demands of the digital landscape but to also anticipate and adapt to future challenges. At Arista we value the diversity of thought and perspectives that each employee brings to the table. We believe that fostering an inclusive environment, where individuals from various backgrounds and experiences feel welcome, is essential for driving creativity and innovation. Our commitment to excellence has earned us several prestigious awards, such as Best Engineering Team, Best Company for Diversity, Compe",Dice,https://aastratech.com,https://www.dice.com/job-detail/0fa2ae06-1c53-4bce-b8b2-203ae2355975
Presales Engineer - Date & AI Engineering,"Computer Task Group, Inc",USA / Remote,2026-08-09,https://www.dice.com/job-detail/9d61f3f9-62c5-4a3c-bb8f-e5bf8dd1918a,https://www.computertask.com,Actively Hiring,"Company: Computer Task Group, Inc | Presales Solution Engineer - Data & AI Company: CTG Department: Presales / Solutions Engineering Location: Remote Employment Type: Full-Time Experience Level: 10-15 Years (minimum 5 years in a dedicated presales/solutions engineering capacity) Reports To: Managing Director - Presales About the Role CTG is seeking an experienced Presales Solution Engineer to join our Data & AI practice. This individual will act as the technical bridge between our sales organization and clients, translating complex business problems into compelling, technically sound solution architectures spanning modern data platforms and AI/ML capabilities. You will be a trusted technical advisor throughout the sales cycle, from discovery and requirements gathering through solution design, demonstration, proof-of-concept (POC), and handoff to delivery teams. The ideal candidate combines deep technical fluency in data platforms (e.g., Microsoft Fabric, Databricks, Snowflake) and AI e",Dice,https://www.computertask.com,https://www.dice.com/job-detail/9d61f3f9-62c5-4a3c-bb8f-e5bf8dd1918a
Institutional Sales Representative,E.I.D.- Parry (India) Limited,Chennai,2026-09-18,https://www.freshersworld.com/jobs/institutional-sales-representative-in-chennai-for-eid-parry-india-limited-2882789,https://www.eidparry.com,Actively Hiring,"Company: E.I.D.- Parry (India) Limited | Job DescriptionProfile for the position - Institutional Sales Representative (ISR)Minimum Educational Qualifications required for the jobAny degreeMinimum years of Experience required for the job2-4 years of experience in accounting, preferably within the FMCG sector.DesignationISRWebsiteE.I.D. – Parry (India) Limited (E.I.D. Parry) is a company operating in the Sweeteners and Nutraceuticals space. Headquartered in ‘Dare House’ a heritage building, in Chennai, India, the Company is a part of the INR 742 Billion Murugappa Group, one of India’s leading business conglomerates.Amongst the leading sugar manufacturers in India, E.I.D. Parry’s 9 sugar plants are spread across South India. These state-of-the-art plants with a total sugarcane crushing capacity of 43,400 TCD, co-generation capacity of 140 MW and Distillery capacity of 417 KLPD across units are located at Nellikuppam, Pugalur and Sivaganga in Tamil Nadu, Sankili in Andhra Pradesh and Bagal",Freshersworld,https://www.eidparry.com,https://www.freshersworld.com/jobs/institutional-sales-representative-in-chennai-for-eid-parry-india-limited-2882789
Transaction Process Representative,Teamlease Digital,Chennai,2026-09-18,https://www.freshersworld.com/jobs/transaction-process-representative-jobs-opening-in-teamlease-digital-at-chennai-2949670,https://teamleasedigital.global,Actively Hiring,"Company: Teamlease Digital | Job Description: -Perform data entry and research in various systems and tracking tools.-Apply knowledge of processes and related systems to assist in identifying, assessing and resolving issues/problems. -Assess and resolve non-standard and standard issues or problems. -Seek advice and escalate issues when faced with tasks/problems outside the scope of the work.-Ensuring that the close process is completed in an accurate and timely manner.-Reviewing financial statements for obvious errors, omissions, or inconsistencies.-Managing preparation of all statutory compliance documentation.-Engaging with the finance controller on potential issues concerning compliance requirements. Qualification: - Graduation pass out of (BBA, B.com, BA, LLB, and another management stream.) -Please note that the candidate should have all semester mark sheets (including final year and consolidated mark-sheet) with them.Preference: -Candidate must have excellent typing skills (30 to",Freshersworld,https://teamleasedigital.global,https://www.freshersworld.com/jobs/transaction-process-representative-jobs-opening-in-teamlease-digital-at-chennai-2949670
Delivery Operations Representative,For a Client of TeamLease Digital,Chennai,2026-09-18,https://www.freshersworld.com/jobs/delivery-operations-representative-in-chennai-for-for-a-client-of-teamlease-digital-2939803,https://teamleasedigital.global,Actively Hiring,"Company: For a Client of TeamLease Digital | Record to Report (R2R) is a core finance process that involves recording transactions, reconciling accounts, and preparing financial statements to present an accurate view of a company’s financial performance. It ensures compliance, transparency, and supports decision-making.A reconciliation account is a type of general ledger account that summarizes data from sub-ledgers (such as Accounts Payable or Accounts Receivable). It does not contain direct transaction postings and is used to ensure consistency between sub-ledgers and the general ledger.",Freshersworld,https://teamleasedigital.global,https://www.freshersworld.com/jobs/delivery-operations-representative-in-chennai-for-for-a-client-of-teamlease-digital-2939803
Development Engineer,A Client of Freshersworld,Chennai,2026-09-18,https://www.freshersworld.com/jobs/development-engineer-jobs-opening-in-a-client-of-freshersworld-at-chennai-2930561,https://freshersworld.awsapps.com,Actively Hiring,"Company: A Client of Freshersworld | Job Designation: Development EngineerJob Summary:Assists with tracking performance metrics. Provides guidance and support to other Engineers. Integrates knowledge of business and functional priorities. Acts as a key contributor in a complex and crucial environment. May lead teams or projects and shares expertiseResponsible for planning and designing new software and web applications. Analyzes, tests, and assists with the integration of new applications. Oversees the documentation of all development activities. Trains non-technical personnel. Job Description:-Core Responsibilities:Presents and defends architectural, design, and technical choices to internal and external audiences.Consistent exercise of independent judgment and discretion in matters of significance.Regular, consistent, and punctual attendance. Must be able to work nights and weekends, variable schedule(s), and overtime as necessary.Other duties and responsibilities as assigned.Collabo",Freshersworld,https://freshersworld.awsapps.com,https://www.freshersworld.com/jobs/development-engineer-jobs-opening-in-a-client-of-freshersworld-at-chennai-2930561
Business Development Executive,Zyniclo IT consultant and Technologies LLP,Chennai,2026-09-18,https://www.freshersworld.com/jobs/business-development-executive-jobs-opening-in-zyniclo-it-consultant-and-technologies-llp-at-aminijikarai-chennai-2932680,https://www.zyniclo.com,Actively Hiring,"Company: Zyniclo IT consultant and Technologies LLP | Job Title: Business Development Executive – Logistics Sales Key Responsibilities: · Identify and engage logistics companies, transport service providers, and fleet owners to introduce and promote Company products and services. · Present the company's logistics solutions, pricing models, and technology-enabled platform to prospective customers. · Generate new business opportunities, nurture client relationships, and ensure long-term customer satisfaction. · Achieve or exceed monthly sales and business development goals through proactive outreach and client acquisition. · Work closely with internal teams to ensure a seamless onboarding experience for new customers. · Maintain accurate records of client interactions, sales activities, and submit regular daily and weekly performance reports. Qualifications & Experience: · Bachelor's degree in any discipline; a degree in Logistics or Supply Chain Management will be an added advantage. ·",Freshersworld,https://www.zyniclo.com,https://www.freshersworld.com/jobs/business-development-executive-jobs-opening-in-zyniclo-it-consultant-and-technologies-llp-at-aminijikarai-chennai-2932680
Business Development Executive,MAGWIL,Chennai,2026-09-18,https://www.freshersworld.com/jobs/business-development-executive-jobs-opening-in-magwil-at-chennai-others-chennai-2943048,https://www.magwilglobal.com,Actively Hiring,"Company: MAGWIL | Responsibilities: · Make outbound calls to potential customers to promote products/services. · Explain product features, pricing, and benefits effectively to generate interest. · Convert leads into sales through strong persuasion and communication skills. · Maintain and update customer databases with accurate information. · Follow up with warm leads and handle customer queries professionally. · Meet daily/weekly/monthly call and sales targets. · Coordinate with the sales team for lead handover and closures. · Ensure high levels of customer satisfaction through quality interactions. Skills Required: · Excellent communication and convincing skills. · Basic computer knowledge (MS Office / CRM tools). · Ability to handle rejections and maintain a positive attitude. · Good listening skills and problem-solving ability. More information about this Business Development Executive JobPlease go through the below FAQs to get all answers related to the given Business Development E",Freshersworld,https://www.magwilglobal.com,https://www.freshersworld.com/jobs/business-development-executive-jobs-opening-in-magwil-at-chennai-others-chennai-2943048
Business Development Executive,Cynosure Corporate Solutions,Chennai,2026-09-18,https://www.freshersworld.com/jobs/business-development-executive-jobs-opening-in-cynosure-corporate-solutions-at-aminijikarai-chennai-2951676,https://www.cynosure.com,Actively Hiring,"Company: Cynosure Corporate Solutions | We are looking for a Business Development Executive to generate new business opportunities, build client relationships, understand customer requirements, and convert prospects into customers through effective sales and business development activities.Key Responsibilities:Generate leads through cold calls, emails, LinkedIn, and other channels.Identify prospects and introduce products and services. Understand customer requirements and recommend suitable solutionsFollow up with leads and convert them into business opportunitiesSchedule client meetings and product demonstrationsMaintain regular communication with existing and potential clientsAchieve monthly and quarterly business development targetsMaintain accurate records of leads, follow-ups, and sales activitiesCoordinate with internal teams for smooth execution of customer requirementsTravel for client meetings when requiredRequired Skills & Qualifications:Bachelor’s degree or equivalent qualif",Freshersworld,https://www.cynosure.com,https://www.freshersworld.com/jobs/business-development-executive-jobs-opening-in-cynosure-corporate-solutions-at-aminijikarai-chennai-2951676
Business Development Executive,Arich Infotech,Chennai,2026-09-18,https://www.freshersworld.com/jobs/business-development-executive-jobs-opening-in-arich-infotech-at-perungudi-chennai-2951443,https://www.arichinfotech.com,Actively Hiring,"Company: Arich Infotech | Business Development ExecutiveLocation: Perungudi, ChennaiExperience: 2+ YearsQualification: Graduate/Postgraduate; MBA Marketing preferredSalary: No Bar for the Right Candidate + IncentivesJob Description:We are looking for a result-oriented Business Development Executive to drive client acquisition, lead generation, B2B sales, and corporate training sales.Key Responsibilities:Generate new business opportunities and leads.Handle inbound/outbound leads and convert prospects into clients.Develop corporate and B2B client relationships.Identify opportunities with corporates, colleges, and institutions.Conduct sales presentations and negotiate deals.Achieve monthly sales and revenue targets.Follow up with prospects through calls, email and WhatsApp.Maintain CRM/lead trackers and regular sales reports.Required Skills:Strong communication, sales and negotiation skills.Target-oriented and customer-focused approach.Good presentation and networking skills.Basic knowled",Freshersworld,https://www.arichinfotech.com,https://www.freshersworld.com/jobs/business-development-executive-jobs-opening-in-arich-infotech-at-perungudi-chennai-2951443
Business Development Manager,Muthoot risk insurance and broking services,Chennai,2026-09-18,https://www.freshersworld.com/jobs/business-development-manager-jobs-opening-in-muthoot-risk-insurance-and-broking-services-at-ashok-nagar-k-k-nagar-kodambakkam-chennai-2952379,https://www.muthootriskinsuranceandbroking.com,Actively Hiring,"Company: Muthoot risk insurance and broking services | Job Summary: We are looking for energetic and enthusiastic freshers to join our Insurance Broking team. In this role, you will play a key part in driving business growth, identifying new corporate and retail clients, and expanding our insurance portfolio. Key Responsibilities: 1. Client Acquisition: Identify potential clients, understand their insurance needs, and pitch suitable insurance solutions (Life, Health, and General Insurance). 2. Product Pitching: Explain various insurance policies, coverages, and benefits clearly to customers. 3. Relationship Management: Build and maintain long-term relationships with clients and channel partners. 4. Target Achievement: Meet and exceed monthly and quarterly sales targets set by the company. 5. Market Research: Analyze market trends and competitor activities to identify new business opportunities. Candidate Requirements: Qualification: Any Graduate (B.Com, BBA, MBA, BA, B.Sc, etc.). Exper",Freshersworld,https://www.muthootriskinsuranceandbroking.com,https://www.freshersworld.com/jobs/business-development-manager-jobs-opening-in-muthoot-risk-insurance-and-broking-services-at-ashok-nagar-k-k-nagar-kodambakkam-chennai-2952379
Business Development Executive,Cynosure Corporate Solutions,Chennai,2026-09-18,https://www.freshersworld.com/jobs/business-development-executive-jobs-opening-in-cynosure-corporate-solutions-at-guindy-chennai-2935420,https://www.cynosure.com,Actively Hiring,"Company: Cynosure Corporate Solutions | We are looking for an energetic and ambitious Business Development Executive to join our team. This role is ideal for fresh graduates or candidates with up to 1 year of experience who are eager to build a career in business development. The selected candidate will be responsible for identifying potential clients, maintaining relationships, and assisting in the expansion of our consultancy services.Key Responsibilities:Identify and develop new business opportunities through market research, networking, and lead generation.Reach out to prospective clients through calls, emails, networking, and follow-ups to convert leads into clients.Build and maintain strong relationships with clients to ensure their satisfactionNegotiate contracts and close deals to drive revenue growth.Collaborate with internal teams to ensure seamless service delivery.Keep track of industry trends and market conditions.Prepare and present sales reports, forecasts, and performan",Freshersworld,https://www.cynosure.com,https://www.freshersworld.com/jobs/business-development-executive-jobs-opening-in-cynosure-corporate-solutions-at-guindy-chennai-2935420
Software Development Internship,A Client of Freshersworld,Chennai,2026-09-18,https://www.freshersworld.com/jobs/software-development-internship-jobs-opening-in-a-client-of-freshersworld-at-chennai-2950810,https://freshersworld.awsapps.com,Actively Hiring,"Company: A Client of Freshersworld | Software Development InternshipJob Experience: 0 - 5 yearJob DescriptionSoftware development plansSoftware architectureTesting plansSoftware developmentTech writingWebpagesWhite papersDigital marketing, SEO.Tech support, webpages and datasheets developments, writing,Participate in a team to organize virtual (online) global conferencesSpeaker initiationsRequirementsYou are studying for or have a University degree in Engineering, Computers, Science, or any related tech fieldsYou shall be keen to learn, willing to work hard, maintain productivity, and committed to the job. Benefits of this Internship IncludeYou gain real-world work experiences at an internationally reputable high-tech company;Learn real-world knowledge, work ethics, and team spirits;Receive 3 certificates, andIt is short & convenient: you can work from anywhere, making you much more employable and competitive in the job market.",Freshersworld,https://freshersworld.awsapps.com,https://www.freshersworld.com/jobs/software-development-internship-jobs-opening-in-a-client-of-freshersworld-at-chennai-2950810
Software Development Engineer,A Client of Freshersworld,Chennai,2026-09-18,https://www.freshersworld.com/jobs/software-development-engineer-jobs-opening-in-a-client-of-freshersworld-at-chennai-2949505,https://freshersworld.awsapps.com,Actively Hiring,"Company: A Client of Freshersworld | Software Development Engineer in Test, Principal 2JOB DESCRIPTIONJob Summary Was Progress we offer the best platform for building and deploying tomorrow's applications quickly and easily. We are bold, forward-thinking innovators who build things that work and care about our customers. We invent and reinvent every day, work together as one, value and respect each other and cheer our wins. Join us as a Principal Engineer in Test in our Data Connectivity and Integration Team.As a member of the team, you will be expected toWork in a dynamic agile environment and be dedicated to getting the job done.Lead elite engineers and groom them technicallyDesign, Develop, maintain and expand the automated testsDefine the test process and maintain and improve test infrastructureImprove test coverage by adding new testsWork with Sr Tech members in feature design and automate them using TestNG, GoogleTest, and SeleniumEstablish CI & CD practicesAssist support in repr",Freshersworld,https://freshersworld.awsapps.com,https://www.freshersworld.com/jobs/software-development-engineer-jobs-opening-in-a-client-of-freshersworld-at-chennai-2949505
Software Development Engineer,A Client of Freshersworld,Chennai,2026-09-18,https://www.freshersworld.com/jobs/software-development-engineer-jobs-opening-in-a-client-of-freshersworld-at-chennai-2948948,https://freshersworld.awsapps.com,Actively Hiring,"Company: A Client of Freshersworld | Software Development EngineerBasic Qualifications:-BachelorĂ˘ÂÂs degree in Computer Science or related field.6+ months of experience in software development.Preferred Qualifications:-Expertise in data structures, algorithms, and complexity analysis.The ability to produce code that is fault-tolerant, efficient, and maintainable.Ability to work independently and collaboratively with cross-functional business and software development teams.Ability to effectively communicate with colleagues at various levels of the organization.Self-directed nature, entrepreneurship spirit, and flexibility to wear many hats.",Freshersworld,https://freshersworld.awsapps.com,https://www.freshersworld.com/jobs/software-development-engineer-jobs-opening-in-a-client-of-freshersworld-at-chennai-2948948
Business Development Manager,Client Of Freshersworld,Chennai,2026-09-18,https://www.freshersworld.com/jobs/business-development-manager-jobs-opening-in-client-of-freshersworld-at-chennai-2949590,https://www.clientoffreshersworld.com,Actively Hiring,"Company: Client Of Freshersworld | Designation - Business Development ManagerKey responsibilities:Prospect for potential new clients and turn this into increased business.Lead Generation within your market or geographic area to ensure a robust pipeline of opportunities.Meet potential clients by growing, maintaining, and leveraging your network.Research and build relationships with new clients.Set up meetings between client decision makers and company's practice leaders/Principles.Plan approaches and pitches. Work with team to develop proposals that speaks to the client's needs, concerns, and objectives.Handle objections by clarifying, emphasizing agreements and working through differences to a positive conclusion. Use a variety of styles to persuade or negotiate appropriately.Skills required:Excellent verbal and written communication skills.Energy, passion and a real drive to get aheadCapable, quick, determinedImmaculate attention to detailTeam playerStartup mentality, high willingness",Freshersworld,https://www.clientoffreshersworld.com,https://www.freshersworld.com/jobs/business-development-manager-jobs-opening-in-client-of-freshersworld-at-chennai-2949590
Software Development Engineer,A Client of Freshersworld,Chennai,2026-09-18,https://www.freshersworld.com/jobs/software-development-engineer-jobs-opening-in-a-client-of-freshersworld-at-chennai-2949429,https://freshersworld.awsapps.com,Actively Hiring,"Company: A Client of Freshersworld | Software Development EngineerBasic Qualifications:-BachelorĂ˘ÂÂs degree in Computer Science or related field.6+ months of experience in software developmentPreferred Qualifications:-Expertise in data structures, algorithms, and complexity analysis. The ability to produce code that is fault-tolerant, efficient, and maintainable.Ability to effectively communicate with colleagues at various levels of the organization.Self-directed nature, entrepreneurship spirit, and flexibility to wear many hats.Ability to work independently and collaboratively with cross-functional business and software development teams.",Freshersworld,https://freshersworld.awsapps.com,https://www.freshersworld.com/jobs/software-development-engineer-jobs-opening-in-a-client-of-freshersworld-at-chennai-2949429
Sales Executivve,TATA PLAY BROADBAND PRIVATE LIMITED,"Chennai, Coimbatore, Cuddalore...",2026-09-18,https://www.freshersworld.com/jobs/sales-executivve-in-tamil-nadu-for-tata-play-broadband-private-limited-2951829,https://www.tataplay.com,Actively Hiring,"Company: TATA PLAY BROADBAND PRIVATE LIMITED | Job ResponsibilitiesVisit assigned areas and generate new Tata Play customers.Promote Tata Play DTH, broadband and related products/services.Identify potential customers and explain product features, plans and offers.Generate leads and convert them into successful sales.Maintain good relationships with customers and channel partners.Achieve daily/weekly/monthly sales targets.Handle customer queries and coordinate for installation/service requirements.Submit daily sales and field activity reports to the reporting manager.Work extensively in the assigned field location.",Freshersworld,https://www.tataplay.com,https://www.freshersworld.com/jobs/sales-executivve-in-tamil-nadu-for-tata-play-broadband-private-limited-2951829
Sales Officer,A Client Of HR Tech Private limited,Chennai,2026-09-18,https://www.freshersworld.com/jobs/sales-officer-jobs-opening-in-a-client-of-hr-tech-private-limited-at-chennai-2948861,https://www.aclientofhr.com,Actively Hiring,"Company: A Client Of HR Tech Private limited | Designation - Sales OfficerResponsibilities:Developing and sustaining long-lasting relationships with customers.Screening, recruiting, and training sales employees.Calling potential customers to explain company products and encourage purchases.Answering customers' questions and escalating complex issues to the relevant departments as needed.Developing in-depth knowledge of company products.Maintaining an accurate record of all sales, scheduled customer appointments, and customer complaints.Collaborating with the marketing department to ensure that the company is reaching its target audience.Informing product developers of possible product improvements and changes to ensure that company products meet current market needs.Preparing cost-benefit analyses for prospective and existing customers to determine the most suitable purchase options.Analyzing competitors' products to determine product features, benefits, shortfalls, and market success.",Freshersworld,https://www.aclientofhr.com,https://www.freshersworld.com/jobs/sales-officer-jobs-opening-in-a-client-of-hr-tech-private-limited-at-chennai-2948861
Sales Engineer,Ecopmin technologies,Chennai,2026-09-18,https://www.freshersworld.com/jobs/sales-engineer-jobs-opening-in-ecopmin-technologies-at-ambattur-chennai-2949693,https://www.ecopmin.com,Actively Hiring,"Company: Ecopmin technologies | Senior Sales Engineer / Sales Executive / Sales ConsultantCompany: Ecopmin Technologies Pvt. Ltd.Location: Ambattur, ChennaiExperience: 3–7 YearsSalary: ₹42,000 – ₹1,00,000 per monthJob Type: Full-time | On-rollJob SummaryEcopmin Technologies Pvt. Ltd. is looking for an experienced and target-oriented Senior Sales Engineer / Sales Executive / Sales Consultant to handle B2B and industrial sales and develop new business opportunities.The ideal candidate should have experience in B2B Sales, Industrial Automation, Machinery, Equipment, OEM, or Industrial Product Sales, along with strong customer handling, negotiation, lead conversion, and follow-up skills.Key ResponsibilitiesGenerate new B2B leads through cold calling, market research, networking, and referrals.Identify and develop new customers, OEMs, and industrial accounts.Manage customer databases, leads, enquiries, and sales records.Conduct client meetings and customer visits to understand business requ",Freshersworld,https://www.ecopmin.com,https://www.freshersworld.com/jobs/sales-engineer-jobs-opening-in-ecopmin-technologies-at-ambattur-chennai-2949693
Sales ManagerJobs Opening in Cadila Pharmaceuticals Ltd at Chennai,Freshersworld Partner Employer,Chennai,2026-09-18,https://www.freshersworld.com/jobs/sales-managerjobs-opening-in-cadila-pharmaceuticals-ltd-at-chennai-2951803,https://www.freshersworldpartneremployer.com,Actively Hiring,"Company: Freshersworld Partner Employer | Role Objective / Major Purpose of the Job The Sales Manager will be responsible for achieving the budgeted sales targets of the assigned region by leading, guiding, and developing a team of Area Business Managers (ABMs) and Field Officers (FOs). The role focuses on strategic business growth, brand development, KOL management, distribution effectiveness, and strong execution of marketing initiatives through structured planning and monitoring. Principal Tasks & Responsibilities 1. Regional Sales & Business Achievement Drive achievement of monthly, quarterly, and annual regional sales targets. Ensure brand-wise sales achievement with special focus on priority/Aatmanirbhar brands. Ensure each ABM and FO achieves territory targets and improves overall productivity. Maintain business hygiene by reducing sales returns and minimizing expiries. Ensure accurate forecasting for uninterrupted product availability. Strengthen coordination with distributors",Freshersworld,https://www.freshersworldpartneremployer.com,https://www.freshersworld.com/jobs/sales-managerjobs-opening-in-cadila-pharmaceuticals-ltd-at-chennai-2951803
Sales Engineer,Client Of HR Tech,Chennai,2026-09-18,https://www.freshersworld.com/jobs/sales-engineer-jobs-opening-in-client-of-hr-tech-at-chennai-2930982,https://hrtechconsultant.com,Actively Hiring,"Company: Client Of HR Tech | Designation : Sales EngineerJob descriptionRoles and ResponsibilitiesResponsible for determining customers specific technical requirements and product feature needs; assisting in determining customers project scope and definition of work; generating submittal packages in consultation with the engineering team (product data sheets; bill of materials; standard and customer drawings; layout and connection detail drawings; return on investment analysis; etc.); creating standard drawings for typical product applications; generating quotes.The Sales Engineer will also provide post-sales support, including identifying any issues that may arise during onboarding of users to assure customer satisfaction.Coordinating with back office sales team for submission of proposals/offers/quotations to the customer within specified time frame. Qualification B.tech/BE Engineering /DiplomaSkills Technical Skills,Communication Skills, Ability to discuss technical concepts with cl",Freshersworld,https://hrtechconsultant.com,https://www.freshersworld.com/jobs/sales-engineer-jobs-opening-in-client-of-hr-tech-at-chennai-2930982
Sales Executive,Legend Motors Royal Enfield Dealer,Chennai,2026-09-18,https://www.freshersworld.com/jobs/sales-executive-jobs-opening-in-legend-motors-royal-enfield-dealer-at-tambaram-chennai-2951760,https://dealers.royalenfield.com,Actively Hiring,"Company: Legend Motors Royal Enfield Dealer | Royal Enfield Bike Sales at Showroom. Customer Service. Product Explanation. Good Communication.Location : Sanitorium, Tambaram & MudichurWhatsapp : /Immediate Joiners PreferredFreshers male & female can applyShould be intrested in retail sale and customer handlingMore information about this Sales Executive JobPlease go through the below FAQs to get all answers related to the given Sales Executive jobWhat are the job requirements to apply for this Sales Executive job position? Ans: A candidate must have a minimum of 0 to 3 year experience as an Sales Executive What is the qualification for this job? Ans: The candidate can be a Graduate from any of the following: B.Arch, B.Com, B.Pharm, BA, BBA/BBM, BCA, BDS, BE/B.Tech, BEd, BHM, BSc, BVSc, CA, CS, ICWA, LLB, MBBS, B.Design, B.FashionTech, BFA, BAMS, BHMS, B.P.Ed, B.F.Sc(Fisheries), BSW, BACHELOR OF MUSIC, BBS, BFA, BLT, BNYS, BPT, BUMS, DA, DFM (FORENSIC), DM, DOMS (OPTHOLMOLOGY), ANM, B PE",Freshersworld,https://dealers.royalenfield.com,https://www.freshersworld.com/jobs/sales-executive-jobs-opening-in-legend-motors-royal-enfield-dealer-at-tambaram-chennai-2951760
Sales Executive,Garments,Chennai,2026-09-18,https://www.freshersworld.com/jobs/sales-executive-jobs-opening-in-garments-at-medavakkam-chennai-2939216,https://www.engineeredgarments.com,Actively Hiring,"Company: Garments | We are looking for a hardworking and responsible Sales executive /Helper to support the production team in day-to-day garment activities. The candidate will assist team and supervisors in handling materials, maintaining the work area, and ensuring smooth sales/operations.More information about this Sales Executive JobPlease go through the below FAQs to get all answers related to the given Sales Executive jobWhat are the job requirements to apply for this Sales Executive job position? Ans: A candidate must have a minimum of 0 to 2 year experience as an Sales Executive What is the qualification for this job? Ans: The candidate can be a Graduate from any of the following: 12th Pass (HSE), 10th Pass (SSC) What is the hiring Process of this job? Ans: The hiring process all depends on the company. Normally for an entry level, hiring the candidate has to go for Aptitude, GD (If they look for communication),Technical test and face to face interviews.This Sales Executive is",Freshersworld,https://www.engineeredgarments.com,https://www.freshersworld.com/jobs/sales-executive-jobs-opening-in-garments-at-medavakkam-chennai-2939216
Outbound Sales,HR recruitment,"Delhi, Mumbai, Chennai",2026-09-18,https://www.freshersworld.com/jobs/outbound-sales-jobs-opening-in-hr-recruitment-at-ashok-vihar-mumbai-chennai-delhi-2950199,https://www.hrrecruitment.com,Actively Hiring,"Company: HR recruitment | Hiring: Sales Agent – US Outbound CallingLocation: Remote – IndiaMarket: USAFreshers can also applyEmployment: Full-time Contract/FreelancingCompensation: Commission BasedShift: 7:30 AM – 4:00 PM CSTRequirements:US Outbound Sales / BPO Calling experienceExcellent English communicationStrong objection handling & closing skillsExperience with CRM & cold callingLaptop, high-speed internet & noise-free workspaceWillingness to work in US Central TimeKey Responsibilities:Make 100–120 outbound calls/daySell DOT compliance & training services to US trucking companiesHandle objections and close salesMaintain accurate CRM recordsAchieve weekly sales targetsImportant: This is a commission-based role. Contract and payments will be processed through Upwork.Interested candidates can share their CV atMore information about this Outbound Sales JobPlease go through the below FAQs to get all answers related to the given Outbound Sales jobWhat are the job requirements to apply f",Freshersworld,https://www.hrrecruitment.com,https://www.freshersworld.com/jobs/outbound-sales-jobs-opening-in-hr-recruitment-at-ashok-vihar-mumbai-chennai-delhi-2950199
Sales Executive,Client of Teamlease,Chennai,2026-09-18,https://www.freshersworld.com/jobs/sales-executive-jobs-opening-in-client-of-teamlease-at-chennai-2947197,https://group.teamlease.com,Actively Hiring,"Company: Client of Teamlease | Sales ExecutiveEstablishing new business.Maintaining accurate records.Attending trade exhibitions, conferences, and meetings.Reviewing sales performance.Presenting and selling of products/services using well-mannered communication skills to existing and prospective customers.Reach out to customer leads through follow-ups.Coordinate sales efforts with team members and other departments.",Freshersworld,https://group.teamlease.com,https://www.freshersworld.com/jobs/sales-executive-jobs-opening-in-client-of-teamlease-at-chennai-2947197
Field Sales Executive,Happyhouse Interiors,Chennai,2026-09-18,https://www.freshersworld.com/jobs/field-sales-executive-jobs-opening-in-happyhouse-interiors-at-tambaram-chennai-2938141,https://happyhouseinteriors.com,Actively Hiring,"Company: Happyhouse Interiors | Job Title: Interior Business Sales ExecutiveLocation: [Chennai]Department: Sales & Business DevelopmentReports To: Sales Manager / Business HeadJob SummaryWe are seeking a dynamic and results-driven Interior Business Sales Executive to generate new business opportunities, build strong client relationships, and drive sales for our interior design and fit-out services. The ideal candidate will have excellent communication skills, a passion for interior design, and the ability to understand client requirements and convert leads into successful projects.Key ResponsibilitiesIdentify and develop new business opportunities through networking, referrals, cold calling, and digital channels.Meet potential clients to understand their interior design and fit-out requirements.Present company services, design solutions, and project portfolios to prospective clients.Generate and follow up on sales leads to achieve monthly and annual sales targets.Coordinate with the de",Freshersworld,https://happyhouseinteriors.com,https://www.freshersworld.com/jobs/field-sales-executive-jobs-opening-in-happyhouse-interiors-at-tambaram-chennai-2938141
Field Sales Executive,Crux Consulting Services,Chennai,2026-09-18,https://www.freshersworld.com/jobs/field-sales-executive-jobs-opening-in-crux-consulting-services-at-tambaram-chennai-2951885,https://www.cruxconsulting.com,Actively Hiring,"Company: Crux Consulting Services | Job Opening: Field Sales Executive (Travel Tech)Location: Tamil NaduExperience: 0–3 Years in Field Sales / Ground OnboardingIndustry: Travel Tech / MobilityRole OverviewWe are seeking an aggressive, self-motivated, and highly persuasive Field Sales Executive to join the founding market-validation team in Chennai. In this role, you will be on the ground, interacting directly with travel agencies.Your primary responsibility will be to demonstrate the automation utility, perform live product demonstrations, handle onboarding technical setup, and secure consistent daily system utilization.Key ResponsibilitiesLead Generation: Map agencies in the assignedOn-Field Pitching: Approach managers, understand their operational bottlenecks, and pitch the solution.Live Demos: Conduct on-the-spot technical demonstrations of the system.End-to-End Onboarding: Hand-hold agencies through registration, collect required documents and set up their accounts. QualificationsR",Freshersworld,https://www.cruxconsulting.com,https://www.freshersworld.com/jobs/field-sales-executive-jobs-opening-in-crux-consulting-services-at-tambaram-chennai-2951885
Field Sales Officer,IDBI Capital Markets Securities Limited,Chennai,2026-09-18,https://www.freshersworld.com/jobs/field-sales-officer-in-chennai-for-idbi-capital-markets-securities-limited-2951494,https://www.idbicapitalmarketssecurities.com,Actively Hiring,"Company: IDBI Capital Markets Securities Limited | Job Description: FOS - Responsibilities: - Coordinate with bank staff to generate leads for Demat and Trading accounts. - Educate walk-in customers on products to drive sales of Demat and Trading accounts. - Meet targets based on new client acquisition and revenue generation. - Generate revenue from sourced accounts (incentives are based on revenue generation). - Each FOS will be tagged to 8–10 branches. - Qualification: Minimum Graduation - Experience: 1–6 years preferred (Freshers can also apply)Key Details: - Salary Range: Up to 30K NTH - Age Limit: Below 30 years - Gender: Open to both male and female candidates - Interview Mode: Telephonic, Virtual, or Face-to-Face (F2F) - Interview TAT: Maximum 48 hours",Freshersworld,https://www.idbicapitalmarketssecurities.com,https://www.freshersworld.com/jobs/field-sales-officer-in-chennai-for-idbi-capital-markets-securities-limited-2951494
Sales Marketing Intern,Humppl,"Mumbai, Chennai, Kolkata",2026-09-18,https://www.freshersworld.com/jobs/sales-marketing-intern-jobs-opening-in-humppl-at-park-street-vip-road-kolkata-others-mumbai-chennai-kolkata-2940899,https://www.humppl.com,Actively Hiring,"Company: Humppl | Research potential clients, educational institutions, and key decision-makers to identify new business opportunities.Generate and qualify leads through LinkedIn, email, calls, online research, and other outreach channels.Support sales activities by scheduling meetings, following up with prospects, and maintaining accurate CRM records.Assist in creating personalized outreach messages, presentations, proposals, and sales collateral.Promote Humppl's services through content sharing, social media engagement, email campaigns, and webinars.Conduct market and competitor research to identify industry trends, customer needs, and growth opportunities.Coordinate with internal teams to ensure timely responses, smooth lead management, and effective campaign execution.Track campaign performance, sales activities, and pipeline progress while suggesting ideas to improve lead generation and business growth.More information about this Sales Marketing Intern JobPlease go through the bel",Freshersworld,https://www.humppl.com,https://www.freshersworld.com/jobs/sales-marketing-intern-jobs-opening-in-humppl-at-park-street-vip-road-kolkata-others-mumbai-chennai-kolkata-2940899
Field Sales Executive,RBL Bank Limited,Chennai,2026-09-18,https://www.freshersworld.com/jobs/field-sales-executive-in-chennai-for-rbl-bank-limited-2697528,https://www.rbl.bank.in,Actively Hiring,"Company: RBL Bank Limited | We are looking for a field sales representative to develop sales strategies and attract new clients. The salesperson will source new sales opportunities and close sales to achieve targets. The sales executive will play a key role in increasing income and revenue by acquiring more and more clients, generating leads and managing sales of products and services. Sell the products/services using various customer sales methods (Foot on street, cold calling, presentations etc) Forecast sales, develop “out of the box” sales strategies/models and evaluate their effectiveness Evaluate customers skills, needs and build long-lasting relationships Meet personal and team sales targets Research accounts and generate or follow through sales leads Attend meetings, sales events, and trainings to keep abreast of the latest developments Report and provide feedback to management using financial statistical data Maintain and expand client database. Enter the activity/communicatio",Freshersworld,https://www.rbl.bank.in,https://www.freshersworld.com/jobs/field-sales-executive-in-chennai-for-rbl-bank-limited-2697528
Inside Sales Specialist,A Client of freshrsworld,Chennai,2026-09-18,https://www.freshersworld.com/jobs/inside-sales-specialist-jobs-opening-in-a-client-of-freshrsworld-at-chennai-others-chennai-2949041,https://www.aclientoffreshrsworld.com,Actively Hiring,"Company: A Client of freshrsworld | Inside Sales SpecialistProspect, develop, up-sell, cross-sell and generate new business opportunities for CSS Corp in the assigned accounts/territory.Maintain a consistent and accurate sales lead pipeline.Work as the overlay techno-commercial expertBuild credibility of the organization with the customers for CSS Corp s ServicesUnderstand and articulate the company s value proposition in the specific SBU.Ability to use CRM to manage opportunities and leads.",Freshersworld,https://www.aclientoffreshrsworld.com,https://www.freshersworld.com/jobs/inside-sales-specialist-jobs-opening-in-a-client-of-freshrsworld-at-chennai-others-chennai-2949041
DST Sales Executive,TATA PLAY BROADBAND PRIVATE LIMITED,"Chennai, Coimbatore, Cuddalore...",2026-09-18,https://www.freshersworld.com/jobs/dst-sales-executive-in-tamil-nadu-for-tata-play-broadband-private-limited-2946391,https://www.tataplay.com,Actively Hiring,"Company: TATA PLAY BROADBAND PRIVATE LIMITED | 22 September 2026 - Apply for the latest DST Sales Executive Job Vacancy in TATA PLAY BROADBAND PRIVATE LIMITED, Tamil Nadu. Check eligibility, job details, salary, and apply online today.",Freshersworld,https://www.tataplay.com,https://www.freshersworld.com/jobs/dst-sales-executive-in-tamil-nadu-for-tata-play-broadband-private-limited-2946391
Technical Sales Engineer,Keystone Dispensol Private Limited,"Bangalore, Chennai",2026-09-18,https://www.freshersworld.com/jobs/technical-sales-engineer-jobs-opening-in-keystone-dispensol-private-limited-at-electronic-city-guindy-bangalore-chennai-2951524,https://www.kdpl.in,Actively Hiring,"Company: Keystone Dispensol Private Limited | FUNCTIONS & RESPONSIBILITIES (duties to be performed by this position)1. Address and nurture Leads provided in the assigned geography2. Identify potential Leads in the assigned geography3. Engage prospective Customers and allocated Customers to gather technical inputs of potential applications4. Coordinate with Technical Support to identify and prepare BOM of appropriate dispensing solutions5. Engage prospective Customers and allocated Customers to follow-up and close Deals6. Plan and prioritize customer/prospect contact towards achieving defined targets as per the Personal Development Plan.7. Maintain and develop existing and new customers through appropriate propositions and ethical sales methods, and relevant internal coordination, to optimize quality of service, business growth, and customer satisfaction.8. Use and update relevant information related to Leads & Deals in Zoho CRM.9. Monitor and report on market and competitor activities",Freshersworld,https://www.kdpl.in,https://www.freshersworld.com/jobs/technical-sales-engineer-jobs-opening-in-keystone-dispensol-private-limited-at-electronic-city-guindy-bangalore-chennai-2951524
Field Sales Officer,IDBI Capital Markets Securities Limited,Chennai,2026-09-18,https://www.freshersworld.com/jobs/field-sales-officer-in-chennai-for-idbi-capital-markets-securities-limited-2951495,https://www.idbicapitalmarketssecurities.com,Actively Hiring,"Company: IDBI Capital Markets Securities Limited | Job Description: FOS - Responsibilities: - Coordinate with bank staff to generate leads for Demat and Trading accounts. - Educate walk-in customers on products to drive sales of Demat and Trading accounts. - Meet targets based on new client acquisition and revenue generation. - Generate revenue from sourced accounts (incentives are based on revenue generation). - Each FOS will be tagged to 8–10 branches. - Qualification: Minimum Graduation - Experience: 1–6 years preferred (Freshers can also apply)Key Details: - Salary Range: Up to 30K NTH - Age Limit: Below 30 years - Gender: Open to both male and female candidates - Interview Mode: Telephonic, Virtual, or Face-to-Face (F2F) - Interview TAT: Maximum 48 hours",Freshersworld,https://www.idbicapitalmarketssecurities.com,https://www.freshersworld.com/jobs/field-sales-officer-in-chennai-for-idbi-capital-markets-securities-limited-2951495
Jewellery Sales Executive,THE VELLI SHOP,Chennai,2026-09-18,https://www.freshersworld.com/jobs/jewellery-sales-executive-jobs-opening-in-the-velli-shop-at-adyar-chennai-2952241,https://www.thevellishop.com,Actively Hiring,"Company: THE VELLI SHOP | Retail JD -Job description: Job Title: Jewellery Retail Sales Executive Department: Retail Showroom Sales Reports To: Store Manager / Showroom Head Job Summary -We are seeking a polished, customer-centric, and goal-oriented THE VELLI SHOP Jewellery Retail Sales Executive to join our luxury showroom team. The ideal candidate will act as a brand ambassador, engaging high-end clientele, identifying their aesthetic preferences, and guiding them through purchasing fine gold, diamond, and platinum jewellery. This role demands high visual standard execution, impeccable trust-building communication, and a passion for hitting individual and store-level revenue targets. Key Responsibilities Sales Generation: Achieve monthly individual and showroom-level sales targets through relationship building and cross-selling. Customer Consultations: Greet clients warmly, understand their specific event or lifestyle requirements, and recommend suitable designs based on budget and p",Freshersworld,https://www.thevellishop.com,https://www.freshersworld.com/jobs/jewellery-sales-executive-jobs-opening-in-the-velli-shop-at-adyar-chennai-2952241
Retail Sales Associate,Jobseeks4u Consultancy services,Chennai,2026-09-18,https://www.freshersworld.com/jobs/retail-sales-associate-jobs-opening-in-jobseeks4u-consultancy-services-at-porur-chennai-2951762,https://www.jobseeks4uconsultancy.com,Actively Hiring,"Company: Jobseeks4u Consultancy services | Sure — here’s a more attractive job-post format within 200 characters:Responsibilities:· Make outbound calls to potential customers to promote products/services.· Explain product features, pricing, and benefits effectively to generate interest.· Convert leads into sales through strong persuasion and communication skills.· Maintain and update customer databases with accurate information.· Follow up with warm leads and handle customer queries professionally.· Meet daily/weekly/monthly call and sales targets.· Coordinate with the sales team for lead handover and closures.· Ensure high levels of customer satisfaction through quality interactions.Skills Required:· Excellent communication and convincing skills.· Basic computer knowledge (MS Office / CRM tools).· Ability to handle rejections and maintain a positive attitude.· Good listening skills and problem-solving ability. · Sales-driven mindset with the ability to meet targets.More information ab",Freshersworld,https://www.jobseeks4uconsultancy.com,https://www.freshersworld.com/jobs/retail-sales-associate-jobs-opening-in-jobseeks4u-consultancy-services-at-porur-chennai-2951762
Inside Sales Manager,Client of Freshersworld,Chennai,2026-09-18,https://www.freshersworld.com/jobs/inside-sales-manager-jobs-opening-in-client-of-freshersworld-at-chennai-2947692,https://www.clientoffreshersworld.com,Actively Hiring,Company: Client of Freshersworld | Inside Sales ManagerExcellent interpersonal and team management skills.Strong analytical and organizational skills.Sales skillsExcellent English CommunicationGraduation mandatoryFlair for SalesFresher can apply,Freshersworld,https://www.clientoffreshersworld.com,https://www.freshersworld.com/jobs/inside-sales-manager-jobs-opening-in-client-of-freshersworld-at-chennai-2947692
Associate Sales And Marketing Role,Uprio,"Hyderabad, Bangalore, Chennai",2026-09-18,https://www.freshersworld.com/jobs/associate-sales-and-marketing-role-jobs-opening-in-uprio-at-bangalore-chennai-hyderabad-2951531,https://www.uprio.com,Actively Hiring,"Company: Uprio | UPRIO is hiring for Associates Sales and Marketing Candidate About the CompanyUPRIO is an innovative AI EdTech company dedicated to providing high-quality after-school tuitions for students from 6th to 10th standard, with a complete focus on the CBSE syllabus. We leverage artificial intelligence to enhance the learning experience and ensure academic success for our students.ResponsibilitiesEngage in both field sales (60-70%) and inside sales (30-40%) activities to drive revenue growth.Develop and maintain strong relationships with clients.Identify and pursue new business opportunities.Collaborate with the marketing team to create effective sales strategies.Achieve and exceed sales targets.Provide excellent customer service and support.RequirementsEagerness to learn new things and a strong interest in a sales profile.Primarily freshers, with a maximum of 2 years of experience in sales.Maximum age of 27 years.Compulsory two-wheeler with a valid Driving License (DL) or Le",Freshersworld,https://www.uprio.com,https://www.freshersworld.com/jobs/associate-sales-and-marketing-role-jobs-opening-in-uprio-at-bangalore-chennai-hyderabad-2951531
TelesalesTelecallerVoice Process-sales3-8Yrs25K-35KCTCAmbattur,Vishakan Placement Service 91 955 195 2508,Chennai,2026-09-18,https://www.freshersworld.com/jobs/telesalestelecallervoice-process-sales3-8yrs25k-35kctcambattur-jobs-opening-in-vishakan-placement-service-91-955-195-2508-at-ambattur-chennai-2951478,https://www.vishakanplacementservice919551952508.com,Actively Hiring,"Company: Vishakan Placement Service 91 955 195 2508 | Greeting From Vishakan Placement ServiceHiring Telecaller/Telesales/Voice Process(sales) (Female) position in Sigma Consulting Company.Position: Professional Course AdvisorLocation: Ambattur OTExperience: 3 to 8years(Relevant Exp in Lead Generate, B2B Lead sales, Telecaller, Telesales- loan, Insurance, Admission & Student Counselor, , Voice process Bpo, corporate sales)Employment Type: Full-timeIdentified and qualified new leads through calls, emails, networking, and social platforms.Engaged with potential customers to understand needs and present suitable solutions.Made outbound sales calls to prospective and existing customers to generate leads and promote products/services.Handled inbound inquiries, provided product information, and guided customers through the sales process.Identified customer needs through effective questioning and offered suitable solutions.Followed up on leads, quotations, and pending conversions to maximize",Freshersworld,https://www.vishakanplacementservice919551952508.com,https://www.freshersworld.com/jobs/telesalestelecallervoice-process-sales3-8yrs25k-35kctcambattur-jobs-opening-in-vishakan-placement-service-91-955-195-2508-at-ambattur-chennai-2951478
TelesalesVoice Process-SalesFemale3-8 Yrs25K-35KAmbattur,Vishakan Placement Service 91 955 195 2508,Chennai,2026-09-18,https://www.freshersworld.com/jobs/telesalesvoice-process-salesfemale3-8-yrs25k-35kambattur-jobs-opening-in-vishakan-placement-service-91-955-195-2508-at-ambattur-chennai-2951385,https://www.vishakanplacementservice919551952508.com,Actively Hiring,"Company: Vishakan Placement Service 91 955 195 2508 | Greeting From Vishakan Placement Service Hiring Voice Process (outbound call sales)|Telesale| Telecaller (Female) position in Sigma Consulting Company. Position: Professional Course Advisor Location: Ambattur OT Experience: 3 to 8 years (Relevant Exp in Lead Generate, B2B Lead sales, Telecaller, Telesales- loan, Insurance, Admission & Student Counselor, , Voice process Bpo, corporate sales) Employment Type: Full-time Identified and qualified new leads through calls, emails, networking, and social platforms. Engaged with potential customers to understand needs and present suitable solutions. Made outbound sales calls to prospective and existing customers to generate leads and promote products/services. Handled inbound inquiries, provided product information, and guided customers through the sales process. Identified customer needs through effective questioning and offered suitable solutions. Followed up on leads, quotations, and pend",Freshersworld,https://www.vishakanplacementservice919551952508.com,https://www.freshersworld.com/jobs/telesalesvoice-process-salesfemale3-8-yrs25k-35kambattur-jobs-opening-in-vishakan-placement-service-91-955-195-2508-at-ambattur-chennai-2951385
Inside Sales Executives,For a Client of TeamLease Services Ltd.,"Kozhikode, Kochi, Kannur...",2026-09-18,https://www.freshersworld.com/jobs/inside-sales-executives-in-tamil-nadu-for-for-a-client-of-teamlease-services-ltd-2822322,https://vms.teamlease.com,Actively Hiring,"Company: For a Client of TeamLease Services Ltd. | Job DescriptionDesignation - BRE (Please update relevant role)Detailed ActivitiesDeliver monthly Sales Target of accounts through Partner BranchesApproval RateManage Relationship with branch staff/Branch Head to leverage the branch customer.Resolve Customer Queries and ComplaintsSourcing from the Corporate salary getting credited in Partners Bank BranchesImportant PointsBranch allocation would be basis the branch availability and subject to change as per business requirement.Executive need to be operate out of branch from 10 AM to 5 PMReporting at PSA office required for application submission on daily basis post 6 PMIncentive and Reimbursement ( Optional )Minimum Incentive of Rs. 3000/-PM can be earned on achievement of target and up to 50KWork Experience (Specify Relevant Industry experience, Minimum Experience, Fresher etcPreferably having exp. of 1-2 yrs From retail loan/CASA/Insurance/ telecomFresher may be considered depending on",Freshersworld,https://vms.teamlease.com,https://www.freshersworld.com/jobs/inside-sales-executives-in-tamil-nadu-for-for-a-client-of-teamlease-services-ltd-2822322
Sales Officer,RBL Bank Limited Banca Channel,"Kozhikode, Kochi, Kannur...",2026-09-18,https://www.freshersworld.com/jobs/sales-officer-in-tamil-nadu-for-rbl-bank-limited-banca-channel-2783537,https://www.rblbankbancachannel.com,Actively Hiring,"Company: RBL Bank Limited Banca Channel | Designation - BRE (Please update relevant role) Detailed Activities1. Deliver monthly Sales Target of accounts through Partner Branches2. Approval Rate3. Manage Relationship with branch staff/Branch Head to leverage the branch customer.4. Resolve Customer Queries and Complaints5. Sourcing from the Corporates getting salary credited in Partners Bank Branches Important Points1. Branch allocation would be basis the branch availability and subject to change as per business requirement.2. Executive need to be operate out of branch from 10 AM to 5 PM3. Reporting at PSA office required for application submission on daily basis post 6 PMIncentive and Reimbursement ( Optional )1. Minimum Incentive of Rs. 3000/-PM can be earned on achievement of target.Work Experience (Specify Relevant Industry experience, Minimum Experience, Fresher etc1. Preferably having exp. of 1-2 yrs From retail loan/CASA/Insurance/ telecom 2. Fresher may be considered depending on",Freshersworld,https://www.rblbankbancachannel.com,https://www.freshersworld.com/jobs/sales-officer-in-tamil-nadu-for-rbl-bank-limited-banca-channel-2783537
Sales Officer,RBL Bank Limited Banca Channel,"Kozhikode, Kochi, Kannur...",2026-09-18,https://www.freshersworld.com/jobs/sales-officer-in-tamil-nadu-for-rbl-bank-limited-banca-channel-2918470,https://www.rblbankbancachannel.com,Actively Hiring,"Company: RBL Bank Limited Banca Channel | Designation - BRE (Please update relevant role) Detailed Activities1. Deliver monthly Sales Target of accounts through Partner Branches2. Approval Rate3. Manage Relationship with branch staff/Branch Head to leverage the branch customer.4. Resolve Customer Queries and Complaints5. Sourcing from the Corporates getting salary credited in Partners Bank Branches Important Points1. Branch allocation would be basis the branch availability and subject to change as per business requirement.2. Executive need to be operate out of branch from 10 AM to 5 PM3. Reporting at PSA office required for application submission on daily basis post 6 PMIncentive and Reimbursement ( Optional )1. Minimum Incentive of Rs. 3000/-PM can be earned on achievement of target.Work Experience (Specify Relevant Industry experience, Minimum Experience, Fresher etc1. Preferably having exp. of 1-2 yrs From retail loan/CASA/Insurance/ telecom 2. Fresher may be considered depending on",Freshersworld,https://www.rblbankbancachannel.com,https://www.freshersworld.com/jobs/sales-officer-in-tamil-nadu-for-rbl-bank-limited-banca-channel-2918470
TelesalesTelecallerVoice Process-sales3-8Yrs25K-35KCTCAmbattur,Vishakan Placement Service 91 955 195 2508,Chennai,2026-09-18,https://www.freshersworld.com/jobs/telesalestelecallervoice-process-sales3-8yrs25k-35kctcambattur-jobs-opening-in-vishakan-placement-service-91-955-195-2508-at-ambattur-chennai-2951425,https://www.vishakanplacementservice919551952508.com,Actively Hiring,"Company: Vishakan Placement Service 91 955 195 2508 | Greeting From Vishakan Placement Service Hiring Telecaller/Telesales/Voice Process(sales) (Female) position in Sigma Consulting Company. Position: Professional Course Advisor Location: Ambattur OT Experience: 3 to 8years (Relevant Exp in Lead Generate, B2B Lead sales, Telecaller, Telesales- loan, Insurance, Admission & Student Counselor, , Voice process Bpo, corporate sales) Employment Type: Full-time Identified and qualified new leads through calls, emails, networking, and social platforms. Engaged with potential customers to understand needs and present suitable solutions. Made outbound sales calls to prospective and existing customers to generate leads and promote products/services. Handled inbound inquiries, provided product information, and guided customers through the sales process. Identified customer needs through effective questioning and offered suitable solutions. Followed up on leads, quotations, and pending conversions",Freshersworld,https://www.vishakanplacementservice919551952508.com,https://www.freshersworld.com/jobs/telesalestelecallervoice-process-sales3-8yrs25k-35kctcambattur-jobs-opening-in-vishakan-placement-service-91-955-195-2508-at-ambattur-chennai-2951425
Presales/Telecaller-Female3-8 Yrs25K-35K CTC Ambattur OT,Vishakan Placement Service Pradeep HR 91 9551952508,Chennai,2026-09-18,https://www.freshersworld.com/jobs/presales-telecaller-female3-8-yrs25k-35k-ctc-ambattur-ot-jobs-opening-in-vishakan-placement-service-pradeep-hr-91-9551952508-at-ambattur-chennai-2952394,https://www.vishakanplacementservicepradeephr919551952508.com,Actively Hiring,"Company: Vishakan Placement Service Pradeep HR 91 9551952508 | Greeting From Vishakan Placement Service Hiring Professional Course Advisor (Female) position in Sigma Consulting Company. Position: Professional Course Advisor Location: Ambattur OT Experience: 3 to 8years (Relevant Exp in Lead Generate, B2B Lead sales, Telecaller, Telesales- loan, Insurance, Admission & Student Counselor, , Voice process Bpo, corporate sales) Employment Type: Full-time Identified and qualified new leads through calls, emails, networking, and social platforms. Engaged with potential customers to understand needs and present suitable solutions. Made outbound sales calls to prospective and existing customers to generate leads and promote products/services. Handled inbound inquiries, provided product information, and guided customers through the sales process. Identified customer needs through effective questioning and offered suitable solutions. Followed up on leads, quotations, and pending conversions to ma",Freshersworld,https://www.vishakanplacementservicepradeephr919551952508.com,https://www.freshersworld.com/jobs/presales-telecaller-female3-8-yrs25k-35k-ctc-ambattur-ot-jobs-opening-in-vishakan-placement-service-pradeep-hr-91-9551952508-at-ambattur-chennai-2952394
Clinical Sales Manager,Intuitive,Delhi,2026-09-18,"https://www.glassdoor.co.in/job-listing/clinical-sales-manager-intuitive-intuitive-surgical-JV_KO0,22_KE23,51.htm?jl=1010270110692",https://www.intuitive.com,Actively Hiring,Role: Clinical Sales Manager | Company: Intuitive | Location: Delhi | Source: Glassdoor,Glassdoor,https://www.intuitive.com,"https://www.glassdoor.co.in/job-listing/clinical-sales-manager-intuitive-intuitive-surgical-JV_KO0,22_KE23,51.htm?jl=1010270110692"
Clinical Sales Manager,Intuitive,India,2026-09-18,"https://www.glassdoor.co.in/job-listing/clinical-sales-manager-intuitive-intuitive-surgical-JV_KO0,22_KE23,51.htm?jl=1010270110693",https://www.intuitive.com,Actively Hiring,Role: Clinical Sales Manager | Company: Intuitive | Location: India | Source: Glassdoor,Glassdoor,https://www.intuitive.com,"https://www.glassdoor.co.in/job-listing/clinical-sales-manager-intuitive-intuitive-surgical-JV_KO0,22_KE23,51.htm?jl=1010270110693"
Clinical Sales Manager,Intuitive,India,2026-08-30,"https://www.glassdoor.co.in/job-listing/clinical-sales-manager-intuitive-intuitive-surgical-JV_KO0,22_KE23,51.htm?jl=1010250718561",https://www.intuitive.com,Actively Hiring,Role: Clinical Sales Manager | Company: Intuitive | Location: India | Source: Glassdoor,Glassdoor,https://www.intuitive.com,"https://www.glassdoor.co.in/job-listing/clinical-sales-manager-intuitive-intuitive-surgical-JV_KO0,22_KE23,51.htm?jl=1010250718561"
Clinical Sales Manager,Intuitive,Lucknow,2026-08-29,"https://www.glassdoor.co.in/job-listing/clinical-sales-manager-intuitive-intuitive-surgical-JV_IC2873112_KO0,22_KE23,51.htm?jl=1010249143673",https://www.intuitive.com,Actively Hiring,Role: Clinical Sales Manager | Company: Intuitive | Location: Lucknow | Source: Glassdoor,Glassdoor,https://www.intuitive.com,"https://www.glassdoor.co.in/job-listing/clinical-sales-manager-intuitive-intuitive-surgical-JV_IC2873112_KO0,22_KE23,51.htm?jl=1010249143673"
Sales Development Representative,Veloris Global,Calicut,2026-09-09,"https://www.glassdoor.co.in/job-listing/sales-development-representative-veloris-global-JV_IC2868442_KO0,32_KE33,47.htm?jl=1010260997755",https://www.velorisglobal.com,Actively Hiring,Role: Sales Development Representative | Company: Veloris Global | Location: Calicut | Source: Glassdoor,Glassdoor,https://www.velorisglobal.com,"https://www.glassdoor.co.in/job-listing/sales-development-representative-veloris-global-JV_IC2868442_KO0,32_KE33,47.htm?jl=1010260997755"
Business Development Executive (BDE),YESTE Migration and Education Consulting Pvt. Ltd.,Cochin,2026-09-11,"https://www.glassdoor.co.in/job-listing/business-development-executive-bde-yeste-migration-and-education-consulting-pvt-ltd-JV_IC2887994_KO0,34_KE35,83.htm?jl=1010262144332",https://yeste.com.au,Actively Hiring,Role: Business Development Executive (BDE) | Company: YESTE Migration and Education Consulting Pvt. Ltd. | Location: Cochin | Source: Glassdoor,Glassdoor,https://yeste.com.au,"https://www.glassdoor.co.in/job-listing/business-development-executive-bde-yeste-migration-and-education-consulting-pvt-ltd-JV_IC2887994_KO0,34_KE35,83.htm?jl=1010262144332"
Sales & Marketing Executive – Client Acquisition & Business Development,P G Kakade & Co.,Mumbai,2026-09-15,"https://www.glassdoor.co.in/job-listing/sales-marketing-executive-client-acquisition-business-development-pg-kakade-co-JV_IC2851180_KO0,65_KE66,78.htm?jl=1010268050397",https://www.pgkakade.com,Actively Hiring,Role: Sales & Marketing Executive – Client Acquisition & Business Development | Company: P G Kakade & Co. | Location: Mumbai | Source: Glassdoor,Glassdoor,https://www.pgkakade.com,"https://www.glassdoor.co.in/job-listing/sales-marketing-executive-client-acquisition-business-development-pg-kakade-co-JV_IC2851180_KO0,65_KE66,78.htm?jl=1010268050397"
Sales executive,GYSZ Technologies,Kerala,2026-09-06,"https://www.glassdoor.co.in/job-listing/sales-executive-gysz-technologies-JV_KO0,15_KE16,33.htm?jl=1010257574142",https://www.gysz.com,Actively Hiring,Role: Sales executive | Company: GYSZ Technologies | Location: Kerala | Source: Glassdoor,Glassdoor,https://www.gysz.com,"https://www.glassdoor.co.in/job-listing/sales-executive-gysz-technologies-JV_KO0,15_KE16,33.htm?jl=1010257574142"
Sales Development Representative,AM2PM SUPPORT PRIVATE LIMITED,India,2026-09-16,"https://www.glassdoor.co.in/job-listing/sales-development-representative-am2pm-support-private-limited-JV_KO0,32_KE33,62.htm?jl=1010269038055",https://www.am2pmsupport.com,Actively Hiring,Role: Sales Development Representative | Company: AM2PM SUPPORT PRIVATE LIMITED | Location: India | Source: Glassdoor,Glassdoor,https://www.am2pmsupport.com,"https://www.glassdoor.co.in/job-listing/sales-development-representative-am2pm-support-private-limited-JV_KO0,32_KE33,62.htm?jl=1010269038055"
Business Development Associate,ReactMinds,Erode,2026-09-18,"https://www.glassdoor.co.in/job-listing/business-development-associate-reactminds-JV_IC2833414_KO0,30_KE31,41.htm?jl=1010270719085",https://www.reactminds.com,Actively Hiring,Role: Business Development Associate | Company: ReactMinds | Location: Erode | Source: Glassdoor,Glassdoor,https://www.reactminds.com,"https://www.glassdoor.co.in/job-listing/business-development-associate-reactminds-JV_IC2833414_KO0,30_KE31,41.htm?jl=1010270719085"
Field Sales Executive (Ernakulam ),PONIARD PVC PIPES,Cochin,2026-09-18,"https://www.glassdoor.co.in/job-listing/field-sales-executive-ernakulam-poniard-pvc-pipes-JV_IC2887994_KO0,31_KE32,49.htm?jl=1010270113902",https://www.poniardpvcpipes.com,Actively Hiring,Role: Field Sales Executive (Ernakulam ) | Company: PONIARD PVC PIPES | Location: Cochin | Source: Glassdoor,Glassdoor,https://www.poniardpvcpipes.com,"https://www.glassdoor.co.in/job-listing/field-sales-executive-ernakulam-poniard-pvc-pipes-JV_IC2887994_KO0,31_KE32,49.htm?jl=1010270113902"
Medical Representative (MR),Wilson Drugs & Pharmaceuticals (P) Ltd,India,2026-08-19,"https://www.glassdoor.co.in/job-listing/medical-representative-mr-wilson-drugs-pharmaceuticals-p-ltd-JV_KO0,25_KE26,60.htm?jl=1010103079984",https://www.wilsondrugspharmaceuticalspltd.com,Actively Hiring,Role: Medical Representative (MR) | Company: Wilson Drugs & Pharmaceuticals (P) Ltd | Location: India | Source: Glassdoor,Glassdoor,https://www.wilsondrugspharmaceuticalspltd.com,"https://www.glassdoor.co.in/job-listing/medical-representative-mr-wilson-drugs-pharmaceuticals-p-ltd-JV_KO0,25_KE26,60.htm?jl=1010103079984"
Sales Development Representative,RoadCast,India,2026-08-19,"https://www.glassdoor.co.in/job-listing/sales-development-representative-roadcast-JV_KO0,32_KE33,41.htm?jl=1009962533647",https://www.roadcast.com,Actively Hiring,Role: Sales Development Representative | Company: RoadCast | Location: India | Source: Glassdoor,Glassdoor,https://www.roadcast.com,"https://www.glassdoor.co.in/job-listing/sales-development-representative-roadcast-JV_KO0,32_KE33,41.htm?jl=1009962533647"
Lead Sales Development Representative,scalereal,India,2026-08-19,"https://www.glassdoor.co.in/job-listing/lead-sales-development-representative-scalereal-JV_KO0,37_KE38,47.htm?jl=1010094151963",https://www.scalereal.com,Actively Hiring,Role: Lead Sales Development Representative | Company: scalereal | Location: India | Source: Glassdoor,Glassdoor,https://www.scalereal.com,"https://www.glassdoor.co.in/job-listing/lead-sales-development-representative-scalereal-JV_KO0,37_KE38,47.htm?jl=1010094151963"
Sales Development Representative - SaaS Sales,i4 Consulting,India,2026-09-06,"https://www.glassdoor.co.in/job-listing/sales-development-representative-saas-sales-i4-consulting-JV_KO0,43_KE44,57.htm?jl=1010257962815",https://www.i4consulting.com,Actively Hiring,Role: Sales Development Representative - SaaS Sales | Company: i4 Consulting | Location: India | Source: Glassdoor,Glassdoor,https://www.i4consulting.com,"https://www.glassdoor.co.in/job-listing/sales-development-representative-saas-sales-i4-consulting-JV_KO0,43_KE44,57.htm?jl=1010257962815"
Medical Representative,Skinaa Clinic,India,2026-08-19,"https://www.glassdoor.co.in/job-listing/medical-representative-skinaa-clinic-JV_KO0,22_KE23,36.htm?jl=1009758090941",https://www.skinaaclinic.com,Actively Hiring,Role: Medical Representative | Company: Skinaa Clinic | Location: India | Source: Glassdoor,Glassdoor,https://www.skinaaclinic.com,"https://www.glassdoor.co.in/job-listing/medical-representative-skinaa-clinic-JV_KO0,22_KE23,36.htm?jl=1009758090941"
Business Development Representative – IT Sales,Conexus Netcom Solutions,Navi Mumbai,2026-08-19,"https://www.glassdoor.co.in/job-listing/business-development-representative-it-sales-conexus-netcom-solutions-JV_IC5021997_KO0,44_KE45,69.htm?jl=1010056804970",https://www.conexusnetcom.com,Actively Hiring,Role: Business Development Representative – IT Sales | Company: Conexus Netcom Solutions | Location: Navi Mumbai | Source: Glassdoor,Glassdoor,https://www.conexusnetcom.com,"https://www.glassdoor.co.in/job-listing/business-development-representative-it-sales-conexus-netcom-solutions-JV_IC5021997_KO0,44_KE45,69.htm?jl=1010056804970"
Sales Development Representative,NITSAN Technologies,Bhāvnagar,2026-08-29,"https://www.glassdoor.co.in/job-listing/sales-development-representative-nitsan-technologies-JV_IC2859818_KO0,32_KE33,52.htm?jl=1010249552331",https://www.nitsan.in,Actively Hiring,Role: Sales Development Representative | Company: NITSAN Technologies | Location: Bhāvnagar | Source: Glassdoor,Glassdoor,https://www.nitsan.in,"https://www.glassdoor.co.in/job-listing/sales-development-representative-nitsan-technologies-JV_IC2859818_KO0,32_KE33,52.htm?jl=1010249552331"
Sales Development Representative (SDR) - India/ US Market,Salescode,India,2026-08-19,"https://www.glassdoor.co.in/job-listing/sales-development-representative-sdr-india-us-market-salescode-JV_KO0,52_KE53,62.htm?jl=1009608088930",https://www.salescode.in,Actively Hiring,Role: Sales Development Representative (SDR) - India/ US Market | Company: Salescode | Location: India | Source: Glassdoor,Glassdoor,https://www.salescode.in,"https://www.glassdoor.co.in/job-listing/sales-development-representative-sdr-india-us-market-salescode-JV_KO0,52_KE53,62.htm?jl=1009608088930"
Field Sales Representative,Gruta Marmores e Granito,Ahmedabad,2026-09-04,"https://www.glassdoor.co.in/job-listing/field-sales-representative-gruta-marmores-e-granito-JV_IC2935226_KO0,26_KE27,51.htm?jl=1010255476865",https://www.grutamarmoresegranito.com,Actively Hiring,Role: Field Sales Representative | Company: Gruta Marmores e Granito | Location: Ahmedabad | Source: Glassdoor,Glassdoor,https://www.grutamarmoresegranito.com,"https://www.glassdoor.co.in/job-listing/field-sales-representative-gruta-marmores-e-granito-JV_IC2935226_KO0,26_KE27,51.htm?jl=1010255476865"
Senior Manager - Software Sales,Schneider Electric,Mumbai,2026-08-19,"https://www.glassdoor.co.in/job-listing/senior-manager-software-sales-schneider-electric-JV_IC2851180_KO0,29_KE30,48.htm?jl=1010189474653",https://www.schneiderelectric.in,Actively Hiring,Role: Senior Manager - Software Sales | Company: Schneider Electric | Location: Mumbai | Source: Glassdoor,Glassdoor,https://www.schneiderelectric.in,"https://www.glassdoor.co.in/job-listing/senior-manager-software-sales-schneider-electric-JV_IC2851180_KO0,29_KE30,48.htm?jl=1010189474653"
Sales Development Representative,scalereal,Remote,2026-08-19,"https://www.glassdoor.co.in/job-listing/sales-development-representative-scalereal-JV_KO0,32_KE33,42.htm?jl=1010094151958",https://www.scalereal.com,Actively Hiring,Role: Sales Development Representative | Company: scalereal | Location: Remote | Source: Glassdoor,Glassdoor,https://www.scalereal.com,"https://www.glassdoor.co.in/job-listing/sales-development-representative-scalereal-JV_KO0,32_KE33,42.htm?jl=1010094151958"
Sales Development Representative,Snowflake,Pune,2026-08-19,"https://www.glassdoor.co.in/job-listing/sales-development-representative-snowflake-JV_IC2856202_KO0,32_KE33,42.htm?jl=1010176165800",https://www.snowflake.com,Actively Hiring,Role: Sales Development Representative | Company: Snowflake | Location: Pune | Source: Glassdoor,Glassdoor,https://www.snowflake.com,"https://www.glassdoor.co.in/job-listing/sales-development-representative-snowflake-JV_IC2856202_KO0,32_KE33,42.htm?jl=1010176165800"
Sales Development Representative,Wishtree Technologies,Ahmedabad,2026-08-19,"https://www.glassdoor.co.in/job-listing/sales-development-representative-wishtree-technologies-JV_IC2935226_KO0,32_KE33,54.htm?jl=1010207833056",https://www.wishtree.com,Actively Hiring,Role: Sales Development Representative | Company: Wishtree Technologies | Location: Ahmedabad | Source: Glassdoor,Glassdoor,https://www.wishtree.com,"https://www.glassdoor.co.in/job-listing/sales-development-representative-wishtree-technologies-JV_IC2935226_KO0,32_KE33,54.htm?jl=1010207833056"
Representative - Sales Development,LeadSquared,Bengaluru,2026-09-18,"https://www.glassdoor.co.in/job-listing/representative-sales-development-leadsquared-JV_IC2940587_KO0,32_KE33,44.htm?jl=1010270336070",https://www.leadsquared.com,Actively Hiring,Role: Representative - Sales Development | Company: LeadSquared | Location: Bengaluru | Source: Glassdoor,Glassdoor,https://www.leadsquared.com,"https://www.glassdoor.co.in/job-listing/representative-sales-development-leadsquared-JV_IC2940587_KO0,32_KE33,44.htm?jl=1010270336070"
Sales Engineer – Aerospace & defense,Rohde & Schwarz,Delhi,2026-08-19,"https://www.glassdoor.co.in/job-listing/sales-engineer-aerospace-defense-rohde-schwarz-JV_KO0,32_KE33,46.htm?jl=1009955480537",https://www.rohdeschwarz.in,Actively Hiring,Role: Sales Engineer – Aerospace & defense | Company: Rohde & Schwarz | Location: Delhi | Source: Glassdoor,Glassdoor,https://www.rohdeschwarz.in,"https://www.glassdoor.co.in/job-listing/sales-engineer-aerospace-defense-rohde-schwarz-JV_KO0,32_KE33,46.htm?jl=1009955480537"
Sales Development Representative - India,MoEngage,India,2026-09-18,"https://www.glassdoor.co.in/job-listing/sales-development-representative-india-moengage-JV_KO0,38_KE39,47.htm?jl=1010270471027",https://www.moengage.com,Actively Hiring,Role: Sales Development Representative - India | Company: MoEngage | Location: India | Source: Glassdoor,Glassdoor,https://www.moengage.com,"https://www.glassdoor.co.in/job-listing/sales-development-representative-india-moengage-JV_KO0,38_KE39,47.htm?jl=1010270471027"
Senior Sales Development Representative,Foundever,Remote,2026-09-08,"https://www.glassdoor.co.in/job-listing/senior-sales-development-representative-foundever-JV_KO0,39_KE40,49.htm?jl=1010260042526",https://www.foundever.com,Actively Hiring,Role: Senior Sales Development Representative | Company: Foundever | Location: Remote | Source: Glassdoor,Glassdoor,https://www.foundever.com,"https://www.glassdoor.co.in/job-listing/senior-sales-development-representative-foundever-JV_KO0,39_KE40,49.htm?jl=1010260042526"
Sales Development Representative,DronaHQ,Remote,2026-08-19,"https://www.glassdoor.co.in/job-listing/sales-development-representative-dronahq-JV_KO0,32_KE33,40.htm?jl=1007854085492",https://www.dronahq.com,Actively Hiring,Role: Sales Development Representative | Company: DronaHQ | Location: Remote | Source: Glassdoor,Glassdoor,https://www.dronahq.com,"https://www.glassdoor.co.in/job-listing/sales-development-representative-dronahq-JV_KO0,32_KE33,40.htm?jl=1007854085492"
Inside Sales Representative,Lenovo,Bengaluru,2026-08-19,"https://www.glassdoor.co.in/job-listing/inside-sales-representative-lenovo-JV_IC2940587_KO0,27_KE28,34.htm?jl=1010180562781",https://www.lenovo.com,Actively Hiring,Role: Inside Sales Representative | Company: Lenovo | Location: Bengaluru | Source: Glassdoor,Glassdoor,https://www.lenovo.com,"https://www.glassdoor.co.in/job-listing/inside-sales-representative-lenovo-JV_IC2940587_KO0,27_KE28,34.htm?jl=1010180562781"
Sales Development Representative,CrowdStrike,Bengaluru,2026-09-18,"https://www.glassdoor.co.in/job-listing/sales-development-representative-crowdstrike-JV_IC2940587_KO0,32_KE33,44.htm?jl=1010269974534",https://www.crowdstrike.com,Actively Hiring,Role: Sales Development Representative | Company: CrowdStrike | Location: Bengaluru | Source: Glassdoor,Glassdoor,https://www.crowdstrike.com,"https://www.glassdoor.co.in/job-listing/sales-development-representative-crowdstrike-JV_IC2940587_KO0,32_KE33,44.htm?jl=1010269974534"
Sales Development Representative (SaaS) - Remote,ClanX,Maharashtra,2026-09-14,"https://www.glassdoor.co.in/job-listing/sales-development-representative-saas-remote-clanx-JV_KO0,44_KE45,50.htm?jl=1010266516803",https://www.clanx.com,Actively Hiring,Role: Sales Development Representative (SaaS) - Remote | Company: ClanX | Location: Maharashtra | Source: Glassdoor,Glassdoor,https://www.clanx.com,"https://www.glassdoor.co.in/job-listing/sales-development-representative-saas-remote-clanx-JV_KO0,44_KE45,50.htm?jl=1010266516803"
Saas Sales,Trukky,India,2026-08-19,"https://www.glassdoor.co.in/job-listing/saas-sales-trukky-JV_KO0,10_KE11,17.htm?jl=1010213486728",https://www.trukky.com,Actively Hiring,Role: Saas Sales | Company: Trukky | Location: India | Source: Glassdoor,Glassdoor,https://www.trukky.com,"https://www.glassdoor.co.in/job-listing/saas-sales-trukky-JV_KO0,10_KE11,17.htm?jl=1010213486728"
Sales Development Representative,S & S InfoTech and Software,India,2026-08-19,"https://www.glassdoor.co.in/job-listing/sales-development-representative-ss-infotech-and-software-JV_KO0,32_KE33,57.htm?jl=1006656386340",https://www.ssinfotechandsoftware.com,Actively Hiring,Role: Sales Development Representative | Company: S & S InfoTech and Software | Location: India | Source: Glassdoor,Glassdoor,https://www.ssinfotechandsoftware.com,"https://www.glassdoor.co.in/job-listing/sales-development-representative-ss-infotech-and-software-JV_KO0,32_KE33,57.htm?jl=1006656386340"
Sales Development Representative,Onelab Ventures,India,2026-09-18,"https://www.glassdoor.co.in/job-listing/sales-development-representative-turnkey-tech-solutions-JV_KO0,32_KE33,55.htm?jl=1010270118503",https://www.onelabventures.com,Actively Hiring,Role: Sales Development Representative | Company: Onelab Ventures | Location: India | Source: Glassdoor,Glassdoor,https://www.onelabventures.com,"https://www.glassdoor.co.in/job-listing/sales-development-representative-turnkey-tech-solutions-JV_KO0,32_KE33,55.htm?jl=1010270118503"
Sales Positions – Field & Inside Sales,Micrologic Networks,Mumbai,2026-09-18,"https://www.glassdoor.co.in/job-listing/sales-positions-field-inside-sales-micrologic-networks-JV_IC2851180_KO0,34_KE35,54.htm?jl=1010270300604",https://www.micrologicnetworks.com,Actively Hiring,Role: Sales Positions – Field & Inside Sales | Company: Micrologic Networks | Location: Mumbai | Source: Glassdoor,Glassdoor,https://www.micrologicnetworks.com,"https://www.glassdoor.co.in/job-listing/sales-positions-field-inside-sales-micrologic-networks-JV_IC2851180_KO0,34_KE35,54.htm?jl=1010270300604"
Business Development Manager,BDR Pharmaceuticals Internationals,Delhi,2026-08-19,"https://www.glassdoor.co.in/job-listing/business-development-manager-bdr-pharmaceuticals-internationals-JV_KO0,28_KE29,63.htm?jl=1006452956183",https://www.bdrpharmaceuticalsinternationals.com,Actively Hiring,Role: Business Development Manager | Company: BDR Pharmaceuticals Internationals | Location: Delhi | Source: Glassdoor,Glassdoor,https://www.bdrpharmaceuticalsinternationals.com,"https://www.glassdoor.co.in/job-listing/business-development-manager-bdr-pharmaceuticals-internationals-JV_KO0,28_KE29,63.htm?jl=1006452956183"
Sales Development Representative,PinnacleU HR,Bengaluru,2026-08-19,"https://www.glassdoor.co.in/job-listing/sales-development-representative-pinnacleu-hr-JV_IC2940587_KO0,32_KE33,45.htm?jl=1010067899709",https://pinnacleu.hiresome.ai,Actively Hiring,Role: Sales Development Representative | Company: PinnacleU HR | Location: Bengaluru | Source: Glassdoor,Glassdoor,https://pinnacleu.hiresome.ai,"https://www.glassdoor.co.in/job-listing/sales-development-representative-pinnacleu-hr-JV_IC2940587_KO0,32_KE33,45.htm?jl=1010067899709"
Pharmaceutical Sales Representative,Natrecon Lifescience,India,2026-08-19,"https://www.glassdoor.co.in/job-listing/pharmaceutical-sales-representative-natrecon-lifescience-JV_KO0,35_KE36,56.htm?jl=1008575754189",https://www.natreconlifescience.com,Actively Hiring,Role: Pharmaceutical Sales Representative | Company: Natrecon Lifescience | Location: India | Source: Glassdoor,Glassdoor,https://www.natreconlifescience.com,"https://www.glassdoor.co.in/job-listing/pharmaceutical-sales-representative-natrecon-lifescience-JV_KO0,35_KE36,56.htm?jl=1008575754189"
Sales Development Representative,Observe.AI,Bengaluru,2026-08-29,"https://www.glassdoor.co.in/job-listing/sales-development-representative-observe-ai-JV_IC2940587_KO0,32_KE33,43.htm?jl=1010249055070",https://www.observe.ai,Actively Hiring,Role: Sales Development Representative | Company: Observe.AI | Location: Bengaluru | Source: Glassdoor,Glassdoor,https://www.observe.ai,"https://www.glassdoor.co.in/job-listing/sales-development-representative-observe-ai-JV_IC2940587_KO0,32_KE33,43.htm?jl=1010249055070"
Sales Development Representative,Fusion Global Business Solutions,Udaipur,2026-08-25,"https://www.glassdoor.co.in/job-listing/sales-development-representative-fusion-global-business-solutions-JV_IC2946575_KO0,32_KE33,65.htm?jl=1010244714884",https://www.fusionglobalbusiness.com,Actively Hiring,Role: Sales Development Representative | Company: Fusion Global Business Solutions | Location: Udaipur | Source: Glassdoor,Glassdoor,https://www.fusionglobalbusiness.com,"https://www.glassdoor.co.in/job-listing/sales-development-representative-fusion-global-business-solutions-JV_IC2946575_KO0,32_KE33,65.htm?jl=1010244714884"
Sales Development Representative,Actowiz,Ahmedabad,2026-08-19,"https://www.glassdoor.co.in/job-listing/sales-development-representative-actowiz-JV_IC2935226_KO0,32_KE33,40.htm?jl=1010218958609",https://www.actowiz.com,Actively Hiring,Role: Sales Development Representative | Company: Actowiz | Location: Ahmedabad | Source: Glassdoor,Glassdoor,https://www.actowiz.com,"https://www.glassdoor.co.in/job-listing/sales-development-representative-actowiz-JV_IC2935226_KO0,32_KE33,40.htm?jl=1010218958609"
Sales Development Representative,DocHipo,Remote,2026-08-19,"https://www.glassdoor.co.in/job-listing/sales-development-representative-dochipo-JV_KO0,32_KE33,40.htm?jl=1009486047013",https://www.dochipo.com,Actively Hiring,Role: Sales Development Representative | Company: DocHipo | Location: Remote | Source: Glassdoor,Glassdoor,https://www.dochipo.com,"https://www.glassdoor.co.in/job-listing/sales-development-representative-dochipo-JV_KO0,32_KE33,40.htm?jl=1009486047013"
Business Development Representative,Quantazone,Pune,2026-08-19,"https://www.glassdoor.co.in/job-listing/business-development-representative-quantazone-JV_IC2856202_KO0,35_KE36,46.htm?jl=1010099104254",https://www.quantazone.com,Actively Hiring,Role: Business Development Representative | Company: Quantazone | Location: Pune | Source: Glassdoor,Glassdoor,https://www.quantazone.com,"https://www.glassdoor.co.in/job-listing/business-development-representative-quantazone-JV_IC2856202_KO0,35_KE36,46.htm?jl=1010099104254"
Sales Development Representative,Agara,India,2026-08-19,"https://www.glassdoor.co.in/job-listing/sales-development-representative-agara-JV_KO0,32_KE33,38.htm?jl=1006962446587",https://www.agara.com,Actively Hiring,Role: Sales Development Representative | Company: Agara | Location: India | Source: Glassdoor,Glassdoor,https://www.agara.com,"https://www.glassdoor.co.in/job-listing/sales-development-representative-agara-JV_KO0,32_KE33,38.htm?jl=1006962446587"
[Services]: Sales Development Representative,Vinove Software & Services,Noida,2026-08-21,"https://www.glassdoor.co.in/job-listing/services-sales-development-representative-vinove-software-services-JV_IC4477468_KO0,41_KE42,66.htm?jl=1010239021882",https://www.vinovesoftware.com,Actively Hiring,Role: [Services]: Sales Development Representative | Company: Vinove Software & Services | Location: Noida | Source: Glassdoor,Glassdoor,https://www.vinovesoftware.com,"https://www.glassdoor.co.in/job-listing/services-sales-development-representative-vinove-software-services-JV_IC4477468_KO0,41_KE42,66.htm?jl=1010239021882"
Sales Development Representative,BIOS Middle East Group,India,2026-08-19,"https://www.glassdoor.co.in/job-listing/sales-development-representative-bios-middle-east-group-JV_KO0,32_KE33,55.htm?jl=1008501356274",https://biomiddleeast.com,Actively Hiring,Role: Sales Development Representative | Company: BIOS Middle East Group | Location: India | Source: Glassdoor,Glassdoor,https://biomiddleeast.com,"https://www.glassdoor.co.in/job-listing/sales-development-representative-bios-middle-east-group-JV_KO0,32_KE33,55.htm?jl=1008501356274"
Outbound Sales Development Representative,MNJ Software,Remote,2026-08-19,"https://www.glassdoor.co.in/job-listing/outbound-sales-development-representative-mnj-software-JV_KO0,41_KE42,54.htm?jl=1007738788597",https://www.mnjsoftware.com,Actively Hiring,Role: Outbound Sales Development Representative | Company: MNJ Software | Location: Remote | Source: Glassdoor,Glassdoor,https://www.mnjsoftware.com,"https://www.glassdoor.co.in/job-listing/outbound-sales-development-representative-mnj-software-JV_KO0,41_KE42,54.htm?jl=1007738788597"
Sales Specialist,Hewlett Packard Enterprise | HPE,India,2026-08-19,"https://www.glassdoor.co.in/job-listing/sales-specialist-hewlett-packard-enterprise-hpe-JV_KO0,16_KE17,47.htm?jl=1010233671109",https://www.hewlettpackardenterprisehpe.com,Actively Hiring,Role: Sales Specialist | Company: Hewlett Packard Enterprise | HPE | Location: India | Source: Glassdoor,Glassdoor,https://www.hewlettpackardenterprisehpe.com,"https://www.glassdoor.co.in/job-listing/sales-specialist-hewlett-packard-enterprise-hpe-JV_KO0,16_KE17,47.htm?jl=1010233671109"
Sales Development Representative (SDR) Lead,TripleDart,Bengaluru,2026-08-19,"https://www.glassdoor.co.in/job-listing/sales-development-representative-sdr-lead-tripledart-JV_IC2940587_KO0,41_KE42,52.htm?jl=1010196341843",https://www.tripledart.com,Actively Hiring,Role: Sales Development Representative (SDR) Lead | Company: TripleDart | Location: Bengaluru | Source: Glassdoor,Glassdoor,https://www.tripledart.com,"https://www.glassdoor.co.in/job-listing/sales-development-representative-sdr-lead-tripledart-JV_IC2940587_KO0,41_KE42,52.htm?jl=1010196341843"
Sales Development Representative I,ClearTax,Bengaluru,2026-08-19,"https://www.glassdoor.co.in/job-listing/sales-development-representative-i-cleartax-JV_IC2940587_KO0,34_KE35,43.htm?jl=1009981098854",https://www.cleartax.in,Actively Hiring,Role: Sales Development Representative I | Company: ClearTax | Location: Bengaluru | Source: Glassdoor,Glassdoor,https://www.cleartax.in,"https://www.glassdoor.co.in/job-listing/sales-development-representative-i-cleartax-JV_IC2940587_KO0,34_KE35,43.htm?jl=1009981098854"
Sales Development Representative,Net Solutions,Chandigarh,2026-09-07,"https://www.glassdoor.co.in/job-listing/sales-development-representative-net-solutions-JV_KO0,32_KE33,46.htm?jl=1010259113430",https://www.net.net,Actively Hiring,Role: Sales Development Representative | Company: Net Solutions | Location: Chandigarh | Source: Glassdoor,Glassdoor,https://www.net.net,"https://www.glassdoor.co.in/job-listing/sales-development-representative-net-solutions-JV_KO0,32_KE33,46.htm?jl=1010259113430"
Sales Development Representative,Rezo.ai,India,2026-09-15,"https://www.glassdoor.co.in/job-listing/sales-development-representative-rezo-ai-JV_KO0,32_KE33,40.htm?jl=1010267952982",https://www.rezoai.com,Actively Hiring,Role: Sales Development Representative | Company: Rezo.ai | Location: India | Source: Glassdoor,Glassdoor,https://www.rezoai.com,"https://www.glassdoor.co.in/job-listing/sales-development-representative-rezo-ai-JV_KO0,32_KE33,40.htm?jl=1010267952982"
Sales Development Representative – UK B2B Voice,Conexus Netcom Solutions,Navi Mumbai,2026-08-19,"https://www.glassdoor.co.in/job-listing/sales-development-representative-uk-b2b-voice-conexus-netcom-solutions-JV_IC5021997_KO0,45_KE46,70.htm?jl=1010056804984",https://www.conexusnetcom.com,Actively Hiring,Role: Sales Development Representative – UK B2B Voice | Company: Conexus Netcom Solutions | Location: Navi Mumbai | Source: Glassdoor,Glassdoor,https://www.conexusnetcom.com,"https://www.glassdoor.co.in/job-listing/sales-development-representative-uk-b2b-voice-conexus-netcom-solutions-JV_IC5021997_KO0,45_KE46,70.htm?jl=1010056804984"
Sales Development Representative - Interakt,Haptik,India,2026-08-19,"https://www.glassdoor.co.in/job-listing/sales-development-representative-interakt-haptik-JV_KO0,41_KE42,48.htm?jl=1009367354276",https://www.haptik.ai,Actively Hiring,Role: Sales Development Representative - Interakt | Company: Haptik | Location: India | Source: Glassdoor,Glassdoor,https://www.haptik.ai,"https://www.glassdoor.co.in/job-listing/sales-development-representative-interakt-haptik-JV_KO0,41_KE42,48.htm?jl=1009367354276"
Sales Development Representative (SDR) Apprentice,XenonStack,India,2026-08-19,"https://www.glassdoor.co.in/job-listing/sales-development-representative-sdr-apprentice-xenonstack-JV_KO0,47_KE48,58.htm?jl=1009865383435",https://www.xenonstack.com,Actively Hiring,Role: Sales Development Representative (SDR) Apprentice | Company: XenonStack | Location: India | Source: Glassdoor,Glassdoor,https://www.xenonstack.com,"https://www.glassdoor.co.in/job-listing/sales-development-representative-sdr-apprentice-xenonstack-JV_KO0,47_KE48,58.htm?jl=1009865383435"
Field Sales Specialist,Teya,Italy,2026-09-22,https://himalayas.app/companies/teya/jobs/field-sales-specialist-5988716520,https://www.teya.com,Actively Hiring,Type: Full Time,Himalayas,https://www.teya.com,https://himalayas.app/companies/teya/jobs/field-sales-specialist-5988716520
"Analyst, Pharmaceutical Inside Sales Representative",Cardinal Health,United States,2026-09-22,https://himalayas.app/companies/cardinal-health/jobs/analyst-pharmaceutical-inside-sales-representative,https://www.cardinalhealth.com,Actively Hiring,Type: Full Time,Himalayas,https://www.cardinalhealth.com,https://himalayas.app/companies/cardinal-health/jobs/analyst-pharmaceutical-inside-sales-representative
Business Development Manager,Trimble,Germany,2026-09-22,https://himalayas.app/companies/trimble/jobs/business-development-manager,https://www.trimble.com,Actively Hiring,Type: Full Time,Himalayas,https://www.trimble.com,https://himalayas.app/companies/trimble/jobs/business-development-manager
Director of Development-Mission Critical,Kimmel & Associates,United States,2026-09-22,https://himalayas.app/companies/kimmel-associates/jobs/director-of-development-mission-critical-4425590006,https://www.kimmelassociates.com,Actively Hiring,Type: Full Time,Himalayas,https://www.kimmelassociates.com,https://himalayas.app/companies/kimmel-associates/jobs/director-of-development-mission-critical-4425590006
National Business Development Manager - Intellihot,Zurn Elkay Water Solutions,Canada,2026-09-22,https://himalayas.app/companies/zurn-elkay-water-solutions/jobs/national-business-development-manager-intellihot,https://www.zurnelkaywater.com,Actively Hiring,Type: Full Time,Himalayas,https://www.zurnelkaywater.com,https://himalayas.app/companies/zurn-elkay-water-solutions/jobs/national-business-development-manager-intellihot
Remote - Client Sales Account Representative,American Income Life,Canada,2026-09-22,https://himalayas.app/companies/american-income-life/jobs/remote-client-sales-account-representative,https://www.americanincomelife.com,Actively Hiring,Type: Contractor,Himalayas,https://www.americanincomelife.com,https://himalayas.app/companies/american-income-life/jobs/remote-client-sales-account-representative
"Sales Commercial Account Executive, Social Impact",Blackbaud,United States,2026-09-22,https://himalayas.app/companies/blackbaud/jobs/sales-commercial-account-executive-social-impact,https://www.blackbaud.com,Actively Hiring,Type: Full Time,Himalayas,https://www.blackbaud.com,https://himalayas.app/companies/blackbaud/jobs/sales-commercial-account-executive-social-impact
Regional Sales Manager - West - Remote,McCrometer,United States,2026-09-22,https://himalayas.app/companies/mccrometer/jobs/regional-sales-manager-west-remote,https://www.mccrometer.com,Actively Hiring,Type: Full Time,Himalayas,https://www.mccrometer.com,https://himalayas.app/companies/mccrometer/jobs/regional-sales-manager-west-remote
Charter Sales Representative,Pavago,Mexico,2026-09-22,https://himalayas.app/companies/pavago/jobs/charter-sales-representative-4860746215,https://www.pavago.co,Actively Hiring,Type: Full Time,Himalayas,https://www.pavago.co,https://himalayas.app/companies/pavago/jobs/charter-sales-representative-4860746215
Territory Sales Manager - Ohio,ABB,United States,2026-09-22,https://himalayas.app/companies/global-abb/jobs/territory-sales-manager-ohio,https://www.abb.com,Actively Hiring,Type: Full Time,Himalayas,https://www.abb.com,https://himalayas.app/companies/global-abb/jobs/territory-sales-manager-ohio
Remote Sales Development Representative (SDR) Inbound and Outbound,"Nu2Discover Enterprises, LLC",Florida,2026-09-12,https://www.indeed.com/viewjob?jk=438beff577b4ed35,https://www.nu2discover.com,Actively Hiring,"Advanced sales training for closers.
Conduct sales calls via Zoom or phone.
Participate in ongoing sales training and coaching.
Who We're Looking For.",Indeed,https://www.nu2discover.com,https://www.indeed.com/viewjob?jk=438beff577b4ed35
Sales Development Representative I (Full Time) United States -Security,Cisco Systems,"Research Triangle Park, NC",2026-09-13,https://www.indeed.com/viewjob?jk=59e0b06d75bb711f,https://www.cisco.com,Actively Hiring,"$87,600.00 - $135,600.00* For quota-based sales roles on Cisco’s sales plan, the ranges provided in this posting include base pay and sales target incentive…",Indeed,https://www.cisco.com,https://www.indeed.com/viewjob?jk=59e0b06d75bb711f
Sales Development Representative,SNV Elite,"New York, NY 10040",2026-09-18,https://www.indeed.com/viewjob?jk=51dbda530bd85b59,https://www.snvelite.com,Actively Hiring,"Strong outbound sales or SDR experience.
Experience in a fast-paced startup or high-performance sales environment.
What We’re Looking For.",Indeed,https://www.snvelite.com,https://www.indeed.com/viewjob?jk=51dbda530bd85b59
Sales Development Representative,Micron,"Boise, ID",2026-09-14,https://www.indeed.com/viewjob?jk=fa0ebbaa30e9eb20,https://www.micron.com,Actively Hiring,"5–8+ years in account management, business development, or sales in semiconductor or technology.
Our vision is to transform how the world uses information to…",Indeed,https://www.micron.com,https://www.indeed.com/viewjob?jk=fa0ebbaa30e9eb20
Sales Development Representative,LogRocket,"Boston, MA 02110",2026-09-11,https://www.indeed.com/viewjob?jk=3e85476c55da90f3,https://www.logrocket.com,Actively Hiring,"Generate qualified opportunities for the commercial sales team to convert and close.
Driven and dynamic personality - you’re in sales, after all!",Indeed,https://www.logrocket.com,https://www.indeed.com/viewjob?jk=3e85476c55da90f3
Sales Development Representative II (Full Time) United States - Security,Cisco Systems,"Research Triangle Park, NC",2026-09-13,https://www.indeed.com/viewjob?jk=bdd698973e019375,https://www.cisco.com,Actively Hiring,"$99,000.00 - $144,700.00* For quota-based sales roles on Cisco’s sales plan, the ranges provided in this posting include base pay and sales target incentive…",Indeed,https://www.cisco.com,https://www.indeed.com/viewjob?jk=bdd698973e019375
Sales Development Representative (API / CPaaS),Vonage,"Atlanta, GA",2026-09-18,https://www.indeed.com/viewjob?jk=7639f95ae655077d,https://www.vonage.com,Actively Hiring,"Collaborate with marketing, account managers, and sales leadership to refine messaging and improve sales strategies.
Hybrid work in Atlanta, GA.",Indeed,https://www.vonage.com,https://www.indeed.com/viewjob?jk=7639f95ae655077d
Sales Development Representative,Morningstar,"Chicago, IL",2026-09-14,https://www.indeed.com/viewjob?jk=2087f588ebd3d937,https://www.morningstar.com,Actively Hiring,"Set up meetings, demos, and sales calls between qualified prospects and Account Executives or sales managers.
Familiarity with CRM tools (e.g., Salesforce) and…",Indeed,https://www.morningstar.com,https://www.indeed.com/viewjob?jk=2087f588ebd3d937
Outbound Sales Representative,Propelr,"Plano, TX 75024",2026-09-14,https://www.indeed.com/viewjob?jk=4867b55c55b86381,https://www.propelr.com,Actively Hiring,"Schedule appointments / sales calls for qualified prospects.
Previous experience in cold calling, telemarketing, appointment setting, customer service, or sales…",Indeed,https://www.propelr.com,https://www.indeed.com/viewjob?jk=4867b55c55b86381
Call Center Representative,Renewal by Andersen,"Peoria, IL 61604",2026-09-14,https://www.indeed.com/viewjob?jk=eeb0d3739a19599b,https://www.renewalbyandersen.com,Actively Hiring,This is a call center position that involves making and receiving a high volume of calls (averaging 20–25 per hour) to set appointments for our sales…,Indeed,https://www.renewalbyandersen.com,https://www.indeed.com/viewjob?jk=eeb0d3739a19599b
Customer Service/Sales Representative,"Advanced Call Center Technologies, LLC","Johnson City, TN 37615",2026-09-18,https://www.indeed.com/viewjob?jk=1157f8dbcff74f70,https://www.advancedcallcenter.com,Actively Hiring,"Demonstrated sales aptitude with experience in outbound calling or client engagement strategies.
This role is ideal for motivated individuals eager to develop…",Indeed,https://www.advancedcallcenter.com,https://www.indeed.com/viewjob?jk=1157f8dbcff74f70
Call Center Representative,Idaho Bath Solutions LLC,"Tualatin, OR 97062",2026-09-12,https://www.indeed.com/viewjob?jk=c0d6c8e4f8d6c88a,https://www.idahobath.com,Actively Hiring,"College degree or sales training.
If you love connecting with people, thrive in a fast-paced environment, and want to earn serious money while building your…",Indeed,https://www.idahobath.com,https://www.indeed.com/viewjob?jk=c0d6c8e4f8d6c88a
Inside Sales Representative - W2 With Weekly Bonuses,"Feazel Roofing,LLC","New Albany, OH 43054",2026-09-11,https://www.indeed.com/viewjob?jk=dd2fe6f90a3980b3,https://www.feazelroofing.com,Actively Hiring,"Experienced in sales, appointment setting, or outbound calling.
We're building out our inside sales team with people who know how to open doors — literally and…",Indeed,https://www.feazelroofing.com,https://www.indeed.com/viewjob?jk=dd2fe6f90a3980b3
Sales Development Representative,Jackson Mitchell Agency,"Lakeville, MN 55044",2026-09-18,https://www.indeed.com/viewjob?jk=5b1dce40d3b1fdfd,https://www.jacksonmitchellagency.com,Actively Hiring,"Is interested in potential advancement into insurance sales.
Potential career path into a licensed insurance sales position.
What We Are Looking For.",Indeed,https://www.jacksonmitchellagency.com,https://www.indeed.com/viewjob?jk=5b1dce40d3b1fdfd
Sales Telemarketing Representative,Megan Imel State Farm Agency,"Louisville, KY 40205",2026-09-13,https://www.indeed.com/viewjob?jk=fea0f0b6954d72d7,https://www.meganimelstatefarmagency.com,Actively Hiring,"Knowledge of sales automation technologies and sales technology adoption strategies.
Proven experience in technology sales or technical sales environments,…",Indeed,https://www.meganimelstatefarmagency.com,https://www.indeed.com/viewjob?jk=fea0f0b6954d72d7
Account Development Representative II (Full Time) United States - Virtual Demand Center,Cisco Systems,"Research Triangle Park, NC",2026-09-18,https://www.indeed.com/viewjob?jk=1355e12d22efc3de,https://www.cisco.com,Actively Hiring,"$99,000.00 - $144,700.00* For quota-based sales roles on Cisco’s sales plan, the ranges provided in this posting include base pay and sales target incentive…",Indeed,https://www.cisco.com,https://www.indeed.com/viewjob?jk=1355e12d22efc3de
Sales Development Representative,Assists.com,"New York, NY 10012",2026-09-12,https://www.indeed.com/viewjob?jk=eb3caa095e8c509b,https://www.assistscom.com,Actively Hiring,"Passion for sales and results.
Compensation: 120k-180k OTE with 80k-90k base - Uncapped Commission Location: NYC (in-office).
Extreme ownership of your quota.",Indeed,https://www.assistscom.com,https://www.indeed.com/viewjob?jk=eb3caa095e8c509b
Entry Level Sales Manager,Confidential,"Houston, TX 77036",2026-09-18,https://www.indeed.com/viewjob?jk=333f13d9099d5d48,https://www.linkedin.com,Actively Hiring,"Comprehensive hands-on training, ongoing coaching, and professional development.
Comfortable working in a fast-paced, team-oriented sales environment.",Indeed,https://www.linkedin.com,https://www.indeed.com/viewjob?jk=333f13d9099d5d48
Bilingual Senior Business Development Manager – Mexico (Automotive Tier 1),Electronic Components,"El Paso, TX 88560",2026-09-11,https://www.indeed.com/viewjob?jk=66bf65d4dfacc673,https://www.electroniccomponents.com,Actively Hiring,"5+ years of business development or technical sales experience.
Lead negotiations and business development activities.
Build What Others Haven't*.",Indeed,https://www.electroniccomponents.com,https://www.indeed.com/viewjob?jk=66bf65d4dfacc673
Regional Sales Executive,Athenahealth,"Boston, MA 02135",2026-09-14,https://www.indeed.com/viewjob?jk=3084535f18287aae,https://www.athenahealth.com,Actively Hiring,"Tech or healthcare sales experience preferred.
Maintain a strong sales pipeline using Salesforce.
Ability to understand a full-cycle sales process.",Indeed,https://www.athenahealth.com,https://www.indeed.com/viewjob?jk=3084535f18287aae
"Neuroscience Sales Specialist (Washington, DC) – Johnson & Johnson Innovative Medicine","Johnson & Johnson Services, Inc.","Washington, DC",2026-09-12,https://www.indeed.com/viewjob?jk=6f13f46905291510,https://www.johnsonjohnson.com,Actively Hiring,"Demonstrated track record of consistently achieving sales goals in a competitive selling environment.
A minimum of three (3) years of relevant work experience…",Indeed,https://www.johnsonjohnson.com,https://www.indeed.com/viewjob?jk=6f13f46905291510
"Neuroscience Sales Specialist (Washington, DC) – Johnson & Johnson Innovative Medicine","Johnson & Johnson Services, Inc.","Washington, DC",2026-09-12,https://www.indeed.com/viewjob?jk=f3b24f6df63e3d9d,https://www.johnsonjohnson.com,Actively Hiring,"Demonstrated track record of consistently achieving sales goals in a competitive selling environment.
A minimum of three (3) years of relevant work experience…",Indeed,https://www.johnsonjohnson.com,https://www.indeed.com/viewjob?jk=f3b24f6df63e3d9d
Business Sales Account Manager,Verizon,"Des Moines, IA",2026-09-13,https://www.indeed.com/viewjob?jk=11216fa44bfd20bc,https://www.verizon.com,Actively Hiring,"Experience in outside sales, prospecting and negotiation.
Technology sales and educational experience i.e. SaaS sales experience, CRM, SalesForce or other…",Indeed,https://www.verizon.com,https://www.indeed.com/viewjob?jk=11216fa44bfd20bc
"Sales Development Representative (German Speaker), Observability",Snowflake,"Atlanta, GA",2026-09-18,https://www.indeed.com/viewjob?jk=7617f6c4d7ddce47,https://www.snowflake.com,Actively Hiring,"Proven success in driving consistent activity, pipeline development and quota achievement.
Snowflake’s Commercial sales organization continues to grow and we…",Indeed,https://www.snowflake.com,https://www.indeed.com/viewjob?jk=7617f6c4d7ddce47
Sales Development Representative,InterContinental Hotels Group,"Atlanta, GA 30346",2026-09-13,https://www.indeed.com/viewjob?jk=81192e73da0f8307,https://www.intercontinentalhotels.com,Actively Hiring,"2-5 years of experience in inside sales, lead generation, business development, fundraising or related commercial roles.
What we need from you.",Indeed,https://www.intercontinentalhotels.com,https://www.indeed.com/viewjob?jk=81192e73da0f8307
Sales Development Representative,Apptegy,"Chicago, IL",2026-09-13,https://www.indeed.com/viewjob?jk=3ef8277f11973833,https://www.apptegy.com,Actively Hiring,"Experience in outbound prospecting, sales development, customer-facing work, or another high-accountability environment is helpful, but not required.",Indeed,https://www.apptegy.com,https://www.indeed.com/viewjob?jk=3ef8277f11973833
Sales Development Representative,Booz Allen Hamilton,"McLean, VA 22102",2026-09-13,https://www.indeed.com/viewjob?jk=16d3ae306f1a266d,https://www.boozallenhamilton.com,Actively Hiring,"Experience helping create and improve sales development processes for a new product motion.
2+ years of experience in sales, business development, customer e…",Indeed,https://www.boozallenhamilton.com,https://www.indeed.com/viewjob?jk=16d3ae306f1a266d
Vendor Development Representative,Bill.com,United States,2026-09-15,https://www.indeed.com/viewjob?jk=415757c46232e262,https://www.billcom.com,Actively Hiring,"1-2 years of experience in outbound sales, supplier or vendor outreach, inside sales, or payment operations support in a B2B environment or equivalent.",Indeed,https://www.billcom.com,https://www.indeed.com/viewjob?jk=415757c46232e262
Sales Development Representative,Aristostar,Chennai District,2026-09-18,https://www.jobleads.com/in/job/sales-development-representative--chennai-district--e11cec2935cc536af0e5390f0d1be2f57,https://www.aristostar.com,Actively Hiring,"Company: Aristostar | We are looking for a Sales Development Representative (SDR) to join our team. You will be responsible for identifying potential customers, generating new business opportunities, and managing leads through the sales pipeline. You will work closely with the sales team to ensure that our company's sales goals are met. Responsibilities Identify potential customers and generate new opportunities through digital channels and platforms Contact and qualify potential customers Set appointments and follow up on leads Collaborate with the sales team to develop strategies for reaching sales targets Use customer relationship management (CRM) software to manage leads and sales activities Stay up-to-date on market trends, competition, and industry developments Requirements and skills: 2-3 years of experience in sales or customer service Proficiency in customer relationship management (CRM) software Strong verbal and written communication skills Ability to build and maintain rela",JobLeads,https://www.aristostar.com,https://www.jobleads.com/in/job/sales-development-representative--chennai-district--e11cec2935cc536af0e5390f0d1be2f57
Sales Development Representative,Zocket,Chennai District,2026-09-04,https://www.jobleads.com/in/job/sales-development-representative--chennai-district--e9aaff042b8b242f3d07c0a5964f240b1,https://www.zocket.com,Actively Hiring,"Company: Zocket | We’re looking for a Sales Development Representative (SDR) to help build and qualify pipeline for the US market. You’ll be responsible for identifying potential customers, reaching out to marketing leaders at enterprise and high-growth companies, and setting up qualified meetings for our sales team. This role is ideal for someone who enjoys researching prospects, crafting personalized outreach, and building conversations with global decision-makers. What You’ll Do Identify and research target accounts in the US market . Reach out to marketing leaders, CMOs, and growth teams through cold emails, LinkedIn, and outbound calls. Create personalized outreach campaigns to generate interest in Zocket’s platform. Qualify inbound and outbound leads to determine product fit. Schedule product demo meetings for the enterprise sales team. Maintain and update prospect information in the CRM. Work closely with the sales and marketing teams to refine outreach strategies. Continuously",JobLeads,https://www.zocket.com,https://www.jobleads.com/in/job/sales-development-representative--chennai-district--e9aaff042b8b242f3d07c0a5964f240b1
Sales Development Representative,Botree Software,"Gurugram District, Chennai District, Bengaluru",2026-09-04,https://www.jobleads.com/in/job/sales-development-representative--gurugram-district--chennai-district--bengaluru--e679f162a4565c15d9abd1320a469d6b5,https://www.botreesoftware.com,Actively Hiring,"Company: Botree Software | Role & responsibilities Utilize prospecting tools to source and identify new sales opportunities. Effectively articulate the value of our products via cold outreach methods. Identify the needs of the prospect and suggest the appropriate product from the Botree suite. Build long-term, trusting relationships with key business decision makers to qualify leads as sales opportunities. Maintain and manage a pipeline of interested prospects and include the sales executives in the next steps. Schedule calls between the potential customer and the sales executives. Manage MIS and Database Maintain excel worksheets and CRM for all the contacts Utilize best practices for sales methodology Requirements Four or more years as sales development representative with a proven track record of exceeding targets. Excellent written and verbal communication skills with the ability to effectively deliver presentations Strong communication skills over phone, email, and LinkedIn to est",JobLeads,https://www.botreesoftware.com,https://www.jobleads.com/in/job/sales-development-representative--gurugram-district--chennai-district--bengaluru--e679f162a4565c15d9abd1320a469d6b5
Sales Development Representative  (SaaS) - US,Entropik,Chennai District,2026-09-04,https://www.jobleads.com/in/job/sales-development-representative-saas-us--chennai-district--eaaaffda8c78bc0604de85f2315542f93,https://www.entropik.com,Actively Hiring,"Company: Entropik | About Entropik Entropik is a leading human insights AI company that enables organizations across the globe to measure, analyze, and optimize customer experience (CX), user experience (UX), and market research (MR) in real-time. We offer a suite of patented Emotion AI technologies integrated into our Unified Insights Platform, helping companies make faster, efficient, and bias‑free decisions with real human insights. Our products serve Fortune 500 brands including Amazon, Disney, P&G, Walmart, KFC, and Intel, transforming how organizations understand consumer behavior through cutting‑edge emotion AI, eye tracking, and behavioral analytics. About The Role Entropik is seeking a highly energetic Sales Development Representative (SDR) passionate about B2B SaaS sales to accelerate our US market expansion. In this individual contributor role, you will focus on building a strong pipeline through outbound outreach with an emphasis on high‑volume cold calling to generate and",JobLeads,https://www.entropik.com,https://www.jobleads.com/in/job/sales-development-representative-saas-us--chennai-district--eaaaffda8c78bc0604de85f2315542f93
Sales Development Rep,winzonesoftech,Chennai District,2026-09-04,https://www.jobleads.com/in/job/sales-development-rep--chennai-district--eea3bdc8764626921d8a2c34749f7f7f6,https://www.winzonesoftech.com,Actively Hiring,winzonesoftech is hiring Sales Development Rep in Chennai District. Apply now with JobLeads!,JobLeads,https://www.winzonesoftech.com,https://www.jobleads.com/in/job/sales-development-rep--chennai-district--eea3bdc8764626921d8a2c34749f7f7f6
Sales Professional,Full Basket Property Services,Chennai District,2026-09-05,https://www.jobleads.com/in/job/sales-professional--chennai-district--eca009fcee741be8e3cd6280fe8bf463c,https://www.fullbasketproperty.com,Actively Hiring,"Company: Full Basket Property Services | Responsibilities Developing sales plans and strategies to achieve sales goals. Managing lead generation and ensuring regular site visits are generated by the team. Helping the team in sales closures. Ensuring 3x of team cost is achieved as net revenue. Reviewing client activity, anticipating client needs, and improving overall satisfaction. Creating sales reports and providing feedback to the leadership team. Establishing and maintaining key customer relationships. Handling a team size of 10 to 12 people. Requirements Master""s degree in a business-related field may be advantageous. 4+ years experience in handling sales teams. Excellent leadership, communication, interpersonal, and customer service skills. Good strategic planning, organizational, and creative thinking skills.",JobLeads,https://www.fullbasketproperty.com,https://www.jobleads.com/in/job/sales-professional--chennai-district--eca009fcee741be8e3cd6280fe8bf463c
Sales Representative,Jain International Trade Organisation,India,2026-09-04,https://www.jobleads.com/in/job/sales-representative--chennai-district--e27eda743a10c4734560dd4ba50314be3,https://www.jaininternationaltradeorganisation.com,Actively Hiring,Jain International Trade Organisation - India is hiring Sales Representative in Chennai District. Apply now with JobLeads!,JobLeads,https://www.jaininternationaltradeorganisation.com,https://www.jobleads.com/in/job/sales-representative--chennai-district--e27eda743a10c4734560dd4ba50314be3
Sales Representative,JITO,Chennai District,2026-09-04,https://www.jobleads.com/in/job/sales-representative--chennai-district--e8d44023978c4203eeb0836bae72a5409,https://www.jito.net,Actively Hiring,JITO is hiring Sales Representative in Chennai District. Apply now with JobLeads!,JobLeads,https://www.jito.net,https://www.jobleads.com/in/job/sales-representative--chennai-district--e8d44023978c4203eeb0836bae72a5409
Sales Representative,Oasis Study Abroad,Chennai District,2026-09-07,https://www.jobleads.com/in/job/sales-representative--chennai-district--ec91e94b6c49dc4417881da4c363c7b40,https://www.oasisstudyabroad.com,Actively Hiring,"Company: Oasis Study Abroad | Roles and Responsibilities Generate leads through cold calling, emailing, and social media platforms to drive business growth. Identify potential customers' needs and provide solutions using our products/services. Build strong relationships with existing clients to increase customer satisfaction and retention. Collaborate with internal teams (e.g., marketing, operations) to achieve sales targets. Stay up-to‑date on industry trends and competitor activity to stay ahead of the competition. Desired Candidate Profile 0-1 year of experience in B2B sales or field sales preferred but not required. Bachelor's degree in any discipline (preferably B.Tech or MBA). Strong communication skills for effective client interaction over phone calls, emails, and face‑to‑face meetings. Proficiency in Microsoft Office Suite (Word, Excel, PowerPoint) for data analysis and presentation preparation.",JobLeads,https://www.oasisstudyabroad.com,https://www.jobleads.com/in/job/sales-representative--chennai-district--ec91e94b6c49dc4417881da4c363c7b40
Sales Engineer,Thinkinnovsolution,Chennai District,2026-09-04,https://www.jobleads.com/in/job/sales-engineer--chennai-district--e982c8eaac12edf9d78272a08ede5fc66,https://www.thinkinnovsolution.com,Actively Hiring,Thinkinnovsolution is hiring Sales Engineer in Chennai District. Apply now with JobLeads!,JobLeads,https://www.thinkinnovsolution.com,https://www.jobleads.com/in/job/sales-engineer--chennai-district--e982c8eaac12edf9d78272a08ede5fc66
Business Development Representative,Denodo Technologies,Chennai District,2026-09-04,https://www.jobleads.com/in/job/business-development-representative--chennai-district--e5619df59a539738b34f8b17cb285a43e,https://www.denodo.com,Actively Hiring,"Company: Denodo Technologies | Job Summary We are seeking talented candidates with a desire to work in collaboration with our sales and marketing team, focused on exceeding goals in enterprise level B2B environments. The selected candidate will be a high achiever, marked by perseverance, humility and a positive outlook in the face of challenges. This is a full-time position, reporting to the Regional VP of Sales. Those who thrive in this role will challenge themselves to improve processes and strategies to take their career and the company to the next level. You will play a key role within our sales organization. Responsibilities Uncover & qualify prospective customer needs, understand business processes, identify opportunities, understand requirements, and ascertaining potential areas for Denodo to add value. Researching target companies and key decision makers to identify their business challenges and need for Denodo solutions. Effectively introduce and represent the Denodo product.",JobLeads,https://www.denodo.com,https://www.jobleads.com/in/job/business-development-representative--chennai-district--e5619df59a539738b34f8b17cb285a43e
Sales Executive,Pulse Telesystems,Chennai District,2026-09-13,https://www.jobleads.com/in/job/sales-executive--chennai-district--e574a204cd552806e81faacb255ab94b6,https://www.pulsetelesystems.com,Actively Hiring,"Company: Pulse Telesystems | The candidate for this position will excel at creating and closing new opportunities. By using a consultative approach to selling, this person will use their expertise to identify and qualify leads, leading to sales opportunities with both new and existing customers. Responsibilities Meet and exceed sales targets Successfully create business from new and existing customer accounts Manage complex negotiations with senior-level executives Build rapport and establish long term relationships with customers Qualifications 2-5 years' quota carrying sales experience Experience and working knowledge of CRM systems Demonstrable track record of over-achieving quota Strong written and verbal communication skills",JobLeads,https://www.pulsetelesystems.com,https://www.jobleads.com/in/job/sales-executive--chennai-district--e574a204cd552806e81faacb255ab94b6
Business Development Representative,YourTribe,Chennai District,2026-09-04,https://www.jobleads.com/in/job/business-development-representative--chennai-district--eb7731beaf92830b1db316b4044aa94a1,https://www.yourtribe.com,Actively Hiring,YourTribe is hiring Business Development Representative in Chennai District. Apply now with JobLeads!,JobLeads,https://www.yourtribe.com,https://www.jobleads.com/in/job/business-development-representative--chennai-district--eb7731beaf92830b1db316b4044aa94a1
"Business Development Representative, Business Development",Denodo,Chennai District,2026-09-18,https://www.jobleads.com/in/job/business-development-representative-business-development--chennai-district--e3bbf7b77a9dfcf1913e7447e7204b47e,https://www.denodo.com,Actively Hiring,"Company: Denodo | We are seeking talented candidates with a desire to work in collaboration with our sales and marketing team, focused on exceeding goals in enterprise level B2B environments. The selected candidate will be a high achiever, marked by perseverance, humility and a positive outlook in the face of challenges. This is a full-time position, reporting to the Regional VP of Sales. Those who thrive in this role will challenge themselves to improve processes and strategies to take their career and the company to the next level. You will play a key role within our sales organization. Job Responsibilities & Duties Uncover & qualify prospective customer needs, understand business processes, identify opportunities, understand requirements, and ascertaining potential areas for Denodo to add value. Researching target companies and key decision makers to identify their business challenges and need for Denodo solutions. Effectively introduce and represent the Denodo product. Write compel",JobLeads,https://www.denodo.com,https://www.jobleads.com/in/job/business-development-representative-business-development--chennai-district--e3bbf7b77a9dfcf1913e7447e7204b47e
Sales Development Representative,DD+ Architects,Chennai District,2026-09-04,https://www.jobleads.com/in/job/sales-development-representative--chennai-district--edb95098a5dc175ffa586ddca229ca207,https://www.ddarchitects.com,Actively Hiring,"Company: DD+ Architects | Job description: Position: Business Development Executive Department: Business Development Experience: 03 Years Employment Type: Full-Time Reporting To: Business Development Manager / Head of Business Development Location: Chennai 1. About the Role We are looking for a proactive and result-oriented Business Development Executive to support our business growth and client acquisition initiatives. The candidate will be responsible for identifying new business opportunities, researching potential clients, initiating conversations, generating qualified leads, developing client relationships, coordinating meetings, and supporting the conversion of opportunities into projects. This role is ideal for an individual who is confident in communication, enjoys interacting with clients, is comfortable with business outreach, and has a strong interest in sales and business development. 2. Key Responsibilities Business Development & Lead Generation Identify and research poten",JobLeads,https://www.ddarchitects.com,https://www.jobleads.com/in/job/sales-development-representative--chennai-district--edb95098a5dc175ffa586ddca229ca207
Sales/ Business Development Representative,CustomerLabs,Chennai District,2026-09-04,https://www.jobleads.com/in/job/sales-business-development-representative--chennai-district--ec011975717327ac64e8d0d5a68dc3191,https://www.customerlabs.com,Actively Hiring,"Company: CustomerLabs | Sales/ Business Development Representative Sales/Business DevelopmentRepresentative About CustomerLabs CustomerLabs isa fast-growing B2B SaaS company helping businesses maximize the value of theirfirst-party customer data. Our platform helps marketers collect, unify, andactivate customer data to improve marketing performance and drive measurablegrowth. About the Role You'll helpgrow CustomerLabs by identifying, qualifying, and nurturing SaaS opportunities.You'll own meaningful parts of the outbound and inbound pipeline, work closelywith Sales and Marketing, use data to improve outreach, and help junior SDRslevel up. What You'll Do Research and identify high-potential prospects within targetindustries and companies. Generate qualified leads through outbound prospecting, cold calling,email, social outreach, and inbound follow-up. Run discovery conversations to understand prospect needs,challenges, goals, and product fit. Nurture prospects through longer sales cycl",JobLeads,https://www.customerlabs.com,https://www.jobleads.com/in/job/sales-business-development-representative--chennai-district--ec011975717327ac64e8d0d5a68dc3191
Sales Executive,Fresa Technologies,IT Solution provider for Freight Forwarders,2026-09-04,https://www.jobleads.com/in/job/sales-executive--chennai-district--e326027729f5cde5943013cf5fb6f6e16,https://www.fresa.com,Actively Hiring,"Company: Fresa Technologies | The candidate for this position will excel at creating and closing new opportunities. By using a consultative approach to selling, this person will use their expertise to identify and qualify leads, leading to sales opportunities with both new and existing customers. Responsibilities Meet and exceed sales targets Successfully create business from new and existing customer accounts Manage complex negotiations with senior-level executives Build rapport and establish long term relationships with customers Qualifications 2-5 years' quota carrying sales experience Experience and working knowledge of CRM systems Demonstrable track record of over-achieving quota Strong written and verbal communication skills",JobLeads,https://www.fresa.com,https://www.jobleads.com/in/job/sales-executive--chennai-district--e326027729f5cde5943013cf5fb6f6e16
Sales Representative,Softrate Global (India),Chennai District,2026-09-04,https://www.jobleads.com/in/job/sales-representative--chennai-district--e943a171e1a659b1da5bf3a095536b21a,https://www.softrateglobal.com,Actively Hiring,"Company: Softrate Global (India) | Role & responsibilities In this role, the Sales Executive will identify and qualify new business opportunities, conduct client meetings and presentations, and build strong relationships with prospects and existing customers. Responsibilities include managing the sales pipeline, preparing proposals and quotations, negotiating terms, and closing deals that align with company goals. Proven skills in consultative selling, lead generation, and pipeline management in a technology or SaaS environment. Experience in client relationship management, account management, and stakeholder communication. Ability to understand technical offerings, translate them into business value, and present solutions effectively. Strong negotiation, objection handling, and closing skills with a focus on ethical, customer-centric sales practices. Excellent verbal and written communication skills in English; proficiency in regional languages is an advantage. Comfort with CRM tools,",JobLeads,https://www.softrateglobal.com,https://www.jobleads.com/in/job/sales-representative--chennai-district--e943a171e1a659b1da5bf3a095536b21a
Sales Engineer,Chem-tech Associates,Chennai District,2026-09-05,https://www.jobleads.com/in/job/sales-engineer--chennai-district--eaa4dc26ab3ccd2ce19a68f6eb9af73cc,https://www.chemassociates.com,Actively Hiring,"Company: Chem-tech Associates | Roles and Responsibilities Develop new business opportunities through effective sales strategies, product demonstrations, and customer meetings. Manage existing accounts to increase revenue growth and expand product offerings. Collaborate with cross-functional teams to resolve technical issues and provide solutions to customers. Identify potential customers' needs and develop targeted marketing campaigns to drive enquiry generation. Negotiate contracts and pricing agreements with clients.",JobLeads,https://www.chemassociates.com,https://www.jobleads.com/in/job/sales-engineer--chennai-district--eaa4dc26ab3ccd2ce19a68f6eb9af73cc
Sales Officer,Saaki Argus And Averil Consulting,Chennai District,2026-09-04,https://www.jobleads.com/in/job/sales-officer--chennai-district--e9e7a720d6c6a2471c684e876afb9ac7f,https://www.saaconsulting.co.in,Actively Hiring,"Company: Saaki Argus And Averil Consulting | Key Responsibilities Drive primary and secondary sales targets across assigned territory Appoint, manage, and motivate distributors and channel partners Ensure effective product availability, visibility, and merchandising at retail outlets Execute trade marketing activities, promotions, and schemes Monitor market trends, competitor activity, and consumer insights Ensure timely collections and adherence to credit norms Work closely with marketing, supply chain, and finance teams Prepare sales reports, forecasts, and territory performance updates Lead, train and guide field sales team (for managerial roles)",JobLeads,https://www.saaconsulting.co.in,https://www.jobleads.com/in/job/sales-officer--chennai-district--e9e7a720d6c6a2471c684e876afb9ac7f
Sales Development Representative - APAC,Entropik,Chennai,2026-09-04,https://www.jobleads.com/in/job/sales-development-representative-apac--chennai--eeeef9d6609353d8bb83450a511edde76,https://www.entropik.com,Actively Hiring,"Entropik is looking for an SDR with an inclination to B2B SAAS Sales to help us expand our global clientele across the APAC market. This is an outbound heavy role and you will be required to build a pipeline of prospects through cold outreach via calling, emails and social media. As an individual contributor, you would be working on prospects across Industry segments for respective mid-to-enterprise markets. Requirements 1-3 years of B2B SaaS Sales experience in a high-growth environment. Analytical ability to comprehend and articulate Entropik's product offerings and benefits Excellent verbal and written communication skills; the ability to call, connect, and interact with potential customers. Self-driven and have a passion for Sales. Must have the ability to articulate Proficient with LinkedIn, CRM tools, MS Office, and prospecting tools. About Entropik Entropik is a human insights AI company that enables brands across the globe to conduct market research and optimize their customer",JobLeads,https://www.entropik.com,https://www.jobleads.com/in/job/sales-development-representative-apac--chennai--eeeef9d6609353d8bb83450a511edde76
Sales executive,Hexmeta,Chennai District,2026-09-04,https://www.jobleads.com/in/job/sales-executive--chennai-district--e31c3d485e035b888a738c7e473f6dd0e,https://www.hexmeta.com,Actively Hiring,Hexmeta is hiring Sales executive in Chennai District. Apply now with JobLeads!,JobLeads,https://www.hexmeta.com,https://www.jobleads.com/in/job/sales-executive--chennai-district--e31c3d485e035b888a738c7e473f6dd0e
Sales Executive (B2B SaaS),ProdEx Technologies Private Limited,Chennai District,2026-09-04,https://www.jobleads.com/in/job/sales-executive-b2b-saas--chennai-district--ef215c194f369966ce87fd904b17e335d,https://www.prodex.com,Actively Hiring,"Company: ProdEx Technologies Private Limited | We are hiring a result-oriented Sales Executive to drive sales for the SaaS product across US and international markets. The role carries full-cycle ownership of the sales process - prospecting, product demonstrations, closing, and customer onboarding. You will sell directly to US-based SDR managers, B2B sales leaders, founders, and consultants. Responsibilities Identify and engage new B2B prospects through outbound channels - email, phone, and LinkedIn. Conduct online product demonstrations tailored to the prospect's business needs. Manage the complete sales cycle from first contact through subscription closure. Onboard new customers and ensure a successful first month with the product. Maintain accurate pipeline and forecast data in the CRM. Collaborate with the Chennai product team. Requirements Minimum 3 years of experience in B2B SaaS sales, with full-cycle responsibility (not SDR-only). Demonstrated track record of selling to US or E",JobLeads,https://www.prodex.com,https://www.jobleads.com/in/job/sales-executive-b2b-saas--chennai-district--ef215c194f369966ce87fd904b17e335d
Business Development Representative (Outbound) - International Sales,LateShipment.com,Chennai District,2026-09-04,https://www.jobleads.com/in/job/business-development-representative-outbound-international-sales--chennai-district--ec432ed7031d52cf3d77cf3b30efe3e67,https://www.lateshipmentcom.com,Actively Hiring,"Company: LateShipment.com | At a glance Role Business Development Representative (Outbound) Experience - 0 to 3 years Shift - US hours, roughly 5:30 PM to 2:30 AM IST. Key Responsibilities Conduct outbound calls, emails, LinkedIn outreach, and other prospecting activities to identify potential international clients. Research target markets, companies, and decision-makers to build a strong prospect pipeline. Generate and qualify leads based on business requirements, budget, authority, and buying intent. Engage with international prospects and understand their business needs. Schedule qualified meetings and product/service demonstrations for the Sales/Business Development team. Maintain and regularly update lead and prospect information in the CRM . Follow up consistently with prospects through multiple communication channels. Achieve assigned lead generation, qualified meeting, and sales pipeline targets . Work closely with Account Executives and Sales Managers to ensure smooth lead han",JobLeads,https://www.lateshipmentcom.com,https://www.jobleads.com/in/job/business-development-representative-outbound-international-sales--chennai-district--ec432ed7031d52cf3d77cf3b30efe3e67
"Sales Officer - Chennai, Coimbatore, Madurai",AP Talent Search Services,Chennai District,2026-09-04,https://www.jobleads.com/in/job/sales-officer-chennai-coimbatore-madurai--chennai-district--e1840ac5d147c17f464c47f3c1aae6654,https://www.aptalentsearch.com,Actively Hiring,"Company: AP Talent Search Services | Key Responsibilities Lead Generation: Find new clients via cold calls, networking, and referrals. Customer Relations: Build lasting connections and answer client questions. Sales Execution: Give product presentations, negotiate prices, and close deals. Market Analysis: Study competitor products and track local market trends. Reporting: Maintain accurate records in CRM software and submit sales reports to management. Team Collaboration: Work with marketing and product teams to meet company targets",JobLeads,https://www.aptalentsearch.com,https://www.jobleads.com/in/job/sales-officer-chennai-coimbatore-madurai--chennai-district--e1840ac5d147c17f464c47f3c1aae6654
Sales Development Representative - APAC,Entropik,Chennai District,2026-09-04,https://www.jobleads.com/in/job/sales-development-representative-apac-us--chennai-district--e0e8c86c94fdd278f5d2099f0c04db136,https://www.entropik.com,Actively Hiring,Entropik is hiring Sales Development Representative - APAC in Chennai District. Apply now with JobLeads!,JobLeads,https://www.entropik.com,https://www.jobleads.com/in/job/sales-development-representative-apac-us--chennai-district--e0e8c86c94fdd278f5d2099f0c04db136
Sales Executive,dacgu,Chennai District,2026-09-04,https://www.jobleads.com/in/job/sales-executive--chennai-district--e45dfae7ed2028920576cc2eb6a1e60b9,https://www.dacgu.com,Actively Hiring,"Company: dacgu | We are looking for experienced, passionate and motivated individuals to join our Sales team. Your main responsibility will be to drive our business success by implementing a strong & sustainable sales strategy. Your responsibilities: Conduct market research to identify selling possibilities and evaluate customer needs Actively seek out new sales opportunities through cold calling, networking & social media Maintain and develop good relationship with customers through personal contact or meetings Prepare and deliver appropriate presentations on products and services Create frequent reviews & reports with sales and financial data Ensure the availability of licenses or stocks for sales and demonstrations Display efficiency in gathering market and customer information to enable negotiations regarding variations in prices, delivery & customer specifications to their managers Collaborate with team members; gather feedback from customers or prospects and share with internal t",JobLeads,https://www.dacgu.com,https://www.jobleads.com/in/job/sales-executive--chennai-district--e45dfae7ed2028920576cc2eb6a1e60b9
Sales Engineer,Shiran Engineering Services,Chennai District,2026-09-04,https://www.jobleads.com/in/job/sales-engineer--chennai-district--eb31f8f12a05c515ee809b0404cbc5c24,https://www.shiranengineering.com,Actively Hiring,"Company: Shiran Engineering Services | Develop and execute sales strategies to achieve business objectives. Build and maintain strong relationships with customers to understand their needs and deliver tailored solutions. Conduct market research and competitor analysis to stay ahead in the industry. Collaborate with cross-functional teams to develop new products and services. Provide technical support and training to customers on our products and services. Analyze sales data and performance metrics to optimize sales strategies. Disclaimer: This job posting has been aggregated from external source. Role details, content, and availability are subject to change. Applicants are advised to confirm the latest information directly on the company website before applying.",JobLeads,https://www.shiranengineering.com,https://www.jobleads.com/in/job/sales-engineer--chennai-district--eb31f8f12a05c515ee809b0404cbc5c24
Sales Executive - Region 2,BrainGroom,Chennai District,2026-09-04,https://www.jobleads.com/in/job/sales-executive-region-2--chennai--e662577a1ef2a4f97c6aa8240ecfb89e2,https://www.braingroom.com,Actively Hiring,"Company: BrainGroom | Builds business by identifying and selling prospects; maintaining relationships with clients. Identifies business opportunities by researching and analyzing sales options. Sells products by establishing contact and developing relationships with prospects; recommending solutions. Different roles like Telesales, Field sales and Instore sales positions are available. Instore Sales Responsible for all sales activities and sales associate job duties, from greeting customers, answering questions, offering assistance, suggesting items, lending opinions and providing product information. Field Sales A field sales executive travels to locations to advocate supply of products to the customers they have targeted and the ones they are already dealing with. It also involves operating outside the office, pitching potential clients and maximizing the company's sales of their products and services. These tasks are often performed over cold calling or knocking on doors or scheduli",JobLeads,https://www.braingroom.com,https://www.jobleads.com/in/job/sales-executive-region-2--chennai--e662577a1ef2a4f97c6aa8240ecfb89e2
Sales Development Representative – Voice AI (CCaaS / CPaaS Solutions),Zudu AI,Chennai,2026-09-04,https://www.jobleads.com/in/job/sales-development-representative-voice-ai-ccaas-cpaas-solutions--chennai--e664bf43750713f10efa9019705b7e8d9,https://www.zuduai.com,Actively Hiring,Zudu AI is hiring Sales Development Representative – Voice AI (CCaaS / CPaaS Solutions) in Chennai. Apply now with JobLeads!,JobLeads,https://www.zuduai.com,https://www.jobleads.com/in/job/sales-development-representative-voice-ai-ccaas-cpaas-solutions--chennai--e664bf43750713f10efa9019705b7e8d9
Sales Engineer,Recex.co,Chennai District,2026-09-04,https://www.jobleads.com/in/job/sales-engineer--chennai-district--ee6c2189a4fb46f2391c84af6580def44,https://www.recex.com,Actively Hiring,"Company: Recex.co | Responsible for achieving sales targets, building customer relationships, identifying new business opportunities, and providing excellent customer service to ensure client satisfaction. Building and maintaining a strong sales funnel. Prepare Weekly Sales, Collection and Visit Plan. Need to update Daily Visit reports on the CRM. Need to visit customer for meetings, product presentation, demonstration and business development activities. Handle negotiations wisely with a win-win attitude. Track dispatching of machines from warehouse to customer. Handling escalation of service issues at the assigned territory Support in new product and new application development. Languages: Excellent Verbal and written English communication skills along with the native language. Additionally managing to talk in Hindi and any other Indian language shall be preferrable but not limited. Physically fit to travel around the assigned territory on a regular basis",JobLeads,https://www.recex.com,https://www.jobleads.com/in/job/sales-engineer--chennai-district--ee6c2189a4fb46f2391c84af6580def44
Sales Executive,Ecphasis Infotech Private Limited,Chennai District,2026-09-04,https://www.jobleads.com/in/job/sales-executive--chennai-district--ea858f2fe103ef4233a5545d5a2dcf4b7,https://www.ecphasisinfotech.com,Actively Hiring,"Company: Ecphasis Infotech Private Limited | Conduct thorough market research to identify potential clients, market trends, and competitive landscape. Generate new business leads through various channels such as cold calling, networking, online research, and attending industry events Qualify leads to ensure alignment with the company's target market and services Build and maintain strong relationships with existing clients and key stakeholders. Understand client needs and provide solutions to address their challenges. Drive the sales process from lead identification to closing deals. Negotiate terms and conditions with clients, ensuring mutually beneficial agreements. Qualifications and Skills: Bachelor's degree in business, marketing, or a related field. Proven experience in business development, sales, or a related role. Strong communication and interpersonal skills. Excellent negotiation and presentation abilities Ability to work independently and as part of a team. Results-driven w",JobLeads,https://www.ecphasisinfotech.com,https://www.jobleads.com/in/job/sales-executive--chennai-district--ea858f2fe103ef4233a5545d5a2dcf4b7
Regional sales Manager,POST A RESUME HR Consultancy,"Kolkata District, Bengaluru, Chennai District, Ahmedabad District",2026-09-04,https://www.jobleads.com/in/job/regional-sales-manager--kolkata-district--bengaluru--chennai-district--ahmedabad-district--e4e84795851df62e497d2089e0d6b43be,https://postaresume.co.in,Actively Hiring,"Company: POST A RESUME HR Consultancy | JobDescription: SkillsExpectedofaRegionalSalesManager: Exposure&experiencetocaterB2C&B2Bclients. ExposedtoSuperiorsalesandmanagementskillswithaccomplishmentsallthroughhis/hercareer. Excellentwritten,oralcommunicationandpresentationskills. Morethan60-70%travelling,candidateapplyingforthisjobmusttravelandcontrolthe-activitiesofsalesandmarketingrepresentativesandagents. Establishedtrackrecordineffectiveleadershiptalentswhichincludesteamdevelopment. MeetingSalesGoals,MotivationforSales,TerritoryManagement,PresentationSkills,Performance Management,BuildingRelationships,EmphasizingExcellence,Negotiation,ResultsDriven,SalesPlanning,ManagingProfitability. Duties&Responsibilities: LeadingsalesmanageranddevelopsalesoperationplanswiththeapprovaloftheGM/Director. ShouldleadtheRegionalactivities&drivetogrowthwithteam. Createawarenessofproducts,conducttrainingandseminarsforsalesteam. ProductDemoEvents/seminarsforcustomersinyourregionwillbecontinuousactivity. E",JobLeads,https://postaresume.co.in,https://www.jobleads.com/in/job/regional-sales-manager--kolkata-district--bengaluru--chennai-district--ahmedabad-district--e4e84795851df62e497d2089e0d6b43be
Sales Manager | Business Development Manager,Jero Technologies,"Chennai District, Bengaluru, Delhi",2026-09-06,https://www.jobleads.com/in/job/sales-manager-business-development-manager--chennai-district--bengaluru--delhi--e4d5d013da281a86a5cc5a60754d7939d,https://www.jero.com,Actively Hiring,"Company: Jero Technologies | Work with Partners and SIs to generate channel revenue ? Achieve Quarterly and Yearly Sales Quota from Existing and New customers Create innovative ways and set up mechanisms to identify relevant opportunities, joint businessplanning with customers and create success for them through apt solutions Define key market segments to target, achieve quota, establish seller relationships, & drive the dayto-day interactions with these companies in order to build long-term business engagement Success in this role will be measured by the impact of new sales revenue, renewal sales revenue,forecasting and the customer experience delivered",JobLeads,https://www.jero.com,https://www.jobleads.com/in/job/sales-manager-business-development-manager--chennai-district--bengaluru--delhi--e4d5d013da281a86a5cc5a60754d7939d
Sales Executive,Talentro,Chennai District,2026-09-06,https://www.jobleads.com/in/job/sales-executive--chennai-district--ea43a6764b1b9f0f06222e50489cfda57,https://www.talentro.com,Actively Hiring,"Company: Talentro | Responsibilities Generate leads through digital marketing tools Close deals with clients Meet sales targets consistently Manage existing accounts Collaborate with retail partners Skills highlighted with ‘‘ are preferred keyskills Talentro HR Solutions bring over four plus years of industry-leading experience, offering comprehensive human resource partner. Specializing in IT & Services, FMCG, Insurance, Banking, and all Sales domains, we focus on building strategic partnership",JobLeads,https://www.talentro.com,https://www.jobleads.com/in/job/sales-executive--chennai-district--ea43a6764b1b9f0f06222e50489cfda57
Sales Executive,Featherlite,"Chennai District, Bengaluru",2026-09-04,https://www.jobleads.com/in/job/sales-executive--chennai-district--bengaluru--e8d9bb3b61e658c3fc9cbb9a10d7a0a41,https://www.featherlite.com,Actively Hiring,"Company: Featherlite | Role & responsibilities Identify, develop, and close new B2B business opportunities across corporate, commercial, and institutional segments Build and maintain strong relationships with architects, interior designers, project management consultants, and key decision-makers Drive end-to-end sales cycle: lead generation, prospecting, presentations, negotiations, and closures Develop strategic account plans and ensure long-term client engagement Collaborate with internal teams (design, operations, and marketing) to deliver customized workplace solutions Track market trends, competitor activities, and customer needs to identify growth opportunities Achieve and exceed revenue targets and KPIs Manage key accounts and ensure high levels of customer satisfaction and repeat business Prepare sales forecasts, reports, and pipeline updates for leadership",JobLeads,https://www.featherlite.com,https://www.jobleads.com/in/job/sales-executive--chennai-district--bengaluru--e8d9bb3b61e658c3fc9cbb9a10d7a0a41
Sales Representative,Shah Decors,Chennai District,2026-09-13,https://www.jobleads.com/in/job/sales-representative--chennai-district--e22c3972e0af806d94327a6778e573a0a,https://www.shahdecors.com,Actively Hiring,"Company: Shah Decors | Sales Representative – Building Materials We are looking for a motivated and results-driven Sales Representative to join our team and drive business growth in the building materials sector. The ideal candidate will have strong sales and communication skills, an understanding of the building materials industry, and the ability to build lasting relationships with architects, contractors, builders, and other industry professionals. Key Responsibilities Identify and develop new business opportunities within the building materials market. Build and maintain strong relationships with architects, contractors, builders, dealers, and other key clients. Generate leads, follow up with prospects, and convert opportunities into sales. Develop a strong understanding of our products, including specifications, applications, and industry standards. Conduct product presentations, demonstrations, and client meetings. Monitor market trends, customer requirements, and competitor acti",JobLeads,https://www.shahdecors.com,https://www.jobleads.com/in/job/sales-representative--chennai-district--e22c3972e0af806d94327a6778e573a0a
Regional Sales Manager,Saaki Argus & Averil Consulting,Chennai District,2026-09-04,https://www.jobleads.com/in/job/regional-sales-manager--chennai-district--e3705bf088f80c8b4e062d540f977c21b,https://www.saakiargusaverilconsulting.com,Actively Hiring,"Company: Saaki Argus & Averil Consulting | Key Responsibilities:- Formulated and executed comprehensive sales strategies to drive revenue growth while ensuring effective control over sales operations and related expenses. Monitored sales performance against predefined targets and prepared periodic reports to evaluate progress and support data-driven decision-making. Established and tracked both primary and secondary sales targets, ensuring consistent achievement across assigned territories. Ensured optimal product availability and in-store visibility across retail outlets and market channels to maximize market penetration. Strengthened and expanded the existing distributor network by building strong relationships and ensuring efficient channel management. Led, mentored, and enhanced the performance of the sales team through continuous training, product knowledge development, and motivation initiatives. Identified manpower gaps across territories and managed recruitment to fill vacant p",JobLeads,https://www.saakiargusaverilconsulting.com,https://www.jobleads.com/in/job/regional-sales-manager--chennai-district--e3705bf088f80c8b4e062d540f977c21b
Sales Development Representative (SDR),Careme Health,Chennai District,2026-09-04,https://www.jobleads.com/in/job/sales-development-representative-sdr--chennai-district--e897babe6d0ecca6d5d82c3be42ac58cd,https://www.caremehealth.com,Actively Hiring,Careme Health is hiring Sales Development Representative (SDR) in Chennai District. Apply now with JobLeads!,JobLeads,https://www.caremehealth.com,https://www.jobleads.com/in/job/sales-development-representative-sdr--chennai-district--e897babe6d0ecca6d5d82c3be42ac58cd
Sales Representative – Medical Devices,Ayati Devices Pvt. Ltd.,Chennai District,2026-09-04,https://www.jobleads.com/in/job/sales-representative-medical-devices--chennai-district--e25b60f2362d14ccb2e2a70313ab31ac5,https://www.ayatidevices.com,Actively Hiring,"Company: Ayati Devices Pvt. Ltd. | The Role As a Sales Representative for Medical Devices, you will be responsible for driving sales and expanding market presence for our innovative medical products. You will work closely with healthcare professionals to understand their needs and provide tailored solutions. Develop and maintain relationships with healthcare providers Conduct product demonstrations and training sessions Identify and pursue new sales opportunities Collaborate with the marketing team to create effective sales strategies Achieve sales targets and report on performance metrics Team Structure Team Structure: You will be part of a dynamic sales team that collaborates closely with product development and customer support. Ideal Profile The ideal candidate will possess a blend of technical knowledge and interpersonal skills to effectively engage with clients. Bachelor's degree in a relevant field Experience in medical device sales or related industry Technical knowledge of med",JobLeads,https://www.ayatidevices.com,https://www.jobleads.com/in/job/sales-representative-medical-devices--chennai-district--e25b60f2362d14ccb2e2a70313ab31ac5
Sales Specialist,Hyring®,Chennai District,2026-09-04,https://www.jobleads.com/in/job/sales-specialist--chennai-district--e855827154208d6785797a9ecf3678ade,https://www.hyring.com,Actively Hiring,Hyring® is hiring Sales Specialist in Chennai District. Apply now with JobLeads!,JobLeads,https://www.hyring.com,https://www.jobleads.com/in/job/sales-specialist--chennai-district--e855827154208d6785797a9ecf3678ade
Sales Executive/Advisor,AP Management Consultants,"Dadri, Chennai District, Bengaluru",2026-09-04,https://www.jobleads.com/in/job/sales-executive-advisor--dadri--chennai-district--bengaluru--e8b77fd474b2e55e79bb3dd6d753a7c89,https://www.apmanagementconsultants.com,Actively Hiring,"Work Setting: On-site | Salary: INR 800,000 - 1,500,000",JobLeads,https://www.apmanagementconsultants.com,https://www.jobleads.com/in/job/sales-executive-advisor--dadri--chennai-district--bengaluru--e8b77fd474b2e55e79bb3dd6d753a7c89
Sales And Marketing Executive,Cheers Chocolates,Chennai District,2026-09-04,https://www.jobleads.com/in/job/sales-and-marketing-executive--chennai-district--eafd19187ec42d84098cbe3f659115fd7,https://www.cheerschocolates.com,Actively Hiring,"Company: Cheers Chocolates | Roles and Responsibilities Develop new business opportunities through lead generation, prospecting, and relationship building with potential clients. Identify target markets, analyze customer needs, and create effective sales strategies to achieve revenue targets. Collaborate with cross-functional teams (Marketing, Operations) to drive sales growth and improve customer satisfaction. Conduct market research to stay up-to-date on industry trends, competitors, and emerging technologies. Provide exceptional customer service by resolving issues promptly and ensuring timely resolution of client concerns.",JobLeads,https://www.cheerschocolates.com,https://www.jobleads.com/in/job/sales-and-marketing-executive--chennai-district--eafd19187ec42d84098cbe3f659115fd7
Sales Manager or Business Development Manager,Nectar Fresh,"Mysuru, Bengaluru, Chennai District",2026-09-04,https://www.jobleads.com/in/job/sales-manager-or-business-development-manager--mysuru--bengaluru--chennai-district--e305041194e712a2506f31f68daefb655,https://nectarfreshfoods.com,Actively Hiring,"Company: Nectar Fresh | Roles & Responsibilities Drive B2B sales and business development to achieve sales and revenue targets. Identify and acquire new customers in manufacturing and industrial sectors . Build relationships with OEMs, distributors, dealers, institutional and corporate clients . Generate leads through cold calling, market research, networking, exhibitions, and referrals . Manage the complete sales cycle from lead generation to negotiation, order closure, and payment follow-up . Handle customer meetings, quotations, negotiations, and commercial proposals. Develop existing accounts through repeat business, upselling, and cross-selling . Coordinate with Production, Quality, Purchase, Stores, Logistics, and Accounts for smooth order execution. Maintain sales pipeline, CRM, forecasts, and MIS reports . Monitor market trends, competitors, pricing, and new business opportunities. Ensure timely collection of outstanding payments and maintain strong customer relationships. Achi",JobLeads,https://nectarfreshfoods.com,https://www.jobleads.com/in/job/sales-manager-or-business-development-manager--mysuru--bengaluru--chennai-district--e305041194e712a2506f31f68daefb655
Sales Executive - Region 3,BrainGroom,Chennai,2026-09-04,https://www.jobleads.com/in/job/sales-executive-region-3--chennai--e4527bd20e0af1c69f803e25967eecd8f,https://www.braingroom.com,Actively Hiring,"Company: BrainGroom | Builds business by identifying and selling prospects; maintaining relationships with clients. Identifies business opportunities by researching and analyzing sales options. Sells products by establishing contact and developing relationships with prospects; recommending solutions. Different roles like Telesales, Field sales and Instore sales positions are available. Instore Sales Responsible for all sales activities and sales associate job duties, from greeting customers, answering questions, offering assistance, suggesting items, lending opinions and providing product information. Field Sales A field sales executive travels to locations to advocate supply of products to the customers they have targeted and the ones they are already dealing with. It also involves operating outside the office, pitching potential clients and maximizing the company's sales of their products and services. These tasks are often performed over cold calling or knocking on doors or scheduli",JobLeads,https://www.braingroom.com,https://www.jobleads.com/in/job/sales-executive-region-3--chennai--e4527bd20e0af1c69f803e25967eecd8f
Medical Sales Representative,Randstad,Chennai District,2026-09-04,https://www.jobleads.com/in/job/medical-sales-representative--chennai-district--e15556d82912d164e45628b3a7fb8d01b,https://www.randstad.com,Actively Hiring,"Work Setting: On-site | Salary: INR 250,000 - 350,000",JobLeads,https://www.randstad.com,https://www.jobleads.com/in/job/medical-sales-representative--chennai-district--e15556d82912d164e45628b3a7fb8d01b
Sales Associate - SaaS,LateShipment.com,Chennai District,2026-09-11,https://www.jobleads.com/in/job/sales-associate-saas--chennai-district--e79eb2fdb51a253fc5dfbcab010052e07,https://www.lateshipmentcom.com,Actively Hiring,"Company: LateShipment.com | Role Overview: As a SaaS Sales, you will be responsible for leading our sales efforts and expanding our client base in the US and UK. You will leverage your expertise in SaaS sales to build relationships, close deals, and drive revenue growth. This role demands a strategic thinker with a proven track record of success in managing high-value accounts and navigating complex sales cycles. What You'll Do: Have complete product knowledge and conduct highly interactive and solution-driven product demos for prospective clients. Develop and execute sales strategies tailored to the US and UK markets to achieve revenue targets and expand market share. Identify and engage potential clients through various channels, including cold outreach, networking, and industry events. Goal-oriented mindset with a focus on achieving and exceeding sales targets. Consult and strategize on marketing automation for prospective clients and convince them of the product's capabilities. Sol",JobLeads,https://www.lateshipmentcom.com,https://www.jobleads.com/in/job/sales-associate-saas--chennai-district--e79eb2fdb51a253fc5dfbcab010052e07
Sales Executive,Secure Meters,Chennai District,2026-09-04,https://www.jobleads.com/in/job/sales-executive--chennai-district--e5681059db88342804c20ae6d70940b58,https://www.securemeters.com,Actively Hiring,"Company: Secure Meters | Role & responsibilities To support sales growth within Small and Medium Enterprises (SMEs) and Large Processing Industries (LPIs) by actively pursuing and following up on leads, engaging with existing and potential clients, and selling the full product range. Preferred candidate profile 1. Actively pursue and follow up on sales leads to expand the SME and Large Processing Industry (LPI) customer base 2. Engage with existing and potential clients to promote and sell the full product range 3. Assist in building and maintaining relationships with SME and Large Processing Industry (LPI) customers like steel, cement, food, pharma or other industries. 4. Dealing with electrical meters/transformers/switchgear or solutions like Energy Management Solutions/Pump Performance Solutions",JobLeads,https://www.securemeters.com,https://www.jobleads.com/in/job/sales-executive--chennai-district--e5681059db88342804c20ae6d70940b58
Sales Specialist,Vsmglobaltechnologies,Chennai District,2026-09-04,https://www.jobleads.com/in/job/sales-specialist--chennai-district--ed4ff1afedde0f6dafc62bade7a3a1c07,https://www.vsmglobaltechnologies.com,Actively Hiring,"Company: Vsmglobaltechnologies | Job Title: Sales Specialist – IT ServicesJob Summary We are looking for a dynamic and results-driven Sales Specialist to join our growing IT team. The ideal candidate will be responsible for identifying business opportunities, generating qualified leads, building strong client relationships, and closing deals for our software development and IT service offerings. Candidates with knowledge of digital marketing strategies will have an added advantage in driving lead generation and business growth. Experience : 2–5 Years (IT Sales preferred) Location : As per company requirements (On-site / Hybrid / Remote) Compensation : Competitive salary with attractive incentives based on performance. Benefits: Cell phone reimbursement Commuter assistance Work Location: In person Responsibilities 1. Identify and generate new business opportunities through networking, cold calling, referrals, LinkedIn, email campaigns, and other sales channels. 2. Develop and maintain s",JobLeads,https://www.vsmglobaltechnologies.com,https://www.jobleads.com/in/job/sales-specialist--chennai-district--ed4ff1afedde0f6dafc62bade7a3a1c07
Sales Development Bancassurance Manager,HDFC Life,"Kanchipuram, Chennai District",2026-09-04,https://www.jobleads.com/in/job/sales-development-bancassurance-manager--kanchipuram--chennai-district--e81e21f667ee5bc47030a944b21299876,https://www.hdfclife.com,Actively Hiring,"Company: HDFC Life | KEY RESPONSIBILITIES . Build and maintain strong relationships with channel partners . Achieve business targerts ( Top line, persistency,product mix) . Collaborate with partners to drive sales and ensure customer satisfaction. . Lead, guide and support team membersfor performance excellence . Ensure compliance with sales process, regulatory and statutory guidelines. Job Nature .Field Job .Travel within the assiged location Experience Minimum 6 months to 4 years in sales [Front line sales experience preferred]",JobLeads,https://www.hdfclife.com,https://www.jobleads.com/in/job/sales-development-bancassurance-manager--kanchipuram--chennai-district--e81e21f667ee5bc47030a944b21299876
Sales Resident Engineer,Shashi Dhawal Hydraulics,Chennai District,2026-09-04,https://www.jobleads.com/in/job/sales-resident-engineer--chennai-district--e9241d66699bc1ce1ddaa1bc89d3a47d0,https://www.shashidhawalhydraulics.com,Actively Hiring,"Company: Shashi Dhawal Hydraulics | Develop and maintain relationships with existing and new customers. Generate leads and identify new sales opportunities in the assigned territory. Visit customer sites regularly and understand their technical and product requirements. Promote hydraulic spare parts, components, and related products. Prepare quotations, negotiate with customers, and follow up for orders and payments. Coordinate with internal teams for order processing, dispatch, and delivery. Provide basic technical assistance and recommend suitable products to customers. Monitor market trends, competitor activities, and customer requirements. Achieve assigned sales targets and maintain regular sales reports. Ensure excellent customer service and timely resolution of customer querieRole & responsibilities Preferred candidate profile",JobLeads,https://www.shashidhawalhydraulics.com,https://www.jobleads.com/in/job/sales-resident-engineer--chennai-district--e9241d66699bc1ce1ddaa1bc89d3a47d0
Sales Executive - Region 4,BrainGroom,Chennai District,2026-09-04,https://www.jobleads.com/in/job/sales-executive-region-4--chennai--e17dc99c1123c55d16f3b334fb26dedae,https://www.braingroom.com,Actively Hiring,"Company: BrainGroom | Builds business by identifying and selling prospects; maintaining relationships with clients. Identifies business opportunities by researching and analyzing sales options. Sells products by establishing contact and developing relationships with prospects; recommending solutions. Different roles like Telesales, Field sales and Instore sales positions are available. Instore Sales Responsible for all sales activities and sales associate job duties, from greeting customers, answering questions, offering assistance, suggesting items, lending opinions and providing product information. Field Sales A field sales executive travels to locations to advocate supply of products to the customers they have targeted and the ones they are already dealing with. It also involves operating outside the office, pitching potential clients and maximizing the company's sales of their products and services. These tasks are often performed over cold calling or knocking on doors or scheduli",JobLeads,https://www.braingroom.com,https://www.jobleads.com/in/job/sales-executive-region-4--chennai--e17dc99c1123c55d16f3b334fb26dedae
Medical Sales Representative,Tynor Orthotics Private Limited,Chennai,2026-09-04,https://www.jobleads.com/in/job/medical-sales-representative--chennai--e86537f6d8d50eae52f6a42032aebae09,https://www.tynororthotics.com,Actively Hiring,Tynor Orthotics Private Limited is hiring Medical Sales Representative in Chennai. Apply now with JobLeads!,JobLeads,https://www.tynororthotics.com,https://www.jobleads.com/in/job/medical-sales-representative--chennai--e86537f6d8d50eae52f6a42032aebae09
Business Development Representative,"Denodo Technologies, Inc.",Chennai District,2026-09-04,https://www.jobleads.com/in/job/business-development-representative--chennai-district--eb629063369fd6c24d5eeacd9cc613a83,https://www.denodo.com,Actively Hiring,"Company: Denodo Technologies, Inc. | Select how often (in days) to receive an alert: Business Development Representative Job Category: Sales Denodo is a leader in data management. The award-winning Denodo Platform is the leading data integration, management, and delivery platform using a logical approach to enable self- service BI, data science, hybrid/multi-cloud data integration, and enterprise data services. Realizing more than 400% ROI and millions of dollars in benefits, Denodo’s large enterprise and mid-market customers across 30+ industries have received payback in less than 6 months. For more information, visit www.denodo.com . We are a fast-growing, international organization with teams across four continents and we work with a cutting-edgetechnology, but that's not all we have to offer. At Denodo, we are like a family and it is of the utmost importance to us that we help support your professional growth every step of the way Job Description The Opportunity We are seeking tale",JobLeads,https://www.denodo.com,https://www.jobleads.com/in/job/business-development-representative--chennai-district--eb629063369fd6c24d5eeacd9cc613a83
Business Development Executive New,Asprcmsolutions,Chennai District,2026-09-04,https://www.jobleads.com/in/job/business-development-executive-new--chennai-district--ef99147daf3ee01749599300f0efb276b,https://www.asprcmsolutions.com,Actively Hiring,"Company: Asprcmsolutions | This seat exists to grow top-line revenue, and it is judged on exactly that. You run disciplined outbound into the US provider market, ABA and behavioral health, FQHC and community health, hospital and physician groups, ASC, therapy and dental, and you generate qualified opportunities for the US sales team. You are not cold-calling into a void. We have a content and SEO engine producing real inbound, a conference program that puts our name in front of buyers repeatedly, and case evidence that survives scrutiny. What we need from you is volume, precision and relentlessness. If you want a quiet seat where activity counts as achievement, this is not it. What you will own: Qualified pipeline, every month; Outbound that lands; Target account intelligence; Qualification discipline; A clean handoff; CRM truth What we look for: MANDATORY: this role is measured on generating pipeline that converts to revenue. Meeting the monthly qualified-opportunity target is a condi",JobLeads,https://www.asprcmsolutions.com,https://www.jobleads.com/in/job/business-development-executive-new--chennai-district--ef99147daf3ee01749599300f0efb276b
Sales Executive,TekPillar®,Chennai,2026-09-04,https://www.jobleads.com/in/job/sales-executive--chennai--e8a7f97b0b62df78483c8af328c2dd239,https://www.tekpillar.com,Actively Hiring,TekPillar® is hiring Sales Executive in Chennai. Apply now with JobLeads!,JobLeads,https://www.tekpillar.com,https://www.jobleads.com/in/job/sales-executive--chennai--e8a7f97b0b62df78483c8af328c2dd239
Sales Executive - Client Acquisition,Vision Thru Hr Solutions,Chennai District,2026-09-04,https://www.jobleads.com/in/job/sales-executive-client-acquisition--chennai-district--e0896a17f6a117d7569ffe7ca45835d80,https://www.visionthruhr.com,Actively Hiring,"Company: Vision Thru Hr Solutions | Drive business growth through lead generation, prospecting and client acquisition. Identify new opportunities, connect with potential clients, understand requirements, present solutions, follow up and convert prospects into business. Required Candidate profile 1–3 years’ exp in Sales/Business Development with strong communication & client acquisition skills. Self-driven, target-oriented N confident in lead generation, client interaction N follow-ups.",JobLeads,https://www.visionthruhr.com,https://www.jobleads.com/in/job/sales-executive-client-acquisition--chennai-district--e0896a17f6a117d7569ffe7ca45835d80
Inside Sales Executive,Federal Soft Systems,"Hyderabad, Chennai District, Bengaluru",2026-09-04,https://www.jobleads.com/in/job/inside-sales-executive--hyderabad--chennai-district--bengaluru--e4df6d45ac9adfe4a7f6d4c7243486749,https://www.federalsoftsystems.com,Actively Hiring,"Company: Federal Soft Systems | Inside Sales Executive Responsibilities: Maintaining long-lasting relationships with existing customers through exceptional after-sales service. Actively sourcing new sales opportunities through cold-calling, activations, events and emailing. Developing in-depth knowledge of product features and benefits. Utilizing virtual & live meetings to build relationships with new customers. Processing customers' purchase orders and liaising with the logistics department to ensure the timely delivery of ordered products. Advising customers on suitable product selection based on their needs and specifications. Creating a sales pipeline to accurately reflect the relative placement of sales prospects in the purchasing process with minimum 3 bookings in any given day. Following up on sales inquiries that are made by potential customers through website chats, emails, and inbound calls. Setting up face-to-face meetings between potential customers and Sales Representative",JobLeads,https://www.federalsoftsystems.com,https://www.jobleads.com/in/job/inside-sales-executive--hyderabad--chennai-district--bengaluru--e4df6d45ac9adfe4a7f6d4c7243486749
Sales Development Representative,Skill Veda,Chennai District,2026-09-18,https://www.jobleads.com/in/job/sales-development-representative--chennai-district--ecfa9cdcb178df9f16792028f6e5304d8,https://www.skillveda.in,Actively Hiring,"Company: Skill Veda | We're an AI Voice & Chatbot company building conversational AI solutions that help businesses transform customer interactions, automate conversations, and drive operational efficiency. We're looking for an ambitious Sales Development Representative (SDR) to join our growing GTM team and play a key role in building our India sales pipeline. The Role: As an SDR, you'll own the top of the sales funnel for the Indian market , with a focus on Mid-Market and Enterprise companies. You'll identify high-potential accounts, engage senior decision-makers, understand their business challenges, and create qualified sales opportunities for the Account Executive and leadership teams. This is a high-ownership, target-driven role for someone who enjoys outbound sales, cold calling, prospecting, and opening conversations with senior stakeholders. What You'll Do: Identify and research Mid-Market and Enterprise accounts across India Build targeted prospect lists and execute outbound",JobLeads,https://www.skillveda.in,https://www.jobleads.com/in/job/sales-development-representative--chennai-district--ecfa9cdcb178df9f16792028f6e5304d8
Business Development Executive Software Sales,Cognisol Global Solutions LLC,Chennai District,2026-09-04,https://www.jobleads.com/in/job/business-development-executive-software-sales--chennai-district--efb18ed710af640dd1c2b3d98033c1ebc,https://www.cognisolglobal.com,Actively Hiring,Cognisol Global Solutions LLC is hiring Business Development Executive Software Sales in Chennai District. Apply now with JobLeads!,JobLeads,https://www.cognisolglobal.com,https://www.jobleads.com/in/job/business-development-executive-software-sales--chennai-district--efb18ed710af640dd1c2b3d98033c1ebc
Area Sales Head,Franchise Alpha,"Chennai District, Bengaluru, Delhi",2026-09-05,https://www.jobleads.com/in/job/area-sales-head--chennai-district--bengaluru--delhi--e3e0c996d04a37fb04d748a3c0cd8850b,https://franchisealpha.com,Actively Hiring,"Company: Franchise Alpha | Candidate Profile Candidates from channel sales or B2B Sales experience. Job Responsibility Generate profitable revenue growth through establishing new customers, penetrating new customer accounts and retaining those customers Establish, maintain and service accounts, covering full assigned territory to ensure high customer satisfaction, positive long-term relationships and repeat business Effectively assess customer needs, present products and solutions, and close sales Lead a team for the hardcore Sales and Marketing. Coordinating with customer service and marketing team for completing the sales cycle successfully Visit to the industries promote our product & persuade them Responsible to improve the business and maintain long term relationship with the existing customers Communicate with the customers, generate leads and convert those leads to achieve sales targets Timely Payment follow-up with customer & ensuring collections of payments. Qualifications and",JobLeads,https://franchisealpha.com,https://www.jobleads.com/in/job/area-sales-head--chennai-district--bengaluru--delhi--e3e0c996d04a37fb04d748a3c0cd8850b
Inside Sales,Sequoia Applied Technologies Inc.,Chennai District,2026-09-13,https://www.jobleads.com/in/job/inside-sales--chennai-district--e0866d5fe7fbb082a18e4e5fb4e046fe4,https://www.sequoiaapplied.com,Actively Hiring,"Company: Sequoia Applied Technologies Inc. | Job Description: As our Sales Support Specialist, you'll own the early stages of our sales cycle-building a robust pipeline of new business opportunities for our software-services offerings. You'll be a true ""hunter,"" driving outreach via cold calls, emails, LinkedIn, and other channels to secure qualified meetings for our Account Executives. Over time, you'll mentor and help build a small, high-performing lead-gen team around you. Key Responsibilities Pipeline Generation & Outreach Execute high-velocity cold-calling , emailing, and LinkedIn outreach campaigns to targeted prospects Research and identify decision-makers at mid-to-large enterprises in our verticals (Healthcare, Industrial IoT, Manufacturing, Semiconductor) Qualification & Appointment Setting Conduct discovery calls to validate prospect needs and qualify against our solution fit Secure and schedule qualified meetings, handing off warm opportunities to Account Executives CRM & C",JobLeads,https://www.sequoiaapplied.com,https://www.jobleads.com/in/job/inside-sales--chennai-district--e0866d5fe7fbb082a18e4e5fb4e046fe4
Sales (B2B) Professional,Zcodia Technologies,Chennai District,2026-09-11,https://www.jobleads.com/in/job/sales-b2b-professional--chennai-district--ec524fcd6c66850b10aa55c8cbdfff86c,https://www.zcodia.com,Actively Hiring,"Company: Zcodia Technologies | Develop and implement effective sales strategies to achieve business objectives. Build and maintain strong relationships with clients and identify new business opportunities. Conduct market research and analyze industry trends to stay ahead of the competition. Collaborate with cross-functional teams to develop and launch new products and services. Provide exceptional customer service and support to existing clients. Identify and pursue new business leads and opportunities. Disclaimer: This job posting has been aggregated from external source. Role details, content, and availability are subject to change. Applicants are advised to confirm the latest information directly on the company website before applying.",JobLeads,https://www.zcodia.com,https://www.jobleads.com/in/job/sales-b2b-professional--chennai-district--ec524fcd6c66850b10aa55c8cbdfff86c
Area Sales Manager,Himalyan Acoustics,Chennai District,2026-09-18,https://www.jobleads.com/in/job/area-sales-manager--chennai-district--eb2745b57b2b16aa5e9327fcb031f5bfe,https://www.himalyanacoustics.com,Actively Hiring,"Company: Himalyan Acoustics | We are actively looking for someone who can drive aggressive sales growth, build strong pipelines, and lead from the front in a fast-growing soundproofing solutions business. This is not a routine sales role — we need someone who can: Own the region and drive revenue aggressively Build and convert a strong pipeline through field activity and references Deliver impactful client presentations and close high-value deals Lead customer conversations with a solution-oriented approach If you have a strong background in concept selling, target-driven performance, and consultative/solution sales , this could be a great growth opportunity for you. If this sounds interesting, let’s connect for a quick discussion.",JobLeads,https://www.himalyanacoustics.com,https://www.jobleads.com/in/job/area-sales-manager--chennai-district--eb2745b57b2b16aa5e9327fcb031f5bfe
Sales Associate,"Pinnacle Group, Inc.",Chennai District,2026-09-04,https://www.jobleads.com/in/job/sales-associate--chennai-district--ed748131a1d4a087a8681d9f755e45b35,https://www.pinnacle.com,Actively Hiring,"Company: Pinnacle Group, Inc. | Strong understanding of B2B sales workflows, preferably staffing or professional services. Hands-on experience with CRM systems (Salesforce preferred). Operational Content Creation: Ability to draft high-context, 1-to-1 sales messages that adhere to brand voice while documenting the triggers used for that personalization. Process Documentation: Proven ability to map manual workflows into step-by-step logic that can be translated into Salesforce Flow requirements. Data Integrity Mindset: Approach to CRM entry, understanding that a missed tag today means a broken AI model tomorrow. Strongly Preferred Exposure to sales enablement, sales operations, or RevOps. Familiarity with AI-assisted tools (content generation, enrichment, automation).",JobLeads,https://www.pinnacle.com,https://www.jobleads.com/in/job/sales-associate--chennai-district--ed748131a1d4a087a8681d9f755e45b35
Sales Executive,Jooble Verified Employer,Chennai,2026-09-18,https://in.jooble.org/desc/3540034929082499666?ckey=sales+development+representative&rgn=4921&pos=1&elckey=-6573318292573838098&pageType=20&p=1&sid=-2977648743655764216&jobAge=105&relb=100&brelb=100&bscr=19999.800001593387&scr=19999.800001593387&searchTestGroup=1_2_1&iid=2065047796489752231,https://www.teamblind.com,Actively Hiring,Sales Executive,Jooble,https://www.teamblind.com,https://in.jooble.org/desc/3540034929082499666?ckey=sales+development+representative&rgn=4921&pos=1&elckey=-6573318292573838098&pageType=20&p=1&sid=-2977648743655764216&jobAge=105&relb=100&brelb=100&bscr=19999.800001593387&scr=19999.800001593387&searchTestGroup=1_2_1&iid=2065047796489752231
Sales Executive,Jooble Verified Employer,Chennai,2026-09-18,https://in.jooble.org/desc/4078736953621837391?ckey=sales+development+representative&rgn=4921&pos=3&elckey=-6573318292573838098&pageType=20&p=1&sid=-2977648743655764216&jobAge=1137&relb=100&brelb=100&bscr=16914.81628318143&scr=16914.81628318143&searchTestGroup=1_2_1&iid=19591872885735776,https://www.teamblind.com,Actively Hiring,Sales Executive,Jooble,https://www.teamblind.com,https://in.jooble.org/desc/4078736953621837391?ckey=sales+development+representative&rgn=4921&pos=3&elckey=-6573318292573838098&pageType=20&p=1&sid=-2977648743655764216&jobAge=1137&relb=100&brelb=100&bscr=16914.81628318143&scr=16914.81628318143&searchTestGroup=1_2_1&iid=19591872885735776
Sales Account / Business Development Executive,Jooble Verified Employer,Chennai,2026-09-18,https://in.jooble.org/desc/3116057453581014793?ckey=sales+development+representative&rgn=4921&pos=4&elckey=-6573318292573838098&pageType=20&p=1&sid=-2977648743655764216&jobAge=5241&relb=100&brelb=100&bscr=16564.922395138816&scr=16564.922395138816&searchTestGroup=1_2_1&iid=2484977774370071890,https://www.teamblind.com,Actively Hiring,Sales Account / Business Development Executive,Jooble,https://www.teamblind.com,https://in.jooble.org/desc/3116057453581014793?ckey=sales+development+representative&rgn=4921&pos=4&elckey=-6573318292573838098&pageType=20&p=1&sid=-2977648743655764216&jobAge=5241&relb=100&brelb=100&bscr=16564.922395138816&scr=16564.922395138816&searchTestGroup=1_2_1&iid=2484977774370071890
Inside Sales / Commercial Specialist,Jooble Verified Employer,Chennai,2026-09-18,https://in.jooble.org/desc/1489534267218103415?ckey=sales+development+representative&rgn=4921&pos=5&elckey=-6573318292573838098&pageType=20&p=1&sid=-2977648743655764216&jobAge=417&relb=100&brelb=100&bscr=16270.109162400424&scr=16270.109162400424&searchTestGroup=1_2_1&iid=3664305215600382408,https://www.teamblind.com,Actively Hiring,Inside Sales / Commercial Specialist,Jooble,https://www.teamblind.com,https://in.jooble.org/desc/1489534267218103415?ckey=sales+development+representative&rgn=4921&pos=5&elckey=-6573318292573838098&pageType=20&p=1&sid=-2977648743655764216&jobAge=417&relb=100&brelb=100&bscr=16270.109162400424&scr=16270.109162400424&searchTestGroup=1_2_1&iid=3664305215600382408
Sales Executive (Industrial IoT),Jooble Verified Employer,Chennai,2026-09-18,https://in.jooble.org/desc/3751688359659824685?ckey=sales+development+representative&rgn=4921&pos=6&elckey=-6573318292573838098&pageType=20&p=1&sid=-2977648743655764216&jobAge=417&relb=100&brelb=100&bscr=15823.914853502594&scr=15823.914853502594&searchTestGroup=1_2_1&iid=5907798693577665318,https://www.teamblind.com,Actively Hiring,Sales Executive (Industrial IoT),Jooble,https://www.teamblind.com,https://in.jooble.org/desc/3751688359659824685?ckey=sales+development+representative&rgn=4921&pos=6&elckey=-6573318292573838098&pageType=20&p=1&sid=-2977648743655764216&jobAge=417&relb=100&brelb=100&bscr=15823.914853502594&scr=15823.914853502594&searchTestGroup=1_2_1&iid=5907798693577665318
Sales Executive,Jooble Verified Employer,Chennai,2026-09-18,https://in.jooble.org/desc/-3257987715260139266?ckey=sales+development+representative&rgn=4921&pos=7&elckey=-6573318292573838098&pageType=20&p=1&sid=-2977648743655764216&jobAge=1473&relb=100&brelb=100&bscr=15765.968852563617&scr=15765.968852563617&searchTestGroup=1_2_1&iid=2057588892961168227,https://www.teamblind.com,Actively Hiring,Sales Executive,Jooble,https://www.teamblind.com,https://in.jooble.org/desc/-3257987715260139266?ckey=sales+development+representative&rgn=4921&pos=7&elckey=-6573318292573838098&pageType=20&p=1&sid=-2977648743655764216&jobAge=1473&relb=100&brelb=100&bscr=15765.968852563617&scr=15765.968852563617&searchTestGroup=1_2_1&iid=2057588892961168227
Sea Logistics Sales Representative,Jooble Verified Employer,Chennai,2026-09-18,https://in.jooble.org/desc/-8981706506457115162?ckey=sales+development+representative&rgn=4921&pos=8&elckey=-6573318292573838098&pageType=20&p=1&sid=-2977648743655764216&jobAge=633&relb=100&brelb=100&bscr=15447.998404806147&scr=15447.998404806147&searchTestGroup=1_2_1&iid=-4260399634012780853,https://www.teamblind.com,Actively Hiring,Sea Logistics Sales Representative,Jooble,https://www.teamblind.com,https://in.jooble.org/desc/-8981706506457115162?ckey=sales+development+representative&rgn=4921&pos=8&elckey=-6573318292573838098&pageType=20&p=1&sid=-2977648743655764216&jobAge=633&relb=100&brelb=100&bscr=15447.998404806147&scr=15447.998404806147&searchTestGroup=1_2_1&iid=-4260399634012780853
B2B Sales Executive,Jooble Verified Employer,Chennai,2026-09-18,https://in.jooble.org/desc/-853717132355846691?ckey=sales+development+representative&rgn=4921&pos=9&elckey=-6573318292573838098&pageType=20&p=1&sid=-2977648743655764216&jobAge=705&relb=100&brelb=100&bscr=15424.171140887127&scr=15424.171140887127&searchTestGroup=1_2_1&iid=-6098873245301894026,https://www.teamblind.com,Actively Hiring,B2B Sales Executive,Jooble,https://www.teamblind.com,https://in.jooble.org/desc/-853717132355846691?ckey=sales+development+representative&rgn=4921&pos=9&elckey=-6573318292573838098&pageType=20&p=1&sid=-2977648743655764216&jobAge=705&relb=100&brelb=100&bscr=15424.171140887127&scr=15424.171140887127&searchTestGroup=1_2_1&iid=-6098873245301894026
Sales Executive - Robotics & Automation,Jooble Verified Employer,Chennai,2026-09-18,https://in.jooble.org/desc/-4428795685213554983?ckey=sales+development+representative&rgn=4921&pos=10&elckey=-6573318292573838098&pageType=20&p=1&sid=-2977648743655764216&jobAge=273&relb=100&brelb=100&bscr=14854.218112252487&scr=14854.218112252487&searchTestGroup=1_2_1&iid=1527035964084584514,https://www.teamblind.com,Actively Hiring,Sales Executive - Robotics & Automation,Jooble,https://www.teamblind.com,https://in.jooble.org/desc/-4428795685213554983?ckey=sales+development+representative&rgn=4921&pos=10&elckey=-6573318292573838098&pageType=20&p=1&sid=-2977648743655764216&jobAge=273&relb=100&brelb=100&bscr=14854.218112252487&scr=14854.218112252487&searchTestGroup=1_2_1&iid=1527035964084584514
Air Logistics Sales Representative,Jooble Verified Employer,Chennai,2026-09-18,https://in.jooble.org/desc/-3172579933371834898?ckey=sales+development+representative&rgn=4921&pos=11&elckey=-6573318292573838098&pageType=20&p=1&sid=-2977648743655764216&jobAge=2481&relb=100&brelb=100&bscr=14824.222600156683&scr=14824.222600156683&searchTestGroup=1_2_1&iid=-3326371740615876301,https://www.teamblind.com,Actively Hiring,Air Logistics Sales Representative,Jooble,https://www.teamblind.com,https://in.jooble.org/desc/-3172579933371834898?ckey=sales+development+representative&rgn=4921&pos=11&elckey=-6573318292573838098&pageType=20&p=1&sid=-2977648743655764216&jobAge=2481&relb=100&brelb=100&bscr=14824.222600156683&scr=14824.222600156683&searchTestGroup=1_2_1&iid=-3326371740615876301
Pre-Sales Solutions Consultant,Jooble Verified Employer,Chennai,2026-09-18,https://in.jooble.org/desc/5003992743613249852?ckey=sales+development+representative&rgn=4921&pos=12&elckey=-6573318292573838098&pageType=20&p=1&sid=-2977648743655764216&jobAge=1505&relb=110&brelb=110&bscr=14692.135956558874&scr=14692.135956558874&searchTestGroup=1_2_1&iid=-5753461423985049847,https://www.teamblind.com,Actively Hiring,Pre-Sales Solutions Consultant,Jooble,https://www.teamblind.com,https://in.jooble.org/desc/5003992743613249852?ckey=sales+development+representative&rgn=4921&pos=12&elckey=-6573318292573838098&pageType=20&p=1&sid=-2977648743655764216&jobAge=1505&relb=110&brelb=110&bscr=14692.135956558874&scr=14692.135956558874&searchTestGroup=1_2_1&iid=-5753461423985049847
Business Development Manager - Enterprise | Consultant POD | Chennai,Jooble Verified Employer,Chennai,2026-09-18,https://in.jooble.org/desc/-8755307555496760634?ckey=sales+development+representative&rgn=4921&pos=13&elckey=-6573318292573838098&pageType=20&p=1&sid=-2977648743655764216&jobAge=1337&relb=110&brelb=110&bscr=14593.390301144997&scr=14593.390301144997&searchTestGroup=1_2_1&iid=-2207965379405738453,https://www.teamblind.com,Actively Hiring,Business Development Manager - Enterprise | Consultant POD | Chennai,Jooble,https://www.teamblind.com,https://in.jooble.org/desc/-8755307555496760634?ckey=sales+development+representative&rgn=4921&pos=13&elckey=-6573318292573838098&pageType=20&p=1&sid=-2977648743655764216&jobAge=1337&relb=110&brelb=110&bscr=14593.390301144997&scr=14593.390301144997&searchTestGroup=1_2_1&iid=-2207965379405738453
Enterprise Sales Representative - Chennai,Jooble Verified Employer,Chennai,2026-09-18,https://in.jooble.org/desc/6423595627916587452?ckey=sales+development+representative&rgn=4921&pos=14&elckey=-6573318292573838098&pageType=20&p=1&sid=-2977648743655764216&jobAge=1305&relb=100&brelb=100&bscr=14428.067639452387&scr=14428.067639452387&searchTestGroup=1_2_1&iid=6012652049278136457,https://www.teamblind.com,Actively Hiring,Enterprise Sales Representative - Chennai,Jooble,https://www.teamblind.com,https://in.jooble.org/desc/6423595627916587452?ckey=sales+development+representative&rgn=4921&pos=14&elckey=-6573318292573838098&pageType=20&p=1&sid=-2977648743655764216&jobAge=1305&relb=100&brelb=100&bscr=14428.067639452387&scr=14428.067639452387&searchTestGroup=1_2_1&iid=6012652049278136457
Senior Cybersecurity Presales Consultant,Jooble Verified Employer,Chennai,2026-09-18,https://in.jooble.org/desc/6663071146966400848?ckey=sales+development+representative&rgn=4921&pos=16&elckey=-6573318292573838098&pageType=20&p=1&sid=-2977648743655764216&jobAge=417&relb=100&brelb=100&bscr=12577.62598257683&scr=12577.62598257683&searchTestGroup=1_2_1&iid=6019973834132941581,https://www.teamblind.com,Actively Hiring,Senior Cybersecurity Presales Consultant,Jooble,https://www.teamblind.com,https://in.jooble.org/desc/6663071146966400848?ckey=sales+development+representative&rgn=4921&pos=16&elckey=-6573318292573838098&pageType=20&p=1&sid=-2977648743655764216&jobAge=417&relb=100&brelb=100&bscr=12577.62598257683&scr=12577.62598257683&searchTestGroup=1_2_1&iid=6019973834132941581
Sales Executive Industrial Paints,Jooble Verified Employer,Chennai,2026-09-18,https://in.jooble.org/desc/-5964647496165414448?ckey=sales+development+representative&rgn=4921&pos=17&elckey=-6573318292573838098&pageType=20&p=1&sid=-2977648743655764216&jobAge=601&relb=110&brelb=110&bscr=12527.973722144872&scr=12527.973722144872&searchTestGroup=1_2_1&iid=-9107687479103641971,https://www.teamblind.com,Actively Hiring,Sales Executive Industrial Paints,Jooble,https://www.teamblind.com,https://in.jooble.org/desc/-5964647496165414448?ckey=sales+development+representative&rgn=4921&pos=17&elckey=-6573318292573838098&pageType=20&p=1&sid=-2977648743655764216&jobAge=601&relb=110&brelb=110&bscr=12527.973722144872&scr=12527.973722144872&searchTestGroup=1_2_1&iid=-9107687479103641971
Sales Development Representative,Super Humans,"Chennai, Tamil Nadu, India",2026-09-13,https://www.linkedin.com/jobs/view/4467975412,https://www.superhumans.com,Actively Hiring,"Company: Super Humans | Location: Chennai, Tamil Nadu, India | Role: Sales Development Representative | Source: LinkedIn | Actively hiring qualified talent.",LinkedIn,https://www.superhumans.com,https://www.linkedin.com/jobs/view/4467975412
Business Development Representative,Denodo,"Chennai, Tamil Nadu, India",2026-09-12,https://www.linkedin.com/jobs/view/4457107143,https://www.denodo.com,Actively Hiring,"Company: Denodo | Location: Chennai, Tamil Nadu, India | Role: Business Development Representative | Source: LinkedIn | Actively hiring qualified talent.",LinkedIn,https://www.denodo.com,https://www.linkedin.com/jobs/view/4457107143
"Business Development Representative, Business Development",Denodo,"Chennai, Tamil Nadu, India",2026-09-15,https://www.linkedin.com/jobs/view/4467873169,https://www.denodo.com,Actively Hiring,"Company: Denodo | Location: Chennai, Tamil Nadu, India | Role: Business Development Representative, Business Development | Source: LinkedIn | Actively hiring qualified talent.",LinkedIn,https://www.denodo.com,https://www.linkedin.com/jobs/view/4467873169
Outbound Sales Representative – GCC Market,California Software,"Chennai, Tamil Nadu, India",2026-09-18,https://www.linkedin.com/jobs/view/4464783478,https://www.californiasoftware.com,Actively Hiring,"Company: California Software | Location: Chennai, Tamil Nadu, India | Role: Outbound Sales Representative – GCC Market | Source: LinkedIn | Actively hiring qualified talent.",LinkedIn,https://www.californiasoftware.com,https://www.linkedin.com/jobs/view/4464783478
Sales Development Representative,Fieldy,"Chennai, Tamil Nadu, India",2026-09-12,https://www.linkedin.com/jobs/view/4466835241,https://www.fieldy.com,Actively Hiring,"Company: Fieldy | Location: Chennai, Tamil Nadu, India | Role: Sales Development Representative | Source: LinkedIn | Actively hiring qualified talent.",LinkedIn,https://www.fieldy.com,https://www.linkedin.com/jobs/view/4466835241
Sales Development Representative,Aristostar,"Chennai, Tamil Nadu, India",2026-09-17,https://www.linkedin.com/jobs/view/4467354016,https://www.aristostar.com,Actively Hiring,"Company: Aristostar | Location: Chennai, Tamil Nadu, India | Role: Sales Development Representative | Source: LinkedIn | Actively hiring qualified talent.",LinkedIn,https://www.aristostar.com,https://www.linkedin.com/jobs/view/4467354016
Business Development Executive - CBS011 -Chennai,CapActix Business Solutions,"Chennai, Tamil Nadu, India",2026-09-13,https://www.linkedin.com/jobs/view/4467137731,https://www.capactixbusiness.com,Actively Hiring,"Company: CapActix Business Solutions | Location: Chennai, Tamil Nadu, India | Role: Business Development Executive - CBS011 -Chennai | Source: LinkedIn | Actively hiring qualified talent.",LinkedIn,https://www.capactixbusiness.com,https://www.linkedin.com/jobs/view/4467137731
Business Development Executive,Medagg Healthcare Pvt Ltd,"Sholinganallur, Tamil Nadu, India",2026-09-12,https://www.linkedin.com/jobs/view/4466168917,https://www.medagghealthcare.com,Actively Hiring,"Company: Medagg Healthcare Pvt Ltd | Location: Sholinganallur, Tamil Nadu, India | Role: Business Development Executive | Source: LinkedIn | Actively hiring qualified talent.",LinkedIn,https://www.medagghealthcare.com,https://www.linkedin.com/jobs/view/4466168917
Telesales Representative,Tatva Developers,"Chennai, Tamil Nadu, India",2026-09-17,https://www.linkedin.com/jobs/view/4468465600,https://www.tatvadevelopers.com,Actively Hiring,"Company: Tatva Developers | Location: Chennai, Tamil Nadu, India | Role: Telesales Representative | Source: LinkedIn | Actively hiring qualified talent.",LinkedIn,https://www.tatvadevelopers.com,https://www.linkedin.com/jobs/view/4468465600
Inside Sales Executive,OJCommerce,"Chennai, Tamil Nadu, India",2026-09-18,https://www.linkedin.com/jobs/view/4470243679,https://www.ojcommerce.com,Actively Hiring,"Company: OJCommerce | Location: Chennai, Tamil Nadu, India | Role: Inside Sales Executive | Source: LinkedIn | Actively hiring qualified talent.",LinkedIn,https://www.ojcommerce.com,https://www.linkedin.com/jobs/view/4470243679
Business Development Executive,"Boston Institute of Analytics - Sholinganallur, Chennai Campus","Sholinganallur, Tamil Nadu, India",2026-09-13,https://www.linkedin.com/jobs/view/4466842654,https://www.bostoninstituteofanalyticssholinganallurchennaicampus.com,Actively Hiring,"Company: Boston Institute of Analytics - Sholinganallur, Chennai Campus | Location: Sholinganallur, Tamil Nadu, India | Role: Business Development Executive | Source: LinkedIn | Actively hiring qualified talent.",LinkedIn,https://www.bostoninstituteofanalyticssholinganallurchennaicampus.com,https://www.linkedin.com/jobs/view/4466842654
Appointment Setter – High-Ticket Sales,MiTran Global,"Chennai, Tamil Nadu, India",2026-09-18,https://www.linkedin.com/jobs/view/4468708518,https://www.mitranglobal.com,Actively Hiring,"Company: MiTran Global | Location: Chennai, Tamil Nadu, India | Role: Appointment Setter – High-Ticket Sales | Source: LinkedIn | Actively hiring qualified talent.",LinkedIn,https://www.mitranglobal.com,https://www.linkedin.com/jobs/view/4468708518
Business Development Executive,GROWAI Edtech,"Chennai, Tamil Nadu, India",2026-09-17,https://www.linkedin.com/jobs/view/4468475118,https://www.growaiedtech.com,Actively Hiring,"Company: GROWAI Edtech | Location: Chennai, Tamil Nadu, India | Role: Business Development Executive | Source: LinkedIn | Actively hiring qualified talent.",LinkedIn,https://www.growaiedtech.com,https://www.linkedin.com/jobs/view/4468475118
Sales Executive,WEMAKE SOLUTIONS PVT LTD,Greater Chennai Area,2026-09-13,https://www.linkedin.com/jobs/view/4464838394,https://www.wemakecreators.com,Actively Hiring,Company: WEMAKE SOLUTIONS PVT LTD | Location: Greater Chennai Area | Role: Sales Executive | Source: LinkedIn | Actively hiring qualified talent.,LinkedIn,https://www.wemakecreators.com,https://www.linkedin.com/jobs/view/4464838394
Telesales Executive,DETRON India CNC Rotary Tables,"Chennai, Tamil Nadu, India",2026-09-16,https://www.linkedin.com/jobs/view/4468092164,https://www.detroncncrotarytables.com,Actively Hiring,"Company: DETRON India CNC Rotary Tables | Location: Chennai, Tamil Nadu, India | Role: Telesales Executive | Source: LinkedIn | Actively hiring qualified talent.",LinkedIn,https://www.detroncncrotarytables.com,https://www.linkedin.com/jobs/view/4468092164
Business Development Executive (BDE),SRK SOLUTIONS LIMITED,Greater Chennai Area,2026-09-12,https://www.linkedin.com/jobs/view/4466546274,https://www.srk.com,Actively Hiring,Company: SRK SOLUTIONS LIMITED | Location: Greater Chennai Area | Role: Business Development Executive (BDE) | Source: LinkedIn | Actively hiring qualified talent.,LinkedIn,https://www.srk.com,https://www.linkedin.com/jobs/view/4466546274
Business Development Lead,Recloud Consulting,"Chennai, Tamil Nadu, India",2026-09-18,https://www.linkedin.com/jobs/view/4467368852,https://www.recloudconsulting.com,Actively Hiring,"Company: Recloud Consulting | Location: Chennai, Tamil Nadu, India | Role: Business Development Lead | Source: LinkedIn | Actively hiring qualified talent.",LinkedIn,https://www.recloudconsulting.com,https://www.linkedin.com/jobs/view/4467368852
Business Development Associate (inside sales),Crio.Do,"Chennai, Tamil Nadu, India",2026-09-18,https://www.linkedin.com/jobs/view/4469917279,https://resources.criodo.com,Actively Hiring,"Company: Crio.Do | Location: Chennai, Tamil Nadu, India | Role: Business Development Associate (inside sales) | Source: LinkedIn | Actively hiring qualified talent.",LinkedIn,https://resources.criodo.com,https://www.linkedin.com/jobs/view/4469917279
Business Development Executive,HomeLane,"Chennai, Tamil Nadu, India",2026-09-15,https://www.linkedin.com/jobs/view/4467838908,https://www.homelane.com,Actively Hiring,"Company: HomeLane | Location: Chennai, Tamil Nadu, India | Role: Business Development Executive | Source: LinkedIn | Actively hiring qualified talent.",LinkedIn,https://www.homelane.com,https://www.linkedin.com/jobs/view/4467838908
Business Development Executive - sterloCare,sterlo,"Chennai, Tamil Nadu, India",2026-09-15,https://www.linkedin.com/jobs/view/4468036072,https://www.sterlo.com,Actively Hiring,"Company: sterlo | Location: Chennai, Tamil Nadu, India | Role: Business Development Executive - sterloCare | Source: LinkedIn | Actively hiring qualified talent.",LinkedIn,https://www.sterlo.com,https://www.linkedin.com/jobs/view/4468036072
Business Development Associate – Crowdfunding,Neuraleap Group,"Chennai, Tamil Nadu, India",2026-09-16,https://www.linkedin.com/jobs/view/4468069950,https://www.neuraleap.com,Actively Hiring,"Company: Neuraleap Group | Location: Chennai, Tamil Nadu, India | Role: Business Development Associate – Crowdfunding | Source: LinkedIn | Actively hiring qualified talent.",LinkedIn,https://www.neuraleap.com,https://www.linkedin.com/jobs/view/4468069950
Inside Sales Manager,Veye Research Pvt Ltd,"Chennai, Tamil Nadu, India",2026-09-13,https://www.linkedin.com/jobs/view/4466840538,https://www.veyeresearch.com,Actively Hiring,"Company: Veye Research Pvt Ltd | Location: Chennai, Tamil Nadu, India | Role: Inside Sales Manager | Source: LinkedIn | Actively hiring qualified talent.",LinkedIn,https://www.veyeresearch.com,https://www.linkedin.com/jobs/view/4466840538
Business Development Specialist,Brick & Bolt,"Chennai, Tamil Nadu, India",2026-09-15,https://www.linkedin.com/jobs/view/4467831691,https://www.bricknbolt.com,Actively Hiring,"Company: Brick & Bolt | Location: Chennai, Tamil Nadu, India | Role: Business Development Specialist | Source: LinkedIn | Actively hiring qualified talent.",LinkedIn,https://www.bricknbolt.com,https://www.linkedin.com/jobs/view/4467831691
Sales & Marketing Cum Recruitment,GRhombus Technologies Pvt. Ltd.,"Chennai, Tamil Nadu, India",2026-09-14,https://www.linkedin.com/jobs/view/4468362621,https://www.grhombus.com,Actively Hiring,"Company: GRhombus Technologies Pvt. Ltd. | Location: Chennai, Tamil Nadu, India | Role: Sales & Marketing Cum Recruitment | Source: LinkedIn | Actively hiring qualified talent.",LinkedIn,https://www.grhombus.com,https://www.linkedin.com/jobs/view/4468362621
Sales & Servicing Executive,IndiaMART InterMESH Limited,"Chennai, Tamil Nadu, India",2026-09-15,https://www.linkedin.com/jobs/view/4469124145,https://www.indiamartintermesh.com,Actively Hiring,"Company: IndiaMART InterMESH Limited | Location: Chennai, Tamil Nadu, India | Role: Sales & Servicing Executive | Source: LinkedIn | Actively hiring qualified talent.",LinkedIn,https://www.indiamartintermesh.com,https://www.linkedin.com/jobs/view/4469124145
Sales Manager -(Individual Contributor Role) - MOUNT ROAD,Design Cafe,"Chennai, Tamil Nadu, India",2026-09-13,https://www.linkedin.com/jobs/view/4466066356,https://www.designcafe.com,Actively Hiring,"Company: Design Cafe | Location: Chennai, Tamil Nadu, India | Role: Sales Manager -(Individual Contributor Role) - MOUNT ROAD | Source: LinkedIn | Actively hiring qualified talent.",LinkedIn,https://www.designcafe.com,https://www.linkedin.com/jobs/view/4466066356
Senior Business Development Executive,Wrench Wise,"Chennai, Tamil Nadu, India",2026-09-18,https://www.linkedin.com/jobs/view/4467364806,https://www.wrenchwise.com,Actively Hiring,"Company: Wrench Wise | Location: Chennai, Tamil Nadu, India | Role: Senior Business Development Executive | Source: LinkedIn | Actively hiring qualified talent.",LinkedIn,https://www.wrenchwise.com,https://www.linkedin.com/jobs/view/4467364806
Telesales Executive,XLT Engineers Private Limited,"Chennai, Tamil Nadu, India",2026-09-12,https://www.linkedin.com/jobs/view/4466195576,https://www.xltengineers.com,Actively Hiring,"Company: XLT Engineers Private Limited | Location: Chennai, Tamil Nadu, India | Role: Telesales Executive | Source: LinkedIn | Actively hiring qualified talent.",LinkedIn,https://www.xltengineers.com,https://www.linkedin.com/jobs/view/4466195576
Business Development  – Corporate Gifting,CHRIS MERCHANT PRIVATE LIMITED,"Chennai, Tamil Nadu, India",2026-09-12,https://www.linkedin.com/jobs/view/4424505756,https://www.chrismerchant.com,Actively Hiring,"Company: CHRIS MERCHANT PRIVATE LIMITED | Location: Chennai, Tamil Nadu, India | Role: Business Development  – Corporate Gifting | Source: LinkedIn | Actively hiring qualified talent.",LinkedIn,https://www.chrismerchant.com,https://www.linkedin.com/jobs/view/4424505756
Business Development Associate – CarePal Money,Neuraleap Group,"Chennai, Tamil Nadu, India",2026-09-16,https://www.linkedin.com/jobs/view/4468073832,https://www.neuraleap.com,Actively Hiring,"Company: Neuraleap Group | Location: Chennai, Tamil Nadu, India | Role: Business Development Associate – CarePal Money | Source: LinkedIn | Actively hiring qualified talent.",LinkedIn,https://www.neuraleap.com,https://www.linkedin.com/jobs/view/4468073832
Business Development Executive in Chennai,Stockarea,"Chennai, Tamil Nadu, India",2026-09-18,https://www.linkedin.com/jobs/view/4470211516,https://www.stockarea.com,Actively Hiring,"Company: Stockarea | Location: Chennai, Tamil Nadu, India | Role: Business Development Executive in Chennai | Source: LinkedIn | Actively hiring qualified talent.",LinkedIn,https://www.stockarea.com,https://www.linkedin.com/jobs/view/4470211516
Business Development Specialist,Zeetaminds Digital Signage,"Chennai, Tamil Nadu, India",2026-09-12,https://www.linkedin.com/jobs/view/4466187776,https://www.zeetamindsdigitalsignage.com,Actively Hiring,"Company: Zeetaminds Digital Signage | Location: Chennai, Tamil Nadu, India | Role: Business Development Specialist | Source: LinkedIn | Actively hiring qualified talent.",LinkedIn,https://www.zeetamindsdigitalsignage.com,https://www.linkedin.com/jobs/view/4466187776
Inside Sales Representative,Tech Data APAC,"Chennai, Tamil Nadu, India",2026-09-15,https://www.linkedin.com/jobs/view/4458018997,https://www.dataapac.com,Actively Hiring,"Company: Tech Data APAC | Location: Chennai, Tamil Nadu, India | Role: Inside Sales Representative | Source: LinkedIn | Actively hiring qualified talent.",LinkedIn,https://www.dataapac.com,https://www.linkedin.com/jobs/view/4458018997
"Senior Associate, Specialist, Business Development - Consumer Lending, Consumer Banking, Consumer Banking Group",DBS Bank,"Chennai, Tamil Nadu, India",2026-09-18,https://www.linkedin.com/jobs/view/4469860466,https://www.dbsbank.com,Actively Hiring,"Company: DBS Bank | Location: Chennai, Tamil Nadu, India | Role: Senior Associate, Specialist, Business Development - Consumer Lending, Consumer Banking, Consumer Banking Group | Source: LinkedIn | Actively hiring qualified talent.",LinkedIn,https://www.dbsbank.com,https://www.linkedin.com/jobs/view/4469860466
Sales Specialist,Digital Inertia,"Chennai, Tamil Nadu, India",2026-09-13,https://www.linkedin.com/jobs/view/4466856123,https://www.digitalinertia.com,Actively Hiring,"Company: Digital Inertia | Location: Chennai, Tamil Nadu, India | Role: Sales Specialist | Source: LinkedIn | Actively hiring qualified talent.",LinkedIn,https://www.digitalinertia.com,https://www.linkedin.com/jobs/view/4466856123
Sales And Marketing Specialist,Metalex Steel Strips Private Limited,"Chennai, Tamil Nadu, India",2026-09-15,https://www.linkedin.com/jobs/view/4467512215,https://www.metalexsteelstrips.com,Actively Hiring,"Company: Metalex Steel Strips Private Limited | Location: Chennai, Tamil Nadu, India | Role: Sales And Marketing Specialist | Source: LinkedIn | Actively hiring qualified talent.",LinkedIn,https://www.metalexsteelstrips.com,https://www.linkedin.com/jobs/view/4467512215
"Senior Field Sales Executive in Chennai, Delhi, Hyderabad, Andhra Pradesh, Tamil Nadu, Mumbai, Bangalore, Kerala Estate",AyuSynk.ai,"Chennai, Tamil Nadu, India",2026-09-14,https://www.linkedin.com/jobs/view/4468843954,https://www.ayusynkai.com,Actively Hiring,"Company: AyuSynk.ai | Location: Chennai, Tamil Nadu, India | Role: Senior Field Sales Executive in Chennai, Delhi, Hyderabad, Andhra Pradesh, Tamil Nadu, Mumbai, Bangalore, Kerala Estate | Source: LinkedIn | Actively hiring qualified talent.",LinkedIn,https://www.ayusynkai.com,https://www.linkedin.com/jobs/view/4468843954
Sr. Sales Associate,3D Engineering Automation LLP,"Chennai, Tamil Nadu, India",2026-09-14,https://www.linkedin.com/jobs/view/4468621014,https://www.3dengineeringautomationllp.com,Actively Hiring,"Company: 3D Engineering Automation LLP | Location: Chennai, Tamil Nadu, India | Role: Sr. Sales Associate | Source: LinkedIn | Actively hiring qualified talent.",LinkedIn,https://www.3dengineeringautomationllp.com,https://www.linkedin.com/jobs/view/4468621014
Sales Consultant,DALMAF Private Limited,"Chennai, Tamil Nadu, India",2026-09-12,https://www.linkedin.com/jobs/view/4466504701,https://www.dalmaf.com,Actively Hiring,"Company: DALMAF Private Limited | Location: Chennai, Tamil Nadu, India | Role: Sales Consultant | Source: LinkedIn | Actively hiring qualified talent.",LinkedIn,https://www.dalmaf.com,https://www.linkedin.com/jobs/view/4466504701
Sales Executive,Thompsons HR Consulting Pvt Ltd,"Poonamallee, Tamil Nadu, India",2026-09-14,https://www.linkedin.com/jobs/view/4468375617,https://thompsonshr.com,Actively Hiring,"Company: Thompsons HR Consulting Pvt Ltd | Location: Poonamallee, Tamil Nadu, India | Role: Sales Executive | Source: LinkedIn | Actively hiring qualified talent.",LinkedIn,https://thompsonshr.com,https://www.linkedin.com/jobs/view/4468375617
Sales Engineer,3Ding,"Chennai, Tamil Nadu, India",2026-09-12,https://www.linkedin.com/jobs/view/4465595996,https://www.3ding.com,Actively Hiring,"Company: 3Ding | Location: Chennai, Tamil Nadu, India | Role: Sales Engineer | Source: LinkedIn | Actively hiring qualified talent.",LinkedIn,https://www.3ding.com,https://www.linkedin.com/jobs/view/4465595996
Senior Executive - Digital Sales,ADP,"Chennai, Tamil Nadu, India",2026-09-15,https://www.linkedin.com/jobs/view/4466681821,https://www.adp.com,Actively Hiring,"Company: ADP | Location: Chennai, Tamil Nadu, India | Role: Senior Executive - Digital Sales | Source: LinkedIn | Actively hiring qualified talent.",LinkedIn,https://www.adp.com,https://www.linkedin.com/jobs/view/4466681821
Field Sales Executive,findbhk.com,"Chennai, Tamil Nadu, India",2026-09-14,https://www.linkedin.com/jobs/view/4467192077,https://www.findbhkcom.com,Actively Hiring,"Company: findbhk.com | Location: Chennai, Tamil Nadu, India | Role: Field Sales Executive | Source: LinkedIn | Actively hiring qualified talent.",LinkedIn,https://www.findbhkcom.com,https://www.linkedin.com/jobs/view/4467192077
Associate - Sales & Marketing,UPRIO,"Chennai, Tamil Nadu, India",2026-09-18,https://www.linkedin.com/jobs/view/4467621635,https://www.uprio.com,Actively Hiring,"Company: UPRIO | Location: Chennai, Tamil Nadu, India | Role: Associate - Sales & Marketing | Source: LinkedIn | Actively hiring qualified talent.",LinkedIn,https://www.uprio.com,https://www.linkedin.com/jobs/view/4467621635
Business Development Manager,CollegeBatch.com,"Chennai, Tamil Nadu, India",2026-09-12,https://www.linkedin.com/jobs/view/4466184944,https://www.collegebatchcom.com,Actively Hiring,"Company: CollegeBatch.com | Location: Chennai, Tamil Nadu, India | Role: Business Development Manager | Source: LinkedIn | Actively hiring qualified talent.",LinkedIn,https://www.collegebatchcom.com,https://www.linkedin.com/jobs/view/4466184944
Business Development Executive - Chennai,Boston Institute of Analytics,"Chennai, Tamil Nadu, India",2026-09-16,https://www.linkedin.com/jobs/view/4466979595,https://www.bostoninstituteofanalytics.com,Actively Hiring,"Company: Boston Institute of Analytics | Location: Chennai, Tamil Nadu, India | Role: Business Development Executive - Chennai | Source: LinkedIn | Actively hiring qualified talent.",LinkedIn,https://www.bostoninstituteofanalytics.com,https://www.linkedin.com/jobs/view/4466979595
Walk-in || Sales Engineer,Kinlong Hardware,Chennai,2026-09-13,https://www.naukri.com/job-listings-sales-engineer-kinlong-hardware-chennai-0-to-3-years-160926031983,https://www.kinlonghardware.com,Actively Hiring,"Mandatory requirement : Two Wheeler. Education: BE (Civil / Mechanical) preferred, othe...",Naukri,https://www.kinlonghardware.com,https://www.naukri.com/job-listings-sales-engineer-kinlong-hardware-chennai-0-to-3-years-160926031983
Walk-in || Business Development Specialist,India Filings Pvt Ltd,Chennai(Chetpet),2026-09-16,https://www.naukri.com/job-listings-business-development-specialist-india-filings-pvt-ltd-chennai-0-to-5-years-190926017495,https://www.filings.com,Actively Hiring,Business Development Executive (BDE) SalesAre you passionate about sales and building ...,Naukri,https://www.filings.com,https://www.naukri.com/job-listings-business-development-specialist-india-filings-pvt-ltd-chennai-0-to-5-years-190926017495
Walk-in || Telesales Executive - Chennai,Policybazaar,Chennai(Adyar +10),2026-09-16,https://www.naukri.com/job-listings-telesales-executive-chennai-policybazaar-chennai-0-to-3-years-190926019702,https://www.policybazaar.ai,Actively Hiring,We are hiring dynamic and motivated individuals for Field Sales (Male) and In-Office Te...,Naukri,https://www.policybazaar.ai,https://www.naukri.com/job-listings-telesales-executive-chennai-policybazaar-chennai-0-to-3-years-190926019702
Walk-in || Business Development Executive,ACTE Technologies pvt ltd,Chennai,2026-09-13,https://www.naukri.com/job-listings-business-development-executive-acte-technologies-pvt-ltd-chennai-0-to-2-years-220826009792,https://www.acteonline.org,Actively Hiring,"Any graduate with strong communication, sales & business development skillsTarget-drive...",Naukri,https://www.acteonline.org,https://www.naukri.com/job-listings-business-development-executive-acte-technologies-pvt-ltd-chennai-0-to-2-years-220826009792
Walk-in || Design and Product Development Engineer,Essaar Elevator,Chennai(Poonamallee +4),2026-09-15,https://www.naukri.com/job-listings-design-and-product-development-engineer-essaar-elevator-chennai-0-to-7-years-180926020560,https://www.essaarelevator.com,Actively Hiring,Conduct market research to identify trends and opportunities for innovative product des...,Naukri,https://www.essaarelevator.com,https://www.naukri.com/job-listings-design-and-product-development-engineer-essaar-elevator-chennai-0-to-7-years-180926020560
Walk-in || Business Development Executive,BrandsMart Packaging Company India Pvt Ltd,Chennai,2026-09-12,https://www.naukri.com/job-listings-business-development-executive-brandsmart-packaging-company-india-pvt-ltd-chennai-0-to-3-years-150926029154,https://www.brandsmartpackagingcompany.com,Actively Hiring,". Bachelors degree in Marketing, Business Administration, Commerce, or a related fieldE...",Naukri,https://www.brandsmartpackagingcompany.com,https://www.naukri.com/job-listings-business-development-executive-brandsmart-packaging-company-india-pvt-ltd-chennai-0-to-3-years-150926029154
Walk-in || Sales Executive,Lalithaa Jewellery,"Chennai(Purasaiwakkam +1), Ambattur",2026-09-16,https://www.naukri.com/job-listings-sales-executive-lalithaa-jewellery-ambattur-chennai-0-to-5-years-190926016003,https://www.lalithaajewellery.com,Actively Hiring,"EXPERIENCE : 1 to 5 years experience in Sales. . BENEFITS: . PF & ESI, Incentives, Food...",Naukri,https://www.lalithaajewellery.com,https://www.naukri.com/job-listings-sales-executive-lalithaa-jewellery-ambattur-chennai-0-to-5-years-190926016003
Sales Executive,NoBroker,Remote,2026-09-04,https://www.naukri.com/job-listings-sales-executive-nobroker-chennai-0-to-2-years-040926014782,https://www.nobroker.com,Actively Hiring,Location: Pan India . Job Type: Work From Home . Qualification / Education and other . ...,Naukri,https://www.nobroker.com,https://www.naukri.com/job-listings-sales-executive-nobroker-chennai-0-to-2-years-040926014782
Sales Executive,Aachi Group,Chennai,2026-08-28,https://www.naukri.com/job-listings-sales-executive-aachi-masala-foods-p-ltd-chennai-0-to-6-years-240626506373,https://www.aachi.com,Actively Hiring,"Proven experience in sales, preferably in the food industry. . Strong communication and...",Naukri,https://www.aachi.com,https://www.naukri.com/job-listings-sales-executive-aachi-masala-foods-p-ltd-chennai-0-to-6-years-240626506373
Sales Manager,IIFL Home Finance,Chennai,2026-08-28,https://www.naukri.com/job-listings-sales-manager-iifl-home-finance-chennai-0-to-5-years-180826502948,https://www.iiflhomefinance.com,Actively Hiring,Resourceful in providing high value-added services to.clients with maximum retention & ...,Naukri,https://www.iiflhomefinance.com,https://www.naukri.com/job-listings-sales-manager-iifl-home-finance-chennai-0-to-5-years-180826502948
Sales Executive,Central Hyundai,Chennai,2026-08-28,https://www.naukri.com/job-listings-sales-executive-hyundai-central-hyundai-chennai-0-to-3-years-200226502854,https://www.centralhyundai.com,Actively Hiring,Role responsibilities     Selling Skills:     Showcase our range of high-quality cars...,Naukri,https://www.centralhyundai.com,https://www.naukri.com/job-listings-sales-executive-hyundai-central-hyundai-chennai-0-to-3-years-200226502854
Sales Executive,Larsen & Toubro (L&T),"Chennai, Tambaram, Thiruvallur",2026-09-14,https://www.naukri.com/job-listings-sales-executive-larsen-toubro-l-t-tambaram-chennai-thiruvallur-0-to-1-years-170926016909,https://www.larsentoubrolt.com,Actively Hiring,Preferred candidate profile: .,Naukri,https://www.larsentoubrolt.com,https://www.naukri.com/job-listings-sales-executive-larsen-toubro-l-t-tambaram-chennai-thiruvallur-0-to-1-years-170926016909
Sales Executive,Ear Solutions,"Chennai(Velachery), Bengaluru(Koramangala +1)",2026-09-11,https://www.naukri.com/job-listings-sales-executive-ear-solutions-chennai-bengaluru-0-to-3-years-100926020167,https://www.earmusic.com,Actively Hiring,Male Candidates can applyJoining Date: 15th September 2026. *For Freshers 10-15 Positio...,Naukri,https://www.earmusic.com,https://www.naukri.com/job-listings-sales-executive-ear-solutions-chennai-bengaluru-0-to-3-years-100926020167
Sales Executive,Unicorn Denmart,"Chennai(Ernavur), Salem(Veerapandi), Rajkot(Jasdan)",2026-09-11,https://www.naukri.com/job-listings-sales-executive-unicorn-denmart-salem-chennai-rajkot-0-to-4-years-090826001491,https://www.unicorndenmart.com,Actively Hiring,What Were Looking For Education: . Any GraduateMBA in Sales & Marketing (preferred but ...,Naukri,https://www.unicorndenmart.com,https://www.naukri.com/job-listings-sales-executive-unicorn-denmart-salem-chennai-rajkot-0-to-4-years-090826001491
Sales Executive,Plus Fitness 24 7 India,"Chennai, Kolkata, Mumbai, New Delhi, Hyderabad, Pune, Bengaluru",2026-08-28,https://www.naukri.com/job-listings-sales-executive-plus-fitness-24-7-kolkata-mumbai-new-delhi-hyderabad-pune-chennai-bengaluru-2-to-4-years-260425505416,https://www.plusfitness247.com,Actively Hiring,Plus Fitness 24/7 is looking for Sales Executive to join our dynamic team and embark on...,Naukri,https://www.plusfitness247.com,https://www.naukri.com/job-listings-sales-executive-plus-fitness-24-7-kolkata-mumbai-new-delhi-hyderabad-pune-chennai-bengaluru-2-to-4-years-260425505416
Sales Executive,Gangpur Ventures,"Chennai, Kolkata, Mumbai, New Delhi, Hyderabad, Pune, Bengaluru",2026-08-28,https://www.naukri.com/job-listings-sales-executive-gangpur-ventures-kolkata-mumbai-new-delhi-hyderabad-pune-chennai-bengaluru-0-to-2-years-090824500723,https://www.gangpurventures.com,Actively Hiring,To help the business grow by identifying and selling products to new business prospec...,Naukri,https://www.gangpurventures.com,https://www.naukri.com/job-listings-sales-executive-gangpur-ventures-kolkata-mumbai-new-delhi-hyderabad-pune-chennai-bengaluru-0-to-2-years-090824500723
Sales Executive,Policybazaar,"Chennai, Gurugram, Bengaluru",2026-08-28,https://www.naukri.com/job-listings-sales-executive-policybazaar-gurugram-chennai-bengaluru-0-to-2-years-260826016460,https://www.policybazaar.ai,Actively Hiring,"Preferred candidate profile . Bachelors degree in Business Administration, Marketing, S...",Naukri,https://www.policybazaar.ai,https://www.naukri.com/job-listings-sales-executive-policybazaar-gurugram-chennai-bengaluru-0-to-2-years-260826016460
Sales Executive,Green Glory Technologies,Chennai,2026-08-28,https://www.naukri.com/job-listings-sales-executive-green-glory-technologies-chennai-0-to-2-years-310820501210,https://www.greenglory.com,Actively Hiring,Developing relationships with key decision-makers in target organizations for busines...,Naukri,https://www.greenglory.com,https://www.naukri.com/job-listings-sales-executive-green-glory-technologies-chennai-0-to-2-years-310820501210
Rental Sales Executive,NoBroker,Chennai(Medavakkam +2),2026-09-11,https://www.naukri.com/job-listings-rental-sales-executive-nobroker-chennai-0-to-2-years-140926013192,https://www.nobroker.com,Actively Hiring,Field Sales RoleCandidate Have to deal with rental SalesBike mandatory,Naukri,https://www.nobroker.com,https://www.naukri.com/job-listings-rental-sales-executive-nobroker-chennai-0-to-2-years-140926013192
Sales Executive,P5infosoft,"Chennai, Kolkata, Mumbai, New Delhi, Hyderabad, Pune, Bengaluru",2026-08-28,https://www.naukri.com/job-listings-sales-executive-p5infosoft-kolkata-mumbai-new-delhi-hyderabad-pune-chennai-bengaluru-0-to-2-years-270525503794,https://www.p5infosoft.com,Actively Hiring,Only Night Shift  . Job Education . Any graduate can apply Job Must Have .,Naukri,https://www.p5infosoft.com,https://www.naukri.com/job-listings-sales-executive-p5infosoft-kolkata-mumbai-new-delhi-hyderabad-pune-chennai-bengaluru-0-to-2-years-270525503794
Sales Executive,Anmol Swarn,"Chennai, Bengaluru",2026-08-28,https://www.naukri.com/job-listings-sales-executive-anmol-swarn-india-pvt-ltd-chennai-bengaluru-0-to-2-years-150424501056,https://www.anmolswarn.com,Actively Hiring,Finding the new market to sell our product    Good communication skill   Handle the ...,Naukri,https://www.anmolswarn.com,https://www.naukri.com/job-listings-sales-executive-anmol-swarn-india-pvt-ltd-chennai-bengaluru-0-to-2-years-150424501056
SALES EXECUTIVE,Syrotech,"Chennai, Kolkata, Mumbai, New Delhi, Hyderabad, Pune, Bengaluru",2026-08-28,https://www.naukri.com/job-listings-sales-executive-syrotech-kolkata-mumbai-new-delhi-hyderabad-pune-chennai-bengaluru-0-to-1-years-140224500034,https://www.syrotech.com,Actively Hiring,Syrotech is looking for SALES EXECUTIVE to join our dynamic team and embark on a reward...,Naukri,https://www.syrotech.com,https://www.naukri.com/job-listings-sales-executive-syrotech-kolkata-mumbai-new-delhi-hyderabad-pune-chennai-bengaluru-0-to-1-years-140224500034
Executive - Sales,Medcare Hospital & Medical Centres,"Chennai, Kolkata, Mumbai, New Delhi, Hyderabad, Pune, Bengaluru",2026-08-28,https://www.naukri.com/job-listings-executive-sales-medcare-hospitals-medical-centres-kolkata-mumbai-new-delhi-hyderabad-pune-chennai-bengaluru-0-to-3-years-271025503415,https://www.medcarehospitalmedicalcentres.com,Actively Hiring,Conduct market research and stay up-to-date on industry trends to identify new opportun...,Naukri,https://www.medcarehospitalmedicalcentres.com,https://www.naukri.com/job-listings-executive-sales-medcare-hospitals-medical-centres-kolkata-mumbai-new-delhi-hyderabad-pune-chennai-bengaluru-0-to-3-years-271025503415
Inside Sales Executive,India Filings Pvt Ltd,Chennai(Chetpet),2026-09-17,https://www.naukri.com/job-listings-inside-sales-executive-india-filings-pvt-ltd-chennai-0-to-5-years-210926001649,https://www.filings.com,Actively Hiring,"The ideal candidate is a patient, adaptable individual with excellent communication ski...",Naukri,https://www.filings.com,https://www.naukri.com/job-listings-inside-sales-executive-india-filings-pvt-ltd-chennai-0-to-5-years-210926001649
Sales Executive,Swords Logistics,"Chennai, Kolkata, Mumbai, New Delhi, Hyderabad, Pune, Bengaluru",2026-08-28,https://www.naukri.com/job-listings-sales-executive-swords-logistics-kolkata-mumbai-new-delhi-hyderabad-pune-chennai-bengaluru-0-to-3-years-021224500830,https://www.swordslogistics.com,Actively Hiring,Swords Logistics is looking for Sales Executive to join our dynamic team and embark on ...,Naukri,https://www.swordslogistics.com,https://www.naukri.com/job-listings-sales-executive-swords-logistics-kolkata-mumbai-new-delhi-hyderabad-pune-chennai-bengaluru-0-to-3-years-021224500830
Sales Engineer/Sales Executive - Electrical Equipment,Freelancer,"Chennai, Ludhiana, Ahmedabad, Bengaluru",2026-09-12,https://www.naukri.com/job-listings-sales-engineer-sales-executive-electrical-equipment-freelancer-ludhiana-ahmedabad-chennai-bengaluru-0-to-3-years-300726012398,https://www.freelancer.com,Actively Hiring,"Drive electrical sales & BD with industrial clients, contractors, dealers & distributor...",Naukri,https://www.freelancer.com,https://www.naukri.com/job-listings-sales-engineer-sales-executive-electrical-equipment-freelancer-ludhiana-ahmedabad-chennai-bengaluru-0-to-3-years-300726012398
Inside Sales Executive,Signals And Systems,Chennai,2026-08-28,https://www.naukri.com/job-listings-inside-sales-executive-signals-and-systems-chennai-0-to-2-years-280826009300,https://www.signalsandsystems.com,Actively Hiring,Analyze sales data to optimize sales processes and improve overall performance. Job Req...,Naukri,https://www.signalsandsystems.com,https://www.naukri.com/job-listings-inside-sales-executive-signals-and-systems-chennai-0-to-2-years-280826009300
Customer Sales Executive - Two Wheeler Loans,Tata Capital,Chennai,2026-08-28,https://www.naukri.com/job-listings-customer-sales-executive-two-wheeler-loans-tata-capital-ltd-chennai-0-to-5-years-160226506936,https://www.tatacapital.com,Actively Hiring,Perform the following under the guidance/direction of Supervisor/Manager      With h...,Naukri,https://www.tatacapital.com,https://www.naukri.com/job-listings-customer-sales-executive-two-wheeler-loans-tata-capital-ltd-chennai-0-to-5-years-160226506936
Customer Sales Executive - Two Wheeler Loans,Tata Capital,Chennai,2026-08-28,https://www.naukri.com/job-listings-customer-sales-executive-two-wheeler-loans-tata-capital-ltd-chennai-0-to-7-years-150726500248,https://www.tatacapital.com,Actively Hiring,Under Graduate/ Graduate in any discipline. Disclaimer : This job posting has been aggr...,Naukri,https://www.tatacapital.com,https://www.naukri.com/job-listings-customer-sales-executive-two-wheeler-loans-tata-capital-ltd-chennai-0-to-7-years-150726500248
Inside Sales Executive,Cynosure Corporate Solutions,Chennai(Pallikaranai),2026-09-11,https://www.naukri.com/job-listings-inside-sales-executive-cynosure-corporate-solutions-chennai-0-to-5-years-090926027644,https://www.cynosure.com,Actively Hiring,Required Skills & Qualifications: . Freshers with good communication skills and interes...,Naukri,https://www.cynosure.com,https://www.naukri.com/job-listings-inside-sales-executive-cynosure-corporate-solutions-chennai-0-to-5-years-090926027644
Sales Executive,Premium Lifestyle And Fashion,Chennai,2026-09-16,https://www.naukri.com/job-listings-sales-executive-lifestyle-and-fashion-chennai-0-to-4-years-190926015625,https://www.premiumlifestyleandfashion.com,Actively Hiring,Experience: 0+ Years. Employment Type: Full-Time & Part-Time. Job Responsibilities Will...,Naukri,https://www.premiumlifestyleandfashion.com,https://www.naukri.com/job-listings-sales-executive-lifestyle-and-fashion-chennai-0-to-4-years-190926015625
Walk-in || Sales Executive,Udhay Groups,Chennai(Arumbakkam),2026-08-28,https://www.naukri.com/job-listings-sales-executive-udhay-groups-chennai-0-to-3-years-240826028561,https://www.udhaygroups.com,Actively Hiring,15 Years (Freshers with excellent communication skills are also welcome)Requirements . ...,Naukri,https://www.udhaygroups.com,https://www.naukri.com/job-listings-sales-executive-udhay-groups-chennai-0-to-3-years-240826028561
Business Development Executive,NoBroker,"Chennai, Pune, Bengaluru",2026-09-11,https://www.naukri.com/job-listings-business-development-executive-nobroker-pune-chennai-bengaluru-0-to-1-years-120926015566,https://www.nobroker.com,Actively Hiring,Role & rHiring: PnM ServicingWork Mode: Work from Office + Field VisitsDaily Travel: 30...,Naukri,https://www.nobroker.com,https://www.naukri.com/job-listings-business-development-executive-nobroker-pune-chennai-bengaluru-0-to-1-years-120926015566
Sales Executive,Manna Foods,"Hybrid - Chennai, Thanjavur, Coimbatore",2026-09-11,https://www.naukri.com/job-listings-sales-executive-ciel-hr-thanjavur-chennai-coimbatore-0-to-2-years-080926014070,https://www.mannafoods.com,Actively Hiring,"Minimum 12th Pass / Diploma / GraduateExperience in Customer Service, Sales, or related...",Naukri,https://www.mannafoods.com,https://www.naukri.com/job-listings-sales-executive-ciel-hr-thanjavur-chennai-coimbatore-0-to-2-years-080926014070
Sales Executive,Nia Ev Motors Pune,Chennai(Maduravoyal),2026-09-14,https://www.naukri.com/job-listings-sales-executive-nia-ev-motors-pune-chennai-0-to-5-years-190826021428,https://www.niaevmotorspune.com,Actively Hiring,Role & responsibilities :* Welcome and assist customers visiting the showroom.* Handle ...,Naukri,https://www.niaevmotorspune.com,https://www.naukri.com/job-listings-sales-executive-nia-ev-motors-pune-chennai-0-to-5-years-190826021428
Sales Executive-Horeca,Nilkamal,"Chennai, Hyderabad, Bengaluru",2026-08-28,https://www.naukri.com/job-listings-sales-executive-horeca-nilkamal-hyderabad-chennai-bengaluru-2-to-5-years-260826011174,https://www.nilkamal.com,Actively Hiring,Qualification: Graduate from any stream (Arts / Science/Commerce). As a front sales rep...,Naukri,https://www.nilkamal.com,https://www.naukri.com/job-listings-sales-executive-horeca-nilkamal-hyderabad-chennai-bengaluru-2-to-5-years-260826011174
Sales Manager,Praveedh Decor,"Chennai, Mumbai Suburban, Delhi / NCR",2026-09-12,https://www.naukri.com/job-listings-sales-manager-praveedh-decor-mumbai-suburban-chennai-delhi-ncr-0-to-5-years-150926005492,https://www.praveedhdecor.com,Actively Hiring,"Work with OEMs, Architects, builders, contractors to establish commanding market share ...",Naukri,https://www.praveedhdecor.com,https://www.naukri.com/job-listings-sales-manager-praveedh-decor-mumbai-suburban-chennai-delhi-ncr-0-to-5-years-150926005492
Sales Executive For Healthcare MNC Chennai,Cordlife,Hybrid - Chennai,2026-09-14,https://www.naukri.com/job-listings-sales-executive-for-healthcare-mnc-chennai-cordlife-chennai-0-to-5-years-170926026575,https://www.cordlife.com,Actively Hiring,Must be comfortable with field sales profileMust be comfortable to travel,Naukri,https://www.cordlife.com,https://www.naukri.com/job-listings-sales-executive-for-healthcare-mnc-chennai-cordlife-chennai-0-to-5-years-170926026575
Sales Executive,Arun Vyapar Udyog Pvt Ltd,Chennai,2026-09-04,https://www.naukri.com/job-listings-sales-executive-arun-vyapar-udyog-pvt-ltd-chennai-0-to-4-years-070926909488,https://www.arunvyaparudyog.com,Actively Hiring,Freshers can also applyCandidates from North / South/Central Chennai are highly preferr...,Naukri,https://www.arunvyaparudyog.com,https://www.naukri.com/job-listings-sales-executive-arun-vyapar-udyog-pvt-ltd-chennai-0-to-4-years-070926909488
Sales Executive,MNC Group,Chennai,2026-08-28,https://www.naukri.com/job-listings-sales-executive-lead-hr-services-chennai-0-to-1-years-290826010617,https://www.mnc.com,Actively Hiring,Role & responsibilities . MBA Marketing / Sales / Business Development preferred. Excel...,Naukri,https://www.mnc.com,https://www.naukri.com/job-listings-sales-executive-lead-hr-services-chennai-0-to-1-years-290826010617
Inside Sales Executive,India Filings Pvt Ltd,"Chennai(Chetpet +1), New Delhi(New Ashok Nagar)",2026-09-11,https://www.naukri.com/job-listings-inside-sales-executive-india-filings-pvt-ltd-new-delhi-chennai-0-to-5-years-100926030734,https://www.filings.com,Actively Hiring,Business Development Executive (BDE) SalesAre you passionate about sales and building ...,Naukri,https://www.filings.com,https://www.naukri.com/job-listings-inside-sales-executive-india-filings-pvt-ltd-new-delhi-chennai-0-to-5-years-100926030734
SALES EXECUTIVES,Mapack,"Chennai, Madurai, Tiruppur, Salem, Tiruchirappalli, Coimbatore",2026-08-28,https://www.naukri.com/job-listings-sales-executives-mapack-india-pvt-ltd-madurai-tiruppur-salem-chennai-tiruchirapalli-coimbatore-0-to-2-years-070726500999,https://www.mapack.com,Actively Hiring,Looking for a dynamic and ambitious Sales Executive to join our team across India. The...,Naukri,https://www.mapack.com,https://www.naukri.com/job-listings-sales-executives-mapack-india-pvt-ltd-madurai-tiruppur-salem-chennai-tiruchirapalli-coimbatore-0-to-2-years-070726500999
Sales Executive,Vetenecom,Chennai(Maraimalai Nagar),2026-09-12,https://www.naukri.com/job-listings-sales-executive-arul-murugan-arumugam-chennai-0-to-2-years-150926019373,https://www.vetenecom.com,Actively Hiring,We are looking for a Sales & Client Acquisition Executive who can speak confidently wi...,Naukri,https://www.vetenecom.com,https://www.naukri.com/job-listings-sales-executive-arul-murugan-arumugam-chennai-0-to-2-years-150926019373
Sales Executive,Kathir Sudhir Automation Solutions,Chennai(Kattupakkam),2026-09-15,https://www.naukri.com/job-listings-sales-executive-kathir-sudhir-automation-solutions-chennai-0-to-1-years-180926013298,https://www.kathirsudhirautomation.com,Actively Hiring,Responsibilities:* Close deals through persuasive selling techniques* Generate leads th...,Naukri,https://www.kathirsudhirautomation.com,https://www.naukri.com/job-listings-sales-executive-kathir-sudhir-automation-solutions-chennai-0-to-1-years-180926013298
Sales Executive,ABHAY ASSOCIATES,Hybrid - Chennai,2026-09-04,https://www.naukri.com/job-listings-sales-executive-abhay-associates-chennai-0-to-5-years-210826015612,https://www.abhayassociates.com,Actively Hiring,Gender: Male . Age: 1845 years  Freshers Valid driving licence preferredReporting . Dai...,Naukri,https://www.abhayassociates.com,https://www.naukri.com/job-listings-sales-executive-abhay-associates-chennai-0-to-5-years-210826015612
Sales Engineer/ Sales Executive,Collaborationpeople Technologies,"Hybrid - Chennai, Hyderabad, Delhi / NCR",2026-08-28,https://www.naukri.com/job-listings-sales-engineer-sales-executive-collaborationpeople-technologies-hyderabad-chennai-delhi-ncr-0-to-5-years-210826011716,https://www.collaborationpeople.com,Actively Hiring,Your role as a sales engineer/executive is to sell a company's products and services to...,Naukri,https://www.collaborationpeople.com,https://www.naukri.com/job-listings-sales-engineer-sales-executive-collaborationpeople-technologies-hyderabad-chennai-delhi-ncr-0-to-5-years-210826011716
Sales Excutive,Nivara Home Finance,"Chennai, Kolkata, Mumbai, New Delhi, Hyderabad, Pune, Bengaluru",2026-08-28,https://www.naukri.com/job-listings-sales-excutive-nivara-home-finance-limited-kolkata-mumbai-new-delhi-hyderabad-pune-chennai-bengaluru-0-to-2-years-131224502281,https://www.nivarahomefinance.com,Actively Hiring,We welcome candidates (Experinced Fresher) who are keen to ride the exciting (and expec...,Naukri,https://www.nivarahomefinance.com,https://www.naukri.com/job-listings-sales-excutive-nivara-home-finance-limited-kolkata-mumbai-new-delhi-hyderabad-pune-chennai-bengaluru-0-to-2-years-131224502281
Sales Executive,For a client of Top Talent Hr Services,Chennai,2026-08-28,https://www.naukri.com/job-listings-sales-executive-top-talent-hr-services-chennai-0-to-3-years-310826012356,https://www.foraclientoftoptalenthr.com,Actively Hiring,Sales Executive / Business Development Executive Freshers & Experienced from ANY INDUST...,Naukri,https://www.foraclientoftoptalenthr.com,https://www.naukri.com/job-listings-sales-executive-top-talent-hr-services-chennai-0-to-3-years-310826012356
Sales Executive,Gurudev Motors,"Chennai, Vellore, trichy",2026-08-28,https://www.naukri.com/job-listings-sales-executive-gurudev-motors-chennai-vellore-trichy-0-to-5-years-270626005804,https://www.gurudevmotors.com,Actively Hiring,Role: Retail SalesIndustry Type: Sales & Business DevelopmentEmployment Type: Full Time...,Naukri,https://www.gurudevmotors.com,https://www.naukri.com/job-listings-sales-executive-gurudev-motors-chennai-vellore-trichy-0-to-5-years-270626005804
Sales Executive,Cynosure Corporate Solutions,Chennai(Adambakkam),2026-09-04,https://www.naukri.com/job-listings-sales-executive-cynosure-corporate-solutions-chennai-0-to-1-years-020926033784,https://www.cynosure.com,Actively Hiring,Bachelors degree or equivalent qualification Freshers and candidates with 02 years of s...,Naukri,https://www.cynosure.com,https://www.naukri.com/job-listings-sales-executive-cynosure-corporate-solutions-chennai-0-to-1-years-020926033784
Sales Executive,Hawwa Supermarket Consultant Service,Chennai,2026-08-28,https://www.naukri.com/job-listings-sales-executive-hawwa-supermarket-chennai-0-to-3-years-271224505456,https://www.hawwasupermarketconsultantservice.com,Actively Hiring,Hawwa Supermarket is looking for Sales Executive to join our dynamic team and embark on...,Naukri,https://www.hawwasupermarketconsultantservice.com,https://www.naukri.com/job-listings-sales-executive-hawwa-supermarket-chennai-0-to-3-years-271224505456
Sales Executives,RR Real Estate Chennai,Chennai,2026-08-28,https://www.naukri.com/job-listings-sales-executives-rr-real-estate-chennai-0-to-2-years-250626507301,https://www.rrrealestatechennai.com,Actively Hiring,"Proven experience in sales, preferably in the real estate industry. . Strong communicat...",Naukri,https://www.rrrealestatechennai.com,https://www.naukri.com/job-listings-sales-executives-rr-real-estate-chennai-0-to-2-years-250626507301
Inside Sales Executive,Twin Health,Chennai,2026-08-28,https://www.naukri.com/job-listings-inside-sales-executive-twin-health-chennai-0-to-3-years-090726502412,https://www.twinhealth.com,Actively Hiring,"Twin Health    At Twin Health, we empower people to improve and prevent chronic meta...",Naukri,https://www.twinhealth.com,https://www.naukri.com/job-listings-inside-sales-executive-twin-health-chennai-0-to-3-years-090726502412
Inside Sales Executive,Roofglow Solar,Chennai(Anna Nagar Western Extension),2026-09-04,https://www.naukri.com/job-listings-inside-sales-executive-roofglow-solar-private-limited-chennai-0-to-3-years-040926014347,https://www.roofglowsolar.com,Actively Hiring,"Contribute ideas to improve lead engagement based on what youre hearing on calls, and f...",Naukri,https://www.roofglowsolar.com,https://www.naukri.com/job-listings-inside-sales-executive-roofglow-solar-private-limited-chennai-0-to-3-years-040926014347
Sales Executive,Jidoka Technologies,Chennai,2026-08-28,https://www.naukri.com/job-listings-sales-executive-jidoka-technologies-chennai-0-to-2-years-140825500475,https://www.jidoka.com,Actively Hiring,Jidoka Technologies is looking for Sales Executive to join our dynamic team and embark ...,Naukri,https://www.jidoka.com,https://www.naukri.com/job-listings-sales-executive-jidoka-technologies-chennai-0-to-2-years-140825500475
Walk-in || Sales Executive,ACTE Technologies Pvt. Ltd,Chennai,2026-09-11,https://www.naukri.com/job-listings-sales-executive-acte-technologies-pvt-ltd-chennai-0-to-1-years-120926010342,https://www.acteonline.org,Actively Hiring,"Any graduate with 0 2 years of experience in salesStrong communication, negotiation, an...",Naukri,https://www.acteonline.org,https://www.naukri.com/job-listings-sales-executive-acte-technologies-pvt-ltd-chennai-0-to-1-years-120926010342
Inside Sales Executive,Social Eagle,Chennai,2026-08-28,https://www.naukri.com/job-listings-inside-sales-executive-social-eagle-chennai-0-to-3-years-311225503394,https://www.socialeagle.com,Actively Hiring,Strong knowledge of sales principles and practices. Disclaimer: This job description ha...,Naukri,https://www.socialeagle.com,https://www.naukri.com/job-listings-inside-sales-executive-social-eagle-chennai-0-to-3-years-311225503394
Sales Executive,Peekaboo Patterns,Chennai,2026-08-28,https://www.naukri.com/job-listings-sales-executive-peekaboo-patterns-official-chennai-0-to-2-years-190325509943,https://www.peekaboopatterns.com,Actively Hiring,Responsibilities:   Identify and engage potential customers to drive sales growth.  ...,Naukri,https://www.peekaboopatterns.com,https://www.naukri.com/job-listings-sales-executive-peekaboo-patterns-official-chennai-0-to-2-years-190325509943
Sales Executive,Bindal Multipack,Chennai,2026-08-28,https://www.naukri.com/job-listings-sales-executive-bindal-multipack-chennai-0-to-3-years-130226503909,https://www.bindalmultipack.com,Actively Hiring,"Proven experience in sales and marketing, preferably in the Packaging Containers indust...",Naukri,https://www.bindalmultipack.com,https://www.naukri.com/job-listings-sales-executive-bindal-multipack-chennai-0-to-3-years-130226503909
Sales Executive,Savirro Motors Llp,Chennai,2026-08-28,https://www.naukri.com/job-listings-sales-executive-savirro-motors-llp-chennai-0-to-6-years-210826006050,https://www.savirromotorsllp.com,Actively Hiring,"Experience in automobile, EV, two-wheeler, premium automotive or retail sales will be a...",Naukri,https://www.savirromotorsllp.com,https://www.naukri.com/job-listings-sales-executive-savirro-motors-llp-chennai-0-to-6-years-210826006050
Sales Executive,Atom Lifts India Pvt Ltd,Chennai,2026-09-04,https://www.naukri.com/job-listings-sales-executive-atom-lifts-india-pvt-ltd-chennai-0-to-5-years-050926012332,https://www.atomlifts.com,Actively Hiring,"Experience in the Elevator, Construction, Engineering, Building Materials, or Industria...",Naukri,https://www.atomlifts.com,https://www.naukri.com/job-listings-sales-executive-atom-lifts-india-pvt-ltd-chennai-0-to-5-years-050926012332
Sales Executive,Bindal Multipack,Chennai,2026-08-28,https://www.naukri.com/job-listings-sales-executive-bindal-multipack-chennai-0-to-3-years-130226506157,https://www.bindalmultipack.com,Actively Hiring,Analyze market trends and competitor activity to stay ahead in the industry. Disclaimer...,Naukri,https://www.bindalmultipack.com,https://www.naukri.com/job-listings-sales-executive-bindal-multipack-chennai-0-to-3-years-130226506157
Sales Executive,Dotcom Stores,Chennai,2026-08-28,https://www.naukri.com/job-listings-sales-executive-dotcom-brands-chennai-0-to-3-years-290126501274,https://www.dotcomstores.com,Actively Hiring,Dotcom Brands is looking for Sales Executive to join our dynamic team and embark on a r...,Naukri,https://www.dotcomstores.com,https://www.naukri.com/job-listings-sales-executive-dotcom-brands-chennai-0-to-3-years-290126501274
Sales Executive,Syed Aesha Imran,Chennai(Medavakkam),2026-09-04,https://www.naukri.com/job-listings-sales-executive-syed-aesha-imran-chennai-0-to-2-years-030926033246,https://www.syedaeshaimran.com,Actively Hiring,4 SQUARES DENTISTRY | Job Description - Confidential - For Agency Use OnlyJOB DESCRIPTI...,Naukri,https://www.syedaeshaimran.com,https://www.naukri.com/job-listings-sales-executive-syed-aesha-imran-chennai-0-to-2-years-030926033246
Sales Executive,Quality Water Management Systems,"Chennai, Vellore",2026-08-28,https://www.naukri.com/job-listings-sales-executive-qwms-india-pvt-ltd-chennai-vellore-0-to-2-years-091025503139,https://www.qualitywatermanagementsystems.com,Actively Hiring,Disclaimer : This job description has been sourced from a public domain and may have be...,Naukri,https://www.qualitywatermanagementsystems.com,https://www.naukri.com/job-listings-sales-executive-qwms-india-pvt-ltd-chennai-vellore-0-to-2-years-091025503139
Sales Executive,Eco Care Solutions,Chennai(K.K. Nagar),2026-08-28,https://www.naukri.com/job-listings-sales-executive-eco-care-solutions-chennai-0-to-5-years-300826005459,https://www.ecocare.com,Actively Hiring,We are looking for a Sales Executive to handle sales and business development of pumps...,Naukri,https://www.ecocare.com,https://www.naukri.com/job-listings-sales-executive-eco-care-solutions-chennai-0-to-5-years-300826005459
Sales Executive,Redbelly Veterinary Diagnostics,Chennai,2026-08-28,https://www.naukri.com/job-listings-sales-executive-redbelly-veterinary-diagnostics-laboratory-chennai-0-to-3-years-190225500604,https://www.redbellyveterinarydiagnostics.com,Actively Hiring,REDBELLY VETERINARY DIAGNOSTICS LABORATORY is looking for Sales Executive to join our d...,Naukri,https://www.redbellyveterinarydiagnostics.com,https://www.naukri.com/job-listings-sales-executive-redbelly-veterinary-diagnostics-laboratory-chennai-0-to-3-years-190225500604
Business Development Executive,Reliance Retail,Chennai,2026-09-15,https://www.naukri.com/job-listings-business-development-executive-reliance-retail-chennai-0-to-2-years-180926021125,https://www.relianceretail.com,Actively Hiring,Prior experience in sales (any industry). Willingness and interest in field-based work,Naukri,https://www.relianceretail.com,https://www.naukri.com/job-listings-business-development-executive-reliance-retail-chennai-0-to-2-years-180926021125
Sales Executive,HR Ally,Chennai(Poonamallee),2026-09-04,https://www.naukri.com/job-listings-sales-executive-implementers-retail-india-chennai-0-to-5-years-040926000061,https://www.hrally.com,Actively Hiring,Sales Executive:-About the CompanyA growing brand in the construction ready-made produc...,Naukri,https://www.hrally.com,https://www.naukri.com/job-listings-sales-executive-implementers-retail-india-chennai-0-to-5-years-040926000061
Sales Executive,Agsar Paints,"Chennai(Madipakkam +1), Tambaram",2026-09-04,https://www.naukri.com/job-listings-sales-executive-agsar-paints-tambaram-chennai-0-to-6-years-010926023848,https://www.agsarpaints.com,Actively Hiring,We are looking for a dynamic and result-oriented Sales Executive to drive sales growth ...,Naukri,https://www.agsarpaints.com,https://www.naukri.com/job-listings-sales-executive-agsar-paints-tambaram-chennai-0-to-6-years-010926023848
Sales Executive,Featherlite,"Chennai, Bengaluru",2026-08-28,https://www.naukri.com/job-listings-sales-executive-featherlite-chennai-bengaluru-1-to-5-years-220826011829,https://www.featherlite.com,Actively Hiring,"Role & responsibilities  Identify, develop, and close new B2B business opportunities ac...",Naukri,https://www.featherlite.com,https://www.naukri.com/job-listings-sales-executive-featherlite-chennai-bengaluru-1-to-5-years-220826011829
Sales Manager:Sales-Micro Mortgages_AFL,Axis Finance (AFL),Chennai,2026-08-28,https://www.naukri.com/job-listings-sales-manager-sales-micro-mortgages-afl-axis-finance-limited-chennai-0-to-1-years-210226502143,https://www.axisfinanceafl.com,Actively Hiring,Monitor and control expenses to ensure alignment with budgetary guidelines. Disclaimer:...,Naukri,https://www.axisfinanceafl.com,https://www.naukri.com/job-listings-sales-manager-sales-micro-mortgages-afl-axis-finance-limited-chennai-0-to-1-years-210226502143
Walk-in || Sales Executive,Dhasmitha Solutions,Chennai,2026-08-28,https://www.naukri.com/job-listings-sales-executive-dhasmitha-solutions-private-limited-chennai-0-to-5-years-310826013501,https://www.dhasmitha.com,Actively Hiring,Experience: 0 to 5+ Years 0 to 5+ years of experience in Sales / Business Development /...,Naukri,https://www.dhasmitha.com,https://www.naukri.com/job-listings-sales-executive-dhasmitha-solutions-private-limited-chennai-0-to-5-years-310826013501
Inside Sales Executive,Twin Health,Chennai,2026-08-28,https://www.naukri.com/job-listings-inside-sales-executive-twin-health-chennai-0-to-3-years-120226503457,https://www.twinhealth.com,Actively Hiring,"Twin Health    At Twin Health, we empower people to improve and prevent chronic meta...",Naukri,https://www.twinhealth.com,https://www.naukri.com/job-listings-inside-sales-executive-twin-health-chennai-0-to-3-years-120226503457
Sales Executive,Pushpit Steels,"Chennai, Chengalpattu, Tiruttani, Tiruppur, Coimbatore, Vellore",2026-08-28,https://www.naukri.com/job-listings-sales-executive-pushpit-steels-chengalpattu-tiruttani-tiruppur-chennai-coimbatore-vellore-0-to-2-years-210826022668,https://www.pushpitsteels.com,Actively Hiring,"Achieve sales targets in the assigned territory. Role involves dealer management, new b...",Naukri,https://www.pushpitsteels.com,https://www.naukri.com/job-listings-sales-executive-pushpit-steels-chengalpattu-tiruttani-tiruppur-chennai-coimbatore-vellore-0-to-2-years-210826022668
Urgent Hiring For Sales Manager @Chennai,Home Bazaar Services,Chennai,2026-09-11,https://www.naukri.com/job-listings-urgent-hiring-for-sales-manager-chennai-home-bazaar-services-chennai-0-to-5-years-100926031134,https://www.homebazaar.com,Actively Hiring,Greetings from Homebazaar.com....!Enclosed is the company profile and detailed JD for y...,Naukri,https://www.homebazaar.com,https://www.naukri.com/job-listings-urgent-hiring-for-sales-manager-chennai-home-bazaar-services-chennai-0-to-5-years-100926031134
Urgent Hiring For Sales Manager @Chennai,Home Bazaar Services,Chennai,2026-09-04,https://www.naukri.com/job-listings-urgent-hiring-for-sales-manager-chennai-home-bazaar-services-chennai-0-to-5-years-070926030058,https://www.homebazaar.com,Actively Hiring,Greetings from Homebazaar.com....!Enclosed is the company profile and detailed JD for y...,Naukri,https://www.homebazaar.com,https://www.naukri.com/job-listings-urgent-hiring-for-sales-manager-chennai-home-bazaar-services-chennai-0-to-5-years-070926030058
Business Development Executive,Braintree Infotech,Chennai(Kodambakkam),2026-09-12,https://www.naukri.com/job-listings-business-development-executive-braintree-infotech-chennai-0-to-5-years-150926012235,https://www.braintreeinfotech.com,Actively Hiring,"Fluent in English, Tamil, Hindi, Telugu and any other . Preferably willing to rotationa...",Naukri,https://www.braintreeinfotech.com,https://www.naukri.com/job-listings-business-development-executive-braintree-infotech-chennai-0-to-5-years-150926012235
Sales Manager,Srfs,Chennai(Nungambakkam),2026-09-14,https://www.naukri.com/job-listings-sales-manager-srfs-chennai-0-to-5-years-170926910101,https://www.srfs.com,Actively Hiring,Responsibilities:* Collaborate with marketing team on campaigns & promotions* Manage fi...,Naukri,https://www.srfs.com,https://www.naukri.com/job-listings-sales-manager-srfs-chennai-0-to-5-years-170926910101
Business Development Executive,Rajus Aviation  Logistics Academy (opc) Private L Imited,Chennai(T Nagar),2026-09-17,https://www.naukri.com/job-listings-business-development-executive-rajus-aviation-logistics-academy-opc-private-l-imited-chennai-0-to-2-years-210926911565,https://www.rajusaviationlogisticsacademyopcprivatelimited.com,Actively Hiring,Responsibilities:* Generate new business opportunities through sales strategies* Collab...,Naukri,https://www.rajusaviationlogisticsacademyopcprivatelimited.com,https://www.naukri.com/job-listings-business-development-executive-rajus-aviation-logistics-academy-opc-private-l-imited-chennai-0-to-2-years-210926911565
Senior Sales Development Representative,Nextaccel,Remote,2026-09-11,https://www.naukri.com/job-listings-senior-sales-development-representative-nextaccel-chennai-7-to-12-years-110926024324,https://www.nextaccel.com,Actively Hiring,Location: Work From Home (Flexible to work in US timings). Organization: Predien Consul...,Naukri,https://www.nextaccel.com,https://www.naukri.com/job-listings-senior-sales-development-representative-nextaccel-chennai-7-to-12-years-110926024324
Sales Executive,Spacecrafts Furniture,Chennai,2026-08-28,https://www.naukri.com/job-listings-sales-executive-spacecrafts-furniture-chennai-0-to-3-years-050526501179,https://www.spacecraftsfurniture.com,Actively Hiring,Excellent communication and interpersonal skills. . Strong negotiation and closing skil...,Naukri,https://www.spacecraftsfurniture.com,https://www.naukri.com/job-listings-sales-executive-spacecrafts-furniture-chennai-0-to-3-years-050526501179
Sales Executive (Higher Academics),ORIENT BLACKSWAN,Chennai(Anna Salai),2026-09-04,https://www.naukri.com/job-listings-sales-executive-higher-academics-orient-blackswan-chennai-0-to-4-years-030926019970,https://www.orientblackswan.com,Actively Hiring,Role & responsibilities   To promote our books in colleges and universitiesVisit the bo...,Naukri,https://www.orientblackswan.com,https://www.naukri.com/job-listings-sales-executive-higher-academics-orient-blackswan-chennai-0-to-4-years-030926019970
Sales Executive,Biz Com,Chennai,2026-08-28,https://www.naukri.com/job-listings-sales-executive-biz15-com-chennai-0-to-2-years-020625501297,https://www.bizcom.com,Actively Hiring,Biz15.com is looking for Sales Executive to join our dynamic team and embark on a rewar...,Naukri,https://www.bizcom.com,https://www.naukri.com/job-listings-sales-executive-biz15-com-chennai-0-to-2-years-020625501297
Sales Executive - Manufacturing Industry,Amrutha Business Solution,Chennai(Mylapore +4),2026-09-04,https://www.naukri.com/job-listings-sales-executive-manufacturing-industry-amrutha-business-solution-chennai-0-to-3-years-050926006811,https://www.amruthabusinesssolution.com,Actively Hiring,We are looking for Sales Executive Jobs in Automotive Industry Purchase order & price t...,Naukri,https://www.amruthabusinesssolution.com,https://www.naukri.com/job-listings-sales-executive-manufacturing-industry-amrutha-business-solution-chennai-0-to-3-years-050926006811
Senior Sales Development Representative,Surveysparrow,Chennai,2026-08-28,https://www.naukri.com/job-listings-senior-sales-development-representative-surveysparrow-chennai-3-to-5-years-150725505419,https://www.surveysparrow.com,Actively Hiring,"Experience: Ideally 3 - 5 years of experience in a Sales Development role, with a focus...",Naukri,https://www.surveysparrow.com,https://www.naukri.com/job-listings-senior-sales-development-representative-surveysparrow-chennai-3-to-5-years-150725505419
Inside Sales Executive – Immigration Services,Y Axis,"Chennai, Hyderabad, Bengaluru",2026-08-28,https://www.naukri.com/job-listings-inside-sales-executive-immigration-services-y-axis-hyderabad-chennai-bengaluru-2-to-10-years-260826024947,https://www.yaxis.com,Actively Hiring,Collaborate with cross-functional teams to resolve client issues and improve overall cu...,Naukri,https://www.yaxis.com,https://www.naukri.com/job-listings-inside-sales-executive-immigration-services-y-axis-hyderabad-chennai-bengaluru-2-to-10-years-260826024947
Inside Sales,Karyarth,"Bengaluru, Karnataka, India / Delhi, India / Pune, Maharashtra, India / Noida, Uttar Pradesh, India / Thane, Maharashtra, India",2026-08-22,https://wellfound.com/jobs/4620634-inside-sales,https://www.karyarth.com,Actively Hiring,"Salary: INR 500000.0 - 700000.0 | Role: Inside Sales | Company: Karyarth | Location: Bengaluru, Karnataka, India / Delhi, India / Pune, Maharashtra, India / Noida, Uttar Pradesh, India / Thane, Maharashtra, India",Wellfound,https://www.karyarth.com,https://wellfound.com/jobs/4620634-inside-sales
Business Development Manager – B2B SaaS (India Market),Samaaro,"Bengaluru, Karnataka, India",2026-06-19,https://wellfound.com/jobs/4365521-business-development-manager-b2b-saas-india-market,https://www.samaaro.com,Actively Hiring,"Company: Samaaro | * About the Company * Samaaro is an AI-powered event marketing platform that enables marketing teams to turn events into a measurable growth channel by planning, promoting, executing, and measuring their business impact. Recognized by YourStory as one of the Top 30 Most Innovative Startups in India, Samaaro enables the automation of event workflows across registrations, communication, engagement, lead capture, CRM synchronization, and post-event measurement, with clear visibility into attendance quality, engagement, pipeline influence, and ROI. Since launching in 2020, we’ve empowered marketing teams across sectors like real estate, healthcare, BFSI, technology and government to run smarter, more efficient events. * About the Role * As a Business Development Manager at Samaaro, you will own pipeline generation for the India market. This is a high-impact, strategic role where you will identify high-fit accounts across our core verticals, navigate complex buying commit",Wellfound,https://www.samaaro.com,https://wellfound.com/jobs/4365521-business-development-manager-b2b-saas-india-market
Senior Inside Sales Specialist (With 4+ Years of SAAS Sales Experience),SciSpace,"Bengaluru, Karnataka, India",2026-09-03,https://wellfound.com/jobs/3965760-inside-sales-specialist-with-4-years-of-saas-sales-expereince,https://www.scispace.com,Actively Hiring,"Salary: INR 2000000.0 - 3200000.0 | Role: Senior Inside Sales Specialist (With 4+ Years of SAAS Sales Experience) | Company: SciSpace | Location: Bengaluru, Karnataka, India",Wellfound,https://www.scispace.com,https://wellfound.com/jobs/3965760-inside-sales-specialist-with-4-years-of-saas-sales-expereince
Sales Development Representative (SDR),Weborbitlab,India,2026-09-10,https://wellfound.com/jobs/4697944-sales-development-representative-sdr,https://www.weborbitlab.com,Actively Hiring,"Company: Weborbitlab | We are seeking a driven Sales Development Representative (SDR) to act as the first point of contact for potential customers. You will be responsible for driving revenue growth by generating, researching, and qualifying new business opportunities before handing them off to the Account Executive team. Key Responsibilities Conduct high-volume outbound prospecting via phone, email, and social media (e.g., LinkedIn). Identify and qualify inbound and outbound leads to build a healthy sales pipeline. Schedule discovery calls and meetings for Account Executives. Maintain accurate activity logs, prospect information, and pipeline data within the CRM. Collaborate with marketing and sales teams to optimize outreach strategies. Requirements Excellent written and verbal communication skills. Resilient, results-driven mentality with a high level of self-motivation. Familiarity with CRM platforms (e.g., Salesforce, HubSpot) and sales tools. Coachable and eager to learn in a fas",Wellfound,https://www.weborbitlab.com,https://wellfound.com/jobs/4697944-sales-development-representative-sdr
Sales Development Representative,Prospyr,"Austin, Texas, United States / United States",2026-09-18,https://wellfound.com/jobs/4735333-sales-development-representative,https://www.prospyr.com,Actively Hiring,"Company: Prospyr | About Prospyr Prospyr is a well funded, seed-stage startup on a mission to fuel growth in the aesthetic healthcare space. There are over 25,000 aesthetic clinics in the US helping patients improve their mental and physical well-being by achieving their personal appearance goals, and patient demand and the number of clinics is growing rapidly: 1,400 new Med Spas opened in the US last year alone (a 20% increase!). In a period of increasing competition and economic uncertainty, it's never been more important for Med Spas, Plastic Surgeons, and Dermatologists to have the right toolkit to seamlessly deliver fantastic patient experiences and build strong, lasting patient relationships. We help aesthetic clinics unlock the full potential of their businesses by delivering a unified platform for high-impact, delightful patient engagement and smooth, efficient clinical operations. Our best-in-class modern software solution for practice management is used by practices across th",Wellfound,https://www.prospyr.com,https://wellfound.com/jobs/4735333-sales-development-representative
Business Development Representative,CRUV,"Bengaluru, Karnataka, India",2026-08-19,https://wellfound.com/jobs/4607062-business-development-representative,https://www.cruv.com,Actively Hiring,"Salary: INR 66000.0 - 100000.0 | Role: Business Development Representative | Company: CRUV | Location: Bengaluru, Karnataka, India",Wellfound,https://www.cruv.com,https://wellfound.com/jobs/4607062-business-development-representative
Business Development Executive,Weborbitlab,India,2026-07-17,https://wellfound.com/jobs/4480917-business-development-executive,https://www.weborbitlab.com,Actively Hiring,"Company: Weborbitlab | Role Overview As a Business Development Executive, you will be the bridge between our technical solutions and our clients' business needs. You will be responsible for identifying new market opportunities, cultivating relationships with prospective clients, and effectively communicating how our AI automation services can drive tangible value for their businesses. Responsibilities Lead Generation & Prospecting: Proactively identify and engage potential clients in target industries who can benefit from our AI voice agent and chatbot services. Client Relationship Management: Manage the full sales cycle, from initial outreach and discovery calls to proposal submission and closing. Strategic Outreach: Utilize social platforms, networking, and industry-specific research to build a robust pipeline of high-quality leads. Value Proposition: Effectively translate complex technical capabilities into clear business benefits for stakeholders. Market Insight: Stay up-to-date wi",Wellfound,https://www.weborbitlab.com,https://wellfound.com/jobs/4480917-business-development-executive
Inside Sales Associate,Fresh Prints,Remote / Various,2026-08-17,https://wellfound.com/jobs/4536880-inside-sales-associate,https://www.freshprints.com,Actively Hiring,"Company: Fresh Prints | About Us: Fresh Prints is a New York-based custom apparel startup that partners with student entrepreneurs across the US to help them build successful businesses on their campuses. We provide the technology, training, and support they need to sell custom apparel while delivering an exceptional experience to thousands of customers every year. At Fresh Prints, sales is more than closing deals—it's about building lasting relationships, creating value for our customers, and driving the company's growth. Every conversation with a client has the potential to create long-term partnerships and directly impact our success. That's why we see our sales team as one of the biggest drivers of our business. This isn't a role where you'll follow a script or process leads. We're looking for someone who enjoys solving customer challenges, building trust, identifying growth opportunities, and taking ownership of their results. If you're motivated by ambitious goals, continuous lea",Wellfound,https://www.freshprints.com,https://wellfound.com/jobs/4536880-inside-sales-associate
Inside Sales Associate,Rimigo,"Karnataka, India",2026-09-07,https://wellfound.com/jobs/4688463-inside-sales-associate,https://www.rimigo.com,Actively Hiring,"Company: Rimigo | The Role As an Inside Sales Associate at Rimigo, you will be the primary point of contact for travellers looking to plan and book their next trip. This is a consultative, client-facing role where you will take ownership of the customer's journey — from understanding their travel preferences and designing the right trip to final booking confirmation and pre- and post-booking assistance. What You’ll Do Speak with travellers and understand their trip requirements Build strong relationships and act as their primary point of contact Understand customer preferences, budgets, travel styles and goals Help customers decide destinations, itineraries and experiences Create and refine trips based on customer feedback Convert enquiries into confirmed bookings Coordinate flights, hotels, activities, visas, transport and other requirements Manage modifications, follow-ups and customer communication Ensure a smooth, high-quality travel planning experience What We’re Looking For Stron",Wellfound,https://www.rimigo.com,https://wellfound.com/jobs/4688463-inside-sales-associate
Inside Sales,1to1help,"Bengaluru, Karnataka, India",2026-09-15,https://wellfound.com/jobs/4718634-inside-sales,https://www.1to1help.com,Actively Hiring,"Company: 1to1help | Job Purpose The Inside Sales Intern will support the sales team in lead generation, client outreach, and business development activities. This role is ideal for individuals looking to gain hands-on experience in sales, communication, and client engagement within a fast-paced environment. The candidate will assist in driving revenue growth by connecting with potential clients and supporting the end-to-end sales process. Key Responsibilities • Conduct outbound calls and emails to generate leads and set up meetings • Support the sales team in identifying and qualifying potential prospects • Maintain and update customer databases and CRM systems • Assist in preparing sales presentations and proposals • Follow up with leads and nurture relationships with potential clients • Coordinate with internal teams for smooth execution of sales activities • Track daily/weekly sales activities and report progress • Learn and understand company products/services to effectively commun",Wellfound,https://www.1to1help.com,https://wellfound.com/jobs/4718634-inside-sales
Founding Sales,Rothenhall Partners,"Bengaluru, Karnataka, India",2026-09-03,https://wellfound.com/jobs/4670617-founding-sales,https://www.rothenhallpartners.com,Actively Hiring,"Company: Rothenhall Partners | About Rothenhall Rothenhall is building the AI operating layer for modern businesses. Our first product, Cailyx, helps companies understand how AI systems discover, perceive, and recommend them, then turns those insights into actions that improve visibility and growth. We are at an early stage with real customer validation, early measurable outcomes, and a growing founder community across India, Europe, and the US. Now we're looking for someone to build our sales engine from the ground up. This isn't a role where you'll inherit a list of leads and follow a playbook. You'll help write the playbook. The role As our Sales Lead / Founding Sales hire, you'll own the journey from first conversation → qualified opportunity → proposal → closed customer → expansion. You'll work directly with the founder to identify the right customers, develop our sales motion, run discovery calls, demonstrate Cailyx, close deals, and turn what we learn into a repeatable sales pro",Wellfound,https://www.rothenhallpartners.com,https://wellfound.com/jobs/4670617-founding-sales
Sales development Representative,Velocity,"Karnataka, India",2026-08-12,https://wellfound.com/jobs/4577356-sales-development-representative,https://www.velocity.com,Actively Hiring,"Company: Velocity | Job Description Sales Development Representative (SDR) 📍 HSR Layout, Bangalore | Day Shift About Velocity Velocity is a leading eCommerce growth platform enabling 4,000+ D2C and digital-first brands to scale through funding, logistics, payments, and AI-powered solutions. We are building a high-performance outbound sales team focused on growth, discipline, and results. Role Overview This is a performance-driven outbound sales role. You will be responsible for high-volume prospecting, initiating conversations with founders and decision-makers, and generating qualified opportunities for the sales team. This role is ideal for individuals who: ● Are comfortable with daily outbound calling ● Thrive in target-driven environments ● Are motivated by incentives and growth Key Responsibilities ● High-volume outbound calling to D2C and eCommerce brands ● Lead generation and qualification ● Managing follow-ups and CRM updates ● Achieving defined daily, weekly, and monthly target",Wellfound,https://www.velocity.com,https://wellfound.com/jobs/4577356-sales-development-representative
Sales Development Representative (SDR),SalesUP,"New Delhi, Delhi, India",2026-01-19,https://wellfound.com/jobs/3768594-sales-development-representative-sdr,https://www.salesup.com,Actively Hiring,"Salary: INR 20000.0 - 30000.0 | Role: Sales Development Representative (SDR) | Company: SalesUP | Location: New Delhi, Delhi, India",Wellfound,https://www.salesup.com,https://wellfound.com/jobs/3768594-sales-development-representative-sdr
Business Development,The Core Meal,"Bengaluru, Karnataka, India",2026-09-11,https://wellfound.com/jobs/4701957-business-development,https://www.thecoremeal.com,Actively Hiring,"Salary: INR 720000.0 - 720000.0 | Role: Business Development | Company: The Core Meal | Location: Bengaluru, Karnataka, India",Wellfound,https://www.thecoremeal.com,https://wellfound.com/jobs/4701957-business-development
Business Development Manager (B2B Field Sales),AdvanzIT Technologies,"Karnataka, India",2026-09-07,https://wellfound.com/jobs/4688435-business-development-manager-b2b-field-sales,https://www.advanzit.com,Actively Hiring,"Salary: INR 20000.0 - 90000.0 | Role: Business Development Manager (B2B Field Sales) | Company: AdvanzIT Technologies | Location: Karnataka, India",Wellfound,https://www.advanzit.com,https://wellfound.com/jobs/4688435-business-development-manager-b2b-field-sales
Senior Inside Sales Specialist (With 4+ Years of SAAS Sales Experience),SciSpace,"Bengaluru, Karnataka, India",2026-09-03,https://wellfound.com/jobs/3965760-senior-inside-sales-specialist-with-4-years-of-saas-sales-experience,https://www.scispace.com,Actively Hiring,"Salary: INR 2000000.0 - 3200000.0 | Role: Senior Inside Sales Specialist (With 4+ Years of SAAS Sales Experience) | Company: SciSpace | Location: Bengaluru, Karnataka, India",Wellfound,https://www.scispace.com,https://wellfound.com/jobs/3965760-senior-inside-sales-specialist-with-4-years-of-saas-sales-experience
Sales Development Representative,Seso,Remote / Various,2026-08-06,https://wellfound.com/jobs/4557575-sales-development-representative,https://www.seso.com,Actively Hiring,"Company: Seso | About the Role For consideration on this role, you must live in one of the following states: Michigan, Wisconsin, Louisiana, Arizona, Iowa, Illinois, Kansas, Missouri, Nebraska, Texas, North Dakota, Oklahoma, South Dakota, Montana, Wyoming, Colorado, Nevada, Minnesota, Idaho, Oregon, Utah, New Mexico Our Sales Development Representatives are literally the tip of our go-to-market “spear” - the first Seso interaction our prospective customers will experience. That said, we are committed to a deeper-level of foundational customer engagement enablement & training prior to ever picking up the phone. Every day you will learn, grow, and add experience to your developing sales tenure. Responsibilities: Prospecting and generating leads that directly impact the wider sales organization Working alongside of seasoned Account Executives to develop strategies to land outbound prospects and accounts Collaborating with marketing, demand generation, and other cross-functional teams to u",Wellfound,https://www.seso.com,https://wellfound.com/jobs/4557575-sales-development-representative
Business Development Executive - IT Services (AI & Web),Solvornx Solutions,"Tamil Nadu, India",2026-06-23,https://wellfound.com/jobs/4377478-business-development-executive-it-services-ai-web,https://www.solvornx.com,Actively Hiring,"Role: Business Development Executive - IT Services (AI & Web) | Company: Solvornx Solutions | Location: Tamil Nadu, India",Wellfound,https://www.solvornx.com,https://wellfound.com/jobs/4377478-business-development-executive-it-services-ai-web
Marketing Inbound Sales Manger,swarmlens,"Kochi, Kerala, India",2026-08-04,https://wellfound.com/jobs/4546116-marketing-inbound-sales-manger,https://www.swarmlens.com,Actively Hiring,"Salary: INR 400000.0 - 600000.0 | Role: Marketing Inbound Sales Manger | Company: swarmlens | Location: Kochi, Kerala, India",Wellfound,https://www.swarmlens.com,https://wellfound.com/jobs/4546116-marketing-inbound-sales-manger
Business Development Specialist,Kredily,"Bengaluru, Karnataka, India",2026-08-05,https://wellfound.com/jobs/4550814-business-development-specialist,https://www.kredily.com,Actively Hiring,"Salary: INR 400000.0 - 600000.0 | Role: Business Development Specialist | Company: Kredily | Location: Bengaluru, Karnataka, India",Wellfound,https://www.kredily.com,https://wellfound.com/jobs/4550814-business-development-specialist
Business Development and Sales Manager,VoiceQube,"Delhi, India / Pune, Maharashtra, India / Hyderabad, Telangana, India / Mumbai, Maharashtra, India / Kota, Rajasthan, India / Karnataka, India / Tamil Nadu, India",2026-09-09,https://wellfound.com/jobs/4692262-business-development-and-sales-manager,https://www.voiceqube.com,Actively Hiring,"Salary: INR 1200000.0 - 8800000.0 | Role: Business Development and Sales Manager | Company: VoiceQube | Location: Delhi, India / Pune, Maharashtra, India / Hyderabad, Telangana, India / Mumbai, Maharashtra, India / Kota, Rajasthan, India / Karnataka, India / Tamil Nadu, India",Wellfound,https://www.voiceqube.com,https://wellfound.com/jobs/4692262-business-development-and-sales-manager
Business Development Associate,YipitData,Remote / Various,2026-08-21,https://wellfound.com/jobs/4616133-business-development-associate,https://www.yipitdata.com,Actively Hiring,"Company: YipitData | About Us: YipitData is the leading market research and analytics firm for the disruptive economy and most recently raised $475M from The Carlyle Group at a valuation of over $1B. Every day, our proprietary technology analyzes billions of alternative data points to uncover actionable insights across sectors like software, AI, cloud, e-commerce, ridesharing, and payments. Our data and research teams transform raw data into strategic intelligence, delivering accurate, timely, and deeply contextualized analysis that our customers—ranging from the world’s top investment funds to Fortune 500 companies—depend on to drive high-stakes decisions. From sourcing and licensing novel datasets to rigorous analysis and expert narrative framing, our teams ensure clients get not just data, but clarity and confidence. We operate globally with offices in the US, APAC, and India. Our award-winning, people-centric culture—recognized by Inc. as a Best Workplace for three consecutive year",Wellfound,https://www.yipitdata.com,https://wellfound.com/jobs/4616133-business-development-associate
Sales Development Representative,Reflow,"California, United States",2026-08-26,https://wellfound.com/jobs/4634519-sales-development-representative,https://www.reflow.com,Actively Hiring,"Company: Reflow | The Role We're building Reflow, an enterprise operations and workflow intelligence platform that helps companies measure, automate, and optimize how human computer work actually gets done. Prospects light up after the first demo. What we need now is a repeatable way to create those first conversations, on purpose, at volume. The Founding SDR at Reflow will build our prospecting engine from the ground up. You will be the first dedicated outbound hire, working shoulder to shoulder with our founding AE team and our GTM engineering org to figure out which accounts to attack, which message lands, and which channels actually produce pipeline. Then you’ll contribute it to our sales playbook. This is a builder's seat, not a queue. If you want a manager handing you 80 accounts and a sequence someone else wrote, this is the wrong job. If you want your name on the playbook, keep reading. What you'll do Own top of funnel for a named account list of 500 to 5,000 employee companies",Wellfound,https://www.reflow.com,https://wellfound.com/jobs/4634519-sales-development-representative
Sales Development Representative,Dealpath,"New York, United States",2026-07-31,https://wellfound.com/jobs/4536811-sales-development-representative,https://www.dealpath.com,Actively Hiring,"Salary: USD 90000.0 - 95000.0 | Role: Sales Development Representative | Company: Dealpath | Location: New York, United States",Wellfound,https://www.dealpath.com,https://wellfound.com/jobs/4536811-sales-development-representative
Sales Development Representative (SDR) — Remote India,Reece,"Davenport, Iowa, United States",2026-08-25,https://wellfound.com/jobs/4628458-sales-development-representative-sdr-remote-india-clone,https://www.reece.com,Actively Hiring,"Reece is hiring a remote Sales Development Representative (SDR) in India to help build outbound sales for our US small-business market. Reece builds AI receptionist software that helps small businesses answer and manage customer calls. You’ll work directly with the founder and own focused prospecting, qualification, and accurate follow-up. What you’ll do Research and prospect appropriate US small and midsize businesses. Cold-call owners and decision-makers. Use truthful email and LinkedIn outreach where appropriate. Qualify real fit and move legitimate prospects into the authorized Reece trial/start process. Keep clean CRM records and follow up consistently. Role details Remote from India. 35 hours/week, Monday–Friday. 6:30 p.m.–1:30 a.m. IST during US daylight time; 7:30 p.m.–2:30 a.m. IST during US standard time. Guaranteed base: US$300/month. Any structured annual salary shown by Wellfound is the annualized equivalent; US$300/month is the controlling guaranteed-base figure. Performa",Wellfound,https://www.reece.com,https://wellfound.com/jobs/4628458-sales-development-representative-sdr-remote-india-clone
Technical Sales Specialist / Inside Sales (LIMS & ELN),NRV LAB INFORMATICS,"Bengaluru, Karnataka, India",2026-09-07,https://wellfound.com/jobs/4688353-technical-sales-specialist-inside-sales-lims-eln,https://www.nrvlabinformatics.com,Actively Hiring,"Role: Technical Sales Specialist / Inside Sales (LIMS & ELN) | Company: NRV LAB INFORMATICS | Location: Bengaluru, Karnataka, India",Wellfound,https://www.nrvlabinformatics.com,https://wellfound.com/jobs/4688353-technical-sales-specialist-inside-sales-lims-eln
Business Development Associate,uprio,"Bengaluru, Karnataka, India / Hyderabad, Telangana, India / Tamil Nadu, India",2026-09-17,https://wellfound.com/jobs/4728246-business-development-associate,https://www.uprio.com,Actively Hiring,"Salary: INR 300000.0 - 500000.0 | Role: Business Development Associate | Company: uprio | Location: Bengaluru, Karnataka, India / Hyderabad, Telangana, India / Tamil Nadu, India",Wellfound,https://www.uprio.com,https://wellfound.com/jobs/4728246-business-development-associate
Sales Development Representative (SDR),HolmesOps.AI,"Bengaluru, Karnataka, India / Delhi, India / Hyderabad, Telangana, India / Mumbai, Maharashtra, India / New Delhi, Delhi, India",2026-09-02,https://wellfound.com/jobs/4664484-sales-development-representative-sdr,https://www.holmesopsai.com,Actively Hiring,"Salary: INR 800000.0 - 1500000.0 | Role: Sales Development Representative (SDR) | Company: HolmesOps.AI | Location: Bengaluru, Karnataka, India / Delhi, India / Hyderabad, Telangana, India / Mumbai, Maharashtra, India / New Delhi, Delhi, India",Wellfound,https://www.holmesopsai.com,https://wellfound.com/jobs/4664484-sales-development-representative-sdr
Sales Development Representative,Cube,"Bengaluru, Karnataka, India",2026-08-20,https://wellfound.com/jobs/4612498-sales-development-representative,https://www.cube.io,Actively Hiring,"Cube is an AI-powered marketing startup founded by alumni of Stanford, Wharton, and IITs, and headquartered in Bengaluru. Backed by Sequoia and other leading investors, we're building the future of marketing technology. We're looking for a SDR who'll be responsible for generating new business opportunities through cold calling, LinkedIn outreach, email campaigns, and strategic prospecting. You'll play a key role in building our sales pipeline and connecting with decision-makers across industries. Qualifications Recent graduates (Class of 2024, 2025, or 2026) Based in Bangalore and open to working from our HSR Layout office Excellent verbal and written communication skills Confident speaking with prospects and handling objections Self-motivated, resilient, and eager to learn in a fast-paced environment If you're driven, enjoy talking to people, and want to kickstart your career in B2B sales at a fast-growing startup, we'd love to hear from you. Location: Bangalore (HSR Layout – US hours",Wellfound,https://www.cube.io,https://wellfound.com/jobs/4612498-sales-development-representative
Sales Development Representative - Founding,krid.ai,"Delhi, India",2026-08-24,https://wellfound.com/jobs/4627298-sales-development-representative-founding,https://www.kridai.com,Actively Hiring,"Company: krid.ai | About krid.ai krid.ai builds AI sales assistants for Indian SMEs. Our product captures every customer enquiry that comes in through WhatsApp, phone calls, email, social media DMs, ad forms and marketplaces like IndiaMART, replies within 5 minutes, and keeps every lead organised in one dashboard. Most small businesses in India lose more sales to slow replies than to competitors. We fix that. Our co-founders have 45 years of combined experience, including a ₹4,000 Cr Silicon Valley exit and multiple US patents. Website: www.krid.ai | LinkedIn: krid-ai About the Role We are hiring our first SDR to build the sales pipeline in the Indian SME market — and to build the playbook itself. This is not a traditional SDR role: you will be selling a category most Indian business owners haven't seen yet — an AI-native workforce that answers, qualifies and follows up with customers around the clock. You'll be introducing SMEs to what AI can actually do for their business, often for",Wellfound,https://www.kridai.com,https://wellfound.com/jobs/4627298-sales-development-representative-founding
Business Development Representative,Recruiterflow,"Bengaluru, Karnataka, India",2026-09-02,https://wellfound.com/jobs/4664433-business-development-representative,https://www.recruiterflow.com,Actively Hiring,"Recruiterflow brings AI-native intelligence and enterprise-grade depth to executive search and recruiting businesses worldwide. Over 1,700 agencies and 6,000+ recruiters across 90+ countries trust us to power their operations—from candidate sourcing to deal closure. We’re led by second-time founders who’ve spent 13 years at the forefront of AI. We’re bootstrapped and profitable—growing on revenue, not venture capital. Our customers fund our roadmap because what we build actually works. We’ve launched industry-first capabilities repeatedly, and we’re not slowing down. We’re top 3 today. We’re building to be number one. We’re now looking for a high-energy Outbound BDR who thrives on building pipeline from scratch and opening doors that others can’t. What You’ll Do Own outbound pipeline generation across global markets Identify and research high-potential accounts aligned with our ICP Execute multi-channel outbound strategies across email, LinkedIn, calls, and creative outreach Craft high",Wellfound,https://www.recruiterflow.com,https://wellfound.com/jobs/4664433-business-development-representative
Sales Development Representative (SDR) | Founding Team,Blinkins Media,"Mumbai, Maharashtra, India",2026-08-19,https://wellfound.com/jobs/4607023-sales-development-representative-sdr-founding-team,https://www.blinkinsmedia.com,Actively Hiring,"Salary: INR 300000.0 - 400000.0 | Role: Sales Development Representative (SDR) | Founding Team | Company: Blinkins Media | Location: Mumbai, Maharashtra, India",Wellfound,https://www.blinkinsmedia.com,https://wellfound.com/jobs/4607023-sales-development-representative-sdr-founding-team
Sales Development Representative (SDR),CredShields,"Bengaluru, Karnataka, India / Karnataka, India / Karnataka, India",2026-09-07,https://wellfound.com/jobs/4307336-sales-development-representative-sdr,https://www.credshields.com,Actively Hiring,"Salary: INR 900000.0 - 1800000.0 | Role: Sales Development Representative (SDR) | Company: CredShields | Location: Bengaluru, Karnataka, India / Karnataka, India / Karnataka, India",Wellfound,https://www.credshields.com,https://wellfound.com/jobs/4307336-sales-development-representative-sdr
Business Development Manager – Brand Partnerships,LeBrandsSpace Digital,"New Delhi, Delhi, India",2026-08-19,https://wellfound.com/jobs/4605463-business-development-manager-brand-partnerships,https://www.lebrandsspacedigital.com,Actively Hiring,"Salary: INR 20000.0 - 50000.0 | Role: Business Development Manager – Brand Partnerships | Company: LeBrandsSpace Digital | Location: New Delhi, Delhi, India",Wellfound,https://www.lebrandsspacedigital.com,https://wellfound.com/jobs/4605463-business-development-manager-brand-partnerships
Co-founder – Sales & Business Development,CodeProbe,"Bengaluru, Karnataka, India",2026-08-24,https://wellfound.com/jobs/4627386-co-founder-sales-business-development,https://www.codeprobe.com,Actively Hiring,"Salary: INR 120000.0 - 120000.0 | Role: Co-founder – Sales & Business Development | Company: CodeProbe | Location: Bengaluru, Karnataka, India",Wellfound,https://www.codeprobe.com,https://wellfound.com/jobs/4627386-co-founder-sales-business-development
Sales Development Representative (Outbound),Comprinno,"Bengaluru, Karnataka, India / Bengaluru, Karnataka, India",2026-09-15,https://wellfound.com/jobs/4717830-sales-development-representative-outbound,https://www.comprinno.com,Actively Hiring,"Role: Sales Development Representative (Outbound) | Company: Comprinno | Location: Bengaluru, Karnataka, India / Bengaluru, Karnataka, India",Wellfound,https://www.comprinno.com,https://wellfound.com/jobs/4717830-sales-development-representative-outbound
Sales Develoment Representative,Agilemorph Solutions,"Nagpur, Maharashtra, India",2026-08-02,https://wellfound.com/jobs/4543730-sales-develoment-representative,https://www.agilemorph.com,Actively Hiring,"Salary: USD 11000.0 - 14000.0 | Role: Sales Develoment Representative | Company: Agilemorph Solutions | Location: Nagpur, Maharashtra, India",Wellfound,https://www.agilemorph.com,https://wellfound.com/jobs/4543730-sales-develoment-representative
Business Development Representative,DataBrain,"Tamil Nadu, India",2026-07-23,https://wellfound.com/jobs/4223965-2-business-development-representative,https://www.databrain.com,Actively Hiring,"Salary: INR 1200000.0 - 2000000.0 | Role: Business Development Representative | Company: DataBrain | Location: Tamil Nadu, India",Wellfound,https://www.databrain.com,https://wellfound.com/jobs/4223965-2-business-development-representative
Inside Sales Executive,Viva.com,"Marousi, Attica, Greece",2026-09-15,https://jobs.workable.com/view/7kvBHFz38tZKb6Kt9GQKR7/inside-sales-executive-in-marousi-at-viva.com,https://www.vivacom.io,Actively Hiring,"Workplace: On_site | Type: Full-time | Viva.com is the first Tech Bank in Europe for businesses, serving 31 countries through its pan-European critical infrastructure for payments & banking services. Viva.com’s offering spans omnichannel payment acceptance, deposit accounts, card issuing, and a broad suite of financing solutions, providi",Workable,https://www.vivacom.io,https://jobs.workable.com/view/7kvBHFz38tZKb6Kt9GQKR7/inside-sales-executive-in-marousi-at-viva.com
General Application,BlueCargo,Remote / Various,2026-09-12,https://www.workatastartup.com/companies/bluecargo,https://www.bluecargo.io,Actively Hiring,BlueCargo is hiring for 7 jobs. The automated solution for complex freight transactions.,Work at a Startup,https://www.bluecargo.io,https://www.workatastartup.com/companies/bluecargo
General Application,Athelas,Remote / Various,2026-09-12,https://www.workatastartup.com/companies/athelas,https://www.athelas.com,Actively Hiring,"Athelas is hiring for 102 jobs. Extensible, Integrated Technology that Simplifies Health Systems",Work at a Startup,https://www.athelas.com,https://www.workatastartup.com/companies/athelas
General Application,Corgi Insurance,Remote / Various,2026-09-12,https://www.workatastartup.com/companies/corgi-insurance,https://www.corgi.insure,Actively Hiring,Corgi Insurance is hiring for 66 jobs. Corgi is building an AI financial infrastructure company,Work at a Startup,https://www.corgi.insure,https://www.workatastartup.com/companies/corgi-insurance
"Founding Account Executive, France",See all 9 jobs ›,Remote / Various,2026-09-12,https://www.workatastartup.com/jobs/109805,https://9jobs.in,Actively Hiring,"Founding Account Executive, FranceInterview ProcessLondon, England, GB / Dublin, D, IEfulltimeUS citizenship/visa not required€55K - €97K EUR3+ yearsView jobQuantitative AssociateLondon, England, GB / Chicago, IL, USfulltimeUS citizenship/visa not required£100K - £200K GBP1+ yearsView jobOperations AssociateInterview ProcessLondon, England, GBfullt | Salary: €55K - €97K | YC Batch: N/A",Work at a Startup,https://9jobs.in,https://www.workatastartup.com/jobs/109805
Quantitative Associate,See all 9 jobs ›,Remote / Various,2026-09-12,https://www.workatastartup.com/jobs/95810,https://9jobs.in,Actively Hiring,"Founding Account Executive, FranceInterview ProcessLondon, England, GB / Dublin, D, IEfulltimeUS citizenship/visa not required€55K - €97K EUR3+ yearsView jobQuantitative AssociateLondon, England, GB / Chicago, IL, USfulltimeUS citizenship/visa not required£100K - £200K GBP1+ yearsView jobOperations AssociateInterview ProcessLondon, England, GBfullt | Salary: £100K - £200K | YC Batch: N/A",Work at a Startup,https://9jobs.in,https://www.workatastartup.com/jobs/95810
Operations Associate,See all 9 jobs ›,Remote / Various,2026-09-12,https://www.workatastartup.com/jobs/93015,https://9jobs.in,Actively Hiring,"Founding Account Executive, FranceInterview ProcessLondon, England, GB / Dublin, D, IEfulltimeUS citizenship/visa not required€55K - €97K EUR3+ yearsView jobQuantitative AssociateLondon, England, GB / Chicago, IL, USfulltimeUS citizenship/visa not required£100K - £200K GBP1+ yearsView jobOperations AssociateInterview ProcessLondon, England, GBfullt | Salary: £50K - £70K | YC Batch: N/A",Work at a Startup,https://9jobs.in,https://www.workatastartup.com/jobs/93015
Project Manager (Operations Team),See all 9 jobs ›,Remote / Various,2026-09-12,https://www.workatastartup.com/jobs/110610,https://9jobs.in,Actively Hiring,"Founding Account Executive, FranceInterview ProcessLondon, England, GB / Dublin, D, IEfulltimeUS citizenship/visa not required€55K - €97K EUR3+ yearsView jobQuantitative AssociateLondon, England, GB / Chicago, IL, USfulltimeUS citizenship/visa not required£100K - £200K GBP1+ yearsView jobOperations AssociateInterview ProcessLondon, England, GBfullt | Salary: £45K - £65K | YC Batch: N/A",Work at a Startup,https://9jobs.in,https://www.workatastartup.com/jobs/110610
General Application,Storylane,Remote / Various,2026-09-12,https://www.workatastartup.com/companies/storylane,https://www.storylane.com,Actively Hiring,Storylane is hiring for 2 jobs. Build Interactive Product Demo in 10 mins for SaaS companies,Work at a Startup,https://www.storylane.com,https://www.workatastartup.com/companies/storylane
General Application,throxy,Remote / Various,2026-09-12,https://www.workatastartup.com/companies/throxy,https://www.throxy.com,Actively Hiring,"throxy is hiring for 3 jobs. Vertical AI agents running B2B outbound on autopilot, with human SDRs",Work at a Startup,https://www.throxy.com,https://www.workatastartup.com/companies/throxy
General Application,PointOne,Remote / Various,2026-09-12,https://www.workatastartup.com/companies/pointone,https://www.pointone.com,Actively Hiring,PointOne is hiring for 11 jobs. AI Time Platform for Law Firms,Work at a Startup,https://www.pointone.com,https://www.workatastartup.com/companies/pointone
Senior Software Engineer,See all 6 jobs ›,Remote / Various,2026-09-12,https://www.workatastartup.com/jobs/93046,https://jobs.ikea.com,Actively Hiring,"Senior Software EngineerNew York, NY, USfulltimeWill sponsor$180K - $230K0.02% - 0.30%6+ yearsView jobGTM EngineerNew York, NY, USfulltimeWill sponsor$140K - $180K0.03% - 0.05%3+ yearsView jobSoftware EngineerNew York, NY, USfulltimeWill sponsor$160K - $190K0.10% - 0.15%1+ yearsView jobSecurity & Infrastructure EngineerNew York, NY, USfulltimeWill  | Salary: $180K - $230K | YC Batch: N/A",Work at a Startup,https://jobs.ikea.com,https://www.workatastartup.com/jobs/93046
GTM Engineer,See all 6 jobs ›,Remote / Various,2026-09-12,https://www.workatastartup.com/jobs/93010,https://jobs.ikea.com,Actively Hiring,"Senior Software EngineerNew York, NY, USfulltimeWill sponsor$180K - $230K0.02% - 0.30%6+ yearsView jobGTM EngineerNew York, NY, USfulltimeWill sponsor$140K - $180K0.03% - 0.05%3+ yearsView jobSoftware EngineerNew York, NY, USfulltimeWill sponsor$160K - $190K0.10% - 0.15%1+ yearsView jobSecurity & Infrastructure EngineerNew York, NY, USfulltimeWill  | Salary: $140K - $180K | YC Batch: N/A",Work at a Startup,https://jobs.ikea.com,https://www.workatastartup.com/jobs/93010
Software Engineer,See all 6 jobs ›,Remote / Various,2026-09-12,https://www.workatastartup.com/jobs/93048,https://jobs.ikea.com,Actively Hiring,"Senior Software EngineerNew York, NY, USfulltimeWill sponsor$180K - $230K0.02% - 0.30%6+ yearsView jobGTM EngineerNew York, NY, USfulltimeWill sponsor$140K - $180K0.03% - 0.05%3+ yearsView jobSoftware EngineerNew York, NY, USfulltimeWill sponsor$160K - $190K0.10% - 0.15%1+ yearsView jobSecurity & Infrastructure EngineerNew York, NY, USfulltimeWill  | Salary: $160K - $190K | YC Batch: N/A",Work at a Startup,https://jobs.ikea.com,https://www.workatastartup.com/jobs/93048
Security & Infrastructure Engineer,See all 6 jobs ›,Remote / Various,2026-09-12,https://www.workatastartup.com/jobs/93091,https://jobs.ikea.com,Actively Hiring,"Senior Software EngineerNew York, NY, USfulltimeWill sponsor$180K - $230K0.02% - 0.30%6+ yearsView jobGTM EngineerNew York, NY, USfulltimeWill sponsor$140K - $180K0.03% - 0.05%3+ yearsView jobSoftware EngineerNew York, NY, USfulltimeWill sponsor$160K - $190K0.10% - 0.15%1+ yearsView jobSecurity & Infrastructure EngineerNew York, NY, USfulltimeWill  | Salary: $180K - $230K | YC Batch: N/A",Work at a Startup,https://jobs.ikea.com,https://www.workatastartup.com/jobs/93091
General Application,Junction,Remote / Various,2026-09-12,https://www.workatastartup.com/companies/junction,https://www.junction.com,Actively Hiring,Junction is hiring for 4 jobs. API for at-home health data,Work at a Startup,https://www.junction.com,https://www.workatastartup.com/companies/junction
General Application,Conduit,Remote / Various,2026-09-12,https://www.workatastartup.com/companies/conduit-ai,https://www.conduit.io,Actively Hiring,Conduit is hiring for 6 jobs. AI Agents for Hospitality,Work at a Startup,https://www.conduit.io,https://www.workatastartup.com/companies/conduit-ai
General Application,Alguna,Remote / Various,2026-09-12,https://www.workatastartup.com/companies/alguna,https://www.alguna.com,Actively Hiring,Alguna is hiring for 5 jobs. AI-Native CPQ & Billing for Modern Pricing Models,Work at a Startup,https://www.alguna.com,https://www.workatastartup.com/companies/alguna
General Application,Camber,Remote / Various,2026-09-12,https://www.workatastartup.com/companies/camber-2,https://www.camber.io,Actively Hiring,Camber is hiring for 13 jobs. Admin automation for healthcare,Work at a Startup,https://www.camber.io,https://www.workatastartup.com/companies/camber-2
General Application,telli,Remote / Various,2026-09-12,https://www.workatastartup.com/companies/telli,https://www.telli.com,Actively Hiring,telli is hiring for 21 jobs. AI phone agents that convert,Work at a Startup,https://www.telli.com,https://www.workatastartup.com/companies/telli
"Engineering, Product",See all 9 jobs ›,Remote / Various,2026-09-12,https://www.workatastartup.com/jobs/97103,https://9jobs.in,Actively Hiring,"Engineering, ProductBerlinfulltimeUS citizenship/visa not required€85K - €160K EURAny (new grads ok)View jobEngineering, AllBerlinfulltimeUS citizenship/visa not required€75K - €160K EUR3+ yearsView jobSr. Account ExecutiveBerlinfulltimeUS citizenship/visa not required€140K - €180K EUR5+ yearsView jobDesign LeadBerlinfulltimeUS citizenship/visa not | Salary: €85K - €160K | YC Batch: N/A",Work at a Startup,https://9jobs.in,https://www.workatastartup.com/jobs/97103
"Engineering, All",See all 9 jobs ›,Remote / Various,2026-09-12,https://www.workatastartup.com/jobs/77529,https://9jobs.in,Actively Hiring,"Engineering, ProductBerlinfulltimeUS citizenship/visa not required€85K - €160K EURAny (new grads ok)View jobEngineering, AllBerlinfulltimeUS citizenship/visa not required€75K - €160K EUR3+ yearsView jobSr. Account ExecutiveBerlinfulltimeUS citizenship/visa not required€140K - €180K EUR5+ yearsView jobDesign LeadBerlinfulltimeUS citizenship/visa not | Salary: €75K - €160K | YC Batch: N/A",Work at a Startup,https://9jobs.in,https://www.workatastartup.com/jobs/77529
Sr. Account Executive,See all 9 jobs ›,Remote / Various,2026-09-12,https://www.workatastartup.com/jobs/97101,https://9jobs.in,Actively Hiring,"Engineering, ProductBerlinfulltimeUS citizenship/visa not required€85K - €160K EURAny (new grads ok)View jobEngineering, AllBerlinfulltimeUS citizenship/visa not required€75K - €160K EUR3+ yearsView jobSr. Account ExecutiveBerlinfulltimeUS citizenship/visa not required€140K - €180K EUR5+ yearsView jobDesign LeadBerlinfulltimeUS citizenship/visa not | Salary: €140K - €180K | YC Batch: N/A",Work at a Startup,https://9jobs.in,https://www.workatastartup.com/jobs/97101
Design Lead,See all 9 jobs ›,Remote / Various,2026-09-12,https://www.workatastartup.com/jobs/78977,https://9jobs.in,Actively Hiring,"Engineering, ProductBerlinfulltimeUS citizenship/visa not required€85K - €160K EURAny (new grads ok)View jobEngineering, AllBerlinfulltimeUS citizenship/visa not required€75K - €160K EUR3+ yearsView jobSr. Account ExecutiveBerlinfulltimeUS citizenship/visa not required€140K - €180K EUR5+ yearsView jobDesign LeadBerlinfulltimeUS citizenship/visa not | Salary: €75K - €160K | YC Batch: N/A",Work at a Startup,https://9jobs.in,https://www.workatastartup.com/jobs/78977
General Application,Santé,Remote / Various,2026-09-12,https://www.workatastartup.com/companies/sante,https://www.sante.fr,Actively Hiring,Santé is hiring for 7 jobs. All-in-one POS for liquor stores,Work at a Startup,https://www.sante.fr,https://www.workatastartup.com/companies/sante
General Application,HappyRobot,Remote / Various,2026-09-12,https://www.workatastartup.com/companies/happyrobot,https://www.happyrobot.ai,Actively Hiring,HappyRobot is hiring for 19 jobs. Intelligence that runs your operations.,Work at a Startup,https://www.happyrobot.ai,https://www.workatastartup.com/companies/happyrobot
Software Engineer - Full Stack,See all 11 jobs ›,Remote / Various,2026-09-12,https://www.workatastartup.com/jobs/78410,https://www.usajobs.gov,Actively Hiring,"Software Engineer - Full StackSan Francisco, CA, USfulltimeWill sponsor$180K - $250K3+ yearsView jobEnterprise Account ExecutiveSan Francisco, CA, US / RemotefulltimeWill sponsor$120K - $220K6+ yearsView jobDeployment StrategistSan Francisco, CA, USfulltimeWill sponsor$150K - $200K6+ yearsView jobForward Deployed EngineerSan Francisco, CA, USfullti | Salary: $180K - $250K | YC Batch: N/A",Work at a Startup,https://www.usajobs.gov,https://www.workatastartup.com/jobs/78410
Enterprise Account Executive,See all 11 jobs ›,Remote / Various,2026-09-12,https://www.workatastartup.com/jobs/78404,https://www.usajobs.gov,Actively Hiring,"Software Engineer - Full StackSan Francisco, CA, USfulltimeWill sponsor$180K - $250K3+ yearsView jobEnterprise Account ExecutiveSan Francisco, CA, US / RemotefulltimeWill sponsor$120K - $220K6+ yearsView jobDeployment StrategistSan Francisco, CA, USfulltimeWill sponsor$150K - $200K6+ yearsView jobForward Deployed EngineerSan Francisco, CA, USfullti | Salary: $120K - $220K | YC Batch: N/A",Work at a Startup,https://www.usajobs.gov,https://www.workatastartup.com/jobs/78404
Deployment Strategist,See all 11 jobs ›,Remote / Various,2026-09-12,https://www.workatastartup.com/jobs/78394,https://www.usajobs.gov,Actively Hiring,"Software Engineer - Full StackSan Francisco, CA, USfulltimeWill sponsor$180K - $250K3+ yearsView jobEnterprise Account ExecutiveSan Francisco, CA, US / RemotefulltimeWill sponsor$120K - $220K6+ yearsView jobDeployment StrategistSan Francisco, CA, USfulltimeWill sponsor$150K - $200K6+ yearsView jobForward Deployed EngineerSan Francisco, CA, USfullti | Salary: $150K - $200K | YC Batch: N/A",Work at a Startup,https://www.usajobs.gov,https://www.workatastartup.com/jobs/78394
Forward Deployed Engineer,See all 11 jobs ›,Remote / Various,2026-09-12,https://www.workatastartup.com/jobs/78412,https://www.usajobs.gov,Actively Hiring,"Software Engineer - Full StackSan Francisco, CA, USfulltimeWill sponsor$180K - $250K3+ yearsView jobEnterprise Account ExecutiveSan Francisco, CA, US / RemotefulltimeWill sponsor$120K - $220K6+ yearsView jobDeployment StrategistSan Francisco, CA, USfulltimeWill sponsor$150K - $200K6+ yearsView jobForward Deployed EngineerSan Francisco, CA, USfullti | Salary: $120K - $180K | YC Batch: N/A",Work at a Startup,https://www.usajobs.gov,https://www.workatastartup.com/jobs/78412
General Application,Swif.ai,Remote / Various,2026-09-12,https://www.workatastartup.com/companies/swif-ai,https://www.swifai.com,Actively Hiring,Swif.ai is hiring for 9 jobs. Manage every device. Govern every AI agent.,Work at a Startup,https://www.swifai.com,https://www.workatastartup.com/companies/swif-ai
General Application,Arketa,Remote / Various,2026-09-12,https://www.workatastartup.com/companies/arketa,https://www.arketa.com,Actively Hiring,Arketa is hiring for 7 jobs. Everything for your fitness or wellness business.,Work at a Startup,https://www.arketa.com,https://www.workatastartup.com/companies/arketa
General Application,Arpari,Remote / Various,2026-09-12,https://www.workatastartup.com/companies/arpari,https://www.arpari.com,Actively Hiring,Arpari is hiring for 3 jobs. Multibank treasury management,Work at a Startup,https://www.arpari.com,https://www.workatastartup.com/companies/arpari
General Application,FurtherAI,Remote / Various,2026-09-12,https://www.workatastartup.com/companies/furtherai,https://www.furtherai.com,Actively Hiring,FurtherAI is hiring for 14 jobs. AI Workforce for the Insurance Industry,Work at a Startup,https://www.furtherai.com,https://www.workatastartup.com/companies/furtherai
Software Engineer - Backend/Fullstack [India],See all 6 jobs ›,Remote / Various,2026-09-12,https://www.workatastartup.com/jobs/68037,https://jobs.ikea.com,Actively Hiring,"Software Engineer - Backend/Fullstack [India]RemotefulltimeWill sponsor$40K - $80K0.10% - 0.80%3+ yearsView jobFrontend Engineer - WebSan Francisco, CA, USfulltimeWill sponsor$120K - $210K0.20% - 0.75%3+ yearsView jobCustomer Success ManagerSan Francisco, CA, US / Remote (US)fulltimeWill sponsor$80K - $140K0.05% - 0.15%3+ yearsView jobForward Deplo | Salary: $40K - $80K | YC Batch: N/A",Work at a Startup,https://jobs.ikea.com,https://www.workatastartup.com/jobs/68037
Frontend Engineer - Web,See all 6 jobs ›,Remote / Various,2026-09-12,https://www.workatastartup.com/jobs/72438,https://jobs.ikea.com,Actively Hiring,"Software Engineer - Backend/Fullstack [India]RemotefulltimeWill sponsor$40K - $80K0.10% - 0.80%3+ yearsView jobFrontend Engineer - WebSan Francisco, CA, USfulltimeWill sponsor$120K - $210K0.20% - 0.75%3+ yearsView jobCustomer Success ManagerSan Francisco, CA, US / Remote (US)fulltimeWill sponsor$80K - $140K0.05% - 0.15%3+ yearsView jobForward Deplo | Salary: $120K - $210K | YC Batch: N/A",Work at a Startup,https://jobs.ikea.com,https://www.workatastartup.com/jobs/72438
Customer Success Manager,See all 6 jobs ›,Remote / Various,2026-09-12,https://www.workatastartup.com/jobs/78629,https://jobs.ikea.com,Actively Hiring,"Software Engineer - Backend/Fullstack [India]RemotefulltimeWill sponsor$40K - $80K0.10% - 0.80%3+ yearsView jobFrontend Engineer - WebSan Francisco, CA, USfulltimeWill sponsor$120K - $210K0.20% - 0.75%3+ yearsView jobCustomer Success ManagerSan Francisco, CA, US / Remote (US)fulltimeWill sponsor$80K - $140K0.05% - 0.15%3+ yearsView jobForward Deplo | Salary: $80K - $140K | YC Batch: N/A",Work at a Startup,https://jobs.ikea.com,https://www.workatastartup.com/jobs/78629
Forward Deployed Engineer,See all 6 jobs ›,Remote / Various,2026-09-12,https://www.workatastartup.com/jobs/77473,https://jobs.ikea.com,Actively Hiring,"Software Engineer - Backend/Fullstack [India]RemotefulltimeWill sponsor$40K - $80K0.10% - 0.80%3+ yearsView jobFrontend Engineer - WebSan Francisco, CA, USfulltimeWill sponsor$120K - $210K0.20% - 0.75%3+ yearsView jobCustomer Success ManagerSan Francisco, CA, US / Remote (US)fulltimeWill sponsor$80K - $140K0.05% - 0.15%3+ yearsView jobForward Deplo | Salary: $120K - $180K | YC Batch: N/A",Work at a Startup,https://jobs.ikea.com,https://www.workatastartup.com/jobs/77473
General Application,Ankr Health,Remote / Various,2026-09-12,https://www.workatastartup.com/companies/ankr-health,https://ankr.health,Actively Hiring,Ankr Health is hiring for 10 jobs. Virtualizing brick-mortar infrastructures of clinics w/ generative AI,Work at a Startup,https://ankr.health,https://www.workatastartup.com/companies/ankr-health
General Application,Tractian,Remote / Various,2026-09-12,https://www.workatastartup.com/companies/tractian,https://tractian.com,Actively Hiring,Tractian is hiring for 2 jobs. Physical AI for asset-heavy industries,Work at a Startup,https://tractian.com,https://www.workatastartup.com/companies/tractian
General Application,Zuddl,Remote / Various,2026-09-12,https://www.workatastartup.com/companies/zuddl,https://www.zuddl.com,Actively Hiring,Zuddl is hiring for 3 jobs. Zuddl is a modular platform for events and webinars that helps event marketers plan and execute events that drive growth.,Work at a Startup,https://www.zuddl.com,https://www.workatastartup.com/companies/zuddl
General Application,Strac,Remote / Various,2026-09-12,https://www.workatastartup.com/companies/strac,https://www.strac.io,Actively Hiring,"Strac is hiring for 6 jobs. Data Discovery, DLP, DSPM for SaaS, Cloud, Gen AI & Endpoints",Work at a Startup,https://www.strac.io,https://www.workatastartup.com/companies/strac
General Application,Double,Remote / Various,2026-09-12,https://www.workatastartup.com/companies/doublehq,https://www.double.com,Actively Hiring,Double is hiring for 3 jobs. We make software for bookkeepers.,Work at a Startup,https://www.double.com,https://www.workatastartup.com/companies/doublehq
General Application,Roboflow,Remote / Various,2026-09-12,https://www.workatastartup.com/companies/roboflow,https://roboflow.com,Actively Hiring,Roboflow is hiring for 25 jobs. 🖼️ Give your software the sense of sight.,Work at a Startup,https://roboflow.com,https://www.workatastartup.com/companies/roboflow
General Application,Emergent,Remote / Various,2026-09-12,https://www.workatastartup.com/companies/emergent,https://www.emergent.in,Actively Hiring,Emergent is hiring for 35 jobs. AI app builder that turns your ideas into monetizable software.,Work at a Startup,https://www.emergent.in,https://www.workatastartup.com/companies/emergent
General Application,Abacum,Remote / Various,2026-09-12,https://www.workatastartup.com/companies/abacum,https://www.abacum.ai,Actively Hiring,Abacum is hiring for 12 jobs. The AI-native FP&A platform that helps Finance teams drive business outcomes.,Work at a Startup,https://www.abacum.ai,https://www.workatastartup.com/companies/abacum
General Application,Gojiberry AI,Remote / Various,2026-09-12,https://www.workatastartup.com/companies/gojiberry-ai,https://www.gojiberryai.com,Actively Hiring,Gojiberry AI is hiring for 3 jobs. AI Go-To-Market agents for B2B teams,Work at a Startup,https://www.gojiberryai.com,https://www.workatastartup.com/companies/gojiberry-ai
General Application,Invopop,Remote / Various,2026-09-12,https://www.workatastartup.com/companies/invopop,https://www.invopop.com,Actively Hiring,Invopop is hiring for 5 jobs. We help global software companies comply with local tax reporting,Work at a Startup,https://www.invopop.com,https://www.workatastartup.com/companies/invopop
General Application,Manufact,Remote / Various,2026-09-12,https://www.workatastartup.com/companies/manufact,https://www.manufact.com,Actively Hiring,Manufact is hiring for 4 jobs. Cloud infrastructure for MCP servers and Claude / ChatGPT plugins.,Work at a Startup,https://www.manufact.com,https://www.workatastartup.com/companies/manufact
General Application,Jiga,Remote / Various,2026-09-12,https://www.workatastartup.com/companies/jiga,https://www.jiga.io,Actively Hiring,Jiga is hiring for 12 jobs. Source better parts by partnering directly with vetted manufacturers,Work at a Startup,https://www.jiga.io,https://www.workatastartup.com/companies/jiga
General Application,Provision,Remote / Various,2026-09-12,https://www.workatastartup.com/companies/provision,https://www.provision.com,Actively Hiring,Provision is hiring for 4 jobs. Ironclad for construction,Work at a Startup,https://www.provision.com,https://www.workatastartup.com/companies/provision
General Application,Cogram,Remote / Various,2026-09-12,https://www.workatastartup.com/companies/cogram,https://www.cogram.com,Actively Hiring,Cogram is hiring for 6 jobs. The AI Platform for Architects and Engineers,Work at a Startup,https://www.cogram.com,https://www.workatastartup.com/companies/cogram
General Application,Juicebox,Remote / Various,2026-09-12,https://www.workatastartup.com/companies/juicebox,https://www.juicebox.com,Actively Hiring,Juicebox is hiring for 42 jobs. AI Agents for Recruiting,Work at a Startup,https://www.juicebox.com,https://www.workatastartup.com/companies/juicebox
General Application,Vooma,Remote / Various,2026-09-12,https://www.workatastartup.com/companies/vooma,https://www.vooma.com,Actively Hiring,Vooma is hiring for 11 jobs. Automation platform for logistics,Work at a Startup,https://www.vooma.com,https://www.workatastartup.com/companies/vooma
Account Executive,See all 6 jobs ›,Remote / Various,2026-09-12,https://www.workatastartup.com/jobs/71015,https://jobs.ikea.com,Actively Hiring,"Account ExecutiveSan Francisco, CA, US / Chicago, IL, USfulltimeWill sponsor$150 - $2503+ yearsView jobAI Software EngineerSan Francisco, CA, US / Palo Alto, CA, USfulltimeWill sponsor$100K - $200K3+ yearsView jobFounding Product MarketerSan Francisco OfficefulltimeWill sponsor$175K - $230K0.10% - 0.30%Any (new grads ok)View jobOperations Associate | Salary: $150 - $2503 | YC Batch: N/A",Work at a Startup,https://jobs.ikea.com,https://www.workatastartup.com/jobs/71015
AI Software Engineer,See all 6 jobs ›,Remote / Various,2026-09-12,https://www.workatastartup.com/jobs/60818,https://jobs.ikea.com,Actively Hiring,"Account ExecutiveSan Francisco, CA, US / Chicago, IL, USfulltimeWill sponsor$150 - $2503+ yearsView jobAI Software EngineerSan Francisco, CA, US / Palo Alto, CA, USfulltimeWill sponsor$100K - $200K3+ yearsView jobFounding Product MarketerSan Francisco OfficefulltimeWill sponsor$175K - $230K0.10% - 0.30%Any (new grads ok)View jobOperations Associate | Salary: $100K - $200K | YC Batch: N/A",Work at a Startup,https://jobs.ikea.com,https://www.workatastartup.com/jobs/60818
Founding Product Marketer,See all 6 jobs ›,Remote / Various,2026-09-12,https://www.workatastartup.com/jobs/98804,https://jobs.ikea.com,Actively Hiring,"Account ExecutiveSan Francisco, CA, US / Chicago, IL, USfulltimeWill sponsor$150 - $2503+ yearsView jobAI Software EngineerSan Francisco, CA, US / Palo Alto, CA, USfulltimeWill sponsor$100K - $200K3+ yearsView jobFounding Product MarketerSan Francisco OfficefulltimeWill sponsor$175K - $230K0.10% - 0.30%Any (new grads ok)View jobOperations Associate | Salary: $175K - $230K | YC Batch: N/A",Work at a Startup,https://jobs.ikea.com,https://www.workatastartup.com/jobs/98804
Operations Associate - Deployments,See all 6 jobs ›,Remote / Various,2026-09-12,https://www.workatastartup.com/jobs/71016,https://jobs.ikea.com,Actively Hiring,"Account ExecutiveSan Francisco, CA, US / Chicago, IL, USfulltimeWill sponsor$150 - $2503+ yearsView jobAI Software EngineerSan Francisco, CA, US / Palo Alto, CA, USfulltimeWill sponsor$100K - $200K3+ yearsView jobFounding Product MarketerSan Francisco OfficefulltimeWill sponsor$175K - $230K0.10% - 0.30%Any (new grads ok)View jobOperations Associate | Salary: $100K - $120K | YC Batch: N/A",Work at a Startup,https://jobs.ikea.com,https://www.workatastartup.com/jobs/71016
General Application,REVER,Remote / Various,2026-09-12,https://www.workatastartup.com/companies/rever,https://www.rever.com,Actively Hiring,REVER is hiring for 14 jobs. Changing the way people buy by giving superpowers to shoppers,Work at a Startup,https://www.rever.com,https://www.workatastartup.com/companies/rever
Founding Market Operations Launcher (DACH),See all 13 jobs ›,Remote / Various,2026-09-12,https://www.workatastartup.com/jobs/98762,https://www.goarmy.com,Actively Hiring,"Founding Market Operations Launcher (DACH)Barcelona, CT, ES / Barcelona, Catalonia, ESfulltimeUS citizenship/visa not required€35K - €45K EUR1+ yearsView jobBackend EngineerBarcelona, CT, ES / ESfulltimeUS citizenship/visa not required€40K - €70K EURAny (new grads ok)View jobFounding Account Executive - German speakingBarcelona, CT, ES / Barcelona, | Salary: €35K - €45K | YC Batch: N/A",Work at a Startup,https://www.goarmy.com,https://www.workatastartup.com/jobs/98762
Backend Engineer,See all 13 jobs ›,Remote / Various,2026-09-12,https://www.workatastartup.com/jobs/78494,https://www.goarmy.com,Actively Hiring,"Founding Market Operations Launcher (DACH)Barcelona, CT, ES / Barcelona, Catalonia, ESfulltimeUS citizenship/visa not required€35K - €45K EUR1+ yearsView jobBackend EngineerBarcelona, CT, ES / ESfulltimeUS citizenship/visa not required€40K - €70K EURAny (new grads ok)View jobFounding Account Executive - German speakingBarcelona, CT, ES / Barcelona, | Salary: €40K - €70K | YC Batch: N/A",Work at a Startup,https://www.goarmy.com,https://www.workatastartup.com/jobs/78494
Founding Account Executive - German speaking,See all 13 jobs ›,Remote / Various,2026-09-12,https://www.workatastartup.com/jobs/85978,https://www.goarmy.com,Actively Hiring,"Founding Market Operations Launcher (DACH)Barcelona, CT, ES / Barcelona, Catalonia, ESfulltimeUS citizenship/visa not required€35K - €45K EUR1+ yearsView jobBackend EngineerBarcelona, CT, ES / ESfulltimeUS citizenship/visa not required€40K - €70K EURAny (new grads ok)View jobFounding Account Executive - German speakingBarcelona, CT, ES / Barcelona, | Salary: €30K - €45K | YC Batch: N/A",Work at a Startup,https://www.goarmy.com,https://www.workatastartup.com/jobs/85978
Founding Sales Development Representative - German speaking,See all 13 jobs ›,Remote / Various,2026-09-12,https://www.workatastartup.com/jobs/85979,https://www.goarmy.com,Actively Hiring,"Founding Market Operations Launcher (DACH)Barcelona, CT, ES / Barcelona, Catalonia, ESfulltimeUS citizenship/visa not required€35K - €45K EUR1+ yearsView jobBackend EngineerBarcelona, CT, ES / ESfulltimeUS citizenship/visa not required€40K - €70K EURAny (new grads ok)View jobFounding Account Executive - German speakingBarcelona, CT, ES / Barcelona, | Salary: €30K - €45K | YC Batch: N/A",Work at a Startup,https://www.goarmy.com,https://www.workatastartup.com/jobs/85979
General Application,Topkey,Remote / Various,2026-09-12,https://www.workatastartup.com/companies/topkey,https://www.topkey.com,Actively Hiring,Topkey(W21) | YC Batch: W21,Work at a Startup,https://www.topkey.com,https://www.workatastartup.com/companies/topkey
General Application,Terrakotta,Remote / Various,2026-09-12,https://www.workatastartup.com/companies/terrakotta,https://www.terrakotta.com,Actively Hiring,Terrakotta is hiring for 4 jobs. AI platform for phone-first sellers,Work at a Startup,https://www.terrakotta.com,https://www.workatastartup.com/companies/terrakotta
General Application,Confido,Remote / Various,2026-09-12,https://www.workatastartup.com/companies/confido,https://www.confido.com,Actively Hiring,Confido is hiring for 32 jobs. AI-enabled financial automation and intelligence for CPG Brands,Work at a Startup,https://www.confido.com,https://www.workatastartup.com/companies/confido
General Application,IronLedger.ai,Remote / Various,2026-09-12,https://www.workatastartup.com/companies/ironledger-ai,https://www.ironledger.ai,Actively Hiring,IronLedger.ai is hiring for 2 jobs. AI-enabled Corporate Cards and Invoice Processing for Real Estate,Work at a Startup,https://www.ironledger.ai,https://www.workatastartup.com/companies/ironledger-ai
General Application,Solum Health,Remote / Various,2026-09-12,https://www.workatastartup.com/companies/solum-health,https://app.getsolum.com,Actively Hiring,Solum Health is hiring for 7 jobs. AI Automation for Therapy Practices,Work at a Startup,https://app.getsolum.com,https://www.workatastartup.com/companies/solum-health
SDR,See all 5 jobs ›,Remote / Various,2026-09-12,https://www.workatastartup.com/jobs/102003,https://www.usajobs.gov,Actively Hiring,"SDRMedellín, Antioquia, CO / RemotefulltimeUS citizenship/visa not required$2K - $5K1+ yearsView jobFounding Full Stack Engineer – Build the Future of Healthcare AutomationCO / AR / BR / UY / MX / CA / Remote (CO; AR; BR; UY; MX; CA)fulltimeUS citizenship/visa not required$4K - $7K0.10% - 0.50%3+ yearsView jobFDE - Forward Deployment Engineer (Foun | Salary: $2K - $5K | YC Batch: N/A",Work at a Startup,https://www.usajobs.gov,https://www.workatastartup.com/jobs/102003
Founding Full Stack Engineer – Build the Future of Healthcare Automation,See all 5 jobs ›,Remote / Various,2026-09-12,https://www.workatastartup.com/jobs/78099,https://www.usajobs.gov,Actively Hiring,"SDRMedellín, Antioquia, CO / RemotefulltimeUS citizenship/visa not required$2K - $5K1+ yearsView jobFounding Full Stack Engineer – Build the Future of Healthcare AutomationCO / AR / BR / UY / MX / CA / Remote (CO; AR; BR; UY; MX; CA)fulltimeUS citizenship/visa not required$4K - $7K0.10% - 0.50%3+ yearsView jobFDE - Forward Deployment Engineer (Foun | Salary: $4K - $7K | YC Batch: N/A",Work at a Startup,https://www.usajobs.gov,https://www.workatastartup.com/jobs/78099
FDE - Forward Deployment Engineer (Founding Team),See all 5 jobs ›,Remote / Various,2026-09-12,https://www.workatastartup.com/jobs/102002,https://www.usajobs.gov,Actively Hiring,"SDRMedellín, Antioquia, CO / RemotefulltimeUS citizenship/visa not required$2K - $5K1+ yearsView jobFounding Full Stack Engineer – Build the Future of Healthcare AutomationCO / AR / BR / UY / MX / CA / Remote (CO; AR; BR; UY; MX; CA)fulltimeUS citizenship/visa not required$4K - $7K0.10% - 0.50%3+ yearsView jobFDE - Forward Deployment Engineer (Foun | Salary: $4K - $15K | YC Batch: N/A",Work at a Startup,https://www.usajobs.gov,https://www.workatastartup.com/jobs/102002
Founding Product Operations,See all 5 jobs ›,Remote / Various,2026-09-12,https://www.workatastartup.com/jobs/95194,https://www.usajobs.gov,Actively Hiring,"SDRMedellín, Antioquia, CO / RemotefulltimeUS citizenship/visa not required$2K - $5K1+ yearsView jobFounding Full Stack Engineer – Build the Future of Healthcare AutomationCO / AR / BR / UY / MX / CA / Remote (CO; AR; BR; UY; MX; CA)fulltimeUS citizenship/visa not required$4K - $7K0.10% - 0.50%3+ yearsView jobFDE - Forward Deployment Engineer (Foun | YC Batch: N/A",Work at a Startup,https://www.usajobs.gov,https://www.workatastartup.com/jobs/95194
General Application,Omnistrate,Remote / Various,2026-09-12,https://www.workatastartup.com/companies/omnistrate,https://omnistrate.com,Actively Hiring,Omnistrate is hiring for 4 jobs. Transform any software to multi-cloud SaaS in minutes not years,Work at a Startup,https://omnistrate.com,https://www.workatastartup.com/companies/omnistrate
General Application,Cargo,Remote / Various,2026-09-12,https://www.workatastartup.com/companies/cargo,https://www.cargo.com,Actively Hiring,Cargo is hiring for 3 jobs. Build your GTM workforce,Work at a Startup,https://www.cargo.com,https://www.workatastartup.com/companies/cargo
General Application,Strada,Remote / Various,2026-09-12,https://www.workatastartup.com/companies/strada,https://stradaglobal.com,Actively Hiring,Strada is hiring for 4 jobs. AI agents that run insurance operations,Work at a Startup,https://stradaglobal.com,https://www.workatastartup.com/companies/strada
General Application,Tavus,Remote / Various,2026-09-12,https://www.workatastartup.com/companies/tavus,https://www.tavus.io,Actively Hiring,Tavus is hiring for 12 jobs. Building the human layer of AI,Work at a Startup,https://www.tavus.io,https://www.workatastartup.com/companies/tavus
General Application,Zeit AI,Remote / Various,2026-09-12,https://www.workatastartup.com/companies/zeit-ai,https://www.zeitai.com,Actively Hiring,Zeit AI is hiring for 5 jobs. The autonomous data engineer for the mid-market,Work at a Startup,https://www.zeitai.com,https://www.workatastartup.com/companies/zeit-ai
(Junior) Account Executive (f/m/d),See all 5 jobs ›,Remote / Various,2026-09-12,https://www.workatastartup.com/jobs/98788,https://www.usajobs.gov,Actively Hiring,(Junior) Account Executive (f/m/d)Interview ProcessMunichfulltimeUS citizenship/visa not required€120K - €150K EUR1+ yearsView jobFounders Associate (Growth & Marketing)MunichfulltimeUS citizenship/visa not required€60K - €120K EUR1+ yearsView jobForward-Deployed Engineer (f/m/d)MunichfulltimeUS citizenship/visa not required€70K - €230K EUR1+ years | Salary: €120K - €150K | YC Batch: N/A,Work at a Startup,https://www.usajobs.gov,https://www.workatastartup.com/jobs/98788
Founders Associate (Growth & Marketing),See all 5 jobs ›,Remote / Various,2026-09-12,https://www.workatastartup.com/jobs/105515,https://www.usajobs.gov,Actively Hiring,(Junior) Account Executive (f/m/d)Interview ProcessMunichfulltimeUS citizenship/visa not required€120K - €150K EUR1+ yearsView jobFounders Associate (Growth & Marketing)MunichfulltimeUS citizenship/visa not required€60K - €120K EUR1+ yearsView jobForward-Deployed Engineer (f/m/d)MunichfulltimeUS citizenship/visa not required€70K - €230K EUR1+ years | Salary: €60K - €120K | YC Batch: N/A,Work at a Startup,https://www.usajobs.gov,https://www.workatastartup.com/jobs/105515
Forward-Deployed Engineer (f/m/d),See all 5 jobs ›,Remote / Various,2026-09-12,https://www.workatastartup.com/jobs/98797,https://www.usajobs.gov,Actively Hiring,(Junior) Account Executive (f/m/d)Interview ProcessMunichfulltimeUS citizenship/visa not required€120K - €150K EUR1+ yearsView jobFounders Associate (Growth & Marketing)MunichfulltimeUS citizenship/visa not required€60K - €120K EUR1+ yearsView jobForward-Deployed Engineer (f/m/d)MunichfulltimeUS citizenship/visa not required€70K - €230K EUR1+ years | Salary: €70K - €230K | YC Batch: N/A,Work at a Startup,https://www.usajobs.gov,https://www.workatastartup.com/jobs/98797
Backend Engineer (Infrastructure & Platform) (f/m/d),See all 5 jobs ›,Remote / Various,2026-09-12,https://www.workatastartup.com/jobs/98791,https://www.usajobs.gov,Actively Hiring,(Junior) Account Executive (f/m/d)Interview ProcessMunichfulltimeUS citizenship/visa not required€120K - €150K EUR1+ yearsView jobFounders Associate (Growth & Marketing)MunichfulltimeUS citizenship/visa not required€60K - €120K EUR1+ yearsView jobForward-Deployed Engineer (f/m/d)MunichfulltimeUS citizenship/visa not required€70K - €230K EUR1+ years | Salary: €95K - €270K | YC Batch: N/A,Work at a Startup,https://www.usajobs.gov,https://www.workatastartup.com/jobs/98791
General Application,Conveo,Remote / Various,2026-09-12,https://www.workatastartup.com/companies/conveo,https://www.conveo.ai,Actively Hiring,Conveo is hiring for 19 jobs. Growth through always‑on consumer understanding,Work at a Startup,https://www.conveo.ai,https://www.workatastartup.com/companies/conveo
General Application,Rollstack,Remote / Various,2026-09-12,https://www.workatastartup.com/companies/rollstack-2,https://www.rollstack.com,Actively Hiring,Rollstack is hiring for 5 jobs. Automate data-driven slide decks and documents with AI,Work at a Startup,https://www.rollstack.com,https://www.workatastartup.com/companies/rollstack-2
General Application,CoLoop,Remote / Various,2026-09-12,https://www.workatastartup.com/companies/coloop,https://www.coloop.ai,Actively Hiring,CoLoop is hiring for 2 jobs. AI Copilot for insights & strategy,Work at a Startup,https://www.coloop.ai,https://www.workatastartup.com/companies/coloop
General Application,SafetyKit,Remote / Various,2026-09-12,https://www.workatastartup.com/companies/safetykit,https://www.safetykit.com,Actively Hiring,"SafetyKit is hiring for 4 jobs. AI agents for risk, compliance, and safety",Work at a Startup,https://www.safetykit.com,https://www.workatastartup.com/companies/safetykit
General Application,kapa.ai,Remote / Various,2026-09-12,https://www.workatastartup.com/companies/kapa-ai,https://www.kapaai.com,Actively Hiring,kapa.ai is hiring for 9 jobs. The fastest way to build AI assistants on technical content,Work at a Startup,https://www.kapaai.com,https://www.workatastartup.com/companies/kapa-ai
Account Executive (Europe),See all 6 jobs ›,Remote / Various,2026-09-12,https://www.workatastartup.com/jobs/92254,https://jobs.ikea.com,Actively Hiring,Account Executive (Europe)Interview ProcessDK / RemotefulltimeUS citizenship/visa not required$120K - $200K0.01% - 0.05%3+ yearsView jobSoftware Engineer (Full-stack)GB / EG / RU / UA / TR / FR / IT / ES / PL / RO / KZ / NL / BE / SE / CZ / GR / PT / HU / AT / CH / BG / DK / FI / NO / SK / LT / EE / DE / Remote (GB; EG; RU; UA; TR; FR; IT; ES; PL;  | Salary: $120K - $200K | YC Batch: N/A,Work at a Startup,https://jobs.ikea.com,https://www.workatastartup.com/jobs/92254
Software Engineer (Full-stack),See all 6 jobs ›,Remote / Various,2026-09-12,https://www.workatastartup.com/jobs/76640,https://jobs.ikea.com,Actively Hiring,Account Executive (Europe)Interview ProcessDK / RemotefulltimeUS citizenship/visa not required$120K - $200K0.01% - 0.05%3+ yearsView jobSoftware Engineer (Full-stack)GB / EG / RU / UA / TR / FR / IT / ES / PL / RO / KZ / NL / BE / SE / CZ / GR / PT / HU / AT / CH / BG / DK / FI / NO / SK / LT / EE / DE / Remote (GB; EG; RU; UA; TR; FR; IT; ES; PL;  | Salary: $100K - $150K | YC Batch: N/A,Work at a Startup,https://jobs.ikea.com,https://www.workatastartup.com/jobs/76640
"Research Engineer, Applied AI",See all 6 jobs ›,Remote / Various,2026-09-12,https://www.workatastartup.com/jobs/76641,https://jobs.ikea.com,Actively Hiring,Account Executive (Europe)Interview ProcessDK / RemotefulltimeUS citizenship/visa not required$120K - $200K0.01% - 0.05%3+ yearsView jobSoftware Engineer (Full-stack)GB / EG / RU / UA / TR / FR / IT / ES / PL / RO / KZ / NL / BE / SE / CZ / GR / PT / HU / AT / CH / BG / DK / FI / NO / SK / LT / EE / DE / Remote (GB; EG; RU; UA; TR; FR; IT; ES; PL;  | Salary: $100K - $170K | YC Batch: N/A,Work at a Startup,https://jobs.ikea.com,https://www.workatastartup.com/jobs/76641
Marketing Lead,See all 6 jobs ›,Remote / Various,2026-09-12,https://www.workatastartup.com/jobs/84623,https://jobs.ikea.com,Actively Hiring,Account Executive (Europe)Interview ProcessDK / RemotefulltimeUS citizenship/visa not required$120K - $200K0.01% - 0.05%3+ yearsView jobSoftware Engineer (Full-stack)GB / EG / RU / UA / TR / FR / IT / ES / PL / RO / KZ / NL / BE / SE / CZ / GR / PT / HU / AT / CH / BG / DK / FI / NO / SK / LT / EE / DE / Remote (GB; EG; RU; UA; TR; FR; IT; ES; PL;  | Salary: $70K - $110K | YC Batch: N/A,Work at a Startup,https://jobs.ikea.com,https://www.workatastartup.com/jobs/84623
General Application,Formance,Remote / Various,2026-09-12,https://www.workatastartup.com/companies/formance,https://www.formance.com,Actively Hiring,Formance is hiring for 4 jobs. Open Source Infrastructure for the Financial Internet,Work at a Startup,https://www.formance.com,https://www.workatastartup.com/companies/formance
General Application,Lightly,Remote / Various,2026-09-12,https://www.workatastartup.com/companies/lightly,https://www.lightly.ai,Actively Hiring,Lightly is hiring for 2 jobs. Help ML teams label the right data,Work at a Startup,https://www.lightly.ai,https://www.workatastartup.com/companies/lightly
General Application,Pier,Remote / Various,2026-09-12,https://www.workatastartup.com/companies/pier,https://www.pier.in,Actively Hiring,Pier is hiring for 2 jobs. Stripe for Credit - Trusted Credit Compliance Partner,Work at a Startup,https://www.pier.in,https://www.workatastartup.com/companies/pier
General Application,Duckie,Remote / Various,2026-09-12,https://www.workatastartup.com/companies/duckie,https://duckie.ai,Actively Hiring,Duckie is hiring for 2 jobs. Build AI Support Agents in Minutes,Work at a Startup,https://duckie.ai,https://www.workatastartup.com/companies/duckie
General Application,dili,Remote / Various,2026-09-12,https://www.workatastartup.com/companies/dili,https://www.dili.com,Actively Hiring,dili is hiring for 8 jobs. Automating Compliance for Construction,Work at a Startup,https://www.dili.com,https://www.workatastartup.com/companies/dili
General Application,YouShift,Remote / Various,2026-09-12,https://www.workatastartup.com/companies/youshift,https://app.you-ship.com,Actively Hiring,YouShift is hiring for 2 jobs. The OS for hospital workforce management,Work at a Startup,https://app.you-ship.com,https://www.workatastartup.com/companies/youshift
General Application,SalesPatriot,Remote / Various,2026-09-12,https://www.workatastartup.com/companies/salespatriot,https://www.salespatriot.com,Actively Hiring,SalesPatriot is hiring for 4 jobs. AI powered operating system for distributors and OEMs,Work at a Startup,https://www.salespatriot.com,https://www.workatastartup.com/companies/salespatriot
General Application,Artie,Remote / Various,2026-09-12,https://www.workatastartup.com/companies/artie,https://artie.clothing,Actively Hiring,Artie is hiring for 5 jobs. Software that streams data from databases to warehouses in real-time,Work at a Startup,https://artie.clothing,https://www.workatastartup.com/companies/artie
General Application,Speedy Labs,Remote / Various,2026-09-12,https://www.workatastartup.com/companies/speedy-labs,https://www.speedy.com,Actively Hiring,Speedy Labs is hiring for 3 jobs. Maximize profits with AI-powered rebate management.,Work at a Startup,https://www.speedy.com,https://www.workatastartup.com/companies/speedy-labs
General Application,AnswerThis,Remote / Various,2026-09-12,https://www.workatastartup.com/companies/answerthis,https://www.answerthis.com,Actively Hiring,AnswerThis is hiring for 5 jobs. End-to-end workspace to accelerate scientific discovery,Work at a Startup,https://www.answerthis.com,https://www.workatastartup.com/companies/answerthis
General Application,Flock Safety,Remote / Various,2026-09-12,https://www.workatastartup.com/companies/flock-safety,https://www.flocksafety.com,Actively Hiring,Flock Safety is hiring for 7 jobs. The first public safety operating system that eliminates crime.,Work at a Startup,https://www.flocksafety.com,https://www.workatastartup.com/companies/flock-safety
General Application,Vori,Remote / Various,2026-09-12,https://www.workatastartup.com/companies/vori,https://www.vori.com,Actively Hiring,Vori is hiring for 4 jobs. Vori is a modern operating system for supermarkets,Work at a Startup,https://www.vori.com,https://www.workatastartup.com/companies/vori
General Application,Ello,Remote / Various,2026-09-12,https://www.workatastartup.com/companies/ello,https://www.elloproducts.com,Actively Hiring,Ello is hiring for 4 jobs. Building the world's first 1:1 AI teacher.,Work at a Startup,https://www.elloproducts.com,https://www.workatastartup.com/companies/ello
