Job Role,Company Name,Location,Date Posted,Apply Link,Company Link,No. of Applicants,Job Description,Source,website,apply_link_url
Lead Generation Executive,BuzzTech Media,"Seattle, WA",2026-09-16,https://www.careerbuilder.com/job-details/lead-generation-executive-seattle-wa--64a41ec7-4c94-4d49-8d7a-941aca55c434,https://www.buzztechmedia.com,Actively Hiring,"BuzzTech Media New Lead Generation Executive Seattle, WA 2 days ago",CareerBuilder,https://www.buzztechmedia.com,https://www.careerbuilder.com/job-details/lead-generation-executive-seattle-wa--64a41ec7-4c94-4d49-8d7a-941aca55c434
Sales Manager - Outbound Sales (Facebook Lead Generation & Meta Ads),411 Locals,Chennai,2026-08-19,https://www.careerbuilder.com/job-details/sales-manager-outbound-sales-facebook-lead-generation-meta-ads--53c90b3f-267a-4ff0-bf53-534f5468a58f,https://www.411locals.com,Actively Hiring,"411 Locals Sales Manager - Outbound Sales (Facebook Lead Generation & Meta Ads) Remote $50,000–$100,000 / year 30+ days ago",CareerBuilder,https://www.411locals.com,https://www.careerbuilder.com/job-details/sales-manager-outbound-sales-facebook-lead-generation-meta-ads--53c90b3f-267a-4ff0-bf53-534f5468a58f
"Executive Director, Global Oncology Medical Affairs, Evidence Generation",Immunocore Holdings Plc,"Radnor, PA",2026-08-19,https://www.careerbuilder.com/job-details/executive-director-global-oncology-medical-affairs-evidence-generation-radnor-pa--b27c870a-e5e0-46c2-9ec3-7eaf423994e0,https://www.immunocoreplc.com,Actively Hiring,"Immunocore Holdings Plc Executive Director, Global Oncology Medical Affairs, Evidence Generation Radnor, PA 30+ days ago",CareerBuilder,https://www.immunocoreplc.com,https://www.careerbuilder.com/job-details/executive-director-global-oncology-medical-affairs-evidence-generation-radnor-pa--b27c870a-e5e0-46c2-9ec3-7eaf423994e0
VP of Partner Sales & Lead Generation - US Based,Vensure Employer Services Inc,AZ,2026-08-28,https://www.careerbuilder.com/job-details/vp-of-partner-sales-lead-generation-us-based-phoenix-az--c6b0e647-a6d7-4972-a448-cf15a44251fd,https://www.vensureemployer.com,Actively Hiring,Vensure Employer Services Inc VP of Partner Sales & Lead Generation - US Based AZ 21 days ago,CareerBuilder,https://www.vensureemployer.com,https://www.careerbuilder.com/job-details/vp-of-partner-sales-lead-generation-us-based-phoenix-az--c6b0e647-a6d7-4972-a448-cf15a44251fd
Demand Generation Lead,Dovetail Research Pty. Ltd.,Chennai,2026-09-07,https://www.careerbuilder.com/job-details/demand-generation-lead--9bc1899a-c05a-4911-ac82-cbb4ffeffc70,https://www.dovetailresearchptyltd.com,Actively Hiring,Dovetail Research Pty. Ltd. Demand Generation Lead 11 days ago,CareerBuilder,https://www.dovetailresearchptyltd.com,https://www.careerbuilder.com/job-details/demand-generation-lead--9bc1899a-c05a-4911-ac82-cbb4ffeffc70
Senior Auto Sales Executive - Outside Sales & Account Generation,D&M Leasing,"Austin, TX",2026-08-28,https://www.careerbuilder.com/job-details/senior-auto-sales-executive-outside-sales-account-generation-austin-tx--cac7c69c-30c0-4c64-b690-dc09ad695e75,https://www.dmleasing.com,Actively Hiring,"D&M Leasing Senior Auto Sales Executive - Outside Sales & Account Generation Austin, TX $400,000 / year 21 days ago",CareerBuilder,https://www.dmleasing.com,https://www.careerbuilder.com/job-details/senior-auto-sales-executive-outside-sales-account-generation-austin-tx--cac7c69c-30c0-4c64-b690-dc09ad695e75
Senior Manager of Lead Generation,FreemanLeonard,"San Antonio, TX",2026-08-19,https://www.careerbuilder.com/job-details/senior-manager-of-lead-generation-san-antonio-tx--12d218a8-372d-494e-9f61-3620164c5bb2,https://www.freemanleonard.com,Actively Hiring,"FreemanLeonard Senior Manager of Lead Generation San Antonio, TX Quick Apply 30+ days ago",CareerBuilder,https://www.freemanleonard.com,https://www.careerbuilder.com/job-details/senior-manager-of-lead-generation-san-antonio-tx--12d218a8-372d-494e-9f61-3620164c5bb2
Demand Generation Lead,Dovetail,Chennai,2026-09-06,https://www.careerbuilder.com/job-details/demand-generation-lead--961f1b9b-7556-4301-89db-ae4d1c75e287,https://www.dovetail.com,Actively Hiring,Role: Demand Generation Lead | Company: Dovetail | Location: Chennai,CareerBuilder,https://www.dovetail.com,https://www.careerbuilder.com/job-details/demand-generation-lead--961f1b9b-7556-4301-89db-ae4d1c75e287
"Strategic Account Executive, Power & Grid - Power Generation",Schneider Electric SE,"Houston, TX",2026-08-19,https://www.careerbuilder.com/job-details/strategic-account-executive-power-grid-power-generation-houston-tx--63f4f45e-5b19-4ad2-8d01-d9d75eacb865,https://www.schneiderelectricse.com,Actively Hiring,"Schneider Electric SE Strategic Account Executive, Power & Grid - Power Generation Houston, TX 30+ days ago",CareerBuilder,https://www.schneiderelectricse.com,https://www.careerbuilder.com/job-details/strategic-account-executive-power-grid-power-generation-houston-tx--63f4f45e-5b19-4ad2-8d01-d9d75eacb865
Lead Project Manager- Large Power Generation,Innio,"Waukesha, Wisconsin",2026-08-23,https://www.careerbuilder.com/job-details/lead-project-manager-large-power-generation-waukesha-wi--8a69363d-4930-4f5c-a1d4-d0082cb3c25b,https://www.innio.com,Actively Hiring,"Innio Lead Project Manager- Large Power Generation Waukesha, Wisconsin 26 days ago",CareerBuilder,https://www.innio.com,https://www.careerbuilder.com/job-details/lead-project-manager-large-power-generation-waukesha-wi--8a69363d-4930-4f5c-a1d4-d0082cb3c25b
Account Executive - Revenue Generation - University of Oregon,Learfield IMG College,"Eugene, OR",2026-08-19,https://www.careerbuilder.com/job-details/account-executive-revenue-generation-university-of-oregon-eugene-or--f0b88634-c347-444d-8e4e-b8a167628acb,https://www.learfieldimgcollege.com,Actively Hiring,"Learfield IMG College Account Executive - Revenue Generation - University of Oregon Eugene, OR $15.55 / hour 30+ days ago",CareerBuilder,https://www.learfieldimgcollege.com,https://www.careerbuilder.com/job-details/account-executive-revenue-generation-university-of-oregon-eugene-or--f0b88634-c347-444d-8e4e-b8a167628acb
Account Executive - Revenue Generation - University of Florida,Learfield IMG College,"Gainesville, FL",2026-08-19,https://www.careerbuilder.com/job-details/account-executive-revenue-generation-university-of-florida-gainesville-fl--07a004de-69c1-4de3-be02-cd63e3e00b90,https://www.learfieldimgcollege.com,Actively Hiring,"Learfield IMG College Account Executive - Revenue Generation - University of Florida Gainesville, FL $15 / hour 30+ days ago",CareerBuilder,https://www.learfieldimgcollege.com,https://www.careerbuilder.com/job-details/account-executive-revenue-generation-university-of-florida-gainesville-fl--07a004de-69c1-4de3-be02-cd63e3e00b90
Demand Generation Lead,Europe & America,Indiana,2026-08-19,https://www.careerbuilder.com/job-details/demand-generation-lead-in--cd1786ca-40a7-4bf6-a149-9a02bc064abb,https://www.europeamerica.com,Actively Hiring,Europe & America Demand Generation Lead Indiana Remote 30+ days ago,CareerBuilder,https://www.europeamerica.com,https://www.careerbuilder.com/job-details/demand-generation-lead-in--cd1786ca-40a7-4bf6-a149-9a02bc064abb
Senior Demand Generation Lead,Chamberlain Group,"Oak Brook, Illinois",2026-09-11,https://www.careerbuilder.com/job-details/senior-demand-generation-lead-oak-brook-il--41f59b79-be61-4a5e-9d37-6e7e8ea9ca7a,https://www.chamberlain.com,Actively Hiring,"Chamberlain Group Senior Demand Generation Lead Oak Brook, Illinois $129,700–$209,200 / year 7 days ago",CareerBuilder,https://www.chamberlain.com,https://www.careerbuilder.com/job-details/senior-demand-generation-lead-oak-brook-il--41f59b79-be61-4a5e-9d37-6e7e8ea9ca7a
Demand Generation Lead,PreVeil LLC,"Boston, MA",2026-09-11,https://www.careerbuilder.com/job-details/demand-generation-lead-boston-ma--9e288829-5fd4-4780-a7f5-95cbd97a8937,https://www.preveil.com,Actively Hiring,"Role: Demand Generation Lead | Company: PreVeil LLC | Location: Boston, MA",CareerBuilder,https://www.preveil.com,https://www.careerbuilder.com/job-details/demand-generation-lead-boston-ma--9e288829-5fd4-4780-a7f5-95cbd97a8937
Account Executive - Revenue Generation - University of Florida,Learfield,"Gainesville, Florida",2026-08-19,https://www.careerbuilder.com/job-details/account-executive-revenue-generation-university-of-florida-gainesville-fl--550a7acd-d98c-41ca-87ab-e0a921eef352,https://www.learfield.com,Actively Hiring,"Learfield Account Executive - Revenue Generation - University of Florida Gainesville, Florida 30+ days ago",CareerBuilder,https://www.learfield.com,https://www.careerbuilder.com/job-details/account-executive-revenue-generation-university-of-florida-gainesville-fl--550a7acd-d98c-41ca-87ab-e0a921eef352
Demand Generation Lead,PreVeil,"Boston, Massachusetts",2026-09-08,https://www.careerbuilder.com/job-details/demand-generation-lead-boston-ma--f0f3ae6d-b0b5-4d9f-a673-5498af8ad82d,https://www.preveil.com,Actively Hiring,"PreVeil Demand Generation Lead Boston, Massachusetts 10 days ago",CareerBuilder,https://www.preveil.com,https://www.careerbuilder.com/job-details/demand-generation-lead-boston-ma--f0f3ae6d-b0b5-4d9f-a673-5498af8ad82d
"Strategic Account Executive, Power & Grid - Power Generation","Schneider Electric USA, Inc","Houston, TX",2026-08-29,https://www.careerbuilder.com/job-details/strategic-account-executive-power-grid-power-generation-houston-tx--0470e94f-59c9-4646-8b9e-12fffa685a34,https://www.schneiderelectricusa.com,Actively Hiring,"Schneider Electric USA, Inc Strategic Account Executive, Power & Grid - Power Generation Houston, TX Full time 20 days ago",CareerBuilder,https://www.schneiderelectricusa.com,https://www.careerbuilder.com/job-details/strategic-account-executive-power-grid-power-generation-houston-tx--0470e94f-59c9-4646-8b9e-12fffa685a34
Senior Auto Sales Executive – Outside Sales & Account Generation,D&M Auto Leasing,"Austin, Texas",2026-08-19,https://www.careerbuilder.com/job-details/senior-auto-sales-executive-outside-sales-account-generation-austin-tx--1e0a7853-2f79-4794-a8ad-89a29aeb8091,https://www.dmautoleasing.com,Actively Hiring,"D&M Auto Leasing Senior Auto Sales Executive – Outside Sales & Account Generation Austin, Texas 30+ days ago",CareerBuilder,https://www.dmautoleasing.com,https://www.careerbuilder.com/job-details/senior-auto-sales-executive-outside-sales-account-generation-austin-tx--1e0a7853-2f79-4794-a8ad-89a29aeb8091
Demand Generation Lead,Attio Ltd,"New York, NY",2026-08-19,https://www.careerbuilder.com/job-details/demand-generation-lead-new-york-ny--80562796-339c-45ae-a694-6762c66a9d0f,https://www.attioltd.com,Actively Hiring,"Attio Ltd Demand Generation Lead New York, NY $185,000–$225,000 / year 30+ days ago",CareerBuilder,https://www.attioltd.com,https://www.careerbuilder.com/job-details/demand-generation-lead-new-york-ny--80562796-339c-45ae-a694-6762c66a9d0f
Lead Generation Sales,Stargate HR,"Tampa, Florida",2026-08-19,https://www.careerbuilder.com/job-details/lead-generation-sales-tampa-fl--d4d5d32b-0bd2-49a0-8430-5cc58662ce58,https://www.stargatehr.com,Actively Hiring,"Stargate HR Lead Generation Sales Tampa, Florida 30+ days ago",CareerBuilder,https://www.stargatehr.com,https://www.careerbuilder.com/job-details/lead-generation-sales-tampa-fl--d4d5d32b-0bd2-49a0-8430-5cc58662ce58
North America Proactive Large Deal Generation Pre-Sales Lead - US Remote,"NTT DATA Services, LLC","Plano, TX",2026-08-19,https://www.careerbuilder.com/job-details/north-america-proactive-large-deal-generation-pre-sales-lead-us-remote-plano-tx--dddaf77f-b3dc-41dd-9f2c-b9c3d56cd5a7,https://www.nttdata.com,Actively Hiring,"NTT DATA Services, LLC North America Proactive Large Deal Generation Pre-Sales Lead - US Remote Plano, TX Remote $225,000–$450,000 / year 30+ days ago",CareerBuilder,https://www.nttdata.com,https://www.careerbuilder.com/job-details/north-america-proactive-large-deal-generation-pre-sales-lead-us-remote-plano-tx--dddaf77f-b3dc-41dd-9f2c-b9c3d56cd5a7
Demand Generation Lead,Perplexity,"San Francisco, California",2026-08-19,https://www.careerbuilder.com/job-details/demand-generation-lead-san-francisco-ca--d7954791-551d-402f-80e6-1f64661bd69a,https://www.perplexity.com,Actively Hiring,"Perplexity Demand Generation Lead San Francisco, California 30+ days ago",CareerBuilder,https://www.perplexity.com,https://www.careerbuilder.com/job-details/demand-generation-lead-san-francisco-ca--d7954791-551d-402f-80e6-1f64661bd69a
Industrial Marketing & Demand Generation Lead,Pen Manufacturing,"Anaheim, California",2026-08-19,https://www.careerbuilder.com/job-details/industrial-marketing-demand-generation-lead-anaheim-ca--f6473f00-ba9b-47b1-b8a6-5d4bb1b17cd8,https://www.penmanufacturing.com,Actively Hiring,"Pen Manufacturing Industrial Marketing & Demand Generation Lead Anaheim, California 30+ days ago",CareerBuilder,https://www.penmanufacturing.com,https://www.careerbuilder.com/job-details/industrial-marketing-demand-generation-lead-anaheim-ca--f6473f00-ba9b-47b1-b8a6-5d4bb1b17cd8
Account Executive - Revenue Generation - University Of Oregon,LEARFIELD,"Eugene, OR",2026-08-19,https://www.careerbuilder.com/job-details/account-executive-revenue-generation-university-of-oregon-eugene-or--78be3aaf-a66c-4c92-941c-c5d618141fb2,https://www.learfield.com,Actively Hiring,"LEARFIELD Account Executive - Revenue Generation - University Of Oregon Eugene, OR $15.55 / hour 30+ days ago",CareerBuilder,https://www.learfield.com,https://www.careerbuilder.com/job-details/account-executive-revenue-generation-university-of-oregon-eugene-or--78be3aaf-a66c-4c92-941c-c5d618141fb2
Account Executive - Revenue Generation - University Of Florida,LEARFIELD,"Gainesville, FL",2026-08-19,https://www.careerbuilder.com/job-details/account-executive-revenue-generation-university-of-florida-gainesville-fl--4692db9f-eb80-4e06-b000-ef1a61665a90,https://www.learfield.com,Actively Hiring,"LEARFIELD Account Executive - Revenue Generation - University Of Florida Gainesville, FL $15 / hour 30+ days ago",CareerBuilder,https://www.learfield.com,https://www.careerbuilder.com/job-details/account-executive-revenue-generation-university-of-florida-gainesville-fl--4692db9f-eb80-4e06-b000-ef1a61665a90
Account Executive - Revenue Generation - University of Florida,Learfield Amplify,"Gainesville, Florida",2026-09-04,https://www.careerbuilder.com/job-details/account-executive-revenue-generation-university-of-florida-gainesville-fl--8cd44ca4-4096-43fb-afae-b0ba1eabb1e6,https://www.learfieldamplify.com,Actively Hiring,"Learfield Amplify Account Executive - Revenue Generation - University of Florida Gainesville, Florida $15 / hour 14 days ago",CareerBuilder,https://www.learfieldamplify.com,https://www.careerbuilder.com/job-details/account-executive-revenue-generation-university-of-florida-gainesville-fl--8cd44ca4-4096-43fb-afae-b0ba1eabb1e6
Account Executive - Revenue Generation - University of Oregon,Learfield Amplify,"Eugene, Oregon",2026-08-19,https://www.careerbuilder.com/job-details/account-executive-revenue-generation-university-of-oregon-eugene-or--72c337ca-fd06-4c71-b67d-c15857d4e8aa,https://www.learfieldamplify.com,Actively Hiring,"Learfield Amplify Account Executive - Revenue Generation - University of Oregon Eugene, Oregon $15.55 / hour 30+ days ago",CareerBuilder,https://www.learfieldamplify.com,https://www.careerbuilder.com/job-details/account-executive-revenue-generation-university-of-oregon-eugene-or--72c337ca-fd06-4c71-b67d-c15857d4e8aa
Marketing Director - B2C Growth & Lead Generation,SpaceManager Closets,"Houston, TX",2026-08-19,https://www.careerbuilder.com/job-details/marketing-director-b2c-growth-lead-generation-houston-tx--96200fe8-cc09-4d11-bc4b-85b294728a4d,https://www.spacemanagerclosets.com,Actively Hiring,"SpaceManager Closets Marketing Director - B2C Growth & Lead Generation Houston, TX 30+ days ago",CareerBuilder,https://www.spacemanagerclosets.com,https://www.careerbuilder.com/job-details/marketing-director-b2c-growth-lead-generation-houston-tx--96200fe8-cc09-4d11-bc4b-85b294728a4d
Lead Generation Representative - Remote,UnitedHealth Group Inc.,"Minnetonka, MN",2026-09-08,https://www.careerbuilder.com/job-details/lead-generation-representative-remote-minnetonka-mn--90417b60-442d-4159-911a-f21149048f67,https://www.unitedhealth.com,Actively Hiring,"UnitedHealth Group Inc. Lead Generation Representative - Remote Minnetonka, MN Remote $50,000–$115,000 / year 10 days ago",CareerBuilder,https://www.unitedhealth.com,https://www.careerbuilder.com/job-details/lead-generation-representative-remote-minnetonka-mn--90417b60-442d-4159-911a-f21149048f67
Demand Generation & ABM Lead,Afresh,"San Francisco, CA",2026-09-14,https://www.careerbuilder.com/job-details/demand-generation-abm-lead-san-francisco-ca--baea4556-08f6-41dd-9d77-a7d188827fa9,https://www.afresh.com,Actively Hiring,"Afresh New Demand Generation & ABM Lead San Francisco, CA $158,400–$237,600 / year 4 days ago",CareerBuilder,https://www.afresh.com,https://www.careerbuilder.com/job-details/demand-generation-abm-lead-san-francisco-ca--baea4556-08f6-41dd-9d77-a7d188827fa9
"Director, Lead Generation",MDVIP Inc,Chennai,2026-08-19,https://www.careerbuilder.com/job-details/director-lead-generation--68a63ef9-92e0-4c9c-8ee9-95875337479e,https://www.mdvip.com,Actively Hiring,"Role: Director, Lead Generation | Company: MDVIP Inc | Location: Chennai",CareerBuilder,https://www.mdvip.com,https://www.careerbuilder.com/job-details/director-lead-generation--68a63ef9-92e0-4c9c-8ee9-95875337479e
Lead Generation Specialist,"EON Applications, Inc.","McKinney, Texas",2026-09-14,https://www.careerbuilder.com/job-details/lead-generation-specialist-mckinney-tx--d5bc0307-f2bc-4fce-94b6-4dfb4cd4daf6,https://www.eonapplications.com,Actively Hiring,"EON Applications, Inc. New Lead Generation Specialist McKinney, Texas Quick Apply 4 days ago",CareerBuilder,https://www.eonapplications.com,https://www.careerbuilder.com/job-details/lead-generation-specialist-mckinney-tx--d5bc0307-f2bc-4fce-94b6-4dfb4cd4daf6
Demand Generation Lead,Attio,"New York, NY",2026-08-19,https://www.careerbuilder.com/job-details/demand-generation-lead-new-york-ny--b955768d-a79d-4422-9b51-376c1004f091,https://www.attio.com,Actively Hiring,"Attio Demand Generation Lead New York, NY $185,000–$225,000 / year 30+ days ago",CareerBuilder,https://www.attio.com,https://www.careerbuilder.com/job-details/demand-generation-lead-new-york-ny--b955768d-a79d-4422-9b51-376c1004f091
Senior Electrical Engineering Project Discipline Lead: Gas Power Generation,Jacobs Solutions Inc,"Denver, CO",2026-08-19,https://www.careerbuilder.com/job-details/senior-electrical-engineering-project-discipline-lead-gas-power-generation-denver-co--dffa69b2-e508-4ad0-a3c6-8180f3043681,https://www.jacobs.com,Actively Hiring,"Jacobs Solutions Inc Senior Electrical Engineering Project Discipline Lead: Gas Power Generation Denver, CO $169,500–$296,500 / year 30+ days ago",CareerBuilder,https://www.jacobs.com,https://www.careerbuilder.com/job-details/senior-electrical-engineering-project-discipline-lead-gas-power-generation-denver-co--dffa69b2-e508-4ad0-a3c6-8180f3043681
Head of Lead Generation,KUNGFU.AI,"Austin, TX",2026-09-04,https://www.careerbuilder.com/job-details/head-of-lead-generation-austin-tx--17a273b5-dea3-452e-aa6d-6707a440f80e,https://www.kungfuai.com,Actively Hiring,"Role: Head of Lead Generation | Company: KUNGFU.AI | Location: Austin, TX",CareerBuilder,https://www.kungfuai.com,https://www.careerbuilder.com/job-details/head-of-lead-generation-austin-tx--17a273b5-dea3-452e-aa6d-6707a440f80e
Lead Generation Specialist,CK Hutchison Holdings Ltd,Chennai,2026-08-31,https://www.careerbuilder.com/job-details/lead-generation-specialist--3a69b658-fd08-44a6-81ca-2c779af72421,https://www.ckhutchisonltd.com,Actively Hiring,CK Hutchison Holdings Ltd Lead Generation Specialist Remote $11.50–$16.10 / hour 18 days ago,CareerBuilder,https://www.ckhutchisonltd.com,https://www.careerbuilder.com/job-details/lead-generation-specialist--3a69b658-fd08-44a6-81ca-2c779af72421
Field Sales Representative (Door-to-Door Lead Generation / Outside Sales),Keycafe,"Dallas, TX",2026-08-19,https://www.careerbuilder.com/job-details/field-sales-representative-door-to-door-lead-generation-outside-sales-dallas-tx--29003b6a-3ea9-4cc5-a68d-89ee6695628c,https://www.keycafe.com,Actively Hiring,"Keycafe Field Sales Representative (Door-to-Door Lead Generation / Outside Sales) Dallas, TX $55,000–$75,000 / year 30+ days ago",CareerBuilder,https://www.keycafe.com,https://www.careerbuilder.com/job-details/field-sales-representative-door-to-door-lead-generation-outside-sales-dallas-tx--29003b6a-3ea9-4cc5-a68d-89ee6695628c
Field Sales Representative (Door-To-Door Lead Generation / Outside Sales),Keycafe,"Dallas, TX",2026-08-19,https://www.careerbuilder.com/job-details/field-sales-representative-door-to-door-lead-generation-outside-sales-dallas-tx--6c7673f7-eb6a-4898-87fa-946bec128f91,https://www.keycafe.com,Actively Hiring,"Keycafe Field Sales Representative (Door-To-Door Lead Generation / Outside Sales) Dallas, TX $55,000–$75,000 / year 30+ days ago",CareerBuilder,https://www.keycafe.com,https://www.careerbuilder.com/job-details/field-sales-representative-door-to-door-lead-generation-outside-sales-dallas-tx--6c7673f7-eb6a-4898-87fa-946bec128f91
Remote Lead Generation Agent (Remote),MN Talent Recruitment,"Orlando, FL",2026-08-19,https://www.careerbuilder.com/job-details/remote-lead-generation-agent-remote-orlando-fl--ae1aa681-4f07-4401-9894-6be9cfac5e86,https://www.mntalentrecruitment.com,Actively Hiring,"MN Talent Recruitment Remote Lead Generation Agent (Remote) Orlando, FL Remote 30+ days ago",CareerBuilder,https://www.mntalentrecruitment.com,https://www.careerbuilder.com/job-details/remote-lead-generation-agent-remote-orlando-fl--ae1aa681-4f07-4401-9894-6be9cfac5e86
Lead Generation Specialist,Savers Value Village Inc,"El Paso, TX",2026-08-31,https://www.careerbuilder.com/job-details/lead-generation-specialist-el-paso-tx--c43bc4dc-c91c-4c5a-a890-26a5168c8280,https://www.saversvaluevillage.com,Actively Hiring,"Savers Value Village Inc Lead Generation Specialist El Paso, TX Remote $11.50–$16.10 / hour 18 days ago",CareerBuilder,https://www.saversvaluevillage.com,https://www.careerbuilder.com/job-details/lead-generation-specialist-el-paso-tx--c43bc4dc-c91c-4c5a-a890-26a5168c8280
"B2B Lead Generation Specialist (Part-time, Remote)",EXPERT BUSINESS DEVELOPMENT LLC,"Radnor, PA",2026-09-12,https://www.careerbuilder.com/job-details/b2b-lead-generation-specialist-part-time-remote-radnor-pa--06d96c33-db14-413f-b00f-58d3ced9b3e0,https://www.expertbusinessdevelopment.com,Actively Hiring,"EXPERT BUSINESS DEVELOPMENT LLC New B2B Lead Generation Specialist (Part-time, Remote) Radnor, PA Remote $25–$38 / hour Part time 6 days ago",CareerBuilder,https://www.expertbusinessdevelopment.com,https://www.careerbuilder.com/job-details/b2b-lead-generation-specialist-part-time-remote-radnor-pa--06d96c33-db14-413f-b00f-58d3ced9b3e0
Direct Hire Opportunity//Lead Electrical Engineering Technician - Advanced Power Generation (APG)//Multiple Locations,"TPI Global (formerly Tech Providers, Inc.)","Overland Park, KS",2026-08-19,https://www.careerbuilder.com/job-details/direct-hire-opportunity-lead-electrical-engineering-technician-advanced-power-generation-apg-multiple-locations-overland-park-ks--5f12ff0e-f746-4386-96c1-fc332e86e2bd,https://www.tpiglobalformerlyproviders.com,Actively Hiring,"TPI Global (formerly Tech Providers, Inc.) Direct Hire Opportunity//Lead Electrical Engineering Technician - Advanced Power Generation (APG)//Multiple Locations Overland Park, KS Quick Apply 30+ days ago",CareerBuilder,https://www.tpiglobalformerlyproviders.com,https://www.careerbuilder.com/job-details/direct-hire-opportunity-lead-electrical-engineering-technician-advanced-power-generation-apg-multiple-locations-overland-park-ks--5f12ff0e-f746-4386-96c1-fc332e86e2bd
Marketing Director - B2C Growth & Lead Generation,MedEquip Shop,"Houston, TX",2026-08-19,https://www.careerbuilder.com/job-details/marketing-director-b2c-growth-lead-generation-houston-tx--8695a22d-5a6d-4486-a259-05c9b755675b,https://www.medequipshop.com,Actively Hiring,"MedEquip Shop Marketing Director - B2C Growth & Lead Generation Houston, TX Full time 30+ days ago",CareerBuilder,https://www.medequipshop.com,https://www.careerbuilder.com/job-details/marketing-director-b2c-growth-lead-generation-houston-tx--8695a22d-5a6d-4486-a259-05c9b755675b
Demand Generation Lead,Perplexity AI,"San Francisco, CA",2026-08-19,https://www.careerbuilder.com/job-details/demand-generation-lead-san-francisco-ca--05af45fb-1598-4bba-bc84-f5e9300cd234,https://www.perplexityai.com,Actively Hiring,"Perplexity AI Demand Generation Lead San Francisco, CA 30+ days ago",CareerBuilder,https://www.perplexityai.com,https://www.careerbuilder.com/job-details/demand-generation-lead-san-francisco-ca--05af45fb-1598-4bba-bc84-f5e9300cd234
National Lead - Gas Power Generation,Jacobs Solutions Inc,"Denver, CO",2026-08-19,https://www.careerbuilder.com/job-details/national-lead-gas-power-generation-denver-co--a8dbba83-9ac6-4e34-845e-1debcefb1019,https://www.jacobs.com,Actively Hiring,"Jacobs Solutions Inc National Lead - Gas Power Generation Denver, CO $170,400–$235,000 / year 30+ days ago",CareerBuilder,https://www.jacobs.com,https://www.careerbuilder.com/job-details/national-lead-gas-power-generation-denver-co--a8dbba83-9ac6-4e34-845e-1debcefb1019
Project Management Lead - Power Generation Systems Southern California,Jacobs Solutions Inc,"Fort Worth, TX",2026-09-15,https://www.careerbuilder.com/job-details/project-management-lead-power-generation-systems-southern-california-fort-worth-tx--46fc5e93-b264-4fbe-9870-378f40971be9,https://www.jacobs.com,Actively Hiring,"Jacobs Solutions Inc New Project Management Lead - Power Generation Systems Southern California Fort Worth, TX $182,300–$239,325 / year 3 days ago",CareerBuilder,https://www.jacobs.com,https://www.careerbuilder.com/job-details/project-management-lead-power-generation-systems-southern-california-fort-worth-tx--46fc5e93-b264-4fbe-9870-378f40971be9
Lead Generation Specialist (Outbound),"Konica Minolta Business Solutions, U.S.A., Inc.","Ramsey, New Jersey",2026-08-19,https://www.careerbuilder.com/job-details/21779763-265e-4c07-90b8-f6bf866c0c47,https://www.konicaminoltabusinessusa.com,Actively Hiring,"Konica Minolta Business Solutions, U.S.A., Inc. Lead Generation Specialist (Outbound) Ramsey, New Jersey Full time 30+ days ago",CareerBuilder,https://www.konicaminoltabusinessusa.com,https://www.careerbuilder.com/job-details/21779763-265e-4c07-90b8-f6bf866c0c47
Outbound Lead Generation Associate,Konica Minolta Business Solutions USA Inc,NJ,2026-08-19,https://www.careerbuilder.com/job-details/44c1c9ea-cb5c-4145-95d9-89707c4b5028,https://www.konicaminoltabusinessusa.com,Actively Hiring,Konica Minolta Business Solutions USA Inc Outbound Lead Generation Associate NJ 30+ days ago,CareerBuilder,https://www.konicaminoltabusinessusa.com,https://www.careerbuilder.com/job-details/44c1c9ea-cb5c-4145-95d9-89707c4b5028
"Executive Director, Asset Strategy Lead and Clinical Lead, Early Development",Syndax Pharmaceuticals Inc,"New York, NY",2026-08-23,https://www.careerbuilder.com/job-details/executive-director-asset-strategy-lead-and-clinical-lead-early-development-new-york-ny--92039bcd-b7cd-4f2c-9389-b28b51a1a3f3,https://www.syndaxpharmaceuticals.com,Actively Hiring,"Syndax Pharmaceuticals Inc Executive Director, Asset Strategy Lead and Clinical Lead, Early Development New York, NY Remote $390,000–$420,000 / year 26 days ago",CareerBuilder,https://www.syndaxpharmaceuticals.com,https://www.careerbuilder.com/job-details/executive-director-asset-strategy-lead-and-clinical-lead-early-development-new-york-ny--92039bcd-b7cd-4f2c-9389-b28b51a1a3f3
"Executive Director, Asset Strategy Lead And Clinical Lead, Early Development",Syndax,"New York, NY",2026-08-23,https://www.careerbuilder.com/job-details/executive-director-asset-strategy-lead-and-clinical-lead-early-development-new-york-ny--de2fe79d-aff4-4a96-8e30-6a658ac9892f,https://www.syndax.com,Actively Hiring,"Syndax Executive Director, Asset Strategy Lead And Clinical Lead, Early Development New York, NY Remote $370,000–$400,000 / year 26 days ago",CareerBuilder,https://www.syndax.com,https://www.careerbuilder.com/job-details/executive-director-asset-strategy-lead-and-clinical-lead-early-development-new-york-ny--de2fe79d-aff4-4a96-8e30-6a658ac9892f
"Executive Director, Clinical Lead/Asset Lead, Early Development – MD",Syndax Pharmaceuticals,New York,2026-08-22,https://www.careerbuilder.com/job-details/executive-director-clinical-lead-asset-lead-early-development-md-ny--5607dcf6-48e1-4205-9894-2a4ae8829104,https://www.syndaxpharmaceuticals.com,Actively Hiring,"Syndax Pharmaceuticals Executive Director, Clinical Lead/Asset Lead, Early Development – MD New York Remote 27 days ago",CareerBuilder,https://www.syndaxpharmaceuticals.com,https://www.careerbuilder.com/job-details/executive-director-clinical-lead-asset-lead-early-development-md-ny--5607dcf6-48e1-4205-9894-2a4ae8829104
Lead Strategic Account Executive (Datacor Lab Solutions),Datacor,Chennai,2026-08-19,https://www.careerbuilder.com/job-details/lead-strategic-account-executive-datacor-lab-solutions--41de53fd-9f51-4864-8d99-ca5034a7fab8,https://www.datacor.com,Actively Hiring,Datacor Lead Strategic Account Executive (Datacor Lab Solutions) 30+ days ago,CareerBuilder,https://www.datacor.com,https://www.careerbuilder.com/job-details/lead-strategic-account-executive-datacor-lab-solutions--41de53fd-9f51-4864-8d99-ca5034a7fab8
"Executive Director, Global Commercial Lead, Tacabrutideg",BeOne Medicines AG,NY,2026-08-23,https://www.careerbuilder.com/job-details/executive-director-global-commercial-lead-tacabrutideg-new-york-ny--c0690cce-7570-414d-aca9-b00f86900141,https://www.beonemedicinesag.com,Actively Hiring,"BeOne Medicines AG Executive Director, Global Commercial Lead, Tacabrutideg NY $269,400–$349,400 / year 26 days ago",CareerBuilder,https://www.beonemedicinesag.com,https://www.careerbuilder.com/job-details/executive-director-global-commercial-lead-tacabrutideg-new-york-ny--c0690cce-7570-414d-aca9-b00f86900141
"Executive Director, Global Commercial Lead, HCC",BeOne Medicines AG,NY,2026-09-06,https://www.careerbuilder.com/job-details/executive-director-global-commercial-lead-hcc-new-york-ny--227fcf63-c96a-4b83-bc49-053981f4e539,https://www.beonemedicinesag.com,Actively Hiring,"BeOne Medicines AG Executive Director, Global Commercial Lead, HCC NY $269,400–$349,400 / year 12 days ago",CareerBuilder,https://www.beonemedicinesag.com,https://www.careerbuilder.com/job-details/executive-director-global-commercial-lead-hcc-new-york-ny--227fcf63-c96a-4b83-bc49-053981f4e539
"Executive Medical Director, NHL Lead",Summit Strategic Search,"Somerville, New Jersey",2026-08-19,https://www.careerbuilder.com/job-details/executive-medical-director-nhl-lead-somerville-nj--77d6f673-6bf7-4f7d-828d-b9dd3772b316,https://www.summitstrategicsearch.com,Actively Hiring,"Summit Strategic Search Executive Medical Director, NHL Lead Somerville, New Jersey $350,000–$410,000 / year 30+ days ago",CareerBuilder,https://www.summitstrategicsearch.com,https://www.careerbuilder.com/job-details/executive-medical-director-nhl-lead-somerville-nj--77d6f673-6bf7-4f7d-828d-b9dd3772b316
"Executive Director, Operations Lead",Madrigal Pharmaceuticals Inc,"Conshohocken, PA",2026-09-02,https://www.careerbuilder.com/job-details/executive-director-operations-lead-conshohocken-pa--d0e1b84a-9cf4-4eee-8ace-30edd20a12af,https://www.madrigalpharmaceuticals.com,Actively Hiring,"Madrigal Pharmaceuticals Inc Executive Director, Operations Lead Conshohocken, PA $333.85 / year 16 days ago",CareerBuilder,https://www.madrigalpharmaceuticals.com,https://www.careerbuilder.com/job-details/executive-director-operations-lead-conshohocken-pa--d0e1b84a-9cf4-4eee-8ace-30edd20a12af
Client Executive- Account Lead GTS LE,Gartner Inc,NJ,2026-08-19,https://www.careerbuilder.com/job-details/client-executive-account-lead-gts-le-hoboken-nj--98750a4c-4ce9-477e-8066-769ea85bb52a,https://www.gartner.com,Actively Hiring,"Gartner Inc Client Executive- Account Lead GTS LE NJ $7,200 / year 30+ days ago",CareerBuilder,https://www.gartner.com,https://www.careerbuilder.com/job-details/client-executive-account-lead-gts-le-hoboken-nj--98750a4c-4ce9-477e-8066-769ea85bb52a
Lead Executive Assistant,OpenGov,"San Francisco, California",2026-09-06,https://www.careerbuilder.com/job-details/lead-executive-assistant-san-francisco-ca--dc332bd0-03ee-479d-8bcd-2d0da845ae8b,https://www.opengov.com,Actively Hiring,"OpenGov Lead Executive Assistant San Francisco, California 12 days ago",CareerBuilder,https://www.opengov.com,https://www.careerbuilder.com/job-details/lead-executive-assistant-san-francisco-ca--dc332bd0-03ee-479d-8bcd-2d0da845ae8b
Lead Executive Assistant,"OpenGov, Inc.","San Francisco, CA",2026-09-08,https://www.careerbuilder.com/job-details/lead-executive-assistant-san-francisco-ca--f7cd868a-8a4a-47c7-8062-a4919bbb3ab8,https://www.opengov.com,Actively Hiring,"OpenGov, Inc. Lead Executive Assistant San Francisco, CA $125,000–$140,000 / year 10 days ago",CareerBuilder,https://www.opengov.com,https://www.careerbuilder.com/job-details/lead-executive-assistant-san-francisco-ca--f7cd868a-8a4a-47c7-8062-a4919bbb3ab8
"Executive Director, Global Program Lead CAR-T",Summit Strategic Search,New Jersey,2026-08-19,https://www.careerbuilder.com/job-details/executive-director-global-program-lead-car-t-nj--27d70762-9074-460e-9ad6-d536ad0ce8fb,https://www.summitstrategicsearch.com,Actively Hiring,"Summit Strategic Search Executive Director, Global Program Lead CAR-T New Jersey 30+ days ago",CareerBuilder,https://www.summitstrategicsearch.com,https://www.careerbuilder.com/job-details/executive-director-global-program-lead-car-t-nj--27d70762-9074-460e-9ad6-d536ad0ce8fb
Corporate Communications Lead - Executive Visibility & Thought Leadership,UL Solutions Inc,"Chicago, IL",2026-08-19,https://www.careerbuilder.com/job-details/corporate-communications-lead-executive-visibility-thought-leadership-chicago-il--17d00744-13f5-4713-abef-719d94916f34,https://www.linkedin.com,Actively Hiring,"UL Solutions Inc Corporate Communications Lead - Executive Visibility & Thought Leadership Chicago, IL $120,000–$150,000 / year 30+ days ago",CareerBuilder,https://www.linkedin.com,https://www.careerbuilder.com/job-details/corporate-communications-lead-executive-visibility-thought-leadership-chicago-il--17d00744-13f5-4713-abef-719d94916f34
"Lead Account Executive, Commerce Growth",Darkroom,"New York, New York",2026-08-19,https://www.careerbuilder.com/job-details/lead-account-executive-commerce-growth-new-york-ny--669679c5-7fa7-49ea-bad6-322fe39b0651,https://www.darkroom.com,Actively Hiring,"Darkroom Lead Account Executive, Commerce Growth New York, New York Remote 30+ days ago",CareerBuilder,https://www.darkroom.com,https://www.careerbuilder.com/job-details/lead-account-executive-commerce-growth-new-york-ny--669679c5-7fa7-49ea-bad6-322fe39b0651
"Executive Director, Equity Analytics & Quant Research Lead",Madison-Davis,"Philadelphia, PA",2026-08-19,https://www.careerbuilder.com/job-details/executive-director-equity-analytics-quant-research-lead-philadelphia-pa--ae355e42-6a83-4346-a4df-07e27ee7730e,https://www.madisondavis.com,Actively Hiring,"Madison-Davis Executive Director, Equity Analytics & Quant Research Lead Philadelphia, PA $220,000 / year Quick Apply 30+ days ago",CareerBuilder,https://www.madisondavis.com,https://www.careerbuilder.com/job-details/executive-director-equity-analytics-quant-research-lead-philadelphia-pa--ae355e42-6a83-4346-a4df-07e27ee7730e
Executive Director Marketing Repatha Brand Lead,Amgen,"Thousand Oaks, California",2026-08-19,https://www.careerbuilder.com/job-details/executive-director-marketing-repatha-brand-lead-thousand-oaks-ca--a59bc4fb-511b-43bf-9ff7-b352c41d710d,https://www.amgen.com,Actively Hiring,"Amgen Executive Director Marketing Repatha Brand Lead Thousand Oaks, California 30+ days ago",CareerBuilder,https://www.amgen.com,https://www.careerbuilder.com/job-details/executive-director-marketing-repatha-brand-lead-thousand-oaks-ca--a59bc4fb-511b-43bf-9ff7-b352c41d710d
"Executive Director, U.S. Marketing - Tezspire Brand Lead",Amgen Inc,"Thousand Oaks, CA",2026-08-19,https://www.careerbuilder.com/job-details/executive-director-u-s-marketing-tezspire-brand-lead-thousand-oaks-ca--19a4d1af-972d-45ae-88ee-5974500c3daa,https://www.amgen.com,Actively Hiring,"Amgen Inc Executive Director, U.S. Marketing - Tezspire Brand Lead Thousand Oaks, CA $262,534–$355,194 / year 30+ days ago",CareerBuilder,https://www.amgen.com,https://www.careerbuilder.com/job-details/executive-director-u-s-marketing-tezspire-brand-lead-thousand-oaks-ca--19a4d1af-972d-45ae-88ee-5974500c3daa
"Executive Director, Agentic Lab and Architecture Lead - Remote",Novartis AG,Chennai,2026-08-20,https://www.careerbuilder.com/job-details/executive-director-agentic-lab-and-architecture-lead-remote--3235f604-257a-4adb-a37f-0421d3cef9bb,https://www.novartisag.com,Actively Hiring,"Novartis AG Executive Director, Agentic Lab and Architecture Lead - Remote Remote $225,400–$418,600 / year 29 days ago",CareerBuilder,https://www.novartisag.com,https://www.careerbuilder.com/job-details/executive-director-agentic-lab-and-architecture-lead-remote--3235f604-257a-4adb-a37f-0421d3cef9bb
"Executive Director, Client Business Lead",OMLUS Hearts and Science,"New York, New York",2026-08-19,https://www.careerbuilder.com/job-details/executive-director-client-business-lead-new-york-ny--69d2705a-8ba3-4fe7-8ad1-29aac544ee73,https://www.omlusheartsandscience.com,Actively Hiring,"OMLUS Hearts and Science Executive Director, Client Business Lead New York, New York 30+ days ago",CareerBuilder,https://www.omlusheartsandscience.com,https://www.careerbuilder.com/job-details/executive-director-client-business-lead-new-york-ny--69d2705a-8ba3-4fe7-8ad1-29aac544ee73
Executive Business Center EBC Lead,Vercel Inc,"San Francisco, CA",2026-08-19,https://www.careerbuilder.com/job-details/executive-business-center-ebc-lead-san-francisco-ca--b56957dc-13cf-45b4-816b-62e7a5377df7,https://www.vercel.com,Actively Hiring,"Vercel Inc Executive Business Center EBC Lead San Francisco, CA $150,000–$207,000 / year 30+ days ago",CareerBuilder,https://www.vercel.com,https://www.careerbuilder.com/job-details/executive-business-center-ebc-lead-san-francisco-ca--b56957dc-13cf-45b4-816b-62e7a5377df7
"Lead Writer, Executive Office (Job ID: 2026-3890)",The Brookings Institution,"Washington, Washington, DC",2026-08-19,https://www.careerbuilder.com/job-details/lead-writer-executive-office-job-id-2026-3890-washington-dc--81f5daa2-ae0a-4785-b3d3-bb891f92ebdd,https://www.thebrookingsinstitution.com,Actively Hiring,"The Brookings Institution Lead Writer, Executive Office (Job ID: 2026-3890) Washington, Washington, DC 30+ days ago",CareerBuilder,https://www.thebrookingsinstitution.com,https://www.careerbuilder.com/job-details/lead-writer-executive-office-job-id-2026-3890-washington-dc--81f5daa2-ae0a-4785-b3d3-bb891f92ebdd
"Lead Writer, Executive Office (Job ID: 2026 3890)",The Brookings Institution,"Washington, DC",2026-08-19,https://www.careerbuilder.com/job-details/lead-writer-executive-office-job-id-2026-3890-washington-dc--99c52e26-069a-45e7-b1c2-418282f08852,https://www.thebrookingsinstitution.com,Actively Hiring,"The Brookings Institution Lead Writer, Executive Office (Job ID: 2026 3890) Washington, DC 30+ days ago",CareerBuilder,https://www.thebrookingsinstitution.com,https://www.careerbuilder.com/job-details/lead-writer-executive-office-job-id-2026-3890-washington-dc--99c52e26-069a-45e7-b1c2-418282f08852
Lead Executive Operations Coordinator,Sandia Laboratory Federal Credit Union,"Albuquerque, NM",2026-08-19,https://www.careerbuilder.com/job-details/lead-executive-operations-coordinator-albuquerque-nm--e2f43f71-aef9-4411-bf01-09fbc6251d61,https://www.sandialaboratoryfederalcreditunion.com,Actively Hiring,"Sandia Laboratory Federal Credit Union Lead Executive Operations Coordinator Albuquerque, NM $35.21–$44.01 / hour 30+ days ago",CareerBuilder,https://www.sandialaboratoryfederalcreditunion.com,https://www.careerbuilder.com/job-details/lead-executive-operations-coordinator-albuquerque-nm--e2f43f71-aef9-4411-bf01-09fbc6251d61
Growth Lead (Account Executive),WithCoverage,New York,2026-08-19,https://www.careerbuilder.com/job-details/growth-lead-account-executive-ny--6d7f28bc-0d42-47af-a310-b4b4a8b5b036,https://www.withcoverage.com,Actively Hiring,WithCoverage Growth Lead (Account Executive) New York 30+ days ago,CareerBuilder,https://www.withcoverage.com,https://www.careerbuilder.com/job-details/growth-lead-account-executive-ny--6d7f28bc-0d42-47af-a310-b4b4a8b5b036
Financial Reporting Systems Lead - Executive Director,"JPMorgan Chase Bank, N.A.","Brooklyn, NY",2026-09-08,https://www.careerbuilder.com/job-details/financial-reporting-systems-lead-executive-director-brooklyn-ny--07b99415-17b0-40aa-aab4-31a453de408f,https://www.jpmorganchase.com,Actively Hiring,"JPMorgan Chase Bank, N.A. Financial Reporting Systems Lead - Executive Director Brooklyn, NY Full time 10 days ago",CareerBuilder,https://www.jpmorganchase.com,https://www.careerbuilder.com/job-details/financial-reporting-systems-lead-executive-director-brooklyn-ny--07b99415-17b0-40aa-aab4-31a453de408f
"Executive Director, Global Oracle Fusion ERP Deployment Lead",Regeneron Pharmaceuticals Inc,"sleepy hollow, NY",2026-08-22,https://www.careerbuilder.com/job-details/executive-director-global-oracle-fusion-erp-deployment-lead-north-tarrytown-ny--975a97ad-cdf7-4db1-b964-2e702f652cff,https://www.regeneronpharmaceuticals.com,Actively Hiring,"Regeneron Pharmaceuticals Inc Executive Director, Global Oracle Fusion ERP Deployment Lead sleepy hollow, NY $255,000–$424,900 / year 27 days ago",CareerBuilder,https://www.regeneronpharmaceuticals.com,https://www.careerbuilder.com/job-details/executive-director-global-oracle-fusion-erp-deployment-lead-north-tarrytown-ny--975a97ad-cdf7-4db1-b964-2e702f652cff
"Executive Director, Operations Lead",Madrigal Pharmaceuticals,"Waltham, Pennsylvania",2026-09-03,https://www.careerbuilder.com/job-details/executive-director-operations-lead-waltham-ma--ab8cd01a-4792-4e7d-82f0-9c4558a94aee,https://www.madrigalpharmaceuticals.com,Actively Hiring,"Madrigal Pharmaceuticals Executive Director, Operations Lead Waltham, Pennsylvania $333.85 / year 15 days ago",CareerBuilder,https://www.madrigalpharmaceuticals.com,https://www.careerbuilder.com/job-details/executive-director-operations-lead-waltham-ma--ab8cd01a-4792-4e7d-82f0-9c4558a94aee
"Executive Medical Director, Global Medical Lead (Pain)",Vertex Pharmaceuticals,"Boston, Massachusetts",2026-09-05,https://www.careerbuilder.com/job-details/executive-medical-director-global-medical-lead-pain-boston-ma--4b20a730-99c0-4f5a-a39a-7148fdfd3791,https://www.vertexpharmaceuticals.com,Actively Hiring,"Vertex Pharmaceuticals Executive Medical Director, Global Medical Lead (Pain) Boston, Massachusetts 13 days ago",CareerBuilder,https://www.vertexpharmaceuticals.com,https://www.careerbuilder.com/job-details/executive-medical-director-global-medical-lead-pain-boston-ma--4b20a730-99c0-4f5a-a39a-7148fdfd3791
Lead Executive Recruiter,Signature Aviation Ltd,"Orlando, FL",2026-08-19,https://www.careerbuilder.com/job-details/lead-executive-recruiter-orlando-fl--72750359-d56c-49da-a627-4ac2a61a797b,https://www.signatureaviationltd.com,Actively Hiring,"Signature Aviation Ltd Lead Executive Recruiter Orlando, FL 30+ days ago",CareerBuilder,https://www.signatureaviationltd.com,https://www.careerbuilder.com/job-details/lead-executive-recruiter-orlando-fl--72750359-d56c-49da-a627-4ac2a61a797b
Captives Insurance Account Executive (Lead Accountant),Willis Towers Watson PLC,"Phoenix, AZ",2026-08-19,https://www.careerbuilder.com/job-details/captives-insurance-account-executive-lead-accountant-phoenix-az--9a60950a-d7d3-4b10-b92d-1f017208aaea,https://www.willistowerswatsonplc.com,Actively Hiring,"Willis Towers Watson PLC Captives Insurance Account Executive (Lead Accountant) Phoenix, AZ $100,000–$130,000 / year 30+ days ago",CareerBuilder,https://www.willistowerswatsonplc.com,https://www.careerbuilder.com/job-details/captives-insurance-account-executive-lead-accountant-phoenix-az--9a60950a-d7d3-4b10-b92d-1f017208aaea
"Executive Director, Client Business Lead",Mediabrands Worldwide Inc,"New York, NY",2026-08-25,https://www.careerbuilder.com/job-details/executive-director-client-business-lead-new-york-ny--fa328bac-9975-4224-a751-5e87f1f25d20,https://www.mediabrandsworldwide.com,Actively Hiring,"Mediabrands Worldwide Inc Executive Director, Client Business Lead New York, NY $150,000–$275,000 / year 24 days ago",CareerBuilder,https://www.mediabrandsworldwide.com,https://www.careerbuilder.com/job-details/executive-director-client-business-lead-new-york-ny--fa328bac-9975-4224-a751-5e87f1f25d20
"Executive Director, Agentic Lab and Architecture Lead",Novartis,Chennai,2026-08-19,https://www.careerbuilder.com/job-details/executive-director-agentic-lab-and-architecture-lead--f95d5d7b-a459-475e-9b82-d977ef9233ee,https://www.novartis.com,Actively Hiring,"Novartis Executive Director, Agentic Lab and Architecture Lead 30+ days ago",CareerBuilder,https://www.novartis.com,https://www.careerbuilder.com/job-details/executive-director-agentic-lab-and-architecture-lead--f95d5d7b-a459-475e-9b82-d977ef9233ee
"Executive Director, Customer Engagement and Experience Community Lead",Argenx SE,Chennai,2026-09-01,https://www.careerbuilder.com/job-details/executive-director-customer-engagement-and-experience-community-lead--54a49bb0-f862-45b3-be3f-cd1fa5c73fc1,https://www.argenxse.com,Actively Hiring,"Argenx SE Executive Director, Customer Engagement and Experience Community Lead Remote $259,600–$356,950 / year 17 days ago",CareerBuilder,https://www.argenxse.com,https://www.careerbuilder.com/job-details/executive-director-customer-engagement-and-experience-community-lead--54a49bb0-f862-45b3-be3f-cd1fa5c73fc1
"Executive Director, US HCP Marketing - CIDP Indication Lead",Argenx SE,Chennai,2026-09-07,https://www.careerbuilder.com/job-details/executive-director-us-hcp-marketing-cidp-indication-lead--6fee1fc2-9386-415f-934a-902f83561d17,https://www.argenxse.com,Actively Hiring,"Argenx SE Executive Director, US HCP Marketing - CIDP Indication Lead 11 days ago",CareerBuilder,https://www.argenxse.com,https://www.careerbuilder.com/job-details/executive-director-us-hcp-marketing-cidp-indication-lead--6fee1fc2-9386-415f-934a-902f83561d17
"Executive Director, US Admilparant National Sales Lead",Bristol-Myers Squibb Co,"Princeton, NJ",2026-08-19,https://www.careerbuilder.com/job-details/executive-director-us-admilparant-national-sales-lead-princeton-nj--00763422-1715-467d-a386-0cb612fc37ef,https://www.bristolmyerssquibb.com,Actively Hiring,"Bristol-Myers Squibb Co Executive Director, US Admilparant National Sales Lead Princeton, NJ $270,530–$327,818 / year 30+ days ago",CareerBuilder,https://www.bristolmyerssquibb.com,https://www.careerbuilder.com/job-details/executive-director-us-admilparant-national-sales-lead-princeton-nj--00763422-1715-467d-a386-0cb612fc37ef
"Sales Executive Lead, Card Issuing, Regional and Community Banking",Fidelity National Information Services Inc,"Jacksonville, FL",2026-08-19,https://www.careerbuilder.com/job-details/sales-executive-lead-card-issuing-regional-and-community-banking-jacksonville-fl--0aa7de76-a0a4-4ffb-ac65-dacb73f2caef,https://www.fidelitynationalinformation.com,Actively Hiring,"Fidelity National Information Services Inc Sales Executive Lead, Card Issuing, Regional and Community Banking Jacksonville, FL 30+ days ago",CareerBuilder,https://www.fidelitynationalinformation.com,https://www.careerbuilder.com/job-details/sales-executive-lead-card-issuing-regional-and-community-banking-jacksonville-fl--0aa7de76-a0a4-4ffb-ac65-dacb73f2caef
"Executive Director, Client Business Lead",IPG MediaBrands,"New York, NY",2026-09-07,https://www.careerbuilder.com/job-details/executive-director-client-business-lead-new-york-ny--493f9e93-7d83-4984-80ee-639050fd118a,https://www.ipgmediabrands.com,Actively Hiring,"IPG MediaBrands Executive Director, Client Business Lead New York, NY $150,000–$275,000 / year 11 days ago",CareerBuilder,https://www.ipgmediabrands.com,https://www.careerbuilder.com/job-details/executive-director-client-business-lead-new-york-ny--493f9e93-7d83-4984-80ee-639050fd118a
"Senior Director Demand Generation - Remote, US",Paylocity Holding Corp,Chennai,2026-08-19,https://www.careerbuilder.com/job-details/senior-director-demand-generation-remote-us--9f28b290-f56b-4336-811d-235a0ea0850d,https://www.paylocityholding.com,Actively Hiring,"Paylocity Holding Corp Senior Director Demand Generation - Remote, US Remote $180,000–$250,000 / year 30+ days ago",CareerBuilder,https://www.paylocityholding.com,https://www.careerbuilder.com/job-details/senior-director-demand-generation-remote-us--9f28b290-f56b-4336-811d-235a0ea0850d
Demand Generation Manager,KPA LLC,"Lafayette, CO",2026-09-01,https://www.careerbuilder.com/job-details/demand-generation-manager-lafayette-co--7e8b2b9a-4c89-4719-addd-034d638a0c2f,https://www.kpa.com,Actively Hiring,"KPA LLC Demand Generation Manager Lafayette, CO $110,000–$130,000 / year 17 days ago",CareerBuilder,https://www.kpa.com,https://www.careerbuilder.com/job-details/demand-generation-manager-lafayette-co--7e8b2b9a-4c89-4719-addd-034d638a0c2f
"Senior IT Field Sales Position Opening at Southern California-based Nth Generation Computing, Inc.",Nth Generation,"San Diego, CA",2026-08-19,https://www.careerbuilder.com/job-details/senior-it-field-sales-position-opening-at-southern-california-based-nth-generation-computing-inc-san-diego-ca--e313d9b5-94b4-431e-8769-d3a4ba076580,https://www.nthgeneration.com,Actively Hiring,"Nth Generation Senior IT Field Sales Position Opening at Southern California-based Nth Generation Computing, Inc. San Diego, CA Full time Quick Apply 30+ days ago",CareerBuilder,https://www.nthgeneration.com,https://www.careerbuilder.com/job-details/senior-it-field-sales-position-opening-at-southern-california-based-nth-generation-computing-inc-san-diego-ca--e313d9b5-94b4-431e-8769-d3a4ba076580
Senior ABM & Demand Generation Manager,Workato Inc,"San Francisco, CA",2026-09-08,https://www.careerbuilder.com/job-details/senior-abm-demand-generation-manager-san-francisco-ca--299db124-97e3-4adc-9336-fb5e126fb285,https://www.workato.com,Actively Hiring,"Workato Inc Senior ABM & Demand Generation Manager San Francisco, CA 10 days ago",CareerBuilder,https://www.workato.com,https://www.careerbuilder.com/job-details/senior-abm-demand-generation-manager-san-francisco-ca--299db124-97e3-4adc-9336-fb5e126fb285
"Demand Generation Manager, Enterprise",Zonar,IL,2026-09-18,https://www.careerbuilder.com/job-details/demand-generation-manager-enterprise-il--5dab51e6-1cd8-4278-be30-0e46425473ee,https://www.zonar.com,Actively Hiring,"Zonar New Demand Generation Manager, Enterprise IL Full time Today",CareerBuilder,https://www.zonar.com,https://www.careerbuilder.com/job-details/demand-generation-manager-enterprise-il--5dab51e6-1cd8-4278-be30-0e46425473ee
Global Demand Generation Manager,GitGuardian,"New York, New York",2026-08-19,https://www.careerbuilder.com/job-details/global-demand-generation-manager-new-york-ny--d8f9cfcb-f440-4f2d-9558-3da9e1c1b584,https://www.gitguardian.com,Actively Hiring,"GitGuardian Global Demand Generation Manager New York, New York 30+ days ago",CareerBuilder,https://www.gitguardian.com,https://www.careerbuilder.com/job-details/global-demand-generation-manager-new-york-ny--d8f9cfcb-f440-4f2d-9558-3da9e1c1b584
"Manager, Digital Marketing & Demand Generation",AGC Biologics,"Bothell, Washington",2026-09-07,https://www.careerbuilder.com/job-details/manager-digital-marketing-demand-generation-bothell-wa--911ea343-b6f2-4b4b-a912-43afa95de800,https://www.agcbiologics.com,Actively Hiring,"AGC Biologics Manager, Digital Marketing & Demand Generation Bothell, Washington $108,080–$148,610 / year 11 days ago",CareerBuilder,https://www.agcbiologics.com,https://www.careerbuilder.com/job-details/manager-digital-marketing-demand-generation-bothell-wa--911ea343-b6f2-4b4b-a912-43afa95de800
Demand Generation Manager,Orkes,Chennai,2026-08-19,https://www.careerbuilder.com/job-details/demand-generation-manager--2998f38e-f488-46a2-b633-80727585145c,https://www.orkes.com,Actively Hiring,Role: Demand Generation Manager | Company: Orkes | Location: Chennai,CareerBuilder,https://www.orkes.com,https://www.careerbuilder.com/job-details/demand-generation-manager--2998f38e-f488-46a2-b633-80727585145c
"Manager, Digital Marketing & Demand Generation",CMC ICOS Biologics Inc.,"Bothell, WA",2026-09-06,https://www.careerbuilder.com/job-details/manager-digital-marketing-demand-generation-bothell-wa--e83ed4e6-0046-442a-b695-0e7b414fc2f0,https://www.cmcicosbiologics.com,Actively Hiring,"CMC ICOS Biologics Inc. Manager, Digital Marketing & Demand Generation Bothell, WA $108,080–$148,610 / year 12 days ago",CareerBuilder,https://www.cmcicosbiologics.com,https://www.careerbuilder.com/job-details/manager-digital-marketing-demand-generation-bothell-wa--e83ed4e6-0046-442a-b695-0e7b414fc2f0
Demand Generation Manager,Lumeris,Chennai,2026-08-23,https://www.careerbuilder.com/job-details/demand-generation-manager--1fb276e4-9692-4225-8a82-705cc6c8ae80,https://www.lumeris.com,Actively Hiring,Role: Demand Generation Manager | Company: Lumeris | Location: Chennai,CareerBuilder,https://www.lumeris.com,https://www.careerbuilder.com/job-details/demand-generation-manager--1fb276e4-9692-4225-8a82-705cc6c8ae80
"Demand Generation Marketing Manager, Carta Law","DBA Carta, Inc.","New York, NY",2026-08-19,https://www.careerbuilder.com/job-details/demand-generation-marketing-manager-carta-law-new-york-ny--68a53224-bc63-4653-8813-983b621b1964,https://www.dbacarta.com,Actively Hiring,"DBA Carta, Inc. Demand Generation Marketing Manager, Carta Law New York, NY $130,000–$150,000 / year 30+ days ago",CareerBuilder,https://www.dbacarta.com,https://www.careerbuilder.com/job-details/demand-generation-marketing-manager-carta-law-new-york-ny--68a53224-bc63-4653-8813-983b621b1964
"Senior Manager, Demand Generation, WordPress VIP",Automattic Inc,"New York, NY",2026-08-19,https://www.careerbuilder.com/job-details/senior-manager-demand-generation-wordpress-vip-new-york-ny--102f6db8-a1fc-4d7d-b1a5-17b9d6b3603f,https://www.automattic.com,Actively Hiring,"Automattic Inc Senior Manager, Demand Generation, WordPress VIP New York, NY $140,000–$180,000 / year 30+ days ago",CareerBuilder,https://www.automattic.com,https://www.careerbuilder.com/job-details/senior-manager-demand-generation-wordpress-vip-new-york-ny--102f6db8-a1fc-4d7d-b1a5-17b9d6b3603f
Demand Generation Manager,KPA,"Lafayette, CO",2026-08-31,https://www.careerbuilder.com/job-details/demand-generation-manager-lafayette-co--19acfd87-61bf-4cc4-aa05-d3bf15d67976,https://www.kpa.com,Actively Hiring,"KPA Demand Generation Manager Lafayette, CO $110,000–$130,000 / year 18 days ago",CareerBuilder,https://www.kpa.com,https://www.careerbuilder.com/job-details/demand-generation-manager-lafayette-co--19acfd87-61bf-4cc4-aa05-d3bf15d67976
"Senior Demand Generation Manager, North America (Commercial & Mid-Market)",CloudBees Inc,NY,2026-08-19,https://www.careerbuilder.com/job-details/senior-demand-generation-manager-north-america-commercial-mid-market-new-york-ny--402f5685-d77a-494c-a1cc-ab4e05b374de,https://www.cloudbees.com,Actively Hiring,"CloudBees Inc Senior Demand Generation Manager, North America (Commercial & Mid-Market) NY Remote $130,000 / year 30+ days ago",CareerBuilder,https://www.cloudbees.com,https://www.careerbuilder.com/job-details/senior-demand-generation-manager-north-america-commercial-mid-market-new-york-ny--402f5685-d77a-494c-a1cc-ab4e05b374de
Converge by Deloitte VP Sales Executive - Data Studio-C_MAT,Deloitte,"Tempe, AZ",2026-09-11,https://www.careerbuilder.com/job-details/converge-by-deloitte-vp-sales-executive-data-studio-c-mat-tempe-az--605a4797-87d5-4af8-a017-0cc63c3bce2e,https://www.deloitte.com,Actively Hiring,"Deloitte Converge by Deloitte VP Sales Executive - Data Studio-C_MAT Tempe, AZ Full time 7 days ago",CareerBuilder,https://www.deloitte.com,https://www.careerbuilder.com/job-details/converge-by-deloitte-vp-sales-executive-data-studio-c-mat-tempe-az--605a4797-87d5-4af8-a017-0cc63c3bce2e
"Vice President, Sales Executive - Servicenow - C_Mat",Deloitte,"Saint Louis, MO",2026-08-19,https://www.careerbuilder.com/job-details/vice-president-sales-executive-servicenow-c-mat-saint-louis-mo--92f6ec9a-69cd-4f92-b35f-a5beeac8bb1b,https://www.deloitte.com,Actively Hiring,"Deloitte Vice President, Sales Executive - Servicenow - C_Mat Saint Louis, MO $171,600–$338,300 / year 30+ days ago",CareerBuilder,https://www.deloitte.com,https://www.careerbuilder.com/job-details/vice-president-sales-executive-servicenow-c-mat-saint-louis-mo--92f6ec9a-69cd-4f92-b35f-a5beeac8bb1b
"Project Manager (Staff - Staff Sr.) | NEW GENERATION (Columbus, OH)",American Electric Power Co Inc,"Columbus, OH",2026-08-19,https://www.careerbuilder.com/job-details/project-manager-staff-staff-sr-new-generation-columbus-oh-columbus-oh--1ed7947f-8338-4972-a77d-b8527a53c617,https://www.americanelectricpower.com,Actively Hiring,"American Electric Power Co Inc Project Manager (Staff - Staff Sr.) | NEW GENERATION (Columbus, OH) Columbus, OH $161,000–$208,000 / year 30+ days ago",CareerBuilder,https://www.americanelectricpower.com,https://www.careerbuilder.com/job-details/project-manager-staff-staff-sr-new-generation-columbus-oh-columbus-oh--1ed7947f-8338-4972-a77d-b8527a53c617
Account Executive Lead - Government,Eleven Labs,"Washington, DC",2026-08-19,https://www.careerbuilder.com/job-details/account-executive-lead-government-washington-dc--11d01b7b-7267-427a-82b8-299711b80a56,https://www.eleven.com,Actively Hiring,"Eleven Labs Account Executive Lead - Government Washington, DC 30+ days ago",CareerBuilder,https://www.eleven.com,https://www.careerbuilder.com/job-details/account-executive-lead-government-washington-dc--11d01b7b-7267-427a-82b8-299711b80a56
Project Manager (Staff - Staff Sr.) | NEW GENERATION (Indiana Michigan (I&M) Power),American Electric Power Co Inc,"Rockport, IN",2026-08-19,https://www.careerbuilder.com/job-details/project-manager-staff-staff-sr-new-generation-indiana-michigan-i-m-power-rockport-in--e6fac88c-a103-4a82-bccc-550c7e92819d,https://www.americanelectricpower.com,Actively Hiring,"American Electric Power Co Inc Project Manager (Staff - Staff Sr.) | NEW GENERATION (Indiana Michigan (I&M) Power) Rockport, IN $161,000–$208,000 / year 30+ days ago",CareerBuilder,https://www.americanelectricpower.com,https://www.careerbuilder.com/job-details/project-manager-staff-staff-sr-new-generation-indiana-michigan-i-m-power-rockport-in--e6fac88c-a103-4a82-bccc-550c7e92819d
"Enterprise Account Executive, DoorDash for Business",DoorDash Inc,"Las Vegas, NV",2026-09-13,https://www.careerbuilder.com/job-details/enterprise-account-executive-doordash-for-business-las-vegas-nv--a8afd355-41bc-40d2-9128-a6e4385fc923,https://www.doordash.in,Actively Hiring,"DoorDash Inc New Enterprise Account Executive, DoorDash for Business Las Vegas, NV $79,560–$117,000 / year 5 days ago",CareerBuilder,https://www.doordash.in,https://www.careerbuilder.com/job-details/enterprise-account-executive-doordash-for-business-las-vegas-nv--a8afd355-41bc-40d2-9128-a6e4385fc923
"Vice President, Sales Executive - ServiceNow - C_MAT",Deloitte,"Tempe, AZ",2026-09-06,https://www.careerbuilder.com/job-details/vice-president-sales-executive-servicenow-c-mat-tempe-az--7bff9850-838f-4402-bbff-d5b62559685e,https://www.deloitte.com,Actively Hiring,"Deloitte Vice President, Sales Executive - ServiceNow - C_MAT Tempe, AZ Full time 12 days ago",CareerBuilder,https://www.deloitte.com,https://www.careerbuilder.com/job-details/vice-president-sales-executive-servicenow-c-mat-tempe-az--7bff9850-838f-4402-bbff-d5b62559685e
"Shift Lead, Food & Beverage Operations - Executive & Admin",Hard Rock Cafe International Inc,"New York, NY",2026-08-23,https://www.careerbuilder.com/job-details/shift-lead-food-beverage-operations-executive-admin-new-york-ny--90093380-b655-4563-8357-7395234fc0b9,https://www.hardrockcafeinternational.com,Actively Hiring,"Hard Rock Cafe International Inc Shift Lead, Food & Beverage Operations - Executive & Admin New York, NY $23–$33 / hour 26 days ago",CareerBuilder,https://www.hardrockcafeinternational.com,https://www.careerbuilder.com/job-details/shift-lead-food-beverage-operations-executive-admin-new-york-ny--90093380-b655-4563-8357-7395234fc0b9
Converge By Deloitte VP Sales Executive - Data Studio-C_Mat,Deloitte,"Chicago, IL",2026-08-19,https://www.careerbuilder.com/job-details/converge-by-deloitte-vp-sales-executive-data-studio-c-mat-chicago-il--ff4a3b8b-b54a-4462-8e22-e9b812009ee5,https://www.deloitte.com,Actively Hiring,"Deloitte Converge By Deloitte VP Sales Executive - Data Studio-C_Mat Chicago, IL $171,600–$338,300 / year 30+ days ago",CareerBuilder,https://www.deloitte.com,https://www.careerbuilder.com/job-details/converge-by-deloitte-vp-sales-executive-data-studio-c-mat-chicago-il--ff4a3b8b-b54a-4462-8e22-e9b812009ee5
Director of Demand Generation,Voxel,"Chicago, Illinois",2026-08-19,https://www.careerbuilder.com/job-details/director-of-demand-generation-chicago-il--88031042-cdd1-4d0a-a5d6-35eeb40eacc4,https://www.voxel.com,Actively Hiring,"Voxel Director of Demand Generation Chicago, Illinois 30+ days ago",CareerBuilder,https://www.voxel.com,https://www.careerbuilder.com/job-details/director-of-demand-generation-chicago-il--88031042-cdd1-4d0a-a5d6-35eeb40eacc4
Key Account Executive,RSM US LLP,"Chicago, IL",2026-08-19,https://www.careerbuilder.com/job-details/key-account-executive-chicago-il--6a3222ba-5d33-4725-90e1-1086f964f405,https://www.rsmusllp.com,Actively Hiring,"RSM US LLP Key Account Executive Chicago, IL $147,000–$260,700 / year 30+ days ago",CareerBuilder,https://www.rsmusllp.com,https://www.careerbuilder.com/job-details/key-account-executive-chicago-il--6a3222ba-5d33-4725-90e1-1086f964f405
Sr. Marketing Manager- Demand Generation & Marketing Ops,Health Catalyst Inc,CA,2026-08-19,https://www.careerbuilder.com/job-details/sr-marketing-manager-demand-generation-marketing-ops-beverly-hills-ca--49e094fd-63d0-459a-86af-78ecbf799f29,https://www.healthcatalyst.com,Actively Hiring,Health Catalyst Inc Sr. Marketing Manager- Demand Generation & Marketing Ops CA 30+ days ago,CareerBuilder,https://www.healthcatalyst.com,https://www.careerbuilder.com/job-details/sr-marketing-manager-demand-generation-marketing-ops-beverly-hills-ca--49e094fd-63d0-459a-86af-78ecbf799f29
Account Executive,Make Cents Technologies Inc,CA,2026-09-08,https://www.careerbuilder.com/job-details/account-executive-beverly-hills-ca--81acf990-d1fd-4bc6-8028-97a21d1a93d1,https://www.makecents.com,Actively Hiring,"Make Cents Technologies Inc Account Executive CA $75,000 / year 10 days ago",CareerBuilder,https://www.makecents.com,https://www.careerbuilder.com/job-details/account-executive-beverly-hills-ca--81acf990-d1fd-4bc6-8028-97a21d1a93d1
Principal Account Executive,F5 Inc,CO,2026-08-19,https://www.careerbuilder.com/job-details/principal-account-executive-denver-co--6e2290f8-18a8-4de0-9e73-ef89188aa60c,https://www.linkedin.com,Actively Hiring,"F5 Inc Principal Account Executive CO Remote $139,200–$208,800 / year 30+ days ago",CareerBuilder,https://www.linkedin.com,https://www.careerbuilder.com/job-details/principal-account-executive-denver-co--6e2290f8-18a8-4de0-9e73-ef89188aa60c
Executive Director (Senior Lead Securities Python Quantitative Developer ),Wells Fargo Bank,"Charlotte, North Carolina",2026-09-12,https://www.careerbuilder.com/job-details/executive-director-senior-lead-securities-python-quantitative-developer-charlotte-nc--0b0b0100-8a97-4620-b7f1-2541330dd1ec,https://www.wellsfargo.com,Actively Hiring,"Wells Fargo Bank New Executive Director (Senior Lead Securities Python Quantitative Developer ) Charlotte, North Carolina 6 days ago",CareerBuilder,https://www.wellsfargo.com,https://www.careerbuilder.com/job-details/executive-director-senior-lead-securities-python-quantitative-developer-charlotte-nc--0b0b0100-8a97-4620-b7f1-2541330dd1ec
Generation Major Construction Project Manager,Edison International,"Rosemead, CA",2026-09-12,https://www.careerbuilder.com/job-details/generation-major-construction-project-manager-rosemead-ca--ca19321f-a519-4db6-b404-2e71fcb18fd5,https://www.edisoninternational.com,Actively Hiring,"Edison International New Generation Major Construction Project Manager Rosemead, CA 6 days ago",CareerBuilder,https://www.edisoninternational.com,https://www.careerbuilder.com/job-details/generation-major-construction-project-manager-rosemead-ca--ca19321f-a519-4db6-b404-2e71fcb18fd5
Account Executive - Core Acquistion - Boston,Darktrace,Massachusetts,2026-09-07,https://www.careerbuilder.com/job-details/account-executive-core-acquistion-boston-ma--e36ad274-be3b-474d-8930-44f16334ee01,https://www.darktrace.com,Actively Hiring,Darktrace Account Executive - Core Acquistion - Boston Massachusetts 11 days ago,CareerBuilder,https://www.darktrace.com,https://www.careerbuilder.com/job-details/account-executive-core-acquistion-boston-ma--e36ad274-be3b-474d-8930-44f16334ee01
"Account Executive - Field Sales, New Verticals",DoorDash Inc,"New York, NY",2026-08-24,https://www.careerbuilder.com/job-details/account-executive-field-sales-new-verticals-new-york-ny--40591ecb-ef3b-4d6b-a854-690c910901ca,https://www.doordash.in,Actively Hiring,"DoorDash Inc Account Executive - Field Sales, New Verticals New York, NY $30.42–$44.76 / hour 25 days ago",CareerBuilder,https://www.doordash.in,https://www.careerbuilder.com/job-details/account-executive-field-sales-new-verticals-new-york-ny--40591ecb-ef3b-4d6b-a854-690c910901ca
Enterprise Account Executive,Prophecy,"San Francisco, CA",2026-09-12,https://www.careerbuilder.com/job-details/enterprise-account-executive-san-francisco-ca--b500779b-592a-4740-ae7e-abb760fce227,https://www.prophecy.in,Actively Hiring,"Prophecy New Enterprise Account Executive San Francisco, CA 6 days ago",CareerBuilder,https://www.prophecy.in,https://www.careerbuilder.com/job-details/enterprise-account-executive-san-francisco-ca--b500779b-592a-4740-ae7e-abb760fce227
Sr Inside Sales Executive - Revenue Cycle,Veradigm,Chennai,2026-08-19,https://www.careerbuilder.com/job-details/sr-inside-sales-executive-revenue-cycle--cfc87a39-c99c-450d-88b0-63b3fd2d61c2,https://www.veradigm.com,Actively Hiring,Veradigm Sr Inside Sales Executive - Revenue Cycle 30+ days ago,CareerBuilder,https://www.veradigm.com,https://www.careerbuilder.com/job-details/sr-inside-sales-executive-revenue-cycle--cfc87a39-c99c-450d-88b0-63b3fd2d61c2
Key Account Executive - Government Services,RSM US LLP,"Charlotte, NC",2026-08-19,https://www.careerbuilder.com/job-details/key-account-executive-government-services-charlotte-nc--3255774a-0265-4905-8bed-2aaa39cd6be9,https://www.rsmusllp.com,Actively Hiring,"RSM US LLP Key Account Executive - Government Services Charlotte, NC $147,000–$260,700 / year 30+ days ago",CareerBuilder,https://www.rsmusllp.com,https://www.careerbuilder.com/job-details/key-account-executive-government-services-charlotte-nc--3255774a-0265-4905-8bed-2aaa39cd6be9
Account Executive - Core Acquistion - Boston,Darktrace Ltd,"Boston, MA",2026-08-19,https://www.careerbuilder.com/job-details/account-executive-core-acquistion-boston-boston-ma--b04606b9-1a53-4f44-baf1-3c2a52311f79,https://www.darktraceltd.com,Actively Hiring,"Darktrace Ltd Account Executive - Core Acquistion - Boston Boston, MA $220,000–$270,000 / year 30+ days ago",CareerBuilder,https://www.darktraceltd.com,https://www.careerbuilder.com/job-details/account-executive-core-acquistion-boston-boston-ma--b04606b9-1a53-4f44-baf1-3c2a52311f79
Account Executive - New York,Better Talent,New York,2026-08-30,https://www.careerbuilder.com/job-details/account-executive-new-york-ny--8d659a27-cbf8-4b53-8371-cb8d1affc1a6,https://www.bettertalent.com,Actively Hiring,Better Talent Account Executive - New York New York 19 days ago,CareerBuilder,https://www.bettertalent.com,https://www.careerbuilder.com/job-details/account-executive-new-york-ny--8d659a27-cbf8-4b53-8371-cb8d1affc1a6
Sales Account Executive,Wieland,"Delaware, Ohio",2026-08-19,https://www.careerbuilder.com/job-details/sales-account-executive-delaware-oh--12558a3e-4368-477f-a3fd-0f5364526b6e,https://www.wieland.com,Actively Hiring,"Role: Sales Account Executive | Company: Wieland | Location: Delaware, Ohio",CareerBuilder,https://www.wieland.com,https://www.careerbuilder.com/job-details/sales-account-executive-delaware-oh--12558a3e-4368-477f-a3fd-0f5364526b6e
Project Manager (Staff - Staff Sr.) | NEW Generation (Public Service Company Of Oklahoma (Pso) ),"American Electric Power Company, Inc.","Oologah, OK",2026-09-12,https://www.careerbuilder.com/job-details/project-manager-staff-staff-sr-new-generation-public-service-company-of-oklahoma-pso-oologah-ok--358bf95e-7d3b-47df-b650-cb8f35bf247e,https://www.americanelectricpowercompany.com,Actively Hiring,"American Electric Power Company, Inc. New Project Manager (Staff - Staff Sr.) | NEW Generation (Public Service Company Of Oklahoma (Pso) ) Oologah, OK $161,000–$208,000 / year 6 days ago",CareerBuilder,https://www.americanelectricpowercompany.com,https://www.careerbuilder.com/job-details/project-manager-staff-staff-sr-new-generation-public-service-company-of-oklahoma-pso-oologah-ok--358bf95e-7d3b-47df-b650-cb8f35bf247e
Account Executive Fire Alarm & Low Voltage Systems,Fortis Fire & Safety,"Boynton Beach, FL",2026-08-19,https://www.careerbuilder.com/job-details/account-executive-fire-alarm-low-voltage-systems-boynton-beach-fl--920d4ea0-d82b-4157-bb0a-d0f972a182b0,https://www.fortisfiresafety.com,Actively Hiring,"Fortis Fire & Safety Account Executive Fire Alarm & Low Voltage Systems Boynton Beach, FL 30+ days ago",CareerBuilder,https://www.fortisfiresafety.com,https://www.careerbuilder.com/job-details/account-executive-fire-alarm-low-voltage-systems-boynton-beach-fl--920d4ea0-d82b-4157-bb0a-d0f972a182b0
Project Manager (Staff - Staff Sr.) | NEW GENERATION (Kentucky Power),American Electric Power Co Inc,"louisa, KY",2026-08-19,https://www.careerbuilder.com/job-details/project-manager-staff-staff-sr-new-generation-kentucky-power-louisa-ky--cb6dc116-db24-4774-8f25-d048f1769810,https://www.americanelectricpower.com,Actively Hiring,"American Electric Power Co Inc Project Manager (Staff - Staff Sr.) | NEW GENERATION (Kentucky Power) louisa, KY $161,000–$208,000 / year 30+ days ago",CareerBuilder,https://www.americanelectricpower.com,https://www.careerbuilder.com/job-details/project-manager-staff-staff-sr-new-generation-kentucky-power-louisa-ky--cb6dc116-db24-4774-8f25-d048f1769810
"Enterprise Exhibitor Sales Executive, Destination Conferences",Gartner,"Stamford, CT",2026-08-19,https://www.careerbuilder.com/job-details/enterprise-exhibitor-sales-executive-destination-conferences-stamford-ct--acc2dc52-f39c-4b42-8e21-cc57e9189720,https://www.gartner.com,Actively Hiring,"Gartner Enterprise Exhibitor Sales Executive, Destination Conferences Stamford, CT $7,200 / year 30+ days ago",CareerBuilder,https://www.gartner.com,https://www.careerbuilder.com/job-details/enterprise-exhibitor-sales-executive-destination-conferences-stamford-ct--acc2dc52-f39c-4b42-8e21-cc57e9189720
Senior Account Executive - Corporate Field - Public Services - Northeast,SAP SE,"Burlington, MA",2026-09-01,https://www.careerbuilder.com/job-details/senior-account-executive-corporate-field-public-services-northeast-burlington-ma--8eece55d-6e79-4e8c-97fd-72402039a1b2,https://www.sapse.in,Actively Hiring,"SAP SE Senior Account Executive - Corporate Field - Public Services - Northeast Burlington, MA 17 days ago",CareerBuilder,https://www.sapse.in,https://www.careerbuilder.com/job-details/senior-account-executive-corporate-field-public-services-northeast-burlington-ma--8eece55d-6e79-4e8c-97fd-72402039a1b2
Sales Account Executive,"EAB Global, Inc.","Philadelphia, PA",2026-08-19,https://www.careerbuilder.com/job-details/sales-account-executive-philadelphia-pa--1f615126-22f3-494c-80fa-904c1ecf7f68,https://www.eabglobal.com,Actively Hiring,"EAB Global, Inc. Sales Account Executive Philadelphia, PA 30+ days ago",CareerBuilder,https://www.eabglobal.com,https://www.careerbuilder.com/job-details/sales-account-executive-philadelphia-pa--1f615126-22f3-494c-80fa-904c1ecf7f68
Account Executive,Fox Corp,"Southfield, MI",2026-08-19,https://www.careerbuilder.com/job-details/account-executive-southfield-mi--938c6050-081f-4bdd-9444-2d345951fca9,https://www.fox.com,Actively Hiring,"Fox Corp Account Executive Southfield, MI $120,000–$160,000 / year 30+ days ago",CareerBuilder,https://www.fox.com,https://www.careerbuilder.com/job-details/account-executive-southfield-mi--938c6050-081f-4bdd-9444-2d345951fca9
Mid-Market Solution Sales Executive,Open Text Corp,NY,2026-09-06,https://www.careerbuilder.com/job-details/mid-market-solution-sales-executive-new-york-ny--82299083-6614-402b-9cdb-35cbaee1d7b6,https://www.opentext.com,Actively Hiring,"Open Text Corp Mid-Market Solution Sales Executive NY $110,000–$160,000 / year 12 days ago",CareerBuilder,https://www.opentext.com,https://www.careerbuilder.com/job-details/mid-market-solution-sales-executive-new-york-ny--82299083-6614-402b-9cdb-35cbaee1d7b6
"Strategic Alliances Lead, GSI",Pilot Thomas Logistics,Massachusetts,2026-09-05,https://www.careerbuilder.com/job-details/strategic-alliances-lead-gsi-ma--830f4014-abf0-4140-9f8b-1063bb2886bb,https://www.pilotthomaslogistics.com,Actively Hiring,"Pilot Thomas Logistics Strategic Alliances Lead, GSI Massachusetts 13 days ago",CareerBuilder,https://www.pilotthomaslogistics.com,https://www.careerbuilder.com/job-details/strategic-alliances-lead-gsi-ma--830f4014-abf0-4140-9f8b-1063bb2886bb
Junior Account Executive-Intelligize,LexisNexis,Ohio,2026-08-19,https://www.careerbuilder.com/job-details/junior-account-executive-intelligize-oh--6cdbc927-479b-43b0-9b01-e6b56622a437,https://www.lexisnexis.com,Actively Hiring,LexisNexis Junior Account Executive-Intelligize Ohio 30+ days ago,CareerBuilder,https://www.lexisnexis.com,https://www.careerbuilder.com/job-details/junior-account-executive-intelligize-oh--6cdbc927-479b-43b0-9b01-e6b56622a437
Growth & Demand Generation,Zania,"San Francisco, California",2026-08-19,https://www.careerbuilder.com/job-details/growth-demand-generation-san-francisco-ca--876d751c-5290-4af9-9a4d-4ea2f3368201,https://www.zania.com,Actively Hiring,"Zania Growth & Demand Generation San Francisco, California 30+ days ago",CareerBuilder,https://www.zania.com,https://www.careerbuilder.com/job-details/growth-demand-generation-san-francisco-ca--876d751c-5290-4af9-9a4d-4ea2f3368201
Demand Generation Specialist,"NorthAB, LLC",MI,2026-08-19,https://www.careerbuilder.com/job-details/demand-generation-specialist-royal-oak-mi--f8e49773-5c09-4c24-9523-b8f6cd09f4a8,https://www.northab.com,Actively Hiring,"Role: Demand Generation Specialist | Company: NorthAB, LLC | Location: MI",CareerBuilder,https://www.northab.com,https://www.careerbuilder.com/job-details/demand-generation-specialist-royal-oak-mi--f8e49773-5c09-4c24-9523-b8f6cd09f4a8
Senior Account Executive SMEC,Hitachi Ltd,"Irvine, CA",2026-08-19,https://www.careerbuilder.com/job-details/senior-account-executive-smec-irvine-ca--49825ea6-7653-485b-8438-0a311c4b2afa,https://www.hitachiltd.com,Actively Hiring,"Hitachi Ltd Senior Account Executive SMEC Irvine, CA $120,000–$180,000 / year 30+ days ago",CareerBuilder,https://www.hitachiltd.com,https://www.careerbuilder.com/job-details/senior-account-executive-smec-irvine-ca--49825ea6-7653-485b-8438-0a311c4b2afa
Outside B2B Sales Executive - New Business Development,City Wide Facility Solutions,"Kent, WA",2026-08-19,https://www.careerbuilder.com/job-details/outside-b2b-sales-executive-new-business-development-kent-wa--cd446e47-7303-4597-9640-4c1588a3f2fd,https://www.citywidefacility.com,Actively Hiring,"City Wide Facility Solutions Outside B2B Sales Executive - New Business Development Kent, WA $70,000–$85,000 / year 30+ days ago",CareerBuilder,https://www.citywidefacility.com,https://www.careerbuilder.com/job-details/outside-b2b-sales-executive-new-business-development-kent-wa--cd446e47-7303-4597-9640-4c1588a3f2fd
Director Of Demand Generation,Voxel,"Chicago, IL",2026-08-19,https://www.careerbuilder.com/job-details/director-of-demand-generation-chicago-il--9cdbf97c-4008-45df-bca7-4db2197df5cb,https://www.voxel.com,Actively Hiring,"Role: Director Of Demand Generation | Company: Voxel | Location: Chicago, IL",CareerBuilder,https://www.voxel.com,https://www.careerbuilder.com/job-details/director-of-demand-generation-chicago-il--9cdbf97c-4008-45df-bca7-4db2197df5cb
Account Executive - Midmarket,"Chrome River Technologies, Inc.",NY,2026-08-19,https://www.careerbuilder.com/job-details/account-executive-midmarket-new-york-ny--400ffe42-6717-46d7-953b-e0a79b3c9458,https://www.chromeriver.com,Actively Hiring,"Chrome River Technologies, Inc. Account Executive - Midmarket NY 30+ days ago",CareerBuilder,https://www.chromeriver.com,https://www.careerbuilder.com/job-details/account-executive-midmarket-new-york-ny--400ffe42-6717-46d7-953b-e0a79b3c9458
Inside Account Executive,Indeed Flex,"Austin, TX",2026-08-19,https://www.careerbuilder.com/job-details/inside-account-executive-austin-tx--ff5ddc69-9b92-4545-85d8-8906bfbcf7ac,https://www.indeedflex.com,Actively Hiring,"Indeed Flex Inside Account Executive Austin, TX $60,000–$80,000 / year 30+ days ago",CareerBuilder,https://www.indeedflex.com,https://www.careerbuilder.com/job-details/inside-account-executive-austin-tx--ff5ddc69-9b92-4545-85d8-8906bfbcf7ac
Senior Solution Sales Executive - Snowflake,Apex Systems Inc (Virginia),"glen allen, VA",2026-09-13,https://www.careerbuilder.com/job-details/senior-solution-sales-executive-snowflake-glen-allen-va--4db41145-420f-4735-b06d-861800ab404c,https://www.apexsystemsvirginia.com,Actively Hiring,"Apex Systems Inc (Virginia) New Senior Solution Sales Executive - Snowflake glen allen, VA $160,000–$280,000 / year 5 days ago",CareerBuilder,https://www.apexsystemsvirginia.com,https://www.careerbuilder.com/job-details/senior-solution-sales-executive-snowflake-glen-allen-va--4db41145-420f-4735-b06d-861800ab404c
Head Of Demand Generation,Accuris,"platteville, CO",2026-08-29,https://www.careerbuilder.com/job-details/head-of-demand-generation-platteville-co--0b5b2e22-12a7-4274-bc34-c5afe2b8d174,https://www.accuris.com,Actively Hiring,"Accuris Head Of Demand Generation platteville, CO $180,000–$210,000 / year 20 days ago",CareerBuilder,https://www.accuris.com,https://www.careerbuilder.com/job-details/head-of-demand-generation-platteville-co--0b5b2e22-12a7-4274-bc34-c5afe2b8d174
Demand Generation Marketing Manager,Homecare Software Solutions LLC,"New York City, NY",2026-08-19,https://www.careerbuilder.com/job-details/demand-generation-marketing-manager-new-york-ny--404f01d8-b9e4-401c-9564-9687b37f1ca9,https://www.homecaresoftware.com,Actively Hiring,"Homecare Software Solutions LLC Demand Generation Marketing Manager New York City, NY $115,000–$130,000 / year 30+ days ago",CareerBuilder,https://www.homecaresoftware.com,https://www.careerbuilder.com/job-details/demand-generation-marketing-manager-new-york-ny--404f01d8-b9e4-401c-9564-9687b37f1ca9
"Project Manager (Staff – Staff Sr.) | NEW GENERATION (APCO: WV, VA, TN)",American Electric Power,"Roanoke, West Virginia",2026-08-19,https://www.careerbuilder.com/job-details/project-manager-staff-staff-sr-new-generation-apco-wv-va-tn-roanoke-wv--eefa700d-fb0f-49fb-bfc3-bd394ea81390,https://www.americanelectricpower.com,Actively Hiring,"American Electric Power Project Manager (Staff – Staff Sr.) | NEW GENERATION (APCO: WV, VA, TN) Roanoke, West Virginia $161,000–$208,000 / year 30+ days ago",CareerBuilder,https://www.americanelectricpower.com,https://www.careerbuilder.com/job-details/project-manager-staff-staff-sr-new-generation-apco-wv-va-tn-roanoke-wv--eefa700d-fb0f-49fb-bfc3-bd394ea81390
Project Manager (Staff – Staff Sr.) | NEW GENERATION (Kentucky Power),American Electric Power,"Louisa, Kentucky",2026-08-19,https://www.careerbuilder.com/job-details/project-manager-staff-staff-sr-new-generation-kentucky-power-louisa-ky--4f8306d6-61d5-48f2-b318-0ad1db7c8673,https://www.americanelectricpower.com,Actively Hiring,"American Electric Power Project Manager (Staff – Staff Sr.) | NEW GENERATION (Kentucky Power) Louisa, Kentucky 30+ days ago",CareerBuilder,https://www.americanelectricpower.com,https://www.careerbuilder.com/job-details/project-manager-staff-staff-sr-new-generation-kentucky-power-louisa-ky--4f8306d6-61d5-48f2-b318-0ad1db7c8673
Senior Demand Generation Manager,DataGrail Inc,NY,2026-08-28,https://www.careerbuilder.com/job-details/senior-demand-generation-manager-new-york-ny--91cd7ba3-0cbf-4d3b-b15a-78cfcb5fda7e,https://www.datagrail.com,Actively Hiring,"DataGrail Inc Senior Demand Generation Manager NY $140,000–$165,000 / year 21 days ago",CareerBuilder,https://www.datagrail.com,https://www.careerbuilder.com/job-details/senior-demand-generation-manager-new-york-ny--91cd7ba3-0cbf-4d3b-b15a-78cfcb5fda7e
Sales Executive,QuVa Pharma Inc,NY,2026-08-19,https://www.careerbuilder.com/job-details/sales-executive-new-york-ny--1578a67e-c332-4dbf-97cf-e0ef0ad2f440,https://www.quvapharma.com,Actively Hiring,"QuVa Pharma Inc Sales Executive NY $100,000–$110,000 / year 30+ days ago",CareerBuilder,https://www.quvapharma.com,https://www.careerbuilder.com/job-details/sales-executive-new-york-ny--1578a67e-c332-4dbf-97cf-e0ef0ad2f440
"Enterprise Account Executive, Resi",Pushpay,"Allen, TX; Colorado Springs",2026-09-15,https://www.careerbuilder.com/job-details/enterprise-account-executive-resi-allen-tx--0d41e49d-b50c-410f-9216-3ba48ea69cb7,https://www.pushpay.com,Actively Hiring,"Pushpay New Enterprise Account Executive, Resi Allen, TX; Colorado Springs $70,000–$80,000 / year 3 days ago",CareerBuilder,https://www.pushpay.com,https://www.careerbuilder.com/job-details/enterprise-account-executive-resi-allen-tx--0d41e49d-b50c-410f-9216-3ba48ea69cb7
Director of Demand Generation,Personetics,"New York, NY",2026-08-19,https://www.careerbuilder.com/job-details/director-of-demand-generation-new-york-ny--6fbd05d9-0625-4155-a2fa-b120b1d2e2dc,https://www.personetics.com,Actively Hiring,"Personetics Director of Demand Generation New York, NY $140,000–$170,000 / year 30+ days ago",CareerBuilder,https://www.personetics.com,https://www.careerbuilder.com/job-details/director-of-demand-generation-new-york-ny--6fbd05d9-0625-4155-a2fa-b120b1d2e2dc
Project Manager (Staff – Staff Sr.) | NEW GENERATION (Indiana Michigan (I&M) Power),American Electric Power,"Rockport, Indiana",2026-08-19,https://www.careerbuilder.com/job-details/project-manager-staff-staff-sr-new-generation-indiana-michigan-i-m-power-rockport-in--fd464bea-9595-4c12-83cf-30fc368e67ed,https://www.americanelectricpower.com,Actively Hiring,"American Electric Power Project Manager (Staff – Staff Sr.) | NEW GENERATION (Indiana Michigan (I&M) Power) Rockport, Indiana 30+ days ago",CareerBuilder,https://www.americanelectricpower.com,https://www.careerbuilder.com/job-details/project-manager-staff-staff-sr-new-generation-indiana-michigan-i-m-power-rockport-in--fd464bea-9595-4c12-83cf-30fc368e67ed
"Director, Demand Generation & Marketing Operations",AmeriCold Logistics LLC,"Atlanta, GA",2026-09-11,https://www.careerbuilder.com/job-details/director-demand-generation-marketing-operations-atlanta-ga--bd07dcc9-3b8d-4b4e-ad18-38a55282ad48,https://www.americoldlogistics.com,Actively Hiring,"AmeriCold Logistics LLC Director, Demand Generation & Marketing Operations Atlanta, GA 7 days ago",CareerBuilder,https://www.americoldlogistics.com,https://www.careerbuilder.com/job-details/director-demand-generation-marketing-operations-atlanta-ga--bd07dcc9-3b8d-4b4e-ad18-38a55282ad48
Enterprise Account Executive,InvestCloud Inc,NY,2026-08-25,https://www.careerbuilder.com/job-details/enterprise-account-executive-new-york-ny--4a19f86f-e017-4796-869b-9611683af0cd,https://www.investcloud.com,Actively Hiring,"InvestCloud Inc Enterprise Account Executive NY $170,000–$187,000 / year 24 days ago",CareerBuilder,https://www.investcloud.com,https://www.careerbuilder.com/job-details/enterprise-account-executive-new-york-ny--4a19f86f-e017-4796-869b-9611683af0cd
Inside Sales/ Account Executive,Community Savings,"Charlotte, NC",2026-08-19,https://www.careerbuilder.com/job-details/inside-sales-account-executive-charlotte-nc--e6b8ddca-34de-48be-92d0-8412eff3cd51,https://www.communitysavings.com,Actively Hiring,"Community Savings Inside Sales/ Account Executive Charlotte, NC 30+ days ago",CareerBuilder,https://www.communitysavings.com,https://www.careerbuilder.com/job-details/inside-sales-account-executive-charlotte-nc--e6b8ddca-34de-48be-92d0-8412eff3cd51
Inside Sales Account Executive,Imagine Learning Inc,"Austin, TX",2026-08-19,https://www.careerbuilder.com/job-details/inside-sales-account-executive-austin-tx--6ea639a5-cd87-4cb7-930d-4f961f1de747,https://www.imaginelearning.com,Actively Hiring,"Imagine Learning Inc Inside Sales Account Executive Austin, TX $25.75 / hour 30+ days ago",CareerBuilder,https://www.imaginelearning.com,https://www.careerbuilder.com/job-details/inside-sales-account-executive-austin-tx--6ea639a5-cd87-4cb7-930d-4f961f1de747
Account Executive,RELX Group,"Dayton, OH",2026-08-19,https://www.careerbuilder.com/job-details/account-executive-dayton-oh--cef67171-d08a-4b34-bc4e-04c14e29b49a,https://www.relx.com,Actively Hiring,"RELX Group Account Executive Dayton, OH $49,200–$82,100 / year 30+ days ago",CareerBuilder,https://www.relx.com,https://www.careerbuilder.com/job-details/account-executive-dayton-oh--cef67171-d08a-4b34-bc4e-04c14e29b49a
Account Executive,American Locker,"North Las Vegas, Nevada",2026-08-19,https://www.careerbuilder.com/job-details/account-executive-north-las-vegas-nv--352b7cf8-9c6b-4f01-b678-3ddc3ca0c261,https://www.americanlocker.com,Actively Hiring,"American Locker Account Executive North Las Vegas, Nevada 30+ days ago",CareerBuilder,https://www.americanlocker.com,https://www.careerbuilder.com/job-details/account-executive-north-las-vegas-nv--352b7cf8-9c6b-4f01-b678-3ddc3ca0c261
"Account Executive, Power Solutions","Xos, Inc.","Los Angeles, CA",2026-08-19,https://www.careerbuilder.com/job-details/account-executive-power-solutions-los-angeles-ca--e6a06ae7-afc4-48bb-b7be-1dff261945cf,https://www.xos.com,Actively Hiring,"Xos, Inc. Account Executive, Power Solutions Los Angeles, CA $110,000–$160,000 / year 30+ days ago",CareerBuilder,https://www.xos.com,https://www.careerbuilder.com/job-details/account-executive-power-solutions-los-angeles-ca--e6a06ae7-afc4-48bb-b7be-1dff261945cf
Lead Inside Sales,Building Controls and Services Inc,"Lenexa, KS",2026-08-19,https://www.careerbuilder.com/job-details/lead-inside-sales-lenexa-ks--5dbed9bd-5739-4cf0-a4de-3d63c23b2abe,https://www.buildingcontrolsand.com,Actively Hiring,"Building Controls and Services Inc Lead Inside Sales Lenexa, KS 30+ days ago",CareerBuilder,https://www.buildingcontrolsand.com,https://www.careerbuilder.com/job-details/lead-inside-sales-lenexa-ks--5dbed9bd-5739-4cf0-a4de-3d63c23b2abe
Account Executive | Austin,Easy Street Capital,"Austin, Texas",2026-08-19,https://www.careerbuilder.com/job-details/account-executive-austin-austin-tx--f7b44d5b-9282-44f5-a8d7-d32f01189f93,https://www.easystreetcapital.com,Actively Hiring,"Easy Street Capital Account Executive | Austin Austin, Texas 30+ days ago",CareerBuilder,https://www.easystreetcapital.com,https://www.careerbuilder.com/job-details/account-executive-austin-austin-tx--f7b44d5b-9282-44f5-a8d7-d32f01189f93
Account Executive I,OpenGov,"Boston, Massachusetts",2026-09-08,https://www.careerbuilder.com/job-details/account-executive-i-boston-ma--e8d4a940-bf5e-4033-99de-ca01e39e6370,https://www.opengov.com,Actively Hiring,"OpenGov Account Executive I Boston, Massachusetts $122,000–$136,000 / year 10 days ago",CareerBuilder,https://www.opengov.com,https://www.careerbuilder.com/job-details/account-executive-i-boston-ma--e8d4a940-bf5e-4033-99de-ca01e39e6370
"Senior Account Executive, Enterprise",Outreach Corp,NY,2026-08-31,https://www.careerbuilder.com/job-details/senior-account-executive-enterprise-new-york-ny--72af6390-dac4-497b-861a-a70908286470,https://www.outreach.io,Actively Hiring,"Outreach Corp Senior Account Executive, Enterprise NY $290,000–$315,000 / year 18 days ago",CareerBuilder,https://www.outreach.io,https://www.careerbuilder.com/job-details/senior-account-executive-enterprise-new-york-ny--72af6390-dac4-497b-861a-a70908286470
Account Executive I,"OpenGov, Inc.","Boston, MA",2026-09-08,https://www.careerbuilder.com/job-details/account-executive-i-boston-ma--528d11f3-4012-4cb7-817c-346b1f8fa68c,https://www.opengov.com,Actively Hiring,"OpenGov, Inc. Account Executive I Boston, MA $122,000–$136,000 / year 10 days ago",CareerBuilder,https://www.opengov.com,https://www.careerbuilder.com/job-details/account-executive-i-boston-ma--528d11f3-4012-4cb7-817c-346b1f8fa68c
Senior Sales Executive,"Pythian Group, Inc.","San Francisco, CA",2026-08-19,https://www.careerbuilder.com/job-details/senior-sales-executive-san-francisco-ca--0297d246-1a03-455a-ab10-8fadb623aec1,https://www.pythian.com,Actively Hiring,"Pythian Group, Inc. Senior Sales Executive San Francisco, CA 30+ days ago",CareerBuilder,https://www.pythian.com,https://www.careerbuilder.com/job-details/senior-sales-executive-san-francisco-ca--0297d246-1a03-455a-ab10-8fadb623aec1
Junior Account Executive-Intelligize,RELX Group plc,GA,2026-08-19,https://www.careerbuilder.com/job-details/junior-account-executive-intelligize-atlanta-ga--f732c77a-756b-4db1-b438-bde1c4c564b7,https://www.relxplc.com,Actively Hiring,"RELX Group plc Junior Account Executive-Intelligize GA $49,200–$82,100 / year 30+ days ago",CareerBuilder,https://www.relxplc.com,https://www.careerbuilder.com/job-details/junior-account-executive-intelligize-atlanta-ga--f732c77a-756b-4db1-b438-bde1c4c564b7
BUSINESS DEVELOPMENT SALES LEAD- DATA CENTER,Yokogawa Electric Corp,IL,2026-08-19,https://www.careerbuilder.com/job-details/business-development-sales-lead-data-center-elk-grove-village-il--2067abac-b85c-4faa-8a9d-7deee43085d2,https://www.yokogawaelectric.com,Actively Hiring,Yokogawa Electric Corp BUSINESS DEVELOPMENT SALES LEAD- DATA CENTER IL 30+ days ago,CareerBuilder,https://www.yokogawaelectric.com,https://www.careerbuilder.com/job-details/business-development-sales-lead-data-center-elk-grove-village-il--2067abac-b85c-4faa-8a9d-7deee43085d2
Account Executive - Midmarket (remote US),Emburse,"Atlanta, GA",2026-08-19,https://www.careerbuilder.com/job-details/account-executive-midmarket-remote-us-atlanta-ga--3ec62f83-766b-4eb8-8d79-1fa5e818154c,https://www.emburse.com,Actively Hiring,"Emburse Account Executive - Midmarket (remote US) Atlanta, GA Remote 30+ days ago",CareerBuilder,https://www.emburse.com,https://www.careerbuilder.com/job-details/account-executive-midmarket-remote-us-atlanta-ga--3ec62f83-766b-4eb8-8d79-1fa5e818154c
Global Project Development Lead - Power Generation,"HDR, Inc.","Phoenix, Arizona, USA",2026-09-20,https://www.dice.com/job-detail/1bf680f6-9ca5-40a3-9778-c9656fdcb2cd,https://www.hdr.com,Actively Hiring,"Company: HDR, Inc. | At HDR, our employee-owners are fully engaged in creating a welcoming environment where each of us is valued and respected, a place where everyone is empowered to bring their authentic selves and novel ideas to work every day. As we foster a culture of inclusion throughout our company and within our communities, we constantly ask ourselves: What is our impact on the world? Watch Our Story:' ' Each and every role throughout our organization makes a difference in our ability to change the world for the better. Read further to learn how you could help make great things possible not only in your community, but around the world. We believe electricity powers modern life. As part of our Power sector, you'll help shape how electricity is generated, transmitted and delivered as global energy demands grow. From massive data centers to modernizing transmission systems, our industry-recognized engineers and scientists have been at the forefront of grid transformation for more",Dice,https://www.hdr.com,https://www.dice.com/job-detail/1bf680f6-9ca5-40a3-9778-c9656fdcb2cd
Data Engineering Lead Technical Program Manager,JPMorgan Chase & Co.,"Jersey City, New Jersey, USA",2026-09-20,https://www.dice.com/job-detail/a464a623-28e6-48d9-ab64-1e8401975281,https://www.jpmorganchase.com,Actively Hiring,"Company: JPMorgan Chase & Co. | Job Description Leverage your deep technical expertise and leadership to guide cutting-edge projects, fostering growth and innovation in a dynamic environment. As a Data Engineering Lead Technical Program Manager in the Consumer and Community Bank- Data Technology team, you will drive the successful delivery of complex technology projects and programs that will help reaching business goals across the firm. Leveraging your deep knowledge of technical principles, practices, and theories is essential for developing innovative solutions, while simultaneously effectively managing resources, budgets, and high-performing teams. Your strong analytical reasoning and adaptability skills will enable you to navigate through ambiguity and change, ensuring that technology initiatives align with business goals. With advanced communication and stakeholder management abilities, you will foster productive working relationships and influence decision-making to achieve mutu",Dice,https://www.jpmorganchase.com,https://www.dice.com/job-detail/a464a623-28e6-48d9-ab64-1e8401975281
Electrical Engineer -Power Generation,"HDR, Inc.","Phoenix, Arizona, USA",2026-07-09,https://www.dice.com/job-detail/ebb95fb3-42ac-44a0-9343-89eea3cf2490,https://www.hdr.com,Actively Hiring,"Company: HDR, Inc. | At HDR, our employee-owners are fully engaged in creating a welcoming environment where each of us is valued and respected, a place where everyone is empowered to bring their authentic selves and novel ideas to work every day. As we foster a culture of inclusion throughout our company and within our communities, we constantly ask ourselves: What is our impact on the world? Watch Our Story:' ' We believe electricity powers modern life. As part of our Power sector, you'll help shape how electricity is generated, transmitted and delivered as global energy demands grow. From massive data centers to modernizing transmission systems, our industry-recognized engineers and scientists have been at the forefront of grid transformation for more than a century. You'll work side-by-side with these experts and contribute to reliable, resilient and sustainable power systems, helping communities thrive and industries expand. This isn't just a job, it's a chance to drive infrastruc",Dice,https://www.hdr.com,https://www.dice.com/job-detail/ebb95fb3-42ac-44a0-9343-89eea3cf2490
Mechanical Engineer - Power Generation,"HDR, Inc.","Phoenix, Arizona, USA",2026-07-09,https://www.dice.com/job-detail/ec249029-46bc-4084-91aa-8342bbfff58b,https://www.hdr.com,Actively Hiring,"Company: HDR, Inc. | At HDR, our employee-owners are fully engaged in creating a welcoming environment where each of us is valued and respected, a place where everyone is empowered to bring their authentic selves and novel ideas to work every day. As we foster a culture of inclusion throughout our company and within our communities, we constantly ask ourselves: What is our impact on the world? Watch Our Story:' ' Each and every role throughout our organization makes a difference in our ability to change the world for the better. Read further to learn how you could help make great things possible not only in your community, but around the world. We believe electricity powers modern life. As part of our Power sector, you'll help shape how electricity is generated, transmitted and delivered as global energy demands grow. From massive data centers to modernizing transmission systems, our industry-recognized engineers and scientists have been at the forefront of grid transformation for more",Dice,https://www.hdr.com,https://www.dice.com/job-detail/ec249029-46bc-4084-91aa-8342bbfff58b
Lead Generation Executive,Carryfresh Logistics Pvt Ltd,Chennai,2026-09-18,https://www.freshersworld.com/jobs/lead-generation-executive-jobs-opening-in-carryfresh-logistics-pvt-ltd-at-ambattur-anna-nagar-maduravoyal-chennai-2944744,https://carryfresh.in,Actively Hiring,"Company: Carryfresh Logistics Pvt Ltd | We are looking for a Leads Coordinator to manage and follow up with leads generated through our digital marketing and advertising campaigns.The ideal candidate should be confident in communicating with clients, responding to enquiries, sharing quotations, and consistently following up with leads until they are converted or closed.Required Skills:English and Hindi communication skills are mandatory.Freshers can apply.More information about this Lead Generation Executive JobPlease go through the below FAQs to get all answers related to the given Lead Generation Executive jobWhat are the job requirements to apply for this Lead Generation Executive job position? Ans: A candidate must have a minimum of 0 to 1 year experience as an Lead Generation Executive What is the qualification for this job? Ans: The candidate can be a Graduate from any of the following: Diploma What is the hiring Process of this job? Ans: The hiring process all depends on the com",Freshersworld,https://carryfresh.in,https://www.freshersworld.com/jobs/lead-generation-executive-jobs-opening-in-carryfresh-logistics-pvt-ltd-at-ambattur-anna-nagar-maduravoyal-chennai-2944744
Lead Engineer,A client of freshersworld,Chennai,2026-09-18,https://www.freshersworld.com/jobs/lead-engineer-jobs-opening-in-a-client-of-freshersworld-at-chennai-2950888,https://freshersworld.awsapps.com,Actively Hiring,"Company: A client of freshersworld | Role Description:• Designing, programming, and validating new features and enhancements to platform software as defined under the scrum process guidance• Acting as the subject matter expert for the features/functions/infrastructure• Acting as a key contributor throughout the software development lifecycle.• Design security architecture elements to mitigate threats as they emerge create solutions that balance business requirements with information and cyber security requirements• Supporting the Agile and Scrum methodologies utilized by the Platform Development organization to maintain tight schedules and high quality code bases for all of the offerings that the organization supports.• Owning and practicing solid technical and process practices.• Good communication skills",Freshersworld,https://freshersworld.awsapps.com,https://www.freshersworld.com/jobs/lead-engineer-jobs-opening-in-a-client-of-freshersworld-at-chennai-2950888
Executive,Renault Nissan Automotive India pvt ltd,Chennai,2026-09-18,https://www.freshersworld.com/jobs/executive-in-chennai-for-renault-nissan-automotive-india-pvt-ltd-2950714,https://www.renaultgroup.com,Actively Hiring,"Company: Renault Nissan Automotive India pvt ltd | Job Title: Finance ExecutiveJob Description:We are looking for a detail-oriented Finance Executive to manage daily financial operations and support the accounts team.Key Responsibilities:Handle day-to-day accounting and financial transactions.Prepare invoices, vouchers, and payment entries.Maintain records of expenses, bills, and receipts.Reconcile bank statements and accounts.Assist in GST, TDS, and tax-related documentation.Prepare monthly financial reports and MIS reports.Support audits and compliance activities.Coordinate with internal teams and vendors for payments.Requirements:B.Com / M.Com / MBA Finance.1–3 years of experience in finance/accounts.Knowledge of Tally, Excel, ERP software.Good analytical and communication skills.Attention to detail and accuracy.Salary:Best in Industry / As per experience.",Freshersworld,https://www.renaultgroup.com,https://www.freshersworld.com/jobs/executive-in-chennai-for-renault-nissan-automotive-india-pvt-ltd-2950714
Operation Executive,Flipkart India Pvt Ltd,"Hyderabad, Ahmedabad, Bangalore...",2026-09-18,https://www.freshersworld.com/jobs/operation-executive-in-new-delhi-for-flipkart-india-pvt-ltd-2951434,https://www.flipkart.com,Actively Hiring,Company: Flipkart India Pvt Ltd | Operation Executive- JD An Operations Executive is responsible for overseeing the day-to-day operations of a company or organization and ensuring that all operational activities are running smoothly and efficientlyResponsibilities:Oversee the day-to-day operations of the company or organizationMonitor and evaluate the performance of operational processes and systemsIdentify and resolve operational problems and inefficienciesStay up-to-date with industry trends and advancements in operations managementContinuously assess and improve operational processes and systems to ensure they meet business requirementsRequirements:Experience in operations managementStrong leadership and management skillsExcellent organizational and problem-solving skillsStrong analytical skills and the ability to make data-driven decisionsExcellent communication and interpersonal skillsProficiency in Microsoft Office and other relevant softwareEligibility :Age- upto 35Education- Gr,Freshersworld,https://www.flipkart.com,https://www.freshersworld.com/jobs/operation-executive-in-new-delhi-for-flipkart-india-pvt-ltd-2951434
MIS executive,For a Client of TeamLease Digital,"Chennai, Coimbatore, Cuddalore...",2026-09-18,https://www.freshersworld.com/jobs/mis-executive-in-tamil-nadu-for-for-a-client-of-teamlease-digital-2948557,https://teamleasedigital.global,Actively Hiring,"Company: For a Client of TeamLease Digital | Job Description:Our requirement is specifically for candidates with strong expertise in Advanced Excel and Power BI, along with hands-on experience as a MIS Executive/Data Analyst. Candidates should be proficient in data analysis, dashboard creation, data visualization, PPT preparation, reporting, and handling large datasets using Excel and Power BI.",Freshersworld,https://teamleasedigital.global,https://www.freshersworld.com/jobs/mis-executive-in-tamil-nadu-for-for-a-client-of-teamlease-digital-2948557
Field Executive,For a Client of TeamLease Digital,"Chennai, Coimbatore, Cuddalore...",2026-09-18,https://www.freshersworld.com/jobs/field-executive-in-tamil-nadu-for-for-a-client-of-teamlease-digital-2944781,https://teamleasedigital.global,Actively Hiring,"Company: For a Client of TeamLease Digital | Roles and ResponsibilitiesØ Responsible for performing single handed routine/breakdown maintenance activities of CNG system.Ø Upkeep of equipment, monitor spares availability status, analysing failure and reporting.Ø Daily and monthly condition monitoring of electrical equipment like Transformer, Switchgear, Diesel Generators.Ø Condition monitoring & maintenance of compressors, dispensers, cascades and all other equipment and machinery in plant.Ø Quick Response to Emergency calls to attend and arrest pipe line damages and gas leakages by third party excavations and ensure that no third party excavations by checking & publishing patrolling reports.Ø Operations and Maintenance of PNG network and CNG stations.Ø Close monitoring and rectification of every problem pertaining to the mobile cascades and learning the solutions for the problems occurring frequently.Ø Periodical checking of earth-pits resistance, power-factor, and ensuring that they a",Freshersworld,https://teamleasedigital.global,https://www.freshersworld.com/jobs/field-executive-in-tamil-nadu-for-for-a-client-of-teamlease-digital-2944781
Sales Executive,Client of Teamlease,Chennai,2026-09-18,https://www.freshersworld.com/jobs/sales-executive-jobs-opening-in-client-of-teamlease-at-chennai-2947197,https://group.teamlease.com,Actively Hiring,"Company: Client of Teamlease | Sales ExecutiveEstablishing new business.Maintaining accurate records.Attending trade exhibitions, conferences, and meetings.Reviewing sales performance.Presenting and selling of products/services using well-mannered communication skills to existing and prospective customers.Reach out to customer leads through follow-ups.Coordinate sales efforts with team members and other departments.",Freshersworld,https://group.teamlease.com,https://www.freshersworld.com/jobs/sales-executive-jobs-opening-in-client-of-teamlease-at-chennai-2947197
Account Executive,Client Of HR Tech,Chennai,2026-09-18,https://www.freshersworld.com/jobs/account-executive-jobs-opening-in-client-of-hr-tech-at-chennai-2932612,https://hrtechconsultant.com,Actively Hiring,"Company: Client Of HR Tech | Designation - Account ExecutiveResponsibilities-Create detailed business plans designed to attain predetermined goals and quotasManage the entire sales cycle from finding a client to securing a dealUnearth new sales opportunities through networking and turn them into long-term partnershipsPresent products to prospective clientsSending Debtor outstanding reports to the corporates and follow-up for the same through email & calls.Interbranch ledger reconciliation& Maintaining the billing system Generating invoices and account statementsKnowledge of general bookkeeping proceduresProficient in relevant computer softwareAssist with month-end closingCarry out billing, collection and reporting activities according to specific deadlinesWell-versed in Excel and should be knowledgeable about Vlook and other basic formulas SkillsKnowledge of market research, sales and negotiating principlesOutstanding knowledge of MS Office; knowledge of CRM software (eg. Salesforce) i",Freshersworld,https://hrtechconsultant.com,https://www.freshersworld.com/jobs/account-executive-jobs-opening-in-client-of-hr-tech-at-chennai-2932612
HR Executive,Cynosure Corporate Solutions,Chennai,2026-09-18,https://www.freshersworld.com/jobs/hr-executive-jobs-opening-in-cynosure-corporate-solutions-at-guindy-chennai-2935927,https://www.cynosure.com,Actively Hiring,"Company: Cynosure Corporate Solutions | We are looking for enthusiastic and motivated freshers who are eager to build a career in Recruitment and HR Operations. This role provides hands-on exposure to bulk hiring, candidate pipeline management, recruitment coordination, client management, and field recruitment activities in a fast-paced environment.Key ResponsibilitiesManage bulk hiring drives to meet large-scale manpower requirements.Conduct field recruitment activities, including job fairs, walk-in drives, and other hiring campaigns.Source, screen, and shortlist candidates through field sourcing, job portals, social media platforms, and employee referrals.Maintain candidate attendance records and assist with project-based payroll processing.Coordinate interview schedules and ensure a seamless recruitment process.Build and maintain a strong candidate pipeline to support ongoing and future hiring requirements.Prepare recruitment reports, trackers, and presentations using MS Excel, Word",Freshersworld,https://www.cynosure.com,https://www.freshersworld.com/jobs/hr-executive-jobs-opening-in-cynosure-corporate-solutions-at-guindy-chennai-2935927
Showroom Executive,PANASONIC LIFE SOLUTIONS INDIA PRIVATE LIMITED,Chennai,2026-09-18,https://www.freshersworld.com/jobs/showroom-executive-in-chennai-for-panasonic-life-solutions-india-private-limited-2730558,https://www.panasonic.com,Actively Hiring,"PANASONIC LIFE SOLUTIONS INDIA PRIVATE LIMITED invited new job notification 07/08/2025 for recruitment for the post of Showroom Executive in Chennai. Check total vacancy, Qualification & age limit to apply online.",Freshersworld,https://www.panasonic.com,https://www.freshersworld.com/jobs/showroom-executive-in-chennai-for-panasonic-life-solutions-india-private-limited-2730558
Account Executive,Client Of Teamlease,Chennai,2026-09-18,https://www.freshersworld.com/jobs/account-executive-jobs-opening-in-client-of-teamlease-at-chennai-2944940,https://group.teamlease.com,Actively Hiring,"Company: Client Of Teamlease | Designation - Account ExecutiveResponsibilities-Create detailed business plans designed to attain predetermined goals and quotasManage the entire sales cycle from finding a client to securing a dealUnearth new sales opportunities through networking and turn them into long-term partnershipsPresent products to prospective clientsSending Debtor outstanding reports to the corporates and follow-up for the same through email & calls.Interbranch ledger reconciliation& Maintaining the billing system Generating invoices and account statementsKnowledge of general bookkeeping proceduresProficient in relevant computer softwareAssist with month-end closingCarry out billing, collection and reporting activities according to specific deadlinesWell-versed in Excel and should be knowledgeable about Vlook and other basic formulas Developing sales strategies and setting quotas.Staying current on company offerings and industry trends.Maintaining a database of contact informat",Freshersworld,https://group.teamlease.com,https://www.freshersworld.com/jobs/account-executive-jobs-opening-in-client-of-teamlease-at-chennai-2944940
Executive Telecaller,VERANDA RACE LEARNING SOLUTIONS PVT LTD,Chennai,2026-09-18,https://www.freshersworld.com/jobs/executive-telecaller-in-chennai-for-veranda-race-learning-solutions-pvt-ltd-2730543,https://www.verandalearning.com,Actively Hiring,"Company: VERANDA RACE LEARNING SOLUTIONS PVT LTD | Job Description Handle all direct enquiries &amp; Counselling should be provided Those who come to enquiry must be convert into admission Regular Follow-upsResponsibilities Counselling should be provided for enquiries Explain Course Details &amp; Race Institute Strategy &amp; facilities Share Sample Material Conduct Assessment Test &amp; Given Feedback Showing our facilities Understand customer requirements and close Leads (Spot Admission) If spot admission is not taken, then Fix the appointment for admission Enter and update Enquiry &amp; Students information in the Zoho CRM Collection Cash Submit to Accountant Learn Updated details about our courses and fees structure regularlyAdditional Responsibilities Rectify Student Issues (Id Card, Renewal, Online Exam Login Issue, Feedback Ext) Upcoming Exam &amp; Institute Notification Inform to StudentsReports Daily / Weekly / Monthly Conversion ReportFollow-up Reports (Calls,",Freshersworld,https://www.verandalearning.com,https://www.freshersworld.com/jobs/executive-telecaller-in-chennai-for-veranda-race-learning-solutions-pvt-ltd-2730543
Logistics Executive,Crux Consulting Services,Chennai,2026-09-18,https://www.freshersworld.com/jobs/logistics-executive-jobs-opening-in-crux-consulting-services-at-tambaram-chennai-2951886,https://www.cruxconsulting.com,Actively Hiring,"Company: Crux Consulting Services | Logistics ExecutiveAre you an experienced logistics professional looking to grow your career in the global logistics industry? We’re looking for a skilled **Logistics Executive** to join our US-based logistics client’s team in **West Tambaram, Chennai**.In this role, you’ll manage customer inquiries, coordinate logistics and supply chain activities, support sales operations, and work closely with international operations and shipping teams to ensure smooth and timely execution.What You’ll Do:* Act as the first point of contact for customer inquiries from global clients.* Accurately document customer requirements and coordinate with relevant international operations teams.* Follow up on existing inquiries and ensure timely closure of transactions.* Coordinate with operations and shipping teams for smooth logistics execution.* Follow global logistics **SOPs** and maintain accurate documentation.* Support day-to-day logistics, supply chain, and customer",Freshersworld,https://www.cruxconsulting.com,https://www.freshersworld.com/jobs/logistics-executive-jobs-opening-in-crux-consulting-services-at-tambaram-chennai-2951886
Warehouse Executive,For a Client of TeamLease Digital,"Chennai, Coimbatore, Cuddalore...",2026-09-18,https://www.freshersworld.com/jobs/warehouse-executive-in-tamil-nadu-for-for-a-client-of-teamlease-digital-2951490,https://teamleasedigital.global,Actively Hiring,Company: For a Client of TeamLease Digital | Greetings from Teamlease!Position : Warehouse ExecutiveWork Location: RamanathapuramExperience Level: 2 to 5 yearsContract: 1-year (Extendable)Educational Qualification: Any DegreeJob Description: Inward Materials process – GRN Outward Materials Process – Materials Issue to contractor/ to Direct consumptionand sending materials to vendor site. Warehousing of the materials Documentations Coordinating for Logistics. Store Contract Bill Handling Other Store Related jobs.,Freshersworld,https://teamleasedigital.global,https://www.freshersworld.com/jobs/warehouse-executive-in-tamil-nadu-for-for-a-client-of-teamlease-digital-2951490
DMA Executive,For a Client of TeamLease Digital,"Chennai, Coimbatore, Cuddalore...",2026-09-18,https://www.freshersworld.com/jobs/dma-executive-in-tamil-nadu-for-for-a-client-of-teamlease-digital-2950737,https://teamleasedigital.global,Actively Hiring,"Company: For a Client of TeamLease Digital | Job Description / Major Activities Enhancement of OEM Sales, particularly 3W/4W/MLCV byFrequent interaction with OEM Dealers / Dealers StaffConducting Field Activities along with OEM Dealer StaffsHe will also stay longer time at OEM ROs to improve the interaction & continuous training OEM Dealer StaffsField activities for Retrofitment Activities in sync with local Retrofitters.Visit to nearby CNG ROs to conduct activities, coordinating and resolving Logistics and O&M issues.Supporting Mileage Plus customers for seamless filling at ROs & to support onboarding Mileage Plus customers in the nearby vicinity. Qualifications / Requirements Diploma / DegreeFluent communication skills (Tamil). Moderate in English.Prior hardcore field experience, preferably in 3W/4W/MLCV industry / DealerMust have own Vehicles & willing to travel to field in his own vehicle as per the policy of the company.",Freshersworld,https://teamleasedigital.global,https://www.freshersworld.com/jobs/dma-executive-in-tamil-nadu-for-for-a-client-of-teamlease-digital-2950737
Operation Executive,Cleartrip Private Limited,"Hyderabad, Ahmedabad, Bangalore...",2026-09-18,https://www.freshersworld.com/jobs/operation-executive-in-new-delhi-for-cleartrip-private-limited-2945358,https://www.cleartrip.com,Actively Hiring,Company: Cleartrip Private Limited | Operation Executive- JD An Operations Executive is responsible for overseeing the day-to-day operations of a company or organization and ensuring that all operational activities are running smoothly and efficientlyResponsibilities:Oversee the day-to-day operations of the company or organizationMonitor and evaluate the performance of operational processes and systemsIdentify and resolve operational problems and inefficienciesStay up-to-date with industry trends and advancements in operations managementContinuously assess and improve operational processes and systems to ensure they meet business requirementsRequirements:Experience in operations managementStrong leadership and management skillsExcellent organizational and problem-solving skillsStrong analytical skills and the ability to make data-driven decisionsExcellent communication and interpersonal skillsProficiency in Microsoft Office and other relevant softwareEligibility :Age- upto 35Education-,Freshersworld,https://www.cleartrip.com,https://www.freshersworld.com/jobs/operation-executive-in-new-delhi-for-cleartrip-private-limited-2945358
Telecalling Executive,Veranda Race Learning Solutions Pvt Ltd,Chennai,2026-09-18,https://www.freshersworld.com/jobs/telecalling-executive-in-chennai-for-veranda-race-learning-solutions-pvt-ltd-2940886,https://www.verandalearning.com,Actively Hiring,"Company: Veranda Race Learning Solutions Pvt Ltd | Job Description – Telecalling Executive (Veranda RACE)Job Title: Telecalling ExecutiveCompany: Veranda RACELocation: As per branch requirementDepartment: Sales / AdmissionsEmployment Type: Full-timeJob SummaryVeranda RACE is looking for enthusiastic and target-driven Telecalling Executives to connect with prospective students, explain our courses, generate admissions, and provide excellent customer service. The ideal candidate should have good communication skills and a passion for sales.Key ResponsibilitiesMake outbound calls to prospective students from the provided database.Explain Veranda RACE courses, fees, benefits, and admission process.Understand customer requirements and recommend suitable courses.Follow up with leads through calls, WhatsApp, SMS, and email.Convert inquiries into admissions by achieving daily and monthly targets.Maintain accurate records of customer interactions in the CRM.Schedule counseling sessions or branc",Freshersworld,https://www.verandalearning.com,https://www.freshersworld.com/jobs/telecalling-executive-in-chennai-for-veranda-race-learning-solutions-pvt-ltd-2940886
Field Sales Executive,Crux Consulting Services,Chennai,2026-09-18,https://www.freshersworld.com/jobs/field-sales-executive-jobs-opening-in-crux-consulting-services-at-tambaram-chennai-2951885,https://www.cruxconsulting.com,Actively Hiring,"Company: Crux Consulting Services | Job Opening: Field Sales Executive (Travel Tech)Location: Tamil NaduExperience: 0–3 Years in Field Sales / Ground OnboardingIndustry: Travel Tech / MobilityRole OverviewWe are seeking an aggressive, self-motivated, and highly persuasive Field Sales Executive to join the founding market-validation team in Chennai. In this role, you will be on the ground, interacting directly with travel agencies.Your primary responsibility will be to demonstrate the automation utility, perform live product demonstrations, handle onboarding technical setup, and secure consistent daily system utilization.Key ResponsibilitiesLead Generation: Map agencies in the assignedOn-Field Pitching: Approach managers, understand their operational bottlenecks, and pitch the solution.Live Demos: Conduct on-the-spot technical demonstrations of the system.End-to-End Onboarding: Hand-hold agencies through registration, collect required documents and set up their accounts. QualificationsR",Freshersworld,https://www.cruxconsulting.com,https://www.freshersworld.com/jobs/field-sales-executive-jobs-opening-in-crux-consulting-services-at-tambaram-chennai-2951885
Business Development Executive,Zyniclo IT consultant and Technologies LLP,Chennai,2026-09-18,https://www.freshersworld.com/jobs/business-development-executive-jobs-opening-in-zyniclo-it-consultant-and-technologies-llp-at-aminijikarai-chennai-2932680,https://www.zyniclo.com,Actively Hiring,"Company: Zyniclo IT consultant and Technologies LLP | Job Title: Business Development Executive – Logistics Sales Key Responsibilities: · Identify and engage logistics companies, transport service providers, and fleet owners to introduce and promote Company products and services. · Present the company's logistics solutions, pricing models, and technology-enabled platform to prospective customers. · Generate new business opportunities, nurture client relationships, and ensure long-term customer satisfaction. · Achieve or exceed monthly sales and business development goals through proactive outreach and client acquisition. · Work closely with internal teams to ensure a seamless onboarding experience for new customers. · Maintain accurate records of client interactions, sales activities, and submit regular daily and weekly performance reports. Qualifications & Experience: · Bachelor's degree in any discipline; a degree in Logistics or Supply Chain Management will be an added advantage. ·",Freshersworld,https://www.zyniclo.com,https://www.freshersworld.com/jobs/business-development-executive-jobs-opening-in-zyniclo-it-consultant-and-technologies-llp-at-aminijikarai-chennai-2932680
Jewellery Sales Executive,THE VELLI SHOP,Chennai,2026-09-18,https://www.freshersworld.com/jobs/jewellery-sales-executive-jobs-opening-in-the-velli-shop-at-adyar-chennai-2952241,https://www.thevellishop.com,Actively Hiring,"Company: THE VELLI SHOP | Retail JD -Job description: Job Title: Jewellery Retail Sales Executive Department: Retail Showroom Sales Reports To: Store Manager / Showroom Head Job Summary -We are seeking a polished, customer-centric, and goal-oriented THE VELLI SHOP Jewellery Retail Sales Executive to join our luxury showroom team. The ideal candidate will act as a brand ambassador, engaging high-end clientele, identifying their aesthetic preferences, and guiding them through purchasing fine gold, diamond, and platinum jewellery. This role demands high visual standard execution, impeccable trust-building communication, and a passion for hitting individual and store-level revenue targets. Key Responsibilities Sales Generation: Achieve monthly individual and showroom-level sales targets through relationship building and cross-selling. Customer Consultations: Greet clients warmly, understand their specific event or lifestyle requirements, and recommend suitable designs based on budget and p",Freshersworld,https://www.thevellishop.com,https://www.freshersworld.com/jobs/jewellery-sales-executive-jobs-opening-in-the-velli-shop-at-adyar-chennai-2952241
Business Development Executive,Arich Infotech,Chennai,2026-09-18,https://www.freshersworld.com/jobs/business-development-executive-jobs-opening-in-arich-infotech-at-perungudi-chennai-2951443,https://www.arichinfotech.com,Actively Hiring,"Company: Arich Infotech | Business Development ExecutiveLocation: Perungudi, ChennaiExperience: 2+ YearsQualification: Graduate/Postgraduate; MBA Marketing preferredSalary: No Bar for the Right Candidate + IncentivesJob Description:We are looking for a result-oriented Business Development Executive to drive client acquisition, lead generation, B2B sales, and corporate training sales.Key Responsibilities:Generate new business opportunities and leads.Handle inbound/outbound leads and convert prospects into clients.Develop corporate and B2B client relationships.Identify opportunities with corporates, colleges, and institutions.Conduct sales presentations and negotiate deals.Achieve monthly sales and revenue targets.Follow up with prospects through calls, email and WhatsApp.Maintain CRM/lead trackers and regular sales reports.Required Skills:Strong communication, sales and negotiation skills.Target-oriented and customer-focused approach.Good presentation and networking skills.Basic knowled",Freshersworld,https://www.arichinfotech.com,https://www.freshersworld.com/jobs/business-development-executive-jobs-opening-in-arich-infotech-at-perungudi-chennai-2951443
Digital Marketing Executive,A Client of Teamlease Digital,Chennai,2026-09-18,https://www.freshersworld.com/jobs/digital-marketing-executive-jobs-opening-in-a-client-of-teamlease-digital-at-chennai-2948786,https://www.aclientofteamleasedigital.com,Actively Hiring,"Company: A Client of Teamlease Digital | Designation - Digital Marketing Executive Eligibility Criteria:Any graduate Roles and Responsibilities:Good understanding of digital marketing concepts and best practicesShould have good understanding of Google & Facebook ads dashboards.Assist in the formulation of strategies to build a lasting digital connection with consumersPlan and monitor the ongoing company presence on social media (Twitter, Facebook etc.)Launch optimized online adverts through Google Adwords, Facebook etc. to increase company and brand awarenessBe actively involved in SEO efforts (keyword, image optimization etc.)Prepare online newsletters and promotional emails and organize their distribution through various channels Requirements and skillsProven experience as Digital Marketing Executive or similar roleExcellent understanding of digital marketing concepts and best practicesExperience with B2C social media, Google Adwords and email campaigns and SEO/SEMWorking knowledge o",Freshersworld,https://www.aclientofteamleasedigital.com,https://www.freshersworld.com/jobs/digital-marketing-executive-jobs-opening-in-a-client-of-teamlease-digital-at-chennai-2948786
Customer Engagement Executive,Scapia Technology Private Limited,"Chennai, Coimbatore, Cuddalore...",2026-09-18,https://www.freshersworld.com/jobs/customer-engagement-executive-in-tamil-nadu-for-scapia-technology-private-limited-2934849,https://www.federal.bank.in,Actively Hiring,"Company: Scapia Technology Private Limited | capia Technology – Customer Engagement Executive Job Description (JD)Company: ScapiaRole: Customer Engagement Executive (Inside Sales)Industry: FinTech / Credit Cards / Customer ServiceJob SummaryScapia is looking for energetic and customer-focused executives to engage with potential customers, explain the benefits of the Scapia Credit Card, and help customers complete their credit card application process. The role is target-oriented and involves interacting with customers through phone calls and digital channels.Key ResponsibilitiesContact customers through outbound calls.Explain Scapia Credit Card features, benefits, and offers.Understand customer requirements and answer their queries.Assist customers in completing the application process.Follow up with interested customers until the application is completed.Achieve daily and monthly sales/conversion targets.Maintain customer information in CRM.Coordinate with internal teams for applicati",Freshersworld,https://www.federal.bank.in,https://www.freshersworld.com/jobs/customer-engagement-executive-in-tamil-nadu-for-scapia-technology-private-limited-2934849
Inside Sales Executives,For a Client of TeamLease Services Ltd.,"Kozhikode, Kochi, Kannur...",2026-09-18,https://www.freshersworld.com/jobs/inside-sales-executives-in-tamil-nadu-for-for-a-client-of-teamlease-services-ltd-2822322,https://vms.teamlease.com,Actively Hiring,"Company: For a Client of TeamLease Services Ltd. | Job DescriptionDesignation - BRE (Please update relevant role)Detailed ActivitiesDeliver monthly Sales Target of accounts through Partner BranchesApproval RateManage Relationship with branch staff/Branch Head to leverage the branch customer.Resolve Customer Queries and ComplaintsSourcing from the Corporate salary getting credited in Partners Bank BranchesImportant PointsBranch allocation would be basis the branch availability and subject to change as per business requirement.Executive need to be operate out of branch from 10 AM to 5 PMReporting at PSA office required for application submission on daily basis post 6 PMIncentive and Reimbursement ( Optional )Minimum Incentive of Rs. 3000/-PM can be earned on achievement of target and up to 50KWork Experience (Specify Relevant Industry experience, Minimum Experience, Fresher etcPreferably having exp. of 1-2 yrs From retail loan/CASA/Insurance/ telecomFresher may be considered depending on",Freshersworld,https://vms.teamlease.com,https://www.freshersworld.com/jobs/inside-sales-executives-in-tamil-nadu-for-for-a-client-of-teamlease-services-ltd-2822322
Business Development Executive,Cynosure Corporate Solutions,Chennai,2026-09-18,https://www.freshersworld.com/jobs/business-development-executive-jobs-opening-in-cynosure-corporate-solutions-at-aminijikarai-chennai-2951676,https://www.cynosure.com,Actively Hiring,"Company: Cynosure Corporate Solutions | We are looking for a Business Development Executive to generate new business opportunities, build client relationships, understand customer requirements, and convert prospects into customers through effective sales and business development activities.Key Responsibilities:Generate leads through cold calls, emails, LinkedIn, and other channels.Identify prospects and introduce products and services. Understand customer requirements and recommend suitable solutionsFollow up with leads and convert them into business opportunitiesSchedule client meetings and product demonstrationsMaintain regular communication with existing and potential clientsAchieve monthly and quarterly business development targetsMaintain accurate records of leads, follow-ups, and sales activitiesCoordinate with internal teams for smooth execution of customer requirementsTravel for client meetings when requiredRequired Skills & Qualifications:Bachelor’s degree or equivalent qualif",Freshersworld,https://www.cynosure.com,https://www.freshersworld.com/jobs/business-development-executive-jobs-opening-in-cynosure-corporate-solutions-at-aminijikarai-chennai-2951676
Data Entry Executive,Impower Solutions,Chennai,2026-09-18,https://www.freshersworld.com/jobs/data-entry-executive-jobs-opening-in-impower-solutions-at-sholinganallur-chennai-2951483,https://www.impowerfl.org,Actively Hiring,"Company: Impower Solutions | Job DescriptionWe are looking for a detail-oriented and tech-savvy Data Entry Executive to manage data processing tasks, maintain accurate records, and support daily content and administrative operations. The ideal candidate should have basic knowledge of AI tools and editing tasks to improve workflow efficiency and productivity.Key ResponsibilitiesAccurately enter, update, and maintain data in spreadsheets, databases, and internal systems.Perform data verification, formatting, and quality checks to ensure accuracy.Use AI tools like ChatGPT for basic research, content assistance, data organization, and workflow improvement.Assist with basic content editing, proofreading, and formatting tasks.Manage documents, reports, and digital files in an organized manner.Support the team with data collection, analysis, and online research activities.Follow company guidelines to maintain data accuracy, confidentiality, and consistency.Learn and adapt to new AI-powered to",Freshersworld,https://www.impowerfl.org,https://www.freshersworld.com/jobs/data-entry-executive-jobs-opening-in-impower-solutions-at-sholinganallur-chennai-2951483
Field Sales Executive,Ardens Business Soultions,Chennai,2026-09-18,https://www.freshersworld.com/jobs/field-sales-executive-jobs-opening-in-ardens-business-soultions-at-poonamalle-chennai-2929507,http://www.ardenbusinesssolutions.com,Actively Hiring,"Company: Ardens Business Soultions | Field Sales Executive – Roles & ResponsibilitiesIdentify and generate new business opportunities in the assigned territory.Visit customers, retailers, dealers, and distributors regularly.Present and promote company products/services to potential clients.Achieve monthly and quarterly sales targets.Build and maintain strong customer relationships.Follow up on leads and convert prospects into customers.Collect market intelligence and monitor competitor activities.Ensure timely order collection and payment follow-up.Prepare daily sales reports and update CRM records.Coordinate with internal teams to ensure smooth order fulfillment.Skills Required: Communication, negotiation, customer handling, relationshipMore information about this Field Sales Executive JobPlease go through the below FAQs to get all answers related to the given Field Sales Executive jobWhat are the job requirements to apply for this Field Sales Executive job position? Ans: A candidate",Freshersworld,http://www.ardenbusinesssolutions.com,https://www.freshersworld.com/jobs/field-sales-executive-jobs-opening-in-ardens-business-soultions-at-poonamalle-chennai-2929507
Front Office Executive,Client of Cassius Technologies,Chennai,2026-09-18,https://www.freshersworld.com/jobs/front-office-executive-jobs-opening-in-client-of-cassius-technologies-at-chennai-2938656,https://cassius.paris,Actively Hiring,"Company: Client of Cassius Technologies | Designation : Front Office ExecutiveResponsibilities:Handling Front Desk and Co-ordination.Good Communication Skill.Be able to stay objective vis--vis its personality and the organization.Ensure reception area is tidy and presentable, with all necessary stationery and material.Serves visitors by greeting, welcoming, and directing them appropriately.Notifies company personnel of visitor arrival.Maintains security and telecommunications system.Informs visitors by answering or referring inquiries.Keep updated records and filesMonitor office expenses and costsTake up other duties as assigned (travel arrangements, schedules etc.)Answer questions and address complaintsAnswer all incoming calls and redirect them or keep messagesReceive letters, packages etc. and distribute themPrepare outgoing mail by drafting correspondence, securing parcels etc.Check, sort and forward emailsAssisting Clients in finding the concerned person.Give the image of a friend",Freshersworld,https://cassius.paris,https://www.freshersworld.com/jobs/front-office-executive-jobs-opening-in-client-of-cassius-technologies-at-chennai-2938656
DST Sales Executive,TATA PLAY BROADBAND PRIVATE LIMITED,"Chennai, Coimbatore, Cuddalore...",2026-09-18,https://www.freshersworld.com/jobs/dst-sales-executive-in-tamil-nadu-for-tata-play-broadband-private-limited-2946391,https://www.tataplay.com,Actively Hiring,"Company: TATA PLAY BROADBAND PRIVATE LIMITED | 21 September 2026 - Apply for the latest DST Sales Executive Job Vacancy in TATA PLAY BROADBAND PRIVATE LIMITED, Tamil Nadu. Check eligibility, job details, salary, and apply online today.",Freshersworld,https://www.tataplay.com,https://www.freshersworld.com/jobs/dst-sales-executive-in-tamil-nadu-for-tata-play-broadband-private-limited-2946391
Fleet Personal Executive,Client of Teamlease,Chennai,2026-09-18,https://www.freshersworld.com/jobs/fleet-personal-executive-jobs-opening-in-client-of-teamlease-at-chennai-2945777,https://group.teamlease.com,Actively Hiring,"Company: Client of Teamlease | Fleet Personal ExecutiveResponsible for carrying out all pre-joining formalities for crew joining and signing off vessels.Communicate with joining crew regarding details for joining vessel, reporting date for pre-joining formalities etc.Arranging for pre-joining medicals & issue of safety gear to joining crew.Ensuring that all relevant pre joining documents are handed over to joining personnel in time.Coordinating with travel team for travel details of crew joining and signing off.Ensuring that joining crew are informed of port of joining, agents details at joining port and travel documents are handed over including visas, tickets etc.Ensuring that all documents of joining officers and crew are checked, authenticated and uploaded in the software system.Completing departure checklist for joining officers and crew & updating company software.Maintain vessels schedules of port of call for crew changes.Assist superior for all crew document related matters whe",Freshersworld,https://group.teamlease.com,https://www.freshersworld.com/jobs/fleet-personal-executive-jobs-opening-in-client-of-teamlease-at-chennai-2945777
Customer Support Operation Executive,Elpido,Chennai,2026-09-18,https://www.freshersworld.com/jobs/customer-support-operation-executive-jobs-opening-in-elpido-at-anna-nagar-chennai-2951579,https://www.elpido.com,Actively Hiring,"Company: Elpido | Customer Support & Operations ExecutiveCompany: ElpidoLocation: ChennaiEmployment Type: Full-TimeExperience: Freshers About the RoleElpido is looking for a confident, proactive, and responsible Customer Support & Operations Executive to manage day-to-day operations, coordinate with service partners, and ensure a smooth experience for our customers.Since we are in the early stages, this role will involve both customer support and operations, with a strong focus on partner coordination and booking fulfilment.Key ResponsibilitiesCoordinate with Elpido service partners on a daily basis.Monitor partner availability, punctuality, attendance, and service quality.Ensure customer bookings are accepted and fulfilled smoothly through the Elpido app.Follow up with partners regarding bookings, availability, onboarding, and pending requirements.Coordinate partner documentation, verification, uniform collection, and activation.Handle customer queries through phone, WhatsApp, and oth",Freshersworld,https://www.elpido.com,https://www.freshersworld.com/jobs/customer-support-operation-executive-jobs-opening-in-elpido-at-anna-nagar-chennai-2951579
Team Lead,HCL Technologies Ltd,Chennai,2026-09-18,https://www.freshersworld.com/jobs/team-lead-in-chennai-for-hcl-technologies-ltd-2859146,https://www.hcltech.com,Actively Hiring,"Company: HCL Technologies Ltd | Installation of Windows OS 10 and Windows OS 11 Partition of disk as per Company Standard User creation and setting of passwords Installation of printer driver, keyboard driver, mouse driver, LAN, Wi-Fi, etc. Outlook configuration- (both automatic and manual) and creating PST Updating user policies Joining workgroup to domain Enabling firewall services, remote services, etc. Making calls to users for troubleshooting Network Printer configuration and downloading drivers Services of hardware parts and troubleshooting Assembling and disassembling of laptops",Freshersworld,https://www.hcltech.com,https://www.freshersworld.com/jobs/team-lead-in-chennai-for-hcl-technologies-ltd-2859146
Team Lead,HCL Technologies Ltd,Chennai,2026-09-18,https://www.freshersworld.com/jobs/team-lead-in-chennai-for-hcl-technologies-ltd-2848210,https://www.hcltech.com,Actively Hiring,"Company: HCL Technologies Ltd | Installation of Windows OS 10 and Windows OS 11 Partition of disk as per Company Standard User creation and setting of passwords Installation of printer driver, keyboard driver, mouse driver, LAN, Wi-Fi, etc. Outlook configuration- (both automatic and manual) and creating PST Updating user policies Joining workgroup to domain Enabling firewall services, remote services, etc. Making calls to users for troubleshooting Network Printer configuration and downloading drivers Services of hardware parts and troubleshooting Assembling and disassembling of laptops",Freshersworld,https://www.hcltech.com,https://www.freshersworld.com/jobs/team-lead-in-chennai-for-hcl-technologies-ltd-2848210
Team Lead,HCL Technologies Ltd,Chennai,2026-09-18,https://www.freshersworld.com/jobs/team-lead-in-chennai-for-hcl-technologies-ltd-2859147,https://www.hcltech.com,Actively Hiring,"Company: HCL Technologies Ltd | Installation of Windows OS 10 and Windows OS 11 Partition of disk as per Company Standard User creation and setting of passwords Installation of printer driver, keyboard driver, mouse driver, LAN, Wi-Fi, etc. Outlook configuration- (both automatic and manual) and creating PST Updating user policies Joining workgroup to domain Enabling firewall services, remote services, etc. Making calls to users for troubleshooting Network Printer configuration and downloading drivers Services of hardware parts and troubleshooting Assembling and disassembling of laptops",Freshersworld,https://www.hcltech.com,https://www.freshersworld.com/jobs/team-lead-in-chennai-for-hcl-technologies-ltd-2859147
Logistics Executive,For a Client of TeamLease Digital,"Chennai, Coimbatore, Cuddalore...",2026-09-18,https://www.freshersworld.com/jobs/logistics-executive-in-tamil-nadu-for-for-a-client-of-teamlease-digital-2887073,https://teamleasedigital.global,Actively Hiring,"Company: For a Client of TeamLease Digital | 1. Logistics Executive -Ø Managing and maintaining Auto-scheduling of trips for product delivery (LNG, CNG)Ø Real-time monitoring of Driver Behaviour Monitoring System (DBMS) for identifying the violations of safety parametersØ Alerting the driver through announcements in case of any violated safety parametersØ Safety announcements to be made to the drivers in case of unusual trips and record to be maintainedØ Any fault in instruments of DBMS is to be recorded and reported immediatelyØ Reporting all identified violations vs immediate actions to transport safetyØ Preparation and publishing of MIS reports as per prescribed format and frequencyØ Getting back-up of all violations and reports on daily basis in local storageØ All activities, incidents, actions taken, hand-over/take-over notes etc are to be recorded in E-logbook in each shift.Ø Seeking immediate instruction from Transport Safety in case of any untoward situation.Attending Toll-free",Freshersworld,https://teamleasedigital.global,https://www.freshersworld.com/jobs/logistics-executive-in-tamil-nadu-for-for-a-client-of-teamlease-digital-2887073
Executive-MIS,Haier Appliances India Pvt Ltd,"Bangalore, Mumbai, Pune...",2026-09-18,https://www.freshersworld.com/jobs/executive-mis-in-mumbai-suburban-for-haier-appliances-india-pvt-ltd-2835965,https://www.haierappliances.com,Actively Hiring,Company: Haier Appliances India Pvt Ltd | Greetings!Urgent Opening for MIS Executive for Haier .Strong proficiency in Microsoft Excel with efficiency in understanding Macros and other tools.Strong proficiency in handling multiple projects and multiple tools when it comes to data handling.Strong proficiency in handling vast amounts of data.Ability to clean data especially when it comes in multiple formats.Experience in live projects that have been in place for at least one year.Familiarity with Tableau and Power BI.Knowledge of machine learning libraries like Pandas etc will be huge plus.Strong ability to develop mini dashboards for the management as per their requirements.Strong clarity of thought when it comes to determining what the final output needs to look like.Ability to understand excel sheets that are prepared by other department members.Ability to deduce what is wrong in an excel sheet.,Freshersworld,https://www.haierappliances.com,https://www.freshersworld.com/jobs/executive-mis-in-mumbai-suburban-for-haier-appliances-india-pvt-ltd-2835965
Sales Executive Open Market,SBI Cards and Payment Services Limited,"Kozhikode, Kochi, Kannur...",2026-09-18,https://www.freshersworld.com/jobs/sales-executive-open-market-in-tamil-nadu-for-sbi-cards-and-payment-services-limited-2912267,https://www.sbicard.com,Actively Hiring,"Company: SBI Cards and Payment Services Limited | RE (Relationship Executive) -Prospectingfor new customers through existing leadsand cold calling and maximizing leadgeneration through direct marketing;Candidates will be placed in Malls, SuperMarket, Petrol Pumps, Open Market andneed to approach customer and sell CreditCards",Freshersworld,https://www.sbicard.com,https://www.freshersworld.com/jobs/sales-executive-open-market-in-tamil-nadu-for-sbi-cards-and-payment-services-limited-2912267
Sales Executive,Legend Motors Royal Enfield Dealer,Chennai,2026-09-18,https://www.freshersworld.com/jobs/sales-executive-jobs-opening-in-legend-motors-royal-enfield-dealer-at-tambaram-chennai-2951760,https://dealers.royalenfield.com,Actively Hiring,"Company: Legend Motors Royal Enfield Dealer | Royal Enfield Bike Sales at Showroom. Customer Service. Product Explanation. Good Communication.Location : Sanitorium, Tambaram & MudichurWhatsapp : /Immediate Joiners PreferredFreshers male & female can applyShould be intrested in retail sale and customer handlingMore information about this Sales Executive JobPlease go through the below FAQs to get all answers related to the given Sales Executive jobWhat are the job requirements to apply for this Sales Executive job position? Ans: A candidate must have a minimum of 0 to 3 year experience as an Sales Executive What is the qualification for this job? Ans: The candidate can be a Graduate from any of the following: B.Arch, B.Com, B.Pharm, BA, BBA/BBM, BCA, BDS, BE/B.Tech, BEd, BHM, BSc, BVSc, CA, CS, ICWA, LLB, MBBS, B.Design, B.FashionTech, BFA, BAMS, BHMS, B.P.Ed, B.F.Sc(Fisheries), BSW, BACHELOR OF MUSIC, BBS, BFA, BLT, BNYS, BPT, BUMS, DA, DFM (FORENSIC), DM, DOMS (OPTHOLMOLOGY), ANM, B PE",Freshersworld,https://dealers.royalenfield.com,https://www.freshersworld.com/jobs/sales-executive-jobs-opening-in-legend-motors-royal-enfield-dealer-at-tambaram-chennai-2951760
SEO Executive,FNBMaster.com,"Hyderabad, Bangalore, Chennai",2026-09-18,https://www.freshersworld.com/jobs/seo-executive-jobs-opening-in-fnbmaster-com-at-yeshwantpur-aminijikarai-kodambakkam-bangalore-chennai-hyderabad-2943595,https://fnbmaster.com,Actively Hiring,"Company: FNBMaster.com | Venture Leadership Fellow – FNBMaster.comAbout FNBMaster.comFNBMaster.com is a growing digital platform focused on skill development and training for Food & Beverage professionals. We are building practical, accessible learning solutions for the hospitality industry.About the OpportunityWe are looking for a passionate and entrepreneurial fresher to join FNBMaster.com as a Venture Leadership Fellow for a 90-day fellowship.This is not a conventional internship. The selected candidate will work directly with the Founder and get hands-on exposure to the real-world challenges of building and growing a business.Key ResponsibilitiesSupport marketing and business growth initiativesIdentify new customer acquisition opportunitiesConduct market research and competitor analysisExplore sales and partnership opportunitiesDevelop and execute marketing campaignsSupport social media and content initiativesInteract with potential customers and partnersCollect and analyze custome",Freshersworld,https://fnbmaster.com,https://www.freshersworld.com/jobs/seo-executive-jobs-opening-in-fnbmaster-com-at-yeshwantpur-aminijikarai-kodambakkam-bangalore-chennai-hyderabad-2943595
Sales Executive,Garments,Chennai,2026-09-18,https://www.freshersworld.com/jobs/sales-executive-jobs-opening-in-garments-at-medavakkam-chennai-2939216,https://www.engineeredgarments.com,Actively Hiring,"Company: Garments | We are looking for a hardworking and responsible Sales executive /Helper to support the production team in day-to-day garment activities. The candidate will assist team and supervisors in handling materials, maintaining the work area, and ensuring smooth sales/operations.More information about this Sales Executive JobPlease go through the below FAQs to get all answers related to the given Sales Executive jobWhat are the job requirements to apply for this Sales Executive job position? Ans: A candidate must have a minimum of 0 to 2 year experience as an Sales Executive What is the qualification for this job? Ans: The candidate can be a Graduate from any of the following: 12th Pass (HSE), 10th Pass (SSC) What is the hiring Process of this job? Ans: The hiring process all depends on the company. Normally for an entry level, hiring the candidate has to go for Aptitude, GD (If they look for communication),Technical test and face to face interviews.This Sales Executive is",Freshersworld,https://www.engineeredgarments.com,https://www.freshersworld.com/jobs/sales-executive-jobs-opening-in-garments-at-medavakkam-chennai-2939216
Account Executive,Client Of HR Tech,Chennai,2026-09-18,https://www.freshersworld.com/jobs/account-executive-jobs-opening-in-client-of-hr-tech-at-chennai-2934356,https://hrtechconsultant.com,Actively Hiring,"Company: Client Of HR Tech | Designation - Account ExecutiveResponsibilities-Create detailed business plans designed to attain predetermined goals and quotasManage the entire sales cycle from finding a client to securing a dealUnearth new sales opportunities through networking and turn them into long-term partnershipsPresent products to prospective clientsSending Debtor outstanding reports to the corporates and follow-up for the same through email & calls.Interbranch ledger reconciliation& Maintaining the billing system Generating invoices and account statementsKnowledge of general bookkeeping proceduresProficient in relevant computer softwareAssist with month-end closingCarry out billing, collection and reporting activities according to specific deadlinesWell-versed in Excel and should be knowledgeable about Vlook and other basic formulas SkillsKnowledge of market research, sales and negotiating principlesOutstanding knowledge of MS Office; knowledge of CRM software (eg. Salesforce) i",Freshersworld,https://hrtechconsultant.com,https://www.freshersworld.com/jobs/account-executive-jobs-opening-in-client-of-hr-tech-at-chennai-2934356
Sales & Telecalling Executive,ACCODECK,India,2026-09-08,"https://www.glassdoor.co.in/job-listing/sales-telecalling-executive-accodeck-JV_KO0,27_KE28,36.htm?jl=1010258484303",https://www.accodeck.com,Actively Hiring,Role: Sales & Telecalling Executive | Company: ACCODECK | Location: India | Source: Glassdoor,Glassdoor,https://www.accodeck.com,"https://www.glassdoor.co.in/job-listing/sales-telecalling-executive-accodeck-JV_KO0,27_KE28,36.htm?jl=1010258484303"
LinkedIn Lead Generation and Social Media Handling,Taxlegit,Noida,2026-09-06,"https://www.glassdoor.co.in/job-listing/linkedin-lead-generation-and-social-media-handling-taxlegit-JV_IC4477468_KO0,50_KE51,59.htm?jl=1010257125216",https://www.taxlegit.com,Actively Hiring,Role: LinkedIn Lead Generation and Social Media Handling | Company: Taxlegit | Location: Noida | Source: Glassdoor,Glassdoor,https://www.taxlegit.com,"https://www.glassdoor.co.in/job-listing/linkedin-lead-generation-and-social-media-handling-taxlegit-JV_IC4477468_KO0,50_KE51,59.htm?jl=1010257125216"
Business Development Executive (BDE),Swarnim India Charitable Foundation,India,2026-09-14,"https://www.glassdoor.co.in/job-listing/business-development-executive-bde-swarnim-india-charitable-foundation-JV_KO0,34_KE35,70.htm?jl=1010264916198",https://www.swarnimcharitablefoundation.com,Actively Hiring,Role: Business Development Executive (BDE) | Company: Swarnim India Charitable Foundation | Location: India | Source: Glassdoor,Glassdoor,https://www.swarnimcharitablefoundation.com,"https://www.glassdoor.co.in/job-listing/business-development-executive-bde-swarnim-india-charitable-foundation-JV_KO0,34_KE35,70.htm?jl=1010264916198"
Sales Rep / Territory Business Executive (Dermatology Specialty Sales),Novartis,Mumbai,2026-08-30,"https://www.glassdoor.co.in/job-listing/sales-rep-territory-business-executive-dermatology-specialty-sales-novartis-JV_IC2851180_KO0,66_KE67,75.htm?jl=1010248833824",https://www.novartis.com,Actively Hiring,Role: Sales Rep / Territory Business Executive (Dermatology Specialty Sales) | Company: Novartis | Location: Mumbai | Source: Glassdoor,Glassdoor,https://www.novartis.com,"https://www.glassdoor.co.in/job-listing/sales-rep-territory-business-executive-dermatology-specialty-sales-novartis-JV_IC2851180_KO0,66_KE67,75.htm?jl=1010248833824"
Regional Sales Executive,Xpress Health,Cochin,2026-09-07,"https://www.glassdoor.co.in/job-listing/regional-sales-executive-xpress-health-JV_IC2887994_KO0,24_KE25,38.htm?jl=1010257464545",https://www.xpresshealth.com,Actively Hiring,Role: Regional Sales Executive | Company: Xpress Health | Location: Cochin | Source: Glassdoor,Glassdoor,https://www.xpresshealth.com,"https://www.glassdoor.co.in/job-listing/regional-sales-executive-xpress-health-JV_IC2887994_KO0,24_KE25,38.htm?jl=1010257464545"
Business Development Executive (BDE),Dental Fruits,India,2026-08-29,"https://www.glassdoor.co.in/job-listing/business-development-executive-bde-dental-fruits-JV_KO0,34_KE35,48.htm?jl=1010246320716",https://us-en-prodentim.com,Actively Hiring,Role: Business Development Executive (BDE) | Company: Dental Fruits | Location: India | Source: Glassdoor,Glassdoor,https://us-en-prodentim.com,"https://www.glassdoor.co.in/job-listing/business-development-executive-bde-dental-fruits-JV_KO0,34_KE35,48.htm?jl=1010246320716"
Marketing Executive,Rams Real Estates,India,2026-08-19,"https://www.glassdoor.co.in/job-listing/marketing-executive-rams-real-estates-JV_KO0,19_KE20,37.htm?jl=1010233409240",https://ramsrealestates.com,Actively Hiring,Role: Marketing Executive | Company: Rams Real Estates | Location: India | Source: Glassdoor,Glassdoor,https://ramsrealestates.com,"https://www.glassdoor.co.in/job-listing/marketing-executive-rams-real-estates-JV_KO0,19_KE20,37.htm?jl=1010233409240"
Inside Sales Executive,Secure legalization services llc,Cochin,2026-09-13,"https://www.glassdoor.co.in/job-listing/inside-sales-executive-secure-legalization-services-llc-JV_IC2887994_KO0,22_KE23,55.htm?jl=1010263760983",https://www.uslegalization.com,Actively Hiring,Role: Inside Sales Executive | Company: Secure legalization services llc | Location: Cochin | Source: Glassdoor,Glassdoor,https://www.uslegalization.com,"https://www.glassdoor.co.in/job-listing/inside-sales-executive-secure-legalization-services-llc-JV_IC2887994_KO0,22_KE23,55.htm?jl=1010263760983"
Corporate Sales Executive,Nutty Affair Pvt Ltd,Vadodara,2026-09-08,"https://www.glassdoor.co.in/job-listing/corporate-sales-executive-nutty-affair-pvt-ltd-JV_IC2930179_KO0,25_KE26,46.htm?jl=1010258796642",https://www.nuttyaffair.com,Actively Hiring,Role: Corporate Sales Executive | Company: Nutty Affair Pvt Ltd | Location: Vadodara | Source: Glassdoor,Glassdoor,https://www.nuttyaffair.com,"https://www.glassdoor.co.in/job-listing/corporate-sales-executive-nutty-affair-pvt-ltd-JV_IC2930179_KO0,25_KE26,46.htm?jl=1010258796642"
Sales & Marketing Executive,Upstrol Health Care Pvt Ltd,India,2026-08-26,"https://www.glassdoor.co.in/job-listing/sales-marketing-executive-upstrol-health-care-pvt-ltd-JV_KO0,25_KE26,53.htm?jl=1010244219503",https://upstrol.com,Actively Hiring,Role: Sales & Marketing Executive | Company: Upstrol Health Care Pvt Ltd | Location: India | Source: Glassdoor,Glassdoor,https://upstrol.com,"https://www.glassdoor.co.in/job-listing/sales-marketing-executive-upstrol-health-care-pvt-ltd-JV_KO0,25_KE26,53.htm?jl=1010244219503"
Business Development Executive (BDE),ELKOS HEALTHCARE PVT LTD,India,2026-09-11,"https://www.glassdoor.co.in/job-listing/business-development-executive-bde-elkos-healthcare-pvt-ltd-JV_KO0,34_KE35,59.htm?jl=1010261543631",https://www.elkosgroup.in,Actively Hiring,Role: Business Development Executive (BDE) | Company: ELKOS HEALTHCARE PVT LTD | Location: India | Source: Glassdoor,Glassdoor,https://www.elkosgroup.in,"https://www.glassdoor.co.in/job-listing/business-development-executive-bde-elkos-healthcare-pvt-ltd-JV_KO0,34_KE35,59.htm?jl=1010261543631"
Telesales Executive,SHREEKUNJ SOFTECH,India,2026-09-06,"https://www.glassdoor.co.in/job-listing/telesales-executive-shreekunj-softech-JV_KO0,19_KE20,37.htm?jl=1010256083304",https://www.shreekunjsoftech.com,Actively Hiring,Role: Telesales Executive | Company: SHREEKUNJ SOFTECH | Location: India | Source: Glassdoor,Glassdoor,https://www.shreekunjsoftech.com,"https://www.glassdoor.co.in/job-listing/telesales-executive-shreekunj-softech-JV_KO0,19_KE20,37.htm?jl=1010256083304"
Senior Telemarketing Executive,Minerva Educational Institutions,India,2026-09-14,"https://www.glassdoor.co.in/job-listing/senior-telemarketing-executive-minerva-educational-institutions-JV_KO0,30_KE31,63.htm?jl=1010265008972",https://www.minervaeducationalinstitutions.com,Actively Hiring,Role: Senior Telemarketing Executive | Company: Minerva Educational Institutions | Location: India | Source: Glassdoor,Glassdoor,https://www.minervaeducationalinstitutions.com,"https://www.glassdoor.co.in/job-listing/senior-telemarketing-executive-minerva-educational-institutions-JV_KO0,30_KE31,63.htm?jl=1010265008972"
BDE (Business Development Executive),ELKOS HEALTHCARE PVT LTD,India,2026-08-22,"https://www.glassdoor.co.in/job-listing/bde-business-development-executive-elkos-healthcare-pvt-ltd-JV_KO0,34_KE35,59.htm?jl=1010239239398",https://www.elkosgroup.in,Actively Hiring,Role: BDE (Business Development Executive) | Company: ELKOS HEALTHCARE PVT LTD | Location: India | Source: Glassdoor,Glassdoor,https://www.elkosgroup.in,"https://www.glassdoor.co.in/job-listing/bde-business-development-executive-elkos-healthcare-pvt-ltd-JV_KO0,34_KE35,59.htm?jl=1010239239398"
Telesales Executive,METRO,India,2026-09-07,"https://www.glassdoor.co.in/job-listing/telesales-executive-metro-JV_KO0,19_KE20,25.htm?jl=1010257175902",https://www.metro.com,Actively Hiring,Role: Telesales Executive | Company: METRO | Location: India | Source: Glassdoor,Glassdoor,https://www.metro.com,"https://www.glassdoor.co.in/job-listing/telesales-executive-metro-JV_KO0,19_KE20,25.htm?jl=1010257175902"
Sales & Marketing Executive,BADRIVAS BIOTECH PRIVATE LIMITED,India,2026-08-19,"https://www.glassdoor.co.in/job-listing/sales-marketing-executive-badrivas-biotech-private-limited-JV_KO0,25_KE26,58.htm?jl=1010225395471",https://www.findglocal.com,Actively Hiring,Role: Sales & Marketing Executive | Company: BADRIVAS BIOTECH PRIVATE LIMITED | Location: India | Source: Glassdoor,Glassdoor,https://www.findglocal.com,"https://www.glassdoor.co.in/job-listing/sales-marketing-executive-badrivas-biotech-private-limited-JV_KO0,25_KE26,58.htm?jl=1010225395471"
Telesales Executive,Nutty Affair Pvt Ltd,Vadodara,2026-09-08,"https://www.glassdoor.co.in/job-listing/telesales-executive-nutty-affair-pvt-ltd-JV_IC2930179_KO0,19_KE20,40.htm?jl=1010258790000",https://www.nuttyaffair.com,Actively Hiring,Role: Telesales Executive | Company: Nutty Affair Pvt Ltd | Location: Vadodara | Source: Glassdoor,Glassdoor,https://www.nuttyaffair.com,"https://www.glassdoor.co.in/job-listing/telesales-executive-nutty-affair-pvt-ltd-JV_IC2930179_KO0,19_KE20,40.htm?jl=1010258790000"
Business Devlopment Executive,Dotok Communications llp,Calicut,2026-08-19,"https://www.glassdoor.co.in/job-listing/business-devlopment-executive-dotok-communications-llp-JV_IC2868442_KO0,29_KE30,54.htm?jl=1010228300697",https://www.dotokcommunicationsllp.com,Actively Hiring,Role: Business Devlopment Executive | Company: Dotok Communications llp | Location: Calicut | Source: Glassdoor,Glassdoor,https://www.dotokcommunicationsllp.com,"https://www.glassdoor.co.in/job-listing/business-devlopment-executive-dotok-communications-llp-JV_IC2868442_KO0,29_KE30,54.htm?jl=1010228300697"
Inside Sales Executive,Secure legalization services llc,India,2026-09-13,"https://www.glassdoor.co.in/job-listing/inside-sales-executive-secure-legalization-services-llc-JV_KO0,22_KE23,55.htm?jl=1010263739022",https://www.uslegalization.com,Actively Hiring,Role: Inside Sales Executive | Company: Secure legalization services llc | Location: India | Source: Glassdoor,Glassdoor,https://www.uslegalization.com,"https://www.glassdoor.co.in/job-listing/inside-sales-executive-secure-legalization-services-llc-JV_KO0,22_KE23,55.htm?jl=1010263739022"
Sales & Marketing Executive,Dental Fruits,Bengaluru,2026-08-19,"https://www.glassdoor.co.in/job-listing/sales-marketing-executive-dental-fruits-JV_IC2940587_KO0,25_KE26,39.htm?jl=1009931133571",https://us-en-prodentim.com,Actively Hiring,Role: Sales & Marketing Executive | Company: Dental Fruits | Location: Bengaluru | Source: Glassdoor,Glassdoor,https://us-en-prodentim.com,"https://www.glassdoor.co.in/job-listing/sales-marketing-executive-dental-fruits-JV_IC2940587_KO0,25_KE26,39.htm?jl=1009931133571"
Sales executive,K2S SOLAR PVT LTD,Puducherry,2026-09-15,"https://www.glassdoor.co.in/job-listing/sales-executive-k2s-solar-pvt-ltd-JV_IC2931441_KO0,15_KE16,33.htm?jl=1010266544117",https://www.k2ssolar.com,Actively Hiring,Role: Sales executive | Company: K2S SOLAR PVT LTD | Location: Puducherry | Source: Glassdoor,Glassdoor,https://www.k2ssolar.com,"https://www.glassdoor.co.in/job-listing/sales-executive-k2s-solar-pvt-ltd-JV_IC2931441_KO0,15_KE16,33.htm?jl=1010266544117"
Sales and Marketing Executive,Embtel Web Solutions Pvt. Ltd.,India,2026-08-19,"https://www.glassdoor.co.in/job-listing/sales-and-marketing-executive-embtel-web-solutions-pvt-ltd-JV_KO0,29_KE30,58.htm?jl=1009821229550",https://www.embtelweb.com,Actively Hiring,Role: Sales and Marketing Executive | Company: Embtel Web Solutions Pvt. Ltd. | Location: India | Source: Glassdoor,Glassdoor,https://www.embtelweb.com,"https://www.glassdoor.co.in/job-listing/sales-and-marketing-executive-embtel-web-solutions-pvt-ltd-JV_KO0,29_KE30,58.htm?jl=1009821229550"
Field Marketing Executive,Eldec-Sel Enterprises,India,2026-08-19,"https://www.glassdoor.co.in/job-listing/field-marketing-executive-eldec-sel-enterprises-JV_KO0,25_KE26,47.htm?jl=1010174533556",https://www.eldec.net,Actively Hiring,Role: Field Marketing Executive | Company: Eldec-Sel Enterprises | Location: India | Source: Glassdoor,Glassdoor,https://www.eldec.net,"https://www.glassdoor.co.in/job-listing/field-marketing-executive-eldec-sel-enterprises-JV_KO0,25_KE26,47.htm?jl=1010174533556"
Field Executive,OMEGA ONE MANPOWER AND CONSULTANCY PRIVATE,Bhubaneshwar,2026-09-08,"https://www.glassdoor.co.in/job-listing/field-executive-omega-one-manpower-and-consultancy-private-JV_IC4469444_KO0,15_KE16,58.htm?jl=1010259687891",https://www.omegaonemanpowerandconsultancyprivate.com,Actively Hiring,Role: Field Executive | Company: OMEGA ONE MANPOWER AND CONSULTANCY PRIVATE | Location: Bhubaneshwar | Source: Glassdoor,Glassdoor,https://www.omegaonemanpowerandconsultancyprivate.com,"https://www.glassdoor.co.in/job-listing/field-executive-omega-one-manpower-and-consultancy-private-JV_IC4469444_KO0,15_KE16,58.htm?jl=1010259687891"
Real Estate Land Sales Executive,GHL INDIA VENTURES,India,2026-08-20,"https://www.glassdoor.co.in/job-listing/real-estate-land-sales-executive-ghl-india-ventures-JV_KO0,32_KE33,51.htm?jl=1010238175665",https://www.ghlventures.com,Actively Hiring,Role: Real Estate Land Sales Executive | Company: GHL INDIA VENTURES | Location: India | Source: Glassdoor,Glassdoor,https://www.ghlventures.com,"https://www.glassdoor.co.in/job-listing/real-estate-land-sales-executive-ghl-india-ventures-JV_KO0,32_KE33,51.htm?jl=1010238175665"
Lead Executive,Coronet Foods Pvt Ltd,Hyderābād,2026-08-19,"https://www.glassdoor.co.in/job-listing/lead-executive-coronet-foods-pvt-ltd-JV_IC2865319_KO0,14_KE15,36.htm?jl=1008588504924",https://www.coronetfoods.com,Actively Hiring,Role: Lead Executive | Company: Coronet Foods Pvt Ltd | Location: Hyderābād | Source: Glassdoor,Glassdoor,https://www.coronetfoods.com,"https://www.glassdoor.co.in/job-listing/lead-executive-coronet-foods-pvt-ltd-JV_IC2865319_KO0,14_KE15,36.htm?jl=1008588504924"
Sales and Marketing Executive - Lead Generation,Ritinox Overseas LLP,India,2026-09-15,"https://www.glassdoor.co.in/job-listing/sales-and-marketing-executive-lead-generation-ritinox-overseas-llp-JV_KO0,45_KE46,66.htm?jl=1010266424653",https://www.ritinoxoverseasllp.com,Actively Hiring,Role: Sales and Marketing Executive - Lead Generation | Company: Ritinox Overseas LLP | Location: India | Source: Glassdoor,Glassdoor,https://www.ritinoxoverseasllp.com,"https://www.glassdoor.co.in/job-listing/sales-and-marketing-executive-lead-generation-ritinox-overseas-llp-JV_KO0,45_KE46,66.htm?jl=1010266424653"
Export Marketing Executive,Mediwin Pharmaceuticals,India,2026-08-19,"https://www.glassdoor.co.in/job-listing/export-marketing-executive-mediwin-pharmaceuticals-JV_KO0,26_KE27,50.htm?jl=1010220506818",http://www.medwinpharma.in,Actively Hiring,Role: Export Marketing Executive | Company: Mediwin Pharmaceuticals | Location: India | Source: Glassdoor,Glassdoor,http://www.medwinpharma.in,"https://www.glassdoor.co.in/job-listing/export-marketing-executive-mediwin-pharmaceuticals-JV_KO0,26_KE27,50.htm?jl=1010220506818"
Marketing Executive,Yuvodaya Group of Institution,Bhubaneshwar,2026-09-06,"https://www.glassdoor.co.in/job-listing/marketing-executive-yuvodaya-group-of-institution-JV_IC4469444_KO0,19_KE20,49.htm?jl=1010256155132",https://www.yuvodayaofinstitution.com,Actively Hiring,Role: Marketing Executive | Company: Yuvodaya Group of Institution | Location: Bhubaneshwar | Source: Glassdoor,Glassdoor,https://www.yuvodayaofinstitution.com,"https://www.glassdoor.co.in/job-listing/marketing-executive-yuvodaya-group-of-institution-JV_IC4469444_KO0,19_KE20,49.htm?jl=1010256155132"
Sales Executive ( International Process),NSEG Pvt Ltd,India,2026-08-19,"https://www.glassdoor.co.in/job-listing/sales-executive-international-process-nseg-pvt-ltd-JV_KO0,37_KE38,50.htm?jl=1010228973994",https://www.nseg.com,Actively Hiring,Role: Sales Executive ( International Process) | Company: NSEG Pvt Ltd | Location: India | Source: Glassdoor,Glassdoor,https://www.nseg.com,"https://www.glassdoor.co.in/job-listing/sales-executive-international-process-nseg-pvt-ltd-JV_KO0,37_KE38,50.htm?jl=1010228973994"
Senior Executive - Business Development,Group 8a,Ahmedabad,2026-08-19,"https://www.glassdoor.co.in/job-listing/senior-executive-business-development-group-8a-JV_IC2935226_KO0,37_KE38,46.htm?jl=1010237619249",https://www.army.mil,Actively Hiring,Role: Senior Executive - Business Development | Company: Group 8a | Location: Ahmedabad | Source: Glassdoor,Glassdoor,https://www.army.mil,"https://www.glassdoor.co.in/job-listing/senior-executive-business-development-group-8a-JV_IC2935226_KO0,37_KE38,46.htm?jl=1010237619249"
Sr. Sales Executive,Chemo biological,India,2026-08-23,"https://www.glassdoor.co.in/job-listing/sr-sales-executive-chemo-biological-JV_KO0,18_KE19,35.htm?jl=1010240368920",https://www.chemobiological.net,Actively Hiring,Role: Sr. Sales Executive | Company: Chemo biological | Location: India | Source: Glassdoor,Glassdoor,https://www.chemobiological.net,"https://www.glassdoor.co.in/job-listing/sr-sales-executive-chemo-biological-JV_KO0,18_KE19,35.htm?jl=1010240368920"
Sales Executive,JOY ENTERPRISE,Adalaj,2026-09-13,"https://www.glassdoor.co.in/job-listing/sales-executive-joy-enterprise-JV_IC2859917_KO0,15_KE16,30.htm?jl=1010263890864",https://www.joyenterprise.com,Actively Hiring,Role: Sales Executive | Company: JOY ENTERPRISE | Location: Adalaj | Source: Glassdoor,Glassdoor,https://www.joyenterprise.com,"https://www.glassdoor.co.in/job-listing/sales-executive-joy-enterprise-JV_IC2859917_KO0,15_KE16,30.htm?jl=1010263890864"
Business Development Executive (BDE),Beyond Red Ocean Consulting,India,2026-09-07,"https://www.glassdoor.co.in/job-listing/business-development-executive-bde-beyond-red-ocean-consulting-JV_KO0,34_KE35,62.htm?jl=1010257332825",https://www.beyondredoceanconsulting.com,Actively Hiring,Role: Business Development Executive (BDE) | Company: Beyond Red Ocean Consulting | Location: India | Source: Glassdoor,Glassdoor,https://www.beyondredoceanconsulting.com,"https://www.glassdoor.co.in/job-listing/business-development-executive-bde-beyond-red-ocean-consulting-JV_KO0,34_KE35,62.htm?jl=1010257332825"
Inbound & Outbound Sales Executive,GSR Global,Mohali,2026-09-06,"https://www.glassdoor.co.in/job-listing/inbound-outbound-sales-executive-gsr-global-JV_IC4469455_KO0,32_KE33,43.htm?jl=1010256420250",https://www.gsrusa.net,Actively Hiring,Role: Inbound & Outbound Sales Executive | Company: GSR Global | Location: Mohali | Source: Glassdoor,Glassdoor,https://www.gsrusa.net,"https://www.glassdoor.co.in/job-listing/inbound-outbound-sales-executive-gsr-global-JV_IC4469455_KO0,32_KE33,43.htm?jl=1010256420250"
BDE (Business Development Executive),Adgine media,Calicut,2026-08-19,"https://www.glassdoor.co.in/job-listing/bde-business-development-executive-adgine-media-JV_IC2868442_KO0,34_KE35,47.htm?jl=1010229187119",https://adginemedia.com,Actively Hiring,Role: BDE (Business Development Executive) | Company: Adgine media | Location: Calicut | Source: Glassdoor,Glassdoor,https://adginemedia.com,"https://www.glassdoor.co.in/job-listing/bde-business-development-executive-adgine-media-JV_IC2868442_KO0,34_KE35,47.htm?jl=1010229187119"
Tele Calling Executive,METRO,Palakkad,2026-09-08,"https://www.glassdoor.co.in/job-listing/tele-calling-executive-metro-JV_IC4469496_KO0,22_KE23,28.htm?jl=1010258632211",https://www.metro.com,Actively Hiring,Role: Tele Calling Executive | Company: METRO | Location: Palakkad | Source: Glassdoor,Glassdoor,https://www.metro.com,"https://www.glassdoor.co.in/job-listing/tele-calling-executive-metro-JV_IC4469496_KO0,22_KE23,28.htm?jl=1010258632211"
Tele Caller Executive,GS media marketing,Ahmedabad,2026-09-13,"https://www.glassdoor.co.in/job-listing/tele-caller-executive-gs-media-marketing-JV_IC2935226_KO0,21_KE22,40.htm?jl=1010263710543",https://www.gsmediamarketing.com,Actively Hiring,Role: Tele Caller Executive | Company: GS media marketing | Location: Ahmedabad | Source: Glassdoor,Glassdoor,https://www.gsmediamarketing.com,"https://www.glassdoor.co.in/job-listing/tele-caller-executive-gs-media-marketing-JV_IC2935226_KO0,21_KE22,40.htm?jl=1010263710543"
Business Development Executive – Architectural Visualisation,Xpressions Pixel Works Pvt. Ltd.,India,2026-08-31,"https://www.glassdoor.co.in/job-listing/business-development-executive-architectural-visualisation-xpressions-pixel-works-pvt-ltd-JV_KO0,58_KE59,89.htm?jl=1010250129219",https://www.xpressionspixelworks.com,Actively Hiring,Role: Business Development Executive – Architectural Visualisation | Company: Xpressions Pixel Works Pvt. Ltd. | Location: India | Source: Glassdoor,Glassdoor,https://www.xpressionspixelworks.com,"https://www.glassdoor.co.in/job-listing/business-development-executive-architectural-visualisation-xpressions-pixel-works-pvt-ltd-JV_KO0,58_KE59,89.htm?jl=1010250129219"
Solar Consultant & Sales Executive,Nigaran Green Energy Solutions,India,2026-08-19,"https://www.glassdoor.co.in/job-listing/solar-consultant-sales-executive-nigaran-green-energy-solutions-JV_KO0,32_KE33,63.htm?jl=1010186542528",https://www.nigaran.in,Actively Hiring,Role: Solar Consultant & Sales Executive | Company: Nigaran Green Energy Solutions | Location: India | Source: Glassdoor,Glassdoor,https://www.nigaran.in,"https://www.glassdoor.co.in/job-listing/solar-consultant-sales-executive-nigaran-green-energy-solutions-JV_KO0,32_KE33,63.htm?jl=1010186542528"
Inside Sales Executive,VR 360TY TECH SOLUTIONS,Bengaluru,2026-09-06,"https://www.glassdoor.co.in/job-listing/inside-sales-executive-vr-360ty-tech-solutions-JV_IC2940587_KO0,22_KE23,46.htm?jl=1010256371728",https://www.vr360ty.com,Actively Hiring,Role: Inside Sales Executive | Company: VR 360TY TECH SOLUTIONS | Location: Bengaluru | Source: Glassdoor,Glassdoor,https://www.vr360ty.com,"https://www.glassdoor.co.in/job-listing/inside-sales-executive-vr-360ty-tech-solutions-JV_IC2940587_KO0,22_KE23,46.htm?jl=1010256371728"
Business Development Executive (BDE),StudySmart,Pune,2026-08-19,"https://www.glassdoor.co.in/job-listing/business-development-executive-bde-studysmart-JV_IC2856202_KO0,34_KE35,45.htm?jl=1010173247769",https://www.studysmart.com,Actively Hiring,Role: Business Development Executive (BDE) | Company: StudySmart | Location: Pune | Source: Glassdoor,Glassdoor,https://www.studysmart.com,"https://www.glassdoor.co.in/job-listing/business-development-executive-bde-studysmart-JV_IC2856202_KO0,34_KE35,45.htm?jl=1010173247769"
Field Sales Executive,Equitypandit Financial Services Pvt Ltd,India,2026-08-19,"https://www.glassdoor.co.in/job-listing/field-sales-executive-equitypandit-financial-services-pvt-ltd-JV_KO0,21_KE22,61.htm?jl=1010233513580",https://www.equitypanditfinancial.com,Actively Hiring,Role: Field Sales Executive | Company: Equitypandit Financial Services Pvt Ltd | Location: India | Source: Glassdoor,Glassdoor,https://www.equitypanditfinancial.com,"https://www.glassdoor.co.in/job-listing/field-sales-executive-equitypandit-financial-services-pvt-ltd-JV_KO0,21_KE22,61.htm?jl=1010233513580"
sales field Executive,Cholamandalam Investment & Finance,India,2026-08-26,"https://www.glassdoor.co.in/job-listing/sales-field-executive-cholamandalam-investment-finance-JV_KO0,21_KE22,54.htm?jl=1010243901969",https://www.cholamandalaminvestmentfinance.com,Actively Hiring,Role: sales field Executive | Company: Cholamandalam Investment & Finance | Location: India | Source: Glassdoor,Glassdoor,https://www.cholamandalaminvestmentfinance.com,"https://www.glassdoor.co.in/job-listing/sales-field-executive-cholamandalam-investment-finance-JV_KO0,21_KE22,54.htm?jl=1010243901969"
Sales & Marketing Executive,Agetree Technologies Pvt ltd,India,2026-08-19,"https://www.glassdoor.co.in/job-listing/sales-marketing-executive-agetree-technologies-pvt-ltd-JV_KO0,25_KE26,54.htm?jl=1010226536674",https://agetreedigital.com,Actively Hiring,Role: Sales & Marketing Executive | Company: Agetree Technologies Pvt ltd | Location: India | Source: Glassdoor,Glassdoor,https://agetreedigital.com,"https://www.glassdoor.co.in/job-listing/sales-marketing-executive-agetree-technologies-pvt-ltd-JV_KO0,25_KE26,54.htm?jl=1010226536674"
Field Sales Executive( Male),PARREES,India,2026-08-19,"https://www.glassdoor.co.in/job-listing/field-sales-executive-male-parrees-JV_KO0,26_KE27,34.htm?jl=1009834864228",https://www.parrees.com,Actively Hiring,Role: Field Sales Executive( Male) | Company: PARREES | Location: India | Source: Glassdoor,Glassdoor,https://www.parrees.com,"https://www.glassdoor.co.in/job-listing/field-sales-executive-male-parrees-JV_KO0,26_KE27,34.htm?jl=1009834864228"
sales field Executive,Cholamandalam Investment & Finance,India,2026-08-26,"https://www.glassdoor.co.in/job-listing/sales-field-executive-cholamandalam-investment-finance-JV_KO0,21_KE22,54.htm?jl=1010243903431",https://www.cholamandalaminvestmentfinance.com,Actively Hiring,Role: sales field Executive | Company: Cholamandalam Investment & Finance | Location: India | Source: Glassdoor,Glassdoor,https://www.cholamandalaminvestmentfinance.com,"https://www.glassdoor.co.in/job-listing/sales-field-executive-cholamandalam-investment-finance-JV_KO0,21_KE22,54.htm?jl=1010243903431"
Sale Executive,foreastro,Gurgaon,2026-08-30,"https://www.glassdoor.co.in/job-listing/sale-executive-foreastro-JV_IC2921225_KO0,14_KE15,24.htm?jl=1010249131969",https://www.foreastro.com,Actively Hiring,Role: Sale Executive | Company: foreastro | Location: Gurgaon | Source: Glassdoor,Glassdoor,https://www.foreastro.com,"https://www.glassdoor.co.in/job-listing/sale-executive-foreastro-JV_IC2921225_KO0,14_KE15,24.htm?jl=1010249131969"
Inside Sales Executive,SCM Connect Private Limited,India,2026-08-19,"https://www.glassdoor.co.in/job-listing/inside-sales-executive-scm-connect-private-limited-JV_KO0,22_KE23,50.htm?jl=1010162439983",https://scmconnect.in,Actively Hiring,Role: Inside Sales Executive | Company: SCM Connect Private Limited | Location: India | Source: Glassdoor,Glassdoor,https://scmconnect.in,"https://www.glassdoor.co.in/job-listing/inside-sales-executive-scm-connect-private-limited-JV_KO0,22_KE23,50.htm?jl=1010162439983"
sales field Executive,Cholamandalam Investment & Finance,Trichy,2026-08-26,"https://www.glassdoor.co.in/job-listing/sales-field-executive-cholamandalam-investment-finance-JV_IC4470973_KO0,21_KE22,54.htm?jl=1010243905607",https://www.cholamandalaminvestmentfinance.com,Actively Hiring,Role: sales field Executive | Company: Cholamandalam Investment & Finance | Location: Trichy | Source: Glassdoor,Glassdoor,https://www.cholamandalaminvestmentfinance.com,"https://www.glassdoor.co.in/job-listing/sales-field-executive-cholamandalam-investment-finance-JV_IC4470973_KO0,21_KE22,54.htm?jl=1010243905607"
sales field Executive,Cholamandalam Investment & Finance,Madurai,2026-08-26,"https://www.glassdoor.co.in/job-listing/sales-field-executive-cholamandalam-investment-finance-JV_IC2833210_KO0,21_KE22,54.htm?jl=1010243901598",https://www.cholamandalaminvestmentfinance.com,Actively Hiring,Role: sales field Executive | Company: Cholamandalam Investment & Finance | Location: Madurai | Source: Glassdoor,Glassdoor,https://www.cholamandalaminvestmentfinance.com,"https://www.glassdoor.co.in/job-listing/sales-field-executive-cholamandalam-investment-finance-JV_IC2833210_KO0,21_KE22,54.htm?jl=1010243901598"
B2B Demand Generation & Growth Marketing Manager (US Market),Dhareclaim,India,2026-08-19,"https://www.glassdoor.co.in/job-listing/b2b-demand-generation-growth-marketing-manager-us-market-dhareclaim-JV_KO0,56_KE57,67.htm?jl=1010197711852",https://www.dhareclaim.com,Actively Hiring,Role: B2B Demand Generation & Growth Marketing Manager (US Market) | Company: Dhareclaim | Location: India | Source: Glassdoor,Glassdoor,https://www.dhareclaim.com,"https://www.glassdoor.co.in/job-listing/b2b-demand-generation-growth-marketing-manager-us-market-dhareclaim-JV_KO0,56_KE57,67.htm?jl=1010197711852"
Sales Executive/Sales Manager,Fitness Infra LLP,India,2026-09-15,"https://www.glassdoor.co.in/job-listing/sales-executive-sales-manager-fitness-infra-llp-JV_KO0,29_KE30,47.htm?jl=1010266049571",https://www.fitnessinfrallp.com,Actively Hiring,Role: Sales Executive/Sales Manager | Company: Fitness Infra LLP | Location: India | Source: Glassdoor,Glassdoor,https://www.fitnessinfrallp.com,"https://www.glassdoor.co.in/job-listing/sales-executive-sales-manager-fitness-infra-llp-JV_KO0,29_KE30,47.htm?jl=1010266049571"
Business Development Executive (Interior Design),DAF INTERNATIONAL PVT.LTD.,India,2026-09-12,"https://www.glassdoor.co.in/job-listing/business-development-executive-interior-design-daf-international-pvt-ltd-JV_KO0,46_KE47,72.htm?jl=1010262532725",https://www.dafinternational.com,Actively Hiring,Role: Business Development Executive (Interior Design) | Company: DAF INTERNATIONAL PVT.LTD. | Location: India | Source: Glassdoor,Glassdoor,https://www.dafinternational.com,"https://www.glassdoor.co.in/job-listing/business-development-executive-interior-design-daf-international-pvt-ltd-JV_KO0,46_KE47,72.htm?jl=1010262532725"
Customer Relationship Executive,Promeal Biotech Pvt. Ltd.,India,2026-08-19,"https://www.glassdoor.co.in/job-listing/customer-relationship-executive-promeal-biotech-pvt-ltd-JV_KO0,31_KE32,55.htm?jl=1010110161081",https://www.promealbiotech.com,Actively Hiring,Role: Customer Relationship Executive | Company: Promeal Biotech Pvt. Ltd. | Location: India | Source: Glassdoor,Glassdoor,https://www.promealbiotech.com,"https://www.glassdoor.co.in/job-listing/customer-relationship-executive-promeal-biotech-pvt-ltd-JV_KO0,31_KE32,55.htm?jl=1010110161081"
Marketing Executive,Maple ion technology,Guwahati,2026-09-11,"https://www.glassdoor.co.in/job-listing/marketing-executive-maple-ion-technology-JV_IC2851826_KO0,19_KE20,40.htm?jl=1010261630434",https://www.mapleiontechnology.com,Actively Hiring,Role: Marketing Executive | Company: Maple ion technology | Location: Guwahati | Source: Glassdoor,Glassdoor,https://www.mapleiontechnology.com,"https://www.glassdoor.co.in/job-listing/marketing-executive-maple-ion-technology-JV_IC2851826_KO0,19_KE20,40.htm?jl=1010261630434"
UK Public Relations Account Executive (UK Based),Max Borges Agency,United Kingdom,2026-09-21,https://himalayas.app/companies/max-borges-agency/jobs/uk-public-relations-account-executive-uk-based-1187847860,https://www.maxborgesagency.com,Actively Hiring,Type: Full Time,Himalayas,https://www.maxborgesagency.com,https://himalayas.app/companies/max-borges-agency/jobs/uk-public-relations-account-executive-uk-based-1187847860
Executive Marketing Coordinator - Operations Support,Pavago,South Africa,2026-09-21,https://himalayas.app/companies/pavago/jobs/executive-marketing-coordinator-operations-support-5628524933,https://www.pavago.co,Actively Hiring,Type: Full Time,Himalayas,https://www.pavago.co,https://himalayas.app/companies/pavago/jobs/executive-marketing-coordinator-operations-support-5628524933
Strategic Account Executive Nordics,Saviynt,"Denmark, Sweden",2026-09-21,https://himalayas.app/companies/saviynt/jobs/strategic-account-executive-nordics,https://www.saviynt.com,Actively Hiring,Type: Full Time,Himalayas,https://www.saviynt.com,https://himalayas.app/companies/saviynt/jobs/strategic-account-executive-nordics
Automotive KA Operations Specialist (Lead Generation) - TikTok LIVE,TikTok,"Los Angeles, CA",2026-09-13,https://www.indeed.com/viewjob?jk=09ccb20c269a454f,https://tiktok-ui.vercel.app,Actively Hiring,"Familiarity with automotive lead management and CRM systems, and with how leads are handed off from platform to dealer to sales.",Indeed,https://tiktok-ui.vercel.app,https://www.indeed.com/viewjob?jk=09ccb20c269a454f
Lead Generation Specialist,Funeral Directors Life,"Abilene, TX 79606",2026-09-13,https://www.indeed.com/viewjob?jk=f34a2c013e7c3d80,https://www.funeraldirectorslife.com,Actively Hiring,The LEAD GENERATION SPECIALIST is also responsible for making creative suggestions to help our funeral home clients gain quality leads and achieve good…,Indeed,https://www.funeraldirectorslife.com,https://www.indeed.com/viewjob?jk=f34a2c013e7c3d80
Inside Sales & Lead Generation Specialist (584),Utron,"Hackensack, NJ 07601",2026-09-13,https://www.indeed.com/viewjob?jk=5bc02ac3ea9ecaa6,https://www.utron.com,Actively Hiring,"Maintain accurate lead and activity records in the CRM.
Hand over qualified leads to the Sales team with clear, complete documentation.",Indeed,https://www.utron.com,https://www.indeed.com/viewjob?jk=5bc02ac3ea9ecaa6
Partner Executive - Computacenter,NetApp,"New York, NY",2026-09-15,https://www.indeed.com/viewjob?jk=1e57a993b15e54b9,https://www.netapp.com,Actively Hiring,"Strong executive communication, presentation, and stakeholder-management skills.
Ability to build credibility and influence across sales, technical, and…",Indeed,https://www.netapp.com,https://www.indeed.com/viewjob?jk=1e57a993b15e54b9
Enterprise Account Executive,LVT,"American Fork, UT 84003",2026-09-13,https://www.indeed.com/viewjob?jk=c55db8b1dc272c39,https://www.lvt.com,Actively Hiring,Executive Presence: You are a master communicator who can translate technical AI capabilities into clear business ROI for C-suite and executive-level audiences.,Indeed,https://www.lvt.com,https://www.indeed.com/viewjob?jk=c55db8b1dc272c39
Lead Generation Executive,Ganit Business Solutions,Chennai District,2026-09-04,https://www.jobleads.com/in/job/lead-generation-executive--chennai-district--ee85f1fbed557113ce2c3cfab72011081,https://www.ganitinc.com,Actively Hiring,"Company: Ganit Business Solutions | Job Title: Lead Generation Executive Experience: 0-2 Years Location: Chennai Employment Type: Full-Time About the Role We are looking for a proactive and enthusiastic Lead Generation Executive / Inside Sales Executive to join our Sales & Marketing team. The ideal candidate will be responsible for identifying potential customers, generating qualified leads, engaging prospects through calls and emails, and supporting marketing initiatives and event coordination. This role is ideal for candidates with 6 months to 2 years of experience who are passionate about sales, communication, and customer engagement. Key Responsibilities Generate qualified leads through outbound calls, emails, LinkedIn, and other digital channels. Conduct market research to identify prospective customers and business opportunities. Qualify leads by understanding customer requirements and schedule meetings for the sales team. Maintain and update lead information in the CRM system. F",JobLeads,https://www.ganitinc.com,https://www.jobleads.com/in/job/lead-generation-executive--chennai-district--ee85f1fbed557113ce2c3cfab72011081
Business Development Executive (Lead Generation),Terasol Technologies Pvt. Ltd.,Chennai,2026-09-04,https://www.jobleads.com/in/job/business-development-executive-lead-generation--chennai--e0a079fc26e9fd52a95e103fd7d315f5e,https://www.terasol.com,Actively Hiring,Terasol Technologies Pvt. Ltd. is hiring Business Development Executive (Lead Generation) in Chennai. Apply now with JobLeads!,JobLeads,https://www.terasol.com,https://www.jobleads.com/in/job/business-development-executive-lead-generation--chennai--e0a079fc26e9fd52a95e103fd7d315f5e
Lead Generation / Demand Generation Professional,Sone India,"Chennai District, Bengaluru",2026-09-04,https://www.jobleads.com/in/job/lead-generation-demand-generation-professional--chennai-district--bengaluru--e337b1b196baadfd408f319d464cd4c1d,https://www.sone.com,Actively Hiring,"Company: Sone India | Lead Generation / Demand Generation Professional ( Electrical/ Wire Cable/ Infrastructure) Job Summary Sone India is looking for dynamic Lead Generation/ Demand Generation to in hance the customer satisfaction and maintain healthy relationship across assigned regions and customer segments. Generate and develop new leads for Wires & Cables through various channels. Identify potential customers, projects, contractors, consultants, dealers, and business opportunities. Conduct outbound calls, email campaigns, market research, and other lead-generation activities. Qualify leads and coordinate with the sales team for further conversion. Maintain and regularly update lead databases, follow-ups, and sales pipelines. Track market trends and competitor activities to identify new business opportunities. Achieve defined lead-generation and demand-generation targets. Preferred Profile: Graduate with 1-3 years of experience in B2B lead generation, inside sales, tele-calling, or",JobLeads,https://www.sone.com,https://www.jobleads.com/in/job/lead-generation-demand-generation-professional--chennai-district--bengaluru--e337b1b196baadfd408f319d464cd4c1d
Lead Generation Specialist,Krea Eknowledge Private Limited,Chennai District,2026-09-04,https://www.jobleads.com/in/job/lead-generation-specialist--chennai-district--e2574907731515aa1505c979ec830c042,https://www.kreaeknowledge.com,Actively Hiring,Krea Eknowledge Private Limited is hiring Lead Generation Specialist in Chennai District. Apply now with JobLeads!,JobLeads,https://www.kreaeknowledge.com,https://www.jobleads.com/in/job/lead-generation-specialist--chennai-district--e2574907731515aa1505c979ec830c042
Lead Generation Executive,Acara Solutions,"Chennai District, Bengaluru",2026-09-06,https://www.jobleads.com/in/job/lead-generation-executive--chennai-district--bengaluru--e3ddf8a9eeb8114c8c9401b7929636a58,https://www.acara.com,Actively Hiring,"Company: Acara Solutions | Greetings from Acara Solutions ! We are seeking a proactive, energetic, and results-oriented Lead Generation Executive to join our Sales team. The ideal candidate will be responsible for identifying potential clients, generating qualified leads, and supporting business growth initiatives for our recruitment and staffing solutions. This role is an excellent opportunity for individuals passionate about sales, business development, customer engagement, and building long-term client relationships. Location Chennai / Bangalore Work Schedule 5 days working [Mon-Fri] Work from the office Department Sales / Business Development Experience 0 to 3 years Role & responsibilities Conduct market research to identify prospective clients and key decision-makers across target industries. Generate new business opportunities through outbound calls, emails, LinkedIn outreach, social media platforms, and other lead-generation channels. Qualify leads by understanding client requir",JobLeads,https://www.acara.com,https://www.jobleads.com/in/job/lead-generation-executive--chennai-district--bengaluru--e3ddf8a9eeb8114c8c9401b7929636a58
Lead Generation Specialist,Krea Healthcare Private Limited,Chennai District,2026-09-04,https://www.jobleads.com/in/job/lead-generation-specialist--chennai-district--e4c6bddf5c850d04bc675e6a58475383a,https://www.kreahealthcare.com,Actively Hiring,Krea Healthcare Private Limited is hiring Lead Generation Specialist in Chennai District. Apply now with JobLeads!,JobLeads,https://www.kreahealthcare.com,https://www.jobleads.com/in/job/lead-generation-specialist--chennai-district--e4c6bddf5c850d04bc675e6a58475383a
Sales Executive - Client Acquisition,Vision Thru Hr Solutions,Chennai District,2026-09-04,https://www.jobleads.com/in/job/sales-executive-client-acquisition--chennai-district--e0896a17f6a117d7569ffe7ca45835d80,https://www.visionthruhr.com,Actively Hiring,"Company: Vision Thru Hr Solutions | Drive business growth through lead generation, prospecting and client acquisition. Identify new opportunities, connect with potential clients, understand requirements, present solutions, follow up and convert prospects into business. Required Candidate profile 1–3 years’ exp in Sales/Business Development with strong communication & client acquisition skills. Self-driven, target-oriented N confident in lead generation, client interaction N follow-ups.",JobLeads,https://www.visionthruhr.com,https://www.jobleads.com/in/job/sales-executive-client-acquisition--chennai-district--e0896a17f6a117d7569ffe7ca45835d80
Business Development Executive,MadMaze Studios Private Limited,Chennai District,2026-09-04,https://www.jobleads.com/in/job/business-development-executive--chennai-district--e1f63448f620adaff36a3ff8fabc917c8,https://www.madmazestudios.com,Actively Hiring,"Company: MadMaze Studios Private Limited | Experience: 2 - 4 years (events, media,or B2B services) About Us: We are a Google 5-Star rated Integrated Marketing Agency based in Chennai, established in2014. For over 12 years, we've partnered with brands across India to deliver seamless eventexperiences and meaningful digital growth. From large-scale, multi-city event executions toend-to-end digital solutions via our dedicated digital arm, we are a one-stop marketing partnerfor brands looking to show up powerfully both offline and online. About the Role: As a Business Development Executive, you'll be at the front line of growth — generatingleads, opening doors, and building the early relationships that turn into long-term business.You'll work closely with the Sales & Client Servicing Manager to convert opportunities intoconfirmed projects, while learning the ropes of client management and strategic selling. Ifyou're driven by targets and enjoy the thrill of the chase, this role will sharpe",JobLeads,https://www.madmazestudios.com,https://www.jobleads.com/in/job/business-development-executive--chennai-district--e1f63448f620adaff36a3ff8fabc917c8
HR Executive,VSD Technologies,Chennai District,2026-09-04,https://www.jobleads.com/in/job/hr-executive--chennai-district--ed86665cc2668a0bcd4579d23ac3b5d79,https://www.vsd.com,Actively Hiring,VSD Technologies is hiring HR Executive in Chennai District. Apply now with JobLeads!,JobLeads,https://www.vsd.com,https://www.jobleads.com/in/job/hr-executive--chennai-district--ed86665cc2668a0bcd4579d23ac3b5d79
Tele Marketing Executive_ Female Only,Seven Consultancy,Chennai District,2026-09-04,https://www.jobleads.com/in/job/tele-marketing-executive-female-only--chennai-district--edae5b08d6cdf744432647ea211b81735,https://www.sevenconsultancy.com,Actively Hiring,"Company: Seven Consultancy | Make outbound calls to potential customers and promote Explain offerings, answer queries, and handle customer objections. Generate leads and follow up with interested customers. Achieve sales targets and maintain customer call records. Required Candidate profile Graduate with experience in telemarketing and lead generation. Good communication and customer handling skills. Experienced in lead follow-up and achieving sales targets.",JobLeads,https://www.sevenconsultancy.com,https://www.jobleads.com/in/job/tele-marketing-executive-female-only--chennai-district--edae5b08d6cdf744432647ea211b81735
Inside Sales Executive,Captalent Hr,Chennai District,2026-09-05,https://www.jobleads.com/in/job/inside-sales-executive--chennai-district--ed143b1e7f5858ff3ac0d8edb123117fc,https://captalenthr.com,Actively Hiring,"Company: Captalent Hr | Role & responsibilities BusinessDevelopmentExecutiveLeadGeneration&ClientAcquisition Location: Chennai Department: BusinessDevelopment/Sales Designation: BusinessDevelopmentExecutive Experience: 13years EmploymentType: Full-time AbouttheRole : Wearelookingforaproactiveandresultoriented BusinessDevelopmentExecutive to supportourbusinessgrowththrough leadgeneration,prospectidentification,coldcalling, clientengagementandappointmentsetting . Thecandidatewillberesponsibleforidentifyingpotentialclientsusingplatformssuchas LinkedInSalesNavigatorandotherlead-generationtools ,connectingwithkeydecision-makers,understandingtheirbusinessrequirements,andgeneratingqualifiedleadsfortheseniormanagement/salesteamtoconvertintoclients. Therolerequiresexcellentcommunicationskills,persistence,confidenceinmakingcoldcalls,andtheabilitytobuildprofessionalrelationshipswithprospectiveclients. Preferred candidate profile Theidealcandidateshouldbe: Confidentandcomfortablemakingcoldcalls. H",JobLeads,https://captalenthr.com,https://www.jobleads.com/in/job/inside-sales-executive--chennai-district--ed143b1e7f5858ff3ac0d8edb123117fc
Lead Generation/Demand Generation (Electrical/ Wire Cable),Sone India,"Chennai District, Bengaluru",2026-09-04,https://www.jobleads.com/in/job/lead-generation-demand-generation-electrical-wire-cable--chennai-district--bengaluru--e4aff21272f022b106ea24ba006edf205,https://www.sone.com,Actively Hiring,"Company: Sone India | Job Summary Sone India is looking for dynamic Lead Genration/ Demand Generation to inhance the customer satisfaction and maintain healthy realtionship across assigned regions and customer segments. Generate and develop new leads for Wires & Cables through various channels. Identify potential customers, projects, contractors, consultants, dealers, and business opportunities. Conduct outbound calls, email campaigns, market research, and other lead-generation activities. Qualify leads and coordinate with the sales team for further conversion. Maintain and regularly update lead databases, follow-ups, and sales pipelines. Track market trends and competitor activities to identify new business opportunities. Achieve defined lead-generation and demand-generation targets. Preferred Profile: Graduate with 1 to 3 years of experience in B2B lead generation, inside sales, tele-calling, or business development. Experience in Electrical, Wires & Cables, EPC, Infrastructure, or r",JobLeads,https://www.sone.com,https://www.jobleads.com/in/job/lead-generation-demand-generation-electrical-wire-cable--chennai-district--bengaluru--e4aff21272f022b106ea24ba006edf205
Inside Sales Executive / Business Development Executive,V Connect Management Services,Chennai District,2026-09-04,https://www.jobleads.com/in/job/inside-sales-executive-business-development-executive--chennai-district--e5507bb6c68ec0dd09a3872e35d9777f4,https://www.vconnectmanagement.com,Actively Hiring,"Company: V Connect Management Services | Generate and qualify B2B leads across USA & Europe Conduct cold calling, prospecting & requirement gathering Fix meetings with key/C-Suite stakeholders Maintain CRM, sales pipeline & lead forecasts Work with sales teams for lead conversion & follow-up Required Candidate profile 4+yrs in Inside Sales / Sales Development Strong USA & Europe prospecting exposure CRM, market research & sales intelligence Exp in Embedded Systems & EMS Excellent communication & negotiation skills",JobLeads,https://www.vconnectmanagement.com,https://www.jobleads.com/in/job/inside-sales-executive-business-development-executive--chennai-district--e5507bb6c68ec0dd09a3872e35d9777f4
Business Development Executive,BigEye Global,Chennai District,2026-09-04,https://www.jobleads.com/in/job/business-development-executive--chennai-district--e3b29993ee07cadb0bfe6d26d46cdac8b,https://www.bigeyeglobal.com,Actively Hiring,BigEye Global is hiring Business Development Executive in Chennai District. Apply now with JobLeads!,JobLeads,https://www.bigeyeglobal.com,https://www.jobleads.com/in/job/business-development-executive--chennai-district--e3b29993ee07cadb0bfe6d26d46cdac8b
Demand Generation Specialist,CloudNow Technologies Pvt Ltd.,Chennai District,2026-09-04,https://www.jobleads.com/in/job/demand-generation-specialist--chennai-district--edd7fa6a7f7e78fd93eb82a200434b444,https://www.cloudnow.com,Actively Hiring,CloudNow Technologies Pvt Ltd. is hiring Demand Generation Specialist in Chennai District. Apply now with JobLeads!,JobLeads,https://www.cloudnow.com,https://www.jobleads.com/in/job/demand-generation-specialist--chennai-district--edd7fa6a7f7e78fd93eb82a200434b444
Sales Executive,dacgu,Chennai District,2026-09-04,https://www.jobleads.com/in/job/sales-executive--chennai-district--e45dfae7ed2028920576cc2eb6a1e60b9,https://www.dacgu.com,Actively Hiring,"Company: dacgu | We are looking for experienced, passionate and motivated individuals to join our Sales team. Your main responsibility will be to drive our business success by implementing a strong & sustainable sales strategy. Your responsibilities: Conduct market research to identify selling possibilities and evaluate customer needs Actively seek out new sales opportunities through cold calling, networking & social media Maintain and develop good relationship with customers through personal contact or meetings Prepare and deliver appropriate presentations on products and services Create frequent reviews & reports with sales and financial data Ensure the availability of licenses or stocks for sales and demonstrations Display efficiency in gathering market and customer information to enable negotiations regarding variations in prices, delivery & customer specifications to their managers Collaborate with team members; gather feedback from customers or prospects and share with internal t",JobLeads,https://www.dacgu.com,https://www.jobleads.com/in/job/sales-executive--chennai-district--e45dfae7ed2028920576cc2eb6a1e60b9
Demand Generation Specialist,CloudNow Technologies Pvt. Ltd.,Chennai District,2026-09-04,https://www.jobleads.com/in/job/demand-generation-specialist--chennai-district--e5468a66f83f76e2f4cd9e964c5101259,https://www.cloudnow.com,Actively Hiring,"CloudNow Technologies Pvt. Ltd. | Full time Job Description We are looking for a results-driven Demand Generation Specialist to join the team. In this role, you will own outbound pipeline generation: building targeted prospect lists, running multi-channel email campaigns, and working closely with the sales team to drive qualified pipeline and revenue. Responsibilities Plan and execute outbound demand generation campaigns targeting defined ICPs Build and manage prospect lists using Apollo and Clay, including enrichment and segmentation Set up and optimise multi-step email sequences on Smartlead, including A/B testing Own and manage MQL, SQL, and pipeline metrics and report on campaign contribution to revenue Manage the full lead lifecycle in HubSpot: lead capture, scoring, nurturing, stage progression, and handoff to sales Develop and maintain email workflows, automation sequences, and drip campaigns in HubSpot Collaborate with the sales team on account-based marketing initiatives Creat",JobLeads,https://www.cloudnow.com,https://www.jobleads.com/in/job/demand-generation-specialist--chennai-district--e5468a66f83f76e2f4cd9e964c5101259
Marketing Executive,Paalaar Urban Farms,Chennai District,2026-09-04,https://www.jobleads.com/in/job/marketing-executive--chennai-district--ebac3efb9b380945edec4a1a10eb1f137,https://www.paalaarurbanfarms.com,Actively Hiring,"Company: Paalaar Urban Farms | Marketing Executive Chennai We are looking for an experienced and dynamic Marketing Executive to join our growing organization based in Chennai. Requirements: Minimum 4-6 years of experience in Marketing & Sales Female candidate preferred Excellent communication skills in English and Tamil Strong experience in handling CRM systems Ability to independently lead initiatives and drive business growth Leadership mindset with a proactive approach Key Responsibilities: Lead marketing and sales activities Manage customer relationships and CRM operations Coordinate with prospective clients and internal teams Generate and nurture leads Report directly to the Managing Director Represent the organization professionally and lead from the front What We Value: Leadership and initiative are the most important personality traits we look for in a candidate. We value individuals who can take ownership, think independently, and drive results proactively. Compensation: Attra",JobLeads,https://www.paalaarurbanfarms.com,https://www.jobleads.com/in/job/marketing-executive--chennai-district--ebac3efb9b380945edec4a1a10eb1f137
Sales & Business Development Executive,Techthulasii,Chennai District,2026-09-04,https://www.jobleads.com/in/job/sales-business-development-executive--chennai-district--e1487ff9d08497aae8a581a23b6638484,https://www.techthulasii.com,Actively Hiring,"Company: Techthulasii | We are looking for a proactive and organised Sales & Business Development Executive to manage incoming enquiries, qualify prospects, understand client requirements and convert suitable opportunities into active clients. The role also involves tracking lead generation performance, coordinating with the SEO and digital marketing teams, preparing quotations and managing consistent follow-ups throughout the sales cycle. Key Responsibilities 1. Lead Management and Client Conversion Respond promptly to enquiries received through the website, digital campaigns, social media, telephone, email and referrals. Contact and qualify prospects based on their requirements, budget, timeline and business needs. Understand and document client requirements through telephone calls and online meetings. Build professional relationships with prospects and nurture qualified leads towards conversion. Conduct online presentations, service demonstrations and sales discussions when required",JobLeads,https://www.techthulasii.com,https://www.jobleads.com/in/job/sales-business-development-executive--chennai-district--e1487ff9d08497aae8a581a23b6638484
"Business Development Executive Chennai, Tamil Nadu",Spiceblue,Chennai District,2026-09-04,https://www.jobleads.com/in/job/business-development-executive-chennai-tamil-nadu--chennai-district--e7fd7531ec9282ef067dc0e012538935d,https://www.spiceblue.com,Actively Hiring,"Company: Spiceblue | All Time Design is looking for a results-driven Business Development Executive who are actively seeking for new business opportunities, engage and build relationships with potential customers. You will provide complete and appropriate solutions for every potential customer to boost top-line revenue growth, customer acquisition levels, and profitability. Responsibilities Qualify leads from marketing campaigns as sales opportunities Contact potential prospects through cold calls and emails Present our company to potential prospects Identify prospect's needs and suggest appropriate products/services Build long-term trusting relationships with prospects Proactively seek new business opportunities in the market Set up meetings or calls between (prospective) customers and Sales Manager Report to the Sales Manager on sales results Requirements Proven work experience as a Sales Lead / Sales Development Representative / Sales Account Executive or similar role Hands-on exper",JobLeads,https://www.spiceblue.com,https://www.jobleads.com/in/job/business-development-executive-chennai-tamil-nadu--chennai-district--e7fd7531ec9282ef067dc0e012538935d
Lead Generation Executive,Mocdoc,Chennai District,2026-09-04,https://www.jobleads.com/in/job/lead-generation-executive--chennai-district--e726cdfd8c2793b8a1dcc568a389c6287,https://mocdoc.com,Actively Hiring,Mocdoc is hiring Lead Generation Executive in Chennai District. Apply now with JobLeads!,JobLeads,https://mocdoc.com,https://www.jobleads.com/in/job/lead-generation-executive--chennai-district--e726cdfd8c2793b8a1dcc568a389c6287
Business Development Executive,Jalip Solutions,"Chennai District, Vellore",2026-09-04,https://www.jobleads.com/in/job/business-development-executive--chennai-district--vellore--eefc957710d971bac16010d365f292ee8,https://www.jalip.com,Actively Hiring,"Company: Jalip Solutions | We are looking for a proactive and target-driven Business Development Executive to generate new business opportunities for our IT and digital solutions. The ideal candidate will identify potential clients, build relationships, schedule meetings, and contribute to the company's growth through consistent sales efforts. Key Responsibilities Generate new business opportunities through cold calling, emails, LinkedIn, networking, and field visits Identify and qualify potential clients for IT solutions and services Schedule meetings and product demonstrations with prospective clients Maintain regular follow-ups to nurture leads and convert opportunities Prepare basic proposals and coordinate with the technical team Build and maintain strong customer relationships Achieve monthly sales and revenue targets Update leads, activities, and sales pipeline in the CRM system Stay updated with company services and industry trends Required Qualifications Bachelor's degree in B",JobLeads,https://www.jalip.com,https://www.jobleads.com/in/job/business-development-executive--chennai-district--vellore--eefc957710d971bac16010d365f292ee8
Sales Executive,Betamonks,Chennai District,2026-09-04,https://www.jobleads.com/in/job/sales-executive--chennai-district--e7cc89dc6e8a35f7f5b48f98e99b4bc95,https://www.betamonks.com,Actively Hiring,"Company: Betamonks | Job Summary We are looking for a motivated Sales Executive with 0-1 years of experience to join our team. Key Responsibilities Generate leads through outreach & networking Close deal through effective communication Manage pipeline from prospect to close Followup with leads and close the sale Manage end to end sales cycle - Prospecting, Pitching, Closing & Servicing Qualifications Preferred Bachelors degree in Marketing, Business, or a related field. Any Degree with good Communication skills Work location - Chennai Working Hours: 9:30AM to 7:00 PM Monday to Saturday",JobLeads,https://www.betamonks.com,https://www.jobleads.com/in/job/sales-executive--chennai-district--e7cc89dc6e8a35f7f5b48f98e99b4bc95
Digital Marketing Executive,Vilva Business,Chennai District,2026-09-04,https://www.jobleads.com/in/job/digital-marketing-executive--chennai-district--e2a2ddc614d1f88b40a11688b8b06a539,https://www.vilvabusiness.com,Actively Hiring,"Company: Vilva Business | We are looking for a results-driven Digital Marketing Executive to plan and execute campaigns across social media, search, and other digital channels, driving lead generation and brand growth. Requirements: 3 to 5 years of experience in digital marketing. Strong knowledge of SEO, SEM, and social media advertising. Experience with analytics tools (Google Analytics, Meta Ads Manager). Proven track record of managing campaigns end-to-end.",JobLeads,https://www.vilvabusiness.com,https://www.jobleads.com/in/job/digital-marketing-executive--chennai-district--e2a2ddc614d1f88b40a11688b8b06a539
Sales Executive,TekPillar®,Chennai,2026-09-04,https://www.jobleads.com/in/job/sales-executive--chennai--e8a7f97b0b62df78483c8af328c2dd239,https://www.tekpillar.com,Actively Hiring,TekPillar® is hiring Sales Executive in Chennai. Apply now with JobLeads!,JobLeads,https://www.tekpillar.com,https://www.jobleads.com/in/job/sales-executive--chennai--e8a7f97b0b62df78483c8af328c2dd239
Marketing Executive,Euro Gulf Safety Consultant,Chennai District,2026-09-04,https://www.jobleads.com/in/job/marketing-executive--chennai-district--e936b37c0a8b3b0914a3e42a98de410e1,https://www.eurogulfsafetyconsultant.com,Actively Hiring,"Company: Euro Gulf Safety Consultant | Role & responsibilities Key Responsibilities Generate new business leads through cold calling, email, WhatsApp, LinkedIn and field visits Identify and approach potential corporate clients, factories, construction companies, MNCs and institutions Promote Euro Gulf's HSE training, fire safety, ISO, audit, inspection and manpower services Develop and maintain strong relationships with existing and prospective clients Schedule client meetings and make professional presentations Prepare quotations, proposals and follow up with clients for business conversion Achieve monthly lead generation, meeting and sales targets Maintain accurate records of leads, follow-ups and conversions Coordinate with the operations and training teams to ensure smooth client execution Explore new market opportunities and develop long-term corporate accounts Preferred candidate profile Candidate Profile We are looking for a confident, energetic and target-oriented Marketing Exe",JobLeads,https://www.eurogulfsafetyconsultant.com,https://www.jobleads.com/in/job/marketing-executive--chennai-district--e936b37c0a8b3b0914a3e42a98de410e1
Sales Executive,Ecphasis Infotech Private Limited,Chennai District,2026-09-04,https://www.jobleads.com/in/job/sales-executive--chennai-district--ea858f2fe103ef4233a5545d5a2dcf4b7,https://www.ecphasisinfotech.com,Actively Hiring,"Company: Ecphasis Infotech Private Limited | Conduct thorough market research to identify potential clients, market trends, and competitive landscape. Generate new business leads through various channels such as cold calling, networking, online research, and attending industry events Qualify leads to ensure alignment with the company's target market and services Build and maintain strong relationships with existing clients and key stakeholders. Understand client needs and provide solutions to address their challenges. Drive the sales process from lead identification to closing deals. Negotiate terms and conditions with clients, ensuring mutually beneficial agreements. Qualifications and Skills: Bachelor's degree in business, marketing, or a related field. Proven experience in business development, sales, or a related role. Strong communication and interpersonal skills. Excellent negotiation and presentation abilities Ability to work independently and as part of a team. Results-driven w",JobLeads,https://www.ecphasisinfotech.com,https://www.jobleads.com/in/job/sales-executive--chennai-district--ea858f2fe103ef4233a5545d5a2dcf4b7
Walk-in | Business Development Executive,ACTE Technologies Pvt. Ltd.,Chennai District,2026-09-04,https://www.jobleads.com/in/job/walk-in-business-development-executive--chennai-district--e45dc94ceb6b48ff71d3e60c6de749abc,https://www.acteonline.org,Actively Hiring,"Company: ACTE Technologies Pvt. Ltd. | Generate leads, identify new business opportunities, handle client interactions, follow up on prospects, and achieve sales targets. Build strong customer relationships, maintain sales reports,coordinate with internal teams to drive business growth. Required Candidate profile Any graduate with strong communication, sales & business development skills. Target-driven, customer-focused, analytical, MS Office skills & immediate joiners preferred.",JobLeads,https://www.acteonline.org,https://www.jobleads.com/in/job/walk-in-business-development-executive--chennai-district--e45dc94ceb6b48ff71d3e60c6de749abc
Sales Executive,Lynkit,Chennai District,2026-09-04,https://www.jobleads.com/in/job/sales-executive--chennai-district--e0ba3859e0de4bb4e40ac2e0285e558b2,https://www.lynkit.com,Actively Hiring,"Company: Lynkit | We are looking for an Executive- Sales who has experience in Lead generation, Cold calling, SaaS sales, Logistics/electronics-related Technology solutions, etc who can help us reach our goals of acquiring new customers while maintaining our innovative and competitive edge. Location: Chennai (Tamil Nadu) Experience Required: Minimum 2 years Employment Type: Full-time Working Days: Monday to Saturday Job Description Create strong customer relationships, build trust and confidence with senior stakeholders, and become a trusted advisor to our target customers. Proactively acquire and develop relevant market, industry, and product knowledge and skills to support commercial success Own, manage, and drive sales in the corporate and B2B segments. Engage in direct sales, highlighting the case for change and the move to the company's solution. Set up a strong lead generation engine. Client consultation for requirement gathering and product features. Mapping of the competitive m",JobLeads,https://www.lynkit.com,https://www.jobleads.com/in/job/sales-executive--chennai-district--e0ba3859e0de4bb4e40ac2e0285e558b2
Business Development Executive,Desirous Global Consulting,Chennai District,2026-09-08,https://www.jobleads.com/in/job/business-development-executive--chennai-district--e7b46002ca36e5440dc36fd43c832a6c9,https://desirousgc.com,Actively Hiring,"Company: Desirous Global Consulting | Job Description We are seeking a motivated and result-oriented BusinessDevelopment Executive to identify new business opportunities, generatequalified leads, build strong client relationships, and support the completesales process. The candidate should have excellent communication, presentation,and negotiation skills, with the ability to understand client needs, presentsuitable solutions, and achieve business growth targets. EducationalQualification Bachelor’s Degree in: Business Administration Marketing Commerce Management Any related field Relevant certifications in Business Development, Sales,Marketing, or Customer Relationship Management will be an added advantage. KeyResponsibilities Conduct thorough market research to identify potentialclients, market trends, business opportunities, and the competitive landscape. Generate new business leads through: Cold calling Networking Online research Referrals Industry events Other relevant business deve",JobLeads,https://desirousgc.com,https://www.jobleads.com/in/job/business-development-executive--chennai-district--e7b46002ca36e5440dc36fd43c832a6c9
Business Development Executive/sales Representative,Jyoti Placement Services,Chennai District,2026-09-04,https://www.jobleads.com/in/job/business-development-executive-sales-representative--chennai-district--e8debfcf40a9639076515c44337890d80,https://www.jyotiplacement.com,Actively Hiring,Jyoti Placement Services is hiring Business Development Executive/sales Representative in Chennai District. Apply now with JobLeads!,JobLeads,https://www.jyotiplacement.com,https://www.jobleads.com/in/job/business-development-executive-sales-representative--chennai-district--e8debfcf40a9639076515c44337890d80
Performance Marketing Executive,The Setsquare Interiors,Chennai District,2026-09-04,https://www.jobleads.com/in/job/performance-marketing-executive--chennai-district--ea27cd5b5ad6571f0b21bc97a1f84550c,https://www.thesetsquareinteriors.com,Actively Hiring,"Company: The Setsquare Interiors | Crafting premium bespoke interior environments that elevate living and workspaces. Recognized for design excellence and seamless fit-out execution. Location Chennai & Coimbatore, Tamil Nadu Location Chennai & Coimbatore, Tamil Nadu Follow Us Crafting premium bespoke interior environments that elevate living and workspaces. Recognized for design excellence and seamless fit-out execution. Location Chennai & Coimbatore, Tamil Nadu Location Chennai & Coimbatore, Tamil Nadu We are looking for a Performance Marketing Executive with strong hands-on experience in Meta Ads, Google Ads, and lead generation. The primary focus will be generating high-quality leads at an optimized CPL and improving conversions across multiple channels. Preferred Industry: Interior Design | Real Estate | Construction | Home Improvement. Key KPIs: Qualified Leads | CPL | Lead Quality | Conversion Rate | ROI/ROAS | Sales Contribution. We offer a competitive salary, performance incent",JobLeads,https://www.thesetsquareinteriors.com,https://www.jobleads.com/in/job/performance-marketing-executive--chennai-district--ea27cd5b5ad6571f0b21bc97a1f84550c
Sales & Operations Executive,ZNY Trading Llp,Chennai District,2026-09-07,https://www.jobleads.com/in/job/sales-operations-executive--chennai-district--e5ba57c7c6a7207711c7ac76b09747750,https://www.znytradingllp.com,Actively Hiring,"Company: ZNY Trading Llp | Responsibilities Generate and follow up on leads through calls, visits, and referrals Build and nurture long-term client relationships Help in packing and sending out gift boxes Education UG: Diploma in Any Specialization Key Skills Skills highlighted with ‘‘ are preferred keyskills Naukri.com does not promise a job or an interview in exchange of money. Fraudsters may ask you to pay in the pretext of registration fee, Refundable Fee",JobLeads,https://www.znytradingllp.com,https://www.jobleads.com/in/job/sales-operations-executive--chennai-district--e5ba57c7c6a7207711c7ac76b09747750
Walk-in | Digital Marketing & B2B Lead Generation Executive,Anushri Systech,Chennai District,2026-09-04,https://www.jobleads.com/in/job/walk-in-digital-marketing-b2b-lead-generation-executive--chennai-district--efa31656aeb83da7dc496e5500d218f42,https://anushri.info,Actively Hiring,"Anushri Systech Private Limited is a Chennai-based company providing UPS systems, industrial batteries, stabilizers, solar power systems and IT hardware solutions to industries, institutions and commercial establishments across India. We are looking for a Digital Marketing & Online Lead Generation Executive to develop business enquiries through digital platforms and support our sales team Job Description Manage digital marketing activities for industrial power products (UPS, batteries, solar systems) Improve website SEO ranking for industrial keywords Run and optimize Google Ads campaigns to generate enquiries Generate B2B leads through LinkedIn, email campaigns and online platforms Manage enquiries from IndiaMART, TradeIndia and website forms Create landing pages and digital campaigns to improve lead conversion Track and report leads generated from digital channels Support the sales team with qualified leads and market researchRole & responsibilities Desired Candidate Profile 1 to 3 y",JobLeads,https://anushri.info,https://www.jobleads.com/in/job/walk-in-digital-marketing-b2b-lead-generation-executive--chennai-district--efa31656aeb83da7dc496e5500d218f42
Business Development Executive,Qmax Systems India,Chennai District,2026-09-04,https://www.jobleads.com/in/job/business-development-executive--chennai-district--eea75a8c33fd10ccbe6ab49940853a51a,https://www.qmaxsystems.com,Actively Hiring,"Company: Qmax Systems India | Responsibilities Lead generation and qualification Client communication and follow-ups Proposal coordination with engineering teams CRM maintenance Requirements Clear written and verbal communication Ability to understand technical discussions Discipline in follow-ups and tracking Professional email and proposal handling Qualifications Any Bachelors degree Engineering background preferred Job Type Full-time Disclaimer: This job posting and Location has been aggregated from external source. Role details, content, and availability are subject to change. Applicants are advised to confirm the latest information directly on the company website before applying.",JobLeads,https://www.qmaxsystems.com,https://www.jobleads.com/in/job/business-development-executive--chennai-district--eea75a8c33fd10ccbe6ab49940853a51a
Business Development Executive,Voltech HR Services (VHRS),Chennai District,2026-09-04,https://www.jobleads.com/in/job/business-development-executive--chennai-district--e8cafd7b1dd2480dd6251ab9f5d25c1f0,https://www.voltechhrvhrs.com,Actively Hiring,"Company: Voltech HR Services (VHRS) | About the Role: We are looking for a dynamic and result-driven Business Development Executive with at least 1 year of experience in recruitment, staffing, or a similar service industry. The ideal candidate will be responsible for generating new business opportunities, building strong client relationships, and contributing to the growth of our recruitment services. Key Responsibilities: Identify and develop new business opportunities through cold calling, networking, and lead generation. Build and maintain strong relationships with clients to understand their hiring needs. Promote recruitment and staffing services to potential clients. Schedule and conduct client meetings, presentations, and negotiations. Work closely with the recruitment team to ensure successful delivery of client requirements. Maintain a healthy sales pipeline and track leads through CRM or internal tools. Achieve monthly and quarterly revenue targets. Stay updated on market tren",JobLeads,https://www.voltechhrvhrs.com,https://www.jobleads.com/in/job/business-development-executive--chennai-district--e8cafd7b1dd2480dd6251ab9f5d25c1f0
Sales Executive,Vsmglobaltechnologies,Chennai District,2026-09-04,https://www.jobleads.com/in/job/sales-executive--chennai-district--e10da94a475e7ce7b6561fec05fd7fd7d,https://www.vsmglobaltechnologies.com,Actively Hiring,"Company: Vsmglobaltechnologies | Sales Executive Job Title: Sales Executive Experience: 0 - 3 Years Location: Chennai Employment Type: Full-Time Job Summary We are seeking a dynamic and results-driven Sales Executive to identify new business opportunities, generate leads, build client relationships, and achieve sales targets. The ideal candidate should possess excellent communication skills and a passion for sales and customer engagement. Preferred Qualifications Any Bachelor's Degree (BBA, B.Com, MBA Marketing, or related field preferred). Prior experience in sales, business development, telecalling, or customer service is an advantage. Freshers with strong communication skills are encouraged to apply. What We Offer Attractive salary with performance incentives. Career growth opportunities. Training and skill development programs. Supportive and collaborative work environment. Exposure to diverse industries and clients. Responsibilities Roles & Responsibilities Identify and develop ne",JobLeads,https://www.vsmglobaltechnologies.com,https://www.jobleads.com/in/job/sales-executive--chennai-district--e10da94a475e7ce7b6561fec05fd7fd7d
Go-To-Market Executive[GTMExecutive_03],System Level Solutions Inc.,Chennai District,2026-09-04,https://www.jobleads.com/in/job/go-to-market-executive-gtmexecutive-03--chennai-district--ea8b7d0fd26a3bac8d1c3e42e6af2db6d,https://www.systemlevel.com,Actively Hiring,"Company: System Level Solutions Inc. | 1-4 years of experience in inside sales, business development, or marketing. Strong communication and interpersonal skills. Ability to handle both planning and execution roles. Comfortable with cold outreach and customer interaction. Basic understanding of B2B sales and marketing processes. Familiarity with CRM tools and reporting. Additional Skill(s) Go-To-Market Execution: Support the planning and execution of go-to-market strategies for products and solutions, working across marketing and product teams. Lead Generation: Generate and qualify leads through calls, emails, LinkedIn, and outbound channels. Sales Support: Understand customer requirements, pitch relevant solutions, and schedule meetings, demos, and follow-ups. Lead Nurturing: Nurture leads, support conversion through consistent follow-ups, and assist in closing smaller deals. Campaign Execution: Assist in executing go-to-market plans for product launches and campaigns. Market Research",JobLeads,https://www.systemlevel.com,https://www.jobleads.com/in/job/go-to-market-executive-gtmexecutive-03--chennai-district--ea8b7d0fd26a3bac8d1c3e42e6af2db6d
Demand Generation Lead (SEM-Paid Marketing),"Securden, Inc",Chennai,2026-09-04,https://www.jobleads.com/in/job/demand-generation-lead-sem-paid-marketing--chennai--e22ed4c2651bbf1bc40aac9bbe0b3d351,https://www.securden.com,Actively Hiring,"Company: Securden, Inc | Demand Generation Lead (SEM-Paid Marketing) Chennai • Full Time We are looking for an SEM analyst having hands‑on experience in planning, analyzing, implementing and managing various paid marketing campaigns. Job Responsibilities Perform keyword research Segment keywords into campaigns Lead all paid marketing efforts Identify opportunities in paid marketing Continuously measure ROI Qualifications 2 to 10 years of experience in managing PPC and other paid marketing campaigns, preferably in software product companies. Interested candidates should send their profile to careers@securden.com .",JobLeads,https://www.securden.com,https://www.jobleads.com/in/job/demand-generation-lead-sem-paid-marketing--chennai--e22ed4c2651bbf1bc40aac9bbe0b3d351
Sales And Marketing Executive,Cheers Chocolates,Chennai District,2026-09-04,https://www.jobleads.com/in/job/sales-and-marketing-executive--chennai-district--eafd19187ec42d84098cbe3f659115fd7,https://www.cheerschocolates.com,Actively Hiring,"Company: Cheers Chocolates | Roles and Responsibilities Develop new business opportunities through lead generation, prospecting, and relationship building with potential clients. Identify target markets, analyze customer needs, and create effective sales strategies to achieve revenue targets. Collaborate with cross-functional teams (Marketing, Operations) to drive sales growth and improve customer satisfaction. Conduct market research to stay up-to-date on industry trends, competitors, and emerging technologies. Provide exceptional customer service by resolving issues promptly and ensuring timely resolution of client concerns.",JobLeads,https://www.cheerschocolates.com,https://www.jobleads.com/in/job/sales-and-marketing-executive--chennai-district--eafd19187ec42d84098cbe3f659115fd7
Senior Marketing Executive – Apartment Sales,JobItUs,Chennai District,2026-09-04,https://www.jobleads.com/in/job/senior-marketing-executive-apartment-sales--chennai-district--ebca53c2d698243b59146f50f08109fbf,https://www.jobitus.com,Actively Hiring,"Company: JobItUs | Job Description: Role Summary We are looking for a dynamic, creative, and result-oriented Senior Marketing Executive – Apartment Sales to execute marketing strategies for residential apartment projects. The ideal candidate should possess strong expertise in digital marketing, lead generation, branding, campaign execution, and customer engagement. The role requires close coordination with the sales team to generate qualified leads, improve conversion rates, and strengthen Greenfield's brand presence in the competitive real estate market. KRA: Task / Activities Develop and execute marketing strategies for residential apartment projects. Plan and manage digital marketing campaigns across Google Ads, Meta (Facebook & Instagram), YouTube, and other online platforms. Coordinate offline marketing activities such as newspaper advertisements, hoardings, pamphlet distribution, exhibitions, roadshows, and promotional events. Work closely with channel partners, marketing agencie",JobLeads,https://www.jobitus.com,https://www.jobleads.com/in/job/senior-marketing-executive-apartment-sales--chennai-district--ebca53c2d698243b59146f50f08109fbf
Digital Marketing Executive,Boomaa Consultants,Chennai District,2026-09-04,https://www.jobleads.com/in/job/digital-marketing-executive--chennai-district--ef3ed6f4798918ae016148fdcb993174b,https://www.boomaaconsultants.com,Actively Hiring,"Company: Boomaa Consultants | Posted: 2 days ago Openings: 20 Applicants: 33 Hiring a Performance Marketing Executive with 2+ years experience in Meta & Google Ads, lead generation and campaign optimization. Experience in Construction, Real Estate, Interior Design and Home Improvement preferred. Drive quality leads CPL & ROI. UG: Any Graduate, B.Com in Digital marketing and Data Mining, Diploma in Digital Marketing Key Skills Skills highlighted with ‘‘ are preferred keyskills Hiring For Digital Marketing Executive (Google Ads)",JobLeads,https://www.boomaaconsultants.com,https://www.jobleads.com/in/job/digital-marketing-executive--chennai-district--ef3ed6f4798918ae016148fdcb993174b
Digital Marketing Executive,Buzypro,Chennai District,2026-09-09,https://www.jobleads.com/in/job/digital-marketing-executive--chennai-district--e205c72ccc9ea2b15f9dab35dbd0f896e,https://www.buzypro.com,Actively Hiring,"Company: Buzypro | Job Description: About The Role We are looking for a Digital Marketing Executive who can take ownership of our online marketing activities, generate quality leads, manage digital campaigns, and support the creation of engaging content for our brand. The ideal candidate should be hands-on, creative, data-driven, and comfortable managing multiple digital marketing activities, from campaign planning to lead handling and follow-up coordination. We are looking for someone who is execution-focused rather than only theoretical—someone who can plan a campaign, create the content, run advertisements, generate leads, monitor results, and continuously improve performance. If you are passionate about digital marketing and enjoy creating campaigns that generate real business results, we would love to hear from you. Responsibilities Plan and manage Meta Ads (Facebook & Instagram) campaigns. Generate, monitor, and manage leads in coordination with the sales team. Create engaging so",JobLeads,https://www.buzypro.com,https://www.jobleads.com/in/job/digital-marketing-executive--chennai-district--e205c72ccc9ea2b15f9dab35dbd0f896e
Marketing Executive,Mamta Steel Corporation,Chennai District,2026-09-04,https://www.jobleads.com/in/job/marketing-executive--chennai-district--ee3713a682b313a93ba8ea131503e92bd,https://www.mamtasteel.com,Actively Hiring,"Company: Mamta Steel Corporation | Role & responsibilities Develop and implement marketing strategies to promote the company's products and services. Identify new business opportunities and potential customers. Generate leads through various marketing channels and follow up with prospective customers. Build and maintain strong relationships with existing and new customers. Conduct market research to understand customer requirements, market trends, and competitor activities. Coordinate with the sales team to achieve business and revenue targets. Prepare and share quotations, product details, and other marketing materials with customers. Handle customer enquiries and provide timely follow-ups. Plan and coordinate promotional activities, exhibitions, campaigns, and other marketing initiatives. Maintain proper records of leads, customer interactions, enquiries, and follow-ups. Prepare regular marketing reports and provide updates to management. Coordinate with the digital marketing team fo",JobLeads,https://www.mamtasteel.com,https://www.jobleads.com/in/job/marketing-executive--chennai-district--ee3713a682b313a93ba8ea131503e92bd
Marketing Executive,Delibo,Chennai,2026-09-04,https://www.jobleads.com/in/job/marketing-executive--chennai--e4d6f3043542dc4860e0f27473a6d7cda,https://www.delibo.com,Actively Hiring,"Company: Delibo | We are seeking a dynamic and experienced Marketing Executive with a minimum of 2 years of relevant experience to join our team. The ideal candidate will be passionate about marketing, possess strong communication and analytical skills, and demonstrate a track record of driving successful marketing campaigns. Responsibilities Assist in developing and implementing marketing strategies to promote products/services. Conduct market research to identify consumer trends, preferences, and competitor activities. Create and manage content for digital marketing channels, including social media, websites, and email campaigns. Collaborate with internal teams to coordinate marketing efforts and ensure consistency in branding and messaging. Monitor and analyze the performance of marketing campaigns, providing insights and recommendations for optimization. Assist in organizing and executing promotional events, trade shows, and exhibitions. Engage with customers through various channe",JobLeads,https://www.delibo.com,https://www.jobleads.com/in/job/marketing-executive--chennai--e4d6f3043542dc4860e0f27473a6d7cda
Sales Executive | Women Candidates Only,Srivango,Chennai District,2026-09-05,https://www.jobleads.com/in/job/sales-executive-women-candidates-only--chennai-district--ee5c9e1a98093f1993ee170ee4bb6fcf5,https://www.srivango.com,Actively Hiring,"Company: Srivango | Education UG: Any Graduate Key Skills Skills highlighted with ‘‘ are preferred keyskills We are looking for Female Sales Executives with 2–5 years’ experience in Sales or Business Development. Good communication skills required. Role involves hotel visits, client meetings, lead generation, follow-ups and telecalling. Employment Type: Full Time, Temporary/Contractual Naukri.com does not promise a job or an interview in exchange of money. Fraudsters may ask you to pay in the pretext of registration fee, Refundable Fee… Increase your profile visibility to recruiters upto 3 times Get a Featured Profile, Stand out and get noticed in recruiter eyes.",JobLeads,https://www.srivango.com,https://www.jobleads.com/in/job/sales-executive-women-candidates-only--chennai-district--ee5c9e1a98093f1993ee170ee4bb6fcf5
Lead Executive – Sales & Marketing,Atomlifts,Chennai District,2026-09-04,https://www.jobleads.com/in/job/lead-executive-sales-marketing--chennai-district--e75258d49850714a02bc334028e4a67b6,https://www.atomlifts.com,Actively Hiring,Atomlifts is hiring Lead Executive – Sales & Marketing in Chennai District. Apply now with JobLeads!,JobLeads,https://www.atomlifts.com,https://www.jobleads.com/in/job/lead-executive-sales-marketing--chennai-district--e75258d49850714a02bc334028e4a67b6
Hiring For Field Sales Executive,Jyoti Placement Services,Chennai District,2026-09-04,https://www.jobleads.com/in/job/hiring-for-field-sales-executive--chennai-district--e0f9e3c56ae0e55624203530de3c597c4,https://www.jyotiplacement.com,Actively Hiring,Jyoti Placement Services is hiring Hiring For Field Sales Executive in Chennai District. Apply now with JobLeads!,JobLeads,https://www.jyotiplacement.com,https://www.jobleads.com/in/job/hiring-for-field-sales-executive--chennai-district--e0f9e3c56ae0e55624203530de3c597c4
Sales Executive,Genoa Sales Llp,"Hyderabad, Chennai District, Bengaluru",2026-09-04,https://www.jobleads.com/in/job/sales-executive--hyderabad--chennai-district--bengaluru--e39714a6d0bf0c887fa7c850da2872c18,https://www.genoasalesllp.com,Actively Hiring,"Company: Genoa Sales Llp | Job Title: Sales Executive Job Purpose: To achieve sales growth by promoting, specifying, and securing approvals for company products with architects, consultants, engineers, builders, corporate clients, and government bodies. Key Responsibilities Lead Generation & Conversion: Identify potential clients, handle inquiries, and convert leads into paid projects Client Consultation: Conduct site visits, assess design requirements, and provide professional recommendations on products, materials, and layouts Sales Proposal Management: Prepare detailed quotations, proposals, and presentations to close sales Relationship Management: Maintain strong relationships with clients to ensure repeat business and referrals Collaboration: Coordinate with designers, architects, and installation teams to ensure smooth project execution Market Analysis: Stay updated on industry trends, competitor offerings, and luxury market changes Project Documentation: Maintain records of dail",JobLeads,https://www.genoasalesllp.com,https://www.jobleads.com/in/job/sales-executive--hyderabad--chennai-district--bengaluru--e39714a6d0bf0c887fa7c850da2872c18
Business Development Executive,Bsri Solutions,Chennai District,2026-09-04,https://www.jobleads.com/in/job/business-development-executive--chennai-district--ecb298bda219eec69cd1e48ac44832c34,https://www.bsri.co,Actively Hiring,"Company: Bsri Solutions | Job Title: Business Development Executive (BDE) Department: Business Development Experience: 2+ Job Type: Full-Time Location: Velachery, Chennai About the Role We are seeking a dynamic and result-oriented Business Development Executive (BDE) to identify new business opportunities, acquire clients, and build long-term relationships. The ideal candidate should have strong communication, negotiation, and client-handling skills with the ability to generate new business for our recruitment and staffing services. Key Responsibilities Identify and generate new business opportunities through cold calling, networking, email campaigns, and social media. Research potential clients and decision-makers across various industries. Introduce the company's recruitment and staffing services to prospective clients. Schedule meetings with HR Managers, Talent Acquisition Teams, and business decision-makers. Understand client hiring requirements and provide suitable recruitment sol",JobLeads,https://www.bsri.co,https://www.jobleads.com/in/job/business-development-executive--chennai-district--ecb298bda219eec69cd1e48ac44832c34
Walk-in | Sales Executive,Dhasmitha Solutions,Chennai District,2026-09-04,https://www.jobleads.com/in/job/walk-in-sales-executive--chennai-district--ef060502db845adb4b7fa067c5e3b7119,https://www.dhasmitha.com,Actively Hiring,"Company: Dhasmitha Solutions | Sales Executive Business Development Location: Chennai Experience: 0 to 5+ Years Job Type: Full-Time Job Summary We are looking for a motivated Sales Executive Business Development to drive sales, generate new business opportunities, and build strong client relationships. The role involves lead generation, field visits, client meetings, property/project promotion, and sales conversion . Key Responsibilities Generate new leads through calls, field visits, referrals, and other channels. Identify and develop new business opportunities. Meet property owners, builders, developers, and potential clients. Promote company properties, projects, and services. Conduct client meetings and site visits. Understand customer requirements and recommend suitable properties/projects. Follow up with leads and maintain strong client relationships. Negotiate and assist in closing sales deals. Achieve monthly sales and business development targets. Maintain regular sales report",JobLeads,https://www.dhasmitha.com,https://www.jobleads.com/in/job/walk-in-sales-executive--chennai-district--ef060502db845adb4b7fa067c5e3b7119
Business Development Executive BDE,TECEZE,Chennai District,2026-09-11,https://www.jobleads.com/in/job/business-development-executive-bde--chennai-district--e8f24805cfb59a6ada97fbab6d3f1914f,https://www.teceze.com,Actively Hiring,"Company: TECEZE | Job Description: About This Job TECEZE Location: Chennai, Tamil Nadu, India Work Mode: On-site Industry: IT Services and IT Consulting Job Description Key Responsibilities Conduct outbound prospecting through cold calling, emails, and LinkedIn outreach. Generate and qualify B2B leads and identify key decision-makers. Schedule Microsoft Teams meetings with qualified prospects for the sales team. Maintain and update leads, activities, and opportunities in CRM tools. Follow up with prospects and nurture leads until they become qualified opportunities. Coordinate with Sales and Marketing teams on campaigns and target accounts. Track daily activities, meetings booked, leads generated, and conversion rates. Required Skills & Experience 1–3 years of experience in Business Development, Inside Sales, Tele-Sales, or Lead Generation. Experience in B2B, IT Services, Technology, or Software Sales is preferred. Strong communication and outbound calling skills. Experience with CRM t",JobLeads,https://www.teceze.com,https://www.jobleads.com/in/job/business-development-executive-bde--chennai-district--e8f24805cfb59a6ada97fbab6d3f1914f
Business Development Executive,Cynosure Corporate Solutions,Chennai District,2026-09-04,https://www.jobleads.com/in/job/business-development-executive--chennai-district--ec277dafeef096fac04bf5dd40aada677,https://www.cynosure.com,Actively Hiring,Cynosure Corporate Solutions is hiring Business Development Executive in Chennai District. Apply now with JobLeads!,JobLeads,https://www.cynosure.com,https://www.jobleads.com/in/job/business-development-executive--chennai-district--ec277dafeef096fac04bf5dd40aada677
Sales Executive – Field Sales,Houselink360,Chennai District,2026-09-08,https://www.jobleads.com/in/job/sales-executive-field-sales--chennai-district--ec05aa7dfa6e4a78c0a7325e31abbe35d,https://www.houselink360.com,Actively Hiring,"Company: Houselink360 | We are looking for a Sales Executive to drive property and project sales through lead generation, client meetings, site visits, follow-ups, and successful conversions. The ideal candidate should be confident in handling customers, understanding their requirements, and achieving sales targets. Salary will be provided based on experience. Key Responsibilities: Generate and follow up with potential customers through various channels. Handle property sales and real estate project sales. Conduct client meetings, field visits, and site visits. Understand customer requirements and recommend suitable properties/projects. Explain project details, pricing, features, and benefits to customers. Build and maintain strong customer relationships. Negotiate with customers and support the sales closure process. Follow up with leads regularly and convert prospects into successful sales. Achieve monthly sales and revenue targets. Maintain daily lead, follow-up, and sales reports.",JobLeads,https://www.houselink360.com,https://www.jobleads.com/in/job/sales-executive-field-sales--chennai-district--ec05aa7dfa6e4a78c0a7325e31abbe35d
Walk-in | Tele Marketing Executive,Relyonservice,Chennai District,2026-09-12,https://www.jobleads.com/in/job/walk-in-tele-marketing-executive--chennai-district--e6afba455fef18015d8d1f4d2558df704,https://www.relyonservice.com,Actively Hiring,"Company: Relyonservice | Role The Telemarketing Executive will be responsible for identifying potential corporate clients, generating business leads through telephone calls, online research and references, securing appointments with decision-makers, and supporting the conversion of leads into business opportunities. The role will focus on generating manpower and facility management requirements and coordinating with the Sales, Marketing and Operations teams for successful business conversion and deployment. Key Responsibilities 1. Client Calling & Lead GenerationMake outbound calls to prospective corporate clients and organizations. Identify companies that require manpower supply and facility management services. Research potential clients through online platforms, business directories, LinkedIn, references and other available sources. Develop and maintain a database of prospective clients. Identify the appropriate decision-makers such as HR, Admin, Procurement, Facility Managers and O",JobLeads,https://www.relyonservice.com,https://www.jobleads.com/in/job/walk-in-tele-marketing-executive--chennai-district--e6afba455fef18015d8d1f4d2558df704
Sales Executive,Ambay Business Solutions,Chennai District,2026-09-05,https://www.jobleads.com/in/job/sales-executive--chennai-district--e6ee30a07896782eb1a460f2646d4b59a,https://www.ambaybusiness.com,Actively Hiring,"Company: Ambay Business Solutions | Posted: 2 days ago Openings: 1 Applicants: 13 Responsibilities Meet sales targets through effective field selling techniques Collaborate with marketing team on campaigns & promotions Perks and benefits Travel allowance Sales incentives Annual bonus Leave encashment Responsibilities Meet sales targets through effective field selling techniques Generate leads, close deals, manage customer relationships Collaborate with marketing team on campaigns & promotions Perks and benefits Travel allowance Sales incentives Annual bonus Leave encashment Skills highlighted with ‘‘ are preferred keyskills",JobLeads,https://www.ambaybusiness.com,https://www.jobleads.com/in/job/sales-executive--chennai-district--e6ee30a07896782eb1a460f2646d4b59a
Sales Executive,Hyring®,Chennai District,2026-09-04,https://www.jobleads.com/in/job/sales-executive--chennai-district--eb8904afc1c7c80dcd0b631662b3316c0,https://www.hyring.com,Actively Hiring,"Company: Hyring® | Hyring is an AI-native hiring platform trusted by 5,000+ HR teams, helping employers screen and interview candidates faster through AI-powered resume screening, phone screening, video interviews, coding assessments, and English proficiency testing — all backed by a global network of recruiting partners. We're building the tools that are redefining how companies hire. About the Role We're looking for a driven Sales Executive to help grow Hyring's customer base. The ideal candidate is an early-career sales professional with hands-on experience in lead generation and outreach (email marketing, LinkedIn, and other channels), a proven track record of hitting targets, and comfort using AI tools to scale outreach. Strong communication skills and the energy to move fast are a must — we're looking to onboard immediately, within 10 days. Key Responsibilities Generate and qualify leads through outbound prospecting across email, LinkedIn, and other channels Design and run email",JobLeads,https://www.hyring.com,https://www.jobleads.com/in/job/sales-executive--chennai-district--eb8904afc1c7c80dcd0b631662b3316c0
Sales Executive,Pulse Telesystems,Chennai District,2026-09-14,https://www.jobleads.com/in/job/sales-executive--chennai-district--e574a204cd552806e81faacb255ab94b6,https://www.pulsetelesystems.com,Actively Hiring,"Company: Pulse Telesystems | The candidate for this position will excel at creating and closing new opportunities. By using a consultative approach to selling, this person will use their expertise to identify and qualify leads, leading to sales opportunities with both new and existing customers. Responsibilities Meet and exceed sales targets Successfully create business from new and existing customer accounts Manage complex negotiations with senior-level executives Build rapport and establish long term relationships with customers Qualifications 2-5 years' quota carrying sales experience Experience and working knowledge of CRM systems Demonstrable track record of over-achieving quota Strong written and verbal communication skills",JobLeads,https://www.pulsetelesystems.com,https://www.jobleads.com/in/job/sales-executive--chennai-district--e574a204cd552806e81faacb255ab94b6
"Sales Manager, Sales Executive, Field Officer, Admin, Telecallers",M/S. Akinitos Technologies,Chennai District,2026-09-04,https://www.jobleads.com/in/job/sales-manager-sales-executive-field-officer-admin-telecallers--chennai-district--e96e77c67768a08dbfe416230fc959b17,https://www.akinitos.com,Actively Hiring,"Company: M/S. Akinitos Technologies | Posted: 4 days ago Openings: 1 Applicants: 43 Responsibilities: Lead generation through telecalling & email campaigns Collaborate with marketing team on lead nurturing strategies Manage sales pipeline from prospect to close If required need to meet customer and Explain about our Products. Education UG: Any Graduate Key Skills Skills highlighted with ‘‘ are preferred keyskills Naukri.com does not promise a job or an interview in exchange of money. Fraudsters may ask you to pay in the pretext of registration fee, Refundable Fee… Kolkata, Medinipur, Bardhaman, North Twenty Four Parganas, Howrah, Hugli Services you might be interested in Services you might be interested in Know more Resume Display Increase your profile visibility to recruiters upto 3 times Get a Featured Profile, Stand out and get noticed in recruiter eyes.",JobLeads,https://www.akinitos.com,https://www.jobleads.com/in/job/sales-manager-sales-executive-field-officer-admin-telecallers--chennai-district--e96e77c67768a08dbfe416230fc959b17
Walk-in | Business Development Executive / Manager,Summitworks Technologies,Chennai District,2026-09-04,https://www.jobleads.com/in/job/walk-in-business-development-executive-manager--chennai-district--e4a0daeb77c9a823a1f188f0bfedee4dd,https://www.summitworks.com,Actively Hiring,"Company: Summitworks Technologies | Role & responsibilities Identify and generate new business opportunities through cold calling, email outreach, LinkedIn, referrals, and market research . Develop and maintain strong relationships with corporate clients, HR teams, hiring managers, and decision-makers . Understand clients' manpower and recruitment requirements and provide suitable staffing solutions. Handle the complete B2B business development cycle , from lead generation and client pitching to negotiation and closure. Conduct client meetings and present the company's recruitment and staffing services effectively. Prepare and share company profiles, proposals, quotations, and other business-related documents with prospective clients. Follow up regularly with prospects and existing clients to convert leads into business opportunities. Coordinate with the recruitment team to understand candidate availability and ensure client requirements are addressed effectively. Maintain accurate rec",JobLeads,https://www.summitworks.com,https://www.jobleads.com/in/job/walk-in-business-development-executive-manager--chennai-district--e4a0daeb77c9a823a1f188f0bfedee4dd
Business Development Executive,Mako IT Lab,Chennai District,2026-09-04,https://www.jobleads.com/in/job/business-development-executive--chennai-district--e9825f8b676d84df914c913dcafffdd91,https://www.makoitlab.com,Actively Hiring,"Company: Mako IT Lab | Job Description: Job Overview MAKO IT Lab is looking for a motivated and target-driven Business Development Executive with 6 months to 1 year of experience to support our international business development efforts. The ideal candidate will be responsible for identifying and engaging prospective clients across the US and UK markets , generating qualified opportunities through strategic prospecting, and contributing to the company’s revenue growth. This role is ideal for someone who enjoys sales, thrives in a performance-driven environment, and is eager to build a career in international business development. Key Responsibilities International Prospecting & Outreach Conduct high-volume cold calls, email campaigns, and LinkedIn outreach to prospects across the US and UK markets. Consistently achieve daily, weekly, and monthly outreach targets. Build relationships with decision-makers and schedule qualified discovery meetings for the sales team. Lead Generation & Res",JobLeads,https://www.makoitlab.com,https://www.jobleads.com/in/job/business-development-executive--chennai-district--e9825f8b676d84df914c913dcafffdd91
Hiring For Executive - Business Development,Emarlex Multiventure,Chennai District,2026-09-18,https://www.jobleads.com/in/job/hiring-for-executive-business-development--chennai-district--e4d11d9f57c5abb0e613bac3ab03a869a,https://www.emarlexmultiventure.com,Actively Hiring,"Company: Emarlex Multiventure | Role And Responsibilities Develop new business and long term account opportunities through prospecting using a variety of lead generation methods. Very strong in Presentation and demo also handled E2E sales cycle. Travel to customer sites and tradeshows to promote company’s products and services. Establish strong customer relationships by providing accurate and timely information to customers regarding inquiries such as product features, pricing, quotes, and issues/concerns. Complete RFP's and preparation of commercial proposals Follow up on submissions, negotiate and close business. Be aware of organizational growth initiatives regarding market and target customer segments, and the company’s potential to meet customer needs Oversee, maintain and upgrade existing accounts to ensure ongoing client satisfaction. Present product / services matching the prospect needs Ensure accurate and complete information is captured in CRM. Perform data quality checks ro",JobLeads,https://www.emarlexmultiventure.com,https://www.jobleads.com/in/job/hiring-for-executive-business-development--chennai-district--e4d11d9f57c5abb0e613bac3ab03a869a
Marketing Executive,HECS Private Ltd.,Chennai District,2026-09-04,https://www.jobleads.com/in/job/marketing-executive--chennai-district--e2a09e8101e10699a9244e689af30187a,https://www.hecs.com,Actively Hiring,HECS Private Ltd. is hiring Marketing Executive in Chennai District. Apply now with JobLeads!,JobLeads,https://www.hecs.com,https://www.jobleads.com/in/job/marketing-executive--chennai-district--e2a09e8101e10699a9244e689af30187a
Sales Executive,Vetenecom,Chennai District,2026-09-12,https://www.jobleads.com/in/job/sales-executive--chennai-district--e76f3e579f8487c408dd44a83b9dd27a3,https://www.vetenecom.com,Actively Hiring,"Company: Vetenecom | We are looking for a Sales & Client Acquisition Executive who can speak confidently with leads, understand their requirements, explain our services, and convert genuine enquiries into paying clients. Skills highlighted with ‘‘ are preferred keyskills Naukri.com does not promise a job or an interview in exchange of money. Fraudsters may ask you to pay in the pretext of registration fee, Refundable Fee…",JobLeads,https://www.vetenecom.com,https://www.jobleads.com/in/job/sales-executive--chennai-district--e76f3e579f8487c408dd44a83b9dd27a3
Senior Sales Executive,DriveX Mobility,Chennai District,2026-09-04,https://www.jobleads.com/in/job/senior-sales-executive--chennai-district--e528f90cfa3cadff3d13799dc0d0845e5,https://www.drivexmobility.com,Actively Hiring,"Company: DriveX Mobility | We are looking for a highly motivated and experienced Senior Sales Executive to join our team at DriveX. The ideal candidate will have a strong background in sales and marketing, with excellent communication and interpersonal skills. Roles and Responsibility Develop and execute sales strategies to achieve business objectives and expand the customer base. Build and maintain strong relationships with existing and potential customers to increase sales revenue. Conduct market research and analyze industry trends to identify new business opportunities. Collaborate with cross-functional teams to develop and implement sales plans and promotions. Provide exceptional customer service and support to ensure high levels of customer satisfaction. Analyze sales data and performance metrics to optimize sales strategies and improve results. Job Requirements Proven experience in sales and marketing, with a minimum of 2 years in a similar role. Strong knowledge of sales princi",JobLeads,https://www.drivexmobility.com,https://www.jobleads.com/in/job/senior-sales-executive--chennai-district--e528f90cfa3cadff3d13799dc0d0845e5
Business Development Executive - Digital & Media,Circle Communications,Chennai District,2026-09-14,https://www.jobleads.com/in/job/business-development-executive-digital-media--chennai-district--e05b90a50a8d67e4b47523a1032808348,https://www.circlecommunications.in,Actively Hiring,Company: Circle Communications | The ideal candidate will have experience in all stages of the sales cycle. They should be confident with building new client relationship and maintaining existing ones. They should have evidence of strong skills and possess good negotiation skills. Responsibilities Build relationships with prospective clients Maintain consistent contact with existing clients and generate leads Manage sales pipeline Analyze market and establish competitive advantages Track metrics to ensure targets are hit Qualifications Bachelor's degree 0 - 2+ years in sales industry Experience in full sales cycle including deal closing Demonstrated sales success Strong negotiation skills Strong communication and presentation skills CRM experience is preferred,JobLeads,https://www.circlecommunications.in,https://www.jobleads.com/in/job/business-development-executive-digital-media--chennai-district--e05b90a50a8d67e4b47523a1032808348
Digital Marketing Executive,Jalip Solutions,"Chennai District, Vellore",2026-09-04,https://www.jobleads.com/in/job/digital-marketing-executive--chennai-district--vellore--ef70e7bd0f9e90059a702446cd7e59c99,https://www.jalip.com,Actively Hiring,"Company: Jalip Solutions | We are looking for a creative and performance-driven Digital Marketing Executive to plan and execute digital marketing campaigns that generate leads, improve brand visibility, and support business growth. Key Responsibilities Plan and execute digital marketing campaigns Manage Google Ads and Meta Ads Optimize website SEO Create engaging social media content Monitor campaign performance and generate reports Conduct keyword and competitor research Generate qualified leads through digital channels Coordinate with designers and content creators Stay updated with digital marketing trends Required Qualifications Bachelor's degree in Marketing, Business, or related field 1–3 years of digital marketing experience Good understanding of SEO, SEM, and Social Media Marketing Experience with Google Analytics and Meta Business Suite Excellent communication skills Preferred Skills Google Ads Certification Meta Ads experience Canva, Photoshop, or basic design knowledge WordP",JobLeads,https://www.jalip.com,https://www.jobleads.com/in/job/digital-marketing-executive--chennai-district--vellore--ef70e7bd0f9e90059a702446cd7e59c99
Business Development Executive,ACI Automation,Chennai District,2026-09-04,https://www.jobleads.com/in/job/business-development-executive--chennai-district--e15c40a0356a9084df1bd0d2fc1aa3025,https://www.aciautomation.com,Actively Hiring,"Company: ACI Automation | Key Responsibilities Identify and generate new business leads through cold calling, field visits, and market research Build and maintain relationships with prospective and existing clients Understand client requirements and coordinate with the technical/sales team to propose suitable solutions Prepare and follow up on quotations, proposals, and business presentations Achieve monthly/quarterly business development targets Maintain accurate records of leads, opportunities, and client interactions (CRM/reports) Attend client meetings, site visits, and industry events as required Coordinate with the internal sales and service teams to ensure smooth order execution Stay updated on industry trends, competitor activity, and market opportunities Requirements Bachelor's degree (Business Administration, Marketing, Engineering, or related field) 02years of experience in business development, sales, or client-facing roles (freshers with strong communication skills may app",JobLeads,https://www.aciautomation.com,https://www.jobleads.com/in/job/business-development-executive--chennai-district--e15c40a0356a9084df1bd0d2fc1aa3025
Telecaller & Lead Generation Executive,Jnana Inventive Private Limited,Chennai,2026-09-04,https://www.jobleads.com/in/job/telecaller-lead-generation-executive--chennai--e504221794264725ede92afad0507faab,https://www.jnanain.com,Actively Hiring,Jnana Inventive Private Limited is hiring Telecaller & Lead Generation Executive in Chennai. Apply now with JobLeads!,JobLeads,https://www.jnanain.com,https://www.jobleads.com/in/job/telecaller-lead-generation-executive--chennai--e504221794264725ede92afad0507faab
Sales Executive,Fresa Technologies,IT Solution provider for Freight Forwarders,2026-09-04,https://www.jobleads.com/in/job/sales-executive--chennai-district--e326027729f5cde5943013cf5fb6f6e16,https://www.fresa.com,Actively Hiring,"Company: Fresa Technologies | The candidate for this position will excel at creating and closing new opportunities. By using a consultative approach to selling, this person will use their expertise to identify and qualify leads, leading to sales opportunities with both new and existing customers. Responsibilities Meet and exceed sales targets Successfully create business from new and existing customer accounts Manage complex negotiations with senior-level executives Build rapport and establish long term relationships with customers Qualifications 2-5 years' quota carrying sales experience Experience and working knowledge of CRM systems Demonstrable track record of over-achieving quota Strong written and verbal communication skills",JobLeads,https://www.fresa.com,https://www.jobleads.com/in/job/sales-executive--chennai-district--e326027729f5cde5943013cf5fb6f6e16
Inside Sales Executive,Atandra Energy,Chennai District,2026-09-08,https://www.jobleads.com/in/job/inside-sales-executive--chennai-district--e79feab22cb66ce337740343096e3ca53,https://www.atandraenergy.com,Actively Hiring,"Company: Atandra Energy | Role & responsibilities Business Development, lead generation through cold calling, Business E-mail, social media marketing, business networking. Preferred candidate profile Experience- 1-6 years experience in inside sales (B2B)/ product sales. Should be confident to convince corporates/ industries. Good command over English communication, carry good interpersonal skills and good at presenting skill, and product demonstration. Confident candidate with go getter attitude. Prefer experienced person from product based industry",JobLeads,https://www.atandraenergy.com,https://www.jobleads.com/in/job/inside-sales-executive--chennai-district--e79feab22cb66ce337740343096e3ca53
Executive-Corporate Sales,Pricol,Chennai District,2026-09-04,https://www.jobleads.com/in/job/executive-corporate-sales--chennai-district--e4fd41b5157c39ee67d451903c0bae281,https://www.pricol.com,Actively Hiring,"Company: Pricol | Job Summary: We are looking for a dynamic and result-oriented Corporate Sales Executive to join our team in Chennai. The candidate will be responsible for generating new business, maintaining client relationships, and handling both inside and outside sales activities. Prior experience in travel sales will be an added advantage. Key Responsibilities: Generate new corporate clients and business opportunities Conduct lead generation to build and maintain a pipeline of prospective clients. Handle both field sales (client meetings) and inside sales (calls, emails, follow-ups) Build and maintain strong relationships with corporate clients Prepare and regularly update lead charts, track follow-ups, and maintain records of meetings and prospects Coordinate with internal teams to ensure smooth service delivery Prepare sales reports and update CRM regularly Requirements: 1-2 years of experience in sales (travel sales preferred) Strong communication and negotiation skills Energe",JobLeads,https://www.pricol.com,https://www.jobleads.com/in/job/executive-corporate-sales--chennai-district--e4fd41b5157c39ee67d451903c0bae281
Sales Executive,Secure Meters,Chennai District,2026-09-04,https://www.jobleads.com/in/job/sales-executive--chennai-district--e5681059db88342804c20ae6d70940b58,https://www.securemeters.com,Actively Hiring,"Company: Secure Meters | Role & responsibilities To support sales growth within Small and Medium Enterprises (SMEs) and Large Processing Industries (LPIs) by actively pursuing and following up on leads, engaging with existing and potential clients, and selling the full product range. Preferred candidate profile 1. Actively pursue and follow up on sales leads to expand the SME and Large Processing Industry (LPI) customer base 2. Engage with existing and potential clients to promote and sell the full product range 3. Assist in building and maintaining relationships with SME and Large Processing Industry (LPI) customers like steel, cement, food, pharma or other industries. 4. Dealing with electrical meters/transformers/switchgear or solutions like Energy Management Solutions/Pump Performance Solutions",JobLeads,https://www.securemeters.com,https://www.jobleads.com/in/job/sales-executive--chennai-district--e5681059db88342804c20ae6d70940b58
Sales Executive,Xcelerate Advisory Solutions,"Mumbai, New Delhi, Chennai District, Bengaluru",2026-09-04,https://www.jobleads.com/in/job/sales-executive--mumbai--new-delhi--chennai-district--bengaluru--e89ec5546726c8013b418d32cf0a88331,https://www.xcelerateadvisory.com,Actively Hiring,"Company: Xcelerate Advisory Solutions | We're looking for sales professionals for end-to-end sales: attend enquiries, recommend products, generate leads, do demos, prepare quotes, negotiate & close orders, coordinate with teams, maintain records, build relationships & track competitors Required Candidate profile 1-3 yrs sales exp (furniture/interiors) Graduate (BBA/MBA preferred) Target-driven record Knows quotations, costing & BOQ CRM, Excel & PPT skills 2-wheeler, licence, travel locally",JobLeads,https://www.xcelerateadvisory.com,https://www.jobleads.com/in/job/sales-executive--mumbai--new-delhi--chennai-district--bengaluru--e89ec5546726c8013b418d32cf0a88331
Global Sales Executive,AP Management Consultants,Chennai District,2026-09-04,https://www.jobleads.com/in/job/global-sales-executive--chennai-district--ebb03f20227245382db125792a37f0e6e,https://www.apmanagementconsultants.com,Actively Hiring,"Work Setting: On-site | Salary: INR 1,500,000 - 3,000,000",JobLeads,https://www.apmanagementconsultants.com,https://www.jobleads.com/in/job/global-sales-executive--chennai-district--ebb03f20227245382db125792a37f0e6e
Business Development Executive,Anantara Solutions,Chennai District,2026-09-04,https://www.jobleads.com/in/job/business-development-executive--chennai-district--e568648d9b7c5c70fabbc7610ddee71a7,https://www.anantara.com,Actively Hiring,"Company: Anantara Solutions | We are looking for enthusiastic and motivated Business Development Executives to join our growing team. This opportunity is ideal for students, fresh graduates, and aspiring professionals who are eager to build a career in business development, sales, and client engagement. As a Business Development Executive, you will play a key role in identifying new opportunities, connecting with potential clients, and supporting business growth initiatives. If you are a proactive communicator with a passion for relationship building and professional development, we’d love to hear from you. Key Responsibilities Generate and identify potential business opportunities through prospect research and outreach. Connect with prospective clients via phone calls, emails, and messaging platforms. Maintain accurate and up-to-date records of leads and client interactions in CRM systems. Conduct regular follow-ups to nurture prospects and support conversions. Collaborate with intern",JobLeads,https://www.anantara.com,https://www.jobleads.com/in/job/business-development-executive--chennai-district--e568648d9b7c5c70fabbc7610ddee71a7
Digital Marketing Executive,Crew Kraftorz LLP,Chennai District,2026-09-04,https://www.jobleads.com/in/job/digital-marketing-executive--chennai-district--ead5457e85cfb2860f1c9841209268765,https://www.crewkraftorzllp.com,Actively Hiring,Crew Kraftorz LLP is hiring Digital Marketing Executive in Chennai District. Apply now with JobLeads!,JobLeads,https://www.crewkraftorzllp.com,https://www.jobleads.com/in/job/digital-marketing-executive--chennai-district--ead5457e85cfb2860f1c9841209268765
Business Development Executive,Apex Brando,Chennai District,2026-09-18,https://www.jobleads.com/in/job/business-development-executive--chennai-district--e5423c63c982bac0dfee9715e0da4bae1,https://www.apexbrando.com,Actively Hiring,"Apex Brando Digital Marketing Agency is looking for a motivated and result-oriented Business Development Executive to join our growing team. About the Role The BDE will be responsible for generating new business opportunities, connecting with potential clients, understanding their marketing requirements, and converting prospects into clients. Key Responsibilities Generate leads through cold calling, LinkedIn, Instagram, Google Maps and other channels Identify and connect with potential business owners and decision-makers Understand client requirements, business goals and marketing challenges Present and sell our Digital Marketing, Social Media Marketing, Performance Marketing, Google Ads, Meta Ads, SEO and Website services Prepare and share proposals and quotations Follow up consistently with leads and prospects Conduct client meetings and explain suitable marketing strategies Negotiate and close deals Maintain strong relationships with existing and potential clients Achieve monthly sa",JobLeads,https://www.apexbrando.com,https://www.jobleads.com/in/job/business-development-executive--chennai-district--e5423c63c982bac0dfee9715e0da4bae1
sales executive,Menschen Consulting,Chennai District,2026-09-04,https://www.jobleads.com/in/job/sales-executive--chennai-district--ea74ad9efd15baf9e1153f6e49442cc1a,https://www.menschenconsulting.com,Actively Hiring,"Menschen Consulting is a Recruitment consultancy that’s devoted to Quality and Perfection. No matter what your Human Resource requirement is we always have a solution for it. Our team is well experienced with all activities related to human resource and Staffing. As a Recruitment Consultancy Menschen Consulting believes that every employee plays a crucial role in any organization. Job Description Experience : 5-7 years Responsibilities Responsible for sales of Ultra Luxury premium projects, located in Chennai City. To retain / acquire new retail HNI & NRI clients in the specified regions/ markets High Degree of Business Development Orientation Manage HNI Client acquisition by way of campaigns and Lead Generation activities ( Domestic & International) Excellent incentive scheme for high performance",JobLeads,https://www.menschenconsulting.com,https://www.jobleads.com/in/job/sales-executive--chennai-district--ea74ad9efd15baf9e1153f6e49442cc1a
Looking For Pre sales Executive - compliance & HR services,Truscomp,Chennai District,2026-09-04,https://www.jobleads.com/in/job/looking-for-pre-sales-executive-compliance-hr-services--chennai-district--ea810c03d11996ab6c611763ba2d6bde7,https://www.truscomp.com,Actively Hiring,"Work Setting: On-site | Salary: INR 600,000 - 900,000",JobLeads,https://www.truscomp.com,https://www.jobleads.com/in/job/looking-for-pre-sales-executive-compliance-hr-services--chennai-district--ea810c03d11996ab6c611763ba2d6bde7
Voice Process Executive,Fabs And Glaze,Chennai District,2026-09-06,https://www.jobleads.com/in/job/voice-process-executive--chennai-district--e079f7b8176cc081bebb20e1458569a48,https://www.fabsandglaze.com,Actively Hiring,Company: Fabs And Glaze | Looking For Accounts Payable Executive @ Chennai Responsibilities: Generate leads through cold calling and email campaigns Close deals with clients Meet sales targets consistently Maintain customer relationships over phone calls Perks and benefits: Provident fund Health insurance Annual bonus Phone: 6382388287,JobLeads,https://www.fabsandglaze.com,https://www.jobleads.com/in/job/voice-process-executive--chennai-district--e079f7b8176cc081bebb20e1458569a48
Sales Executive,MindzMap,Chennai District,2026-09-04,https://www.jobleads.com/in/job/sales-executive--chennai-district--ed7ee62dd4a08c3f0994c4a5543d624d8,https://www.mindzmap.com,Actively Hiring,"Company: MindzMap | This is indeed an exciting opportunity to join a dynamic and innovative organisation, and work in a very stimulating environment, while contributing to the success of our organisation. Look no further, if you want to join our core team and align your passion with MindzMap’s vision. We are seeking a talented professional to join our team of enthusiastic and innovative individuals. If you are passionate about Sales, and building rapport with customers, we would love to hear from you. Remember that you are not going to be another “me too” by joining us. You would work in a fast paced environment, collaborating with internal teams, and also independently with minimal supervision. Roles and Responsibilities Carry out Market Research to identify prospects Create reviews and reports with sales data Handle deals and complaints Coordinate with team members for better results Expert at solving problems Requirements Any Graduate Excellent sales skills Great verbal and written",JobLeads,https://www.mindzmap.com,https://www.jobleads.com/in/job/sales-executive--chennai-district--ed7ee62dd4a08c3f0994c4a5543d624d8
Lead Generation Specialist,Fynro Advisory Services,Chennai District,2026-09-04,https://www.jobleads.com/in/job/lead-generation-specialist--chennai-district--e6c53a56c03721ca750f954d674f74aa1,https://www.fynroadvisory.com,Actively Hiring,"Company: Fynro Advisory Services | About FynroFynro is a technology-driven financial advisory startup focused on making financial advice more personalized, transparent, and accessible. We combine human expertise with technology to help individuals make better financial decisions.Position Lead Generation Specialist Experience 3+ Years Location Chennai | Work from Office Role OverviewWe are looking for a confident, empathetic, and communication-focused Telecaller to generate and qualify leads for our financial advisory services. The ideal candidate should be comfortable speaking with prospective customers, understanding their needs, building trust, and creating meaningful conversations that result in qualified leads.This role is ideal for someone who enjoys customer interaction, consultative conversations, and target-driven environments , while maintaining a professional and customer-first approach.Key Responsibilities Make outbound calls to prospective customers and generate qualified l",JobLeads,https://www.fynroadvisory.com,https://www.jobleads.com/in/job/lead-generation-specialist--chennai-district--e6c53a56c03721ca750f954d674f74aa1
Engineering Executive,Jooble Verified Employer,Chennai,2026-09-18,https://in.jooble.org/desc/-6212359301498585427?ckey=lead+generation+executive&rgn=4921&pos=1&elckey=-8042297126546053989&pageType=20&p=1&sid=551932308696630685&jobAge=462&relb=100&brelb=100&bscr=19999.80000162232&scr=19999.80000162232&searchTestGroup=1_2_1&iid=-7028199231664902387,https://www.teamblind.com,Actively Hiring,Engineering Executive,Jooble,https://www.teamblind.com,https://in.jooble.org/desc/-6212359301498585427?ckey=lead+generation+executive&rgn=4921&pos=1&elckey=-8042297126546053989&pageType=20&p=1&sid=551932308696630685&jobAge=462&relb=100&brelb=100&bscr=19999.80000162232&scr=19999.80000162232&searchTestGroup=1_2_1&iid=-7028199231664902387
Executive - Operations (Billing & Invoicing),Jooble Verified Employer,Chennai,2026-09-18,https://in.jooble.org/desc/2392515135348065920?ckey=lead+generation+executive&rgn=4921&pos=2&elckey=-8042297126546053989&pageType=20&p=1&sid=551932308696630685&jobAge=129&relb=100&brelb=100&bscr=19594.85749140797&scr=19594.85749140797&searchTestGroup=1_2_1&iid=-9187171370749928810,https://www.teamblind.com,Actively Hiring,Executive - Operations (Billing & Invoicing),Jooble,https://www.teamblind.com,https://in.jooble.org/desc/2392515135348065920?ckey=lead+generation+executive&rgn=4921&pos=2&elckey=-8042297126546053989&pageType=20&p=1&sid=551932308696630685&jobAge=129&relb=100&brelb=100&bscr=19594.85749140797&scr=19594.85749140797&searchTestGroup=1_2_1&iid=-9187171370749928810
Bar Executive,Jooble Verified Employer,Chennai,2026-09-18,https://in.jooble.org/desc/8274395452459361059?ckey=lead+generation+executive&rgn=4921&pos=3&elckey=-8042297126546053989&pageType=20&p=1&sid=551932308696630685&jobAge=81&relb=100&brelb=100&bscr=19378.1586506296&scr=19378.1586506296&searchTestGroup=1_2_1&iid=6247588458723635139,https://www.teamblind.com,Actively Hiring,Bar Executive,Jooble,https://www.teamblind.com,https://in.jooble.org/desc/8274395452459361059?ckey=lead+generation+executive&rgn=4921&pos=3&elckey=-8042297126546053989&pageType=20&p=1&sid=551932308696630685&jobAge=81&relb=100&brelb=100&bscr=19378.1586506296&scr=19378.1586506296&searchTestGroup=1_2_1&iid=6247588458723635139
Accounts Executive,Jooble Verified Employer,Chennai,2026-09-18,https://in.jooble.org/desc/-151039699491661664?ckey=lead+generation+executive&rgn=4921&pos=5&elckey=-8042297126546053989&pageType=20&p=1&sid=551932308696630685&jobAge=249&relb=100&brelb=100&bscr=17781.873867394435&scr=17781.873867394435&searchTestGroup=1_2_1&iid=5691735371278684918,https://www.teamblind.com,Actively Hiring,Accounts Executive,Jooble,https://www.teamblind.com,https://in.jooble.org/desc/-151039699491661664?ckey=lead+generation+executive&rgn=4921&pos=5&elckey=-8042297126546053989&pageType=20&p=1&sid=551932308696630685&jobAge=249&relb=100&brelb=100&bscr=17781.873867394435&scr=17781.873867394435&searchTestGroup=1_2_1&iid=5691735371278684918
Executive - Commercial Operations (Theatre Marketing),Jooble Verified Employer,Chennai,2026-09-18,https://in.jooble.org/desc/-1086268175519723464?ckey=lead+generation+executive&rgn=4921&pos=6&elckey=-8042297126546053989&pageType=20&p=1&sid=551932308696630685&jobAge=129&relb=100&brelb=100&bscr=17609.546671014734&scr=17609.546671014734&searchTestGroup=1_2_1&iid=6441118887676036830,https://www.teamblind.com,Actively Hiring,Executive - Commercial Operations (Theatre Marketing),Jooble,https://www.teamblind.com,https://in.jooble.org/desc/-1086268175519723464?ckey=lead+generation+executive&rgn=4921&pos=6&elckey=-8042297126546053989&pageType=20&p=1&sid=551932308696630685&jobAge=129&relb=100&brelb=100&bscr=17609.546671014734&scr=17609.546671014734&searchTestGroup=1_2_1&iid=6441118887676036830
Senior Executive - Revenue (Chennai),Jooble Verified Employer,Chennai,2026-09-18,https://in.jooble.org/desc/8378477311291455902?ckey=lead+generation+executive&rgn=4921&pos=9&elckey=-8042297126546053989&pageType=20&p=1&sid=551932308696630685&jobAge=1281&relb=100&brelb=100&bscr=16268.07602785118&scr=16268.07602785118&searchTestGroup=1_2_1&iid=-2837067518096939676,https://www.teamblind.com,Actively Hiring,Senior Executive - Revenue (Chennai),Jooble,https://www.teamblind.com,https://in.jooble.org/desc/8378477311291455902?ckey=lead+generation+executive&rgn=4921&pos=9&elckey=-8042297126546053989&pageType=20&p=1&sid=551932308696630685&jobAge=1281&relb=100&brelb=100&bscr=16268.07602785118&scr=16268.07602785118&searchTestGroup=1_2_1&iid=-2837067518096939676
Channel Partnership Executive - UK Region,Jooble Verified Employer,Chennai,2026-09-18,https://in.jooble.org/desc/-7207700328291891902?ckey=lead+generation+executive&rgn=4921&pos=10&elckey=-8042297126546053989&pageType=20&p=1&sid=551932308696630685&jobAge=619&relb=100&brelb=100&bscr=16200.311722661214&scr=16200.311722661214&searchTestGroup=1_2_1&iid=-8301206138977061264,https://www.teamblind.com,Actively Hiring,Channel Partnership Executive - UK Region,Jooble,https://www.teamblind.com,https://in.jooble.org/desc/-7207700328291891902?ckey=lead+generation+executive&rgn=4921&pos=10&elckey=-8042297126546053989&pageType=20&p=1&sid=551932308696630685&jobAge=619&relb=100&brelb=100&bscr=16200.311722661214&scr=16200.311722661214&searchTestGroup=1_2_1&iid=-8301206138977061264
Talent Acquisition Executive - India,Jooble Verified Employer,Chennai,2026-09-18,https://in.jooble.org/desc/8176645597011430531?ckey=lead+generation+executive&rgn=4921&pos=15&elckey=-8042297126546053989&pageType=20&p=1&sid=551932308696630685&jobAge=1481&relb=110&brelb=110&bscr=15555.053228514365&scr=15555.053228514365&searchTestGroup=1_2_1&iid=6807206442951694051,https://www.teamblind.com,Actively Hiring,Talent Acquisition Executive - India,Jooble,https://www.teamblind.com,https://in.jooble.org/desc/8176645597011430531?ckey=lead+generation+executive&rgn=4921&pos=15&elckey=-8042297126546053989&pageType=20&p=1&sid=551932308696630685&jobAge=1481&relb=110&brelb=110&bscr=15555.053228514365&scr=15555.053228514365&searchTestGroup=1_2_1&iid=6807206442951694051
F&B Executive,Jooble Verified Employer,Chennai,2026-09-18,https://in.jooble.org/desc/-8723271725970142501?ckey=lead+generation+executive&rgn=4921&pos=22&elckey=-8042297126546053989&pageType=20&p=1&sid=551932308696630685&jobAge=321&relb=100&brelb=100&bscr=15198.598556503603&scr=15198.598556503603&searchTestGroup=1_2_1&iid=476604485546902539,https://www.teamblind.com,Actively Hiring,F&B Executive,Jooble,https://www.teamblind.com,https://in.jooble.org/desc/-8723271725970142501?ckey=lead+generation+executive&rgn=4921&pos=22&elckey=-8042297126546053989&pageType=20&p=1&sid=551932308696630685&jobAge=321&relb=100&brelb=100&bscr=15198.598556503603&scr=15198.598556503603&searchTestGroup=1_2_1&iid=476604485546902539
Accounts Receivable Executive,Jooble Verified Employer,Chennai,2026-09-18,https://in.jooble.org/desc/4226950648187104319?ckey=lead+generation+executive&rgn=4921&pos=24&elckey=-8042297126546053989&pageType=20&p=1&sid=551932308696630685&jobAge=825&relb=100&brelb=100&bscr=15058.276532078722&scr=15058.276532078722&searchTestGroup=1_2_1&iid=5846058382472085495,https://www.teamblind.com,Actively Hiring,Accounts Receivable Executive,Jooble,https://www.teamblind.com,https://in.jooble.org/desc/4226950648187104319?ckey=lead+generation+executive&rgn=4921&pos=24&elckey=-8042297126546053989&pageType=20&p=1&sid=551932308696630685&jobAge=825&relb=100&brelb=100&bscr=15058.276532078722&scr=15058.276532078722&searchTestGroup=1_2_1&iid=5846058382472085495
Executive - Process Engineering,Jooble Verified Employer,Chennai,2026-09-18,https://in.jooble.org/desc/4021219695380680302?ckey=lead+generation+executive&rgn=4921&pos=31&elckey=-8042297126546053989&pageType=20&p=1&sid=551932308696630685&jobAge=630&relb=100&brelb=100&bscr=14253.15159073206&scr=14253.15159073206&searchTestGroup=1_2_1&iid=3236429120772669492,https://www.teamblind.com,Actively Hiring,Executive - Process Engineering,Jooble,https://www.teamblind.com,https://in.jooble.org/desc/4021219695380680302?ckey=lead+generation+executive&rgn=4921&pos=31&elckey=-8042297126546053989&pageType=20&p=1&sid=551932308696630685&jobAge=630&relb=100&brelb=100&bscr=14253.15159073206&scr=14253.15159073206&searchTestGroup=1_2_1&iid=3236429120772669492
SR. EXECUTIVE - PROCESS & QUALITY,Jooble Verified Employer,Chennai,2026-09-18,https://in.jooble.org/desc/-587326077724758848?ckey=lead+generation+executive&rgn=4921&pos=32&elckey=-8042297126546053989&pageType=20&p=1&sid=551932308696630685&jobAge=417&relb=100&brelb=100&bscr=14226.052120216322&scr=14226.052120216322&searchTestGroup=1_2_1&iid=1783106762442745174,https://www.teamblind.com,Actively Hiring,SR. EXECUTIVE - PROCESS & QUALITY,Jooble,https://www.teamblind.com,https://in.jooble.org/desc/-587326077724758848?ckey=lead+generation+executive&rgn=4921&pos=32&elckey=-8042297126546053989&pageType=20&p=1&sid=551932308696630685&jobAge=417&relb=100&brelb=100&bscr=14226.052120216322&scr=14226.052120216322&searchTestGroup=1_2_1&iid=1783106762442745174
Academic Executive- Chennai,Jooble Verified Employer,Chennai,2026-09-18,https://in.jooble.org/desc/3068804106096552988?ckey=lead+generation+executive&rgn=4921&pos=35&elckey=-8042297126546053989&pageType=20&p=1&sid=551932308696630685&jobAge=825&relb=100&brelb=100&bscr=13949.790440492201&scr=13949.790440492201&searchTestGroup=1_2_1&iid=3960964202325068618,https://www.teamblind.com,Actively Hiring,Academic Executive- Chennai,Jooble,https://www.teamblind.com,https://in.jooble.org/desc/3068804106096552988?ckey=lead+generation+executive&rgn=4921&pos=35&elckey=-8042297126546053989&pageType=20&p=1&sid=551932308696630685&jobAge=825&relb=100&brelb=100&bscr=13949.790440492201&scr=13949.790440492201&searchTestGroup=1_2_1&iid=3960964202325068618
Reservation Executive,Jooble Verified Employer,Chennai,2026-09-18,https://in.jooble.org/desc/-9180812918379242815?ckey=lead+generation+executive&rgn=4921&pos=38&elckey=-8042297126546053989&pageType=20&p=1&sid=551932308696630685&jobAge=129&relb=100&brelb=100&bscr=13550.915857183596&scr=13550.915857183596&searchTestGroup=1_2_1&iid=-4315651317977930487,https://www.teamblind.com,Actively Hiring,Reservation Executive,Jooble,https://www.teamblind.com,https://in.jooble.org/desc/-9180812918379242815?ckey=lead+generation+executive&rgn=4921&pos=38&elckey=-8042297126546053989&pageType=20&p=1&sid=551932308696630685&jobAge=129&relb=100&brelb=100&bscr=13550.915857183596&scr=13550.915857183596&searchTestGroup=1_2_1&iid=-4315651317977930487
Housekeeping Executive,Jooble Verified Employer,Chennai,2026-09-18,https://in.jooble.org/desc/-9084173799553308489?ckey=lead+generation+executive&rgn=4921&pos=39&elckey=-8042297126546053989&pageType=20&p=1&sid=551932308696630685&jobAge=297&relb=100&brelb=100&bscr=13473.496016996021&scr=13473.496016996021&searchTestGroup=1_2_1&iid=4427905428094225631,https://www.teamblind.com,Actively Hiring,Housekeeping Executive,Jooble,https://www.teamblind.com,https://in.jooble.org/desc/-9084173799553308489?ckey=lead+generation+executive&rgn=4921&pos=39&elckey=-8042297126546053989&pageType=20&p=1&sid=551932308696630685&jobAge=297&relb=100&brelb=100&bscr=13473.496016996021&scr=13473.496016996021&searchTestGroup=1_2_1&iid=4427905428094225631
Procurement Executive,Jooble Verified Employer,Chennai,2026-09-18,https://in.jooble.org/desc/-6712585149074602252?ckey=lead+generation+executive&rgn=4921&pos=40&elckey=-8042297126546053989&pageType=20&p=1&sid=551932308696630685&jobAge=153&relb=100&brelb=100&bscr=13438.59060862838&scr=13438.59060862838&searchTestGroup=1_2_1&iid=7059069722036119890,https://www.teamblind.com,Actively Hiring,Procurement Executive,Jooble,https://www.teamblind.com,https://in.jooble.org/desc/-6712585149074602252?ckey=lead+generation+executive&rgn=4921&pos=40&elckey=-8042297126546053989&pageType=20&p=1&sid=551932308696630685&jobAge=153&relb=100&brelb=100&bscr=13438.59060862838&scr=13438.59060862838&searchTestGroup=1_2_1&iid=7059069722036119890
Procurement Executive,Jooble Verified Employer,Chennai,2026-09-18,https://in.jooble.org/desc/-7687855026457489501?ckey=lead+generation+executive&rgn=4921&pos=41&elckey=-8042297126546053989&pageType=20&p=1&sid=551932308696630685&jobAge=465&relb=100&brelb=100&bscr=13343.112540244789&scr=13343.112540244789&searchTestGroup=1_2_1&iid=5641119339234286147,https://www.teamblind.com,Actively Hiring,Procurement Executive,Jooble,https://www.teamblind.com,https://in.jooble.org/desc/-7687855026457489501?ckey=lead+generation+executive&rgn=4921&pos=41&elckey=-8042297126546053989&pageType=20&p=1&sid=551932308696630685&jobAge=465&relb=100&brelb=100&bscr=13343.112540244789&scr=13343.112540244789&searchTestGroup=1_2_1&iid=5641119339234286147
Executive - Credit Control - Royapettah (Chennai),Jooble Verified Employer,Chennai,2026-09-18,https://in.jooble.org/desc/-6790968664017188738?ckey=lead+generation+executive&rgn=4921&pos=47&elckey=-8042297126546053989&pageType=20&p=1&sid=551932308696630685&jobAge=1481&relb=110&brelb=110&bscr=12598.292898056317&scr=12598.292898056317&searchTestGroup=1_2_1&iid=-8686260738711552252,https://www.teamblind.com,Actively Hiring,Executive - Credit Control - Royapettah (Chennai),Jooble,https://www.teamblind.com,https://in.jooble.org/desc/-6790968664017188738?ckey=lead+generation+executive&rgn=4921&pos=47&elckey=-8042297126546053989&pageType=20&p=1&sid=551932308696630685&jobAge=1481&relb=110&brelb=110&bscr=12598.292898056317&scr=12598.292898056317&searchTestGroup=1_2_1&iid=-8686260738711552252
ACCOUNTS EXECUTIVE,Jooble Verified Employer,Chennai,2026-09-18,https://in.jooble.org/desc/5444270812311130420?ckey=lead+generation+executive&rgn=4921&pos=48&elckey=-8042297126546053989&pageType=20&p=1&sid=551932308696630685&jobAge=7977&relb=100&brelb=100&bscr=12552.29022729068&scr=12552.29022729068&searchTestGroup=1_2_1&iid=-2035980205945015534,https://www.teamblind.com,Actively Hiring,ACCOUNTS EXECUTIVE,Jooble,https://www.teamblind.com,https://in.jooble.org/desc/5444270812311130420?ckey=lead+generation+executive&rgn=4921&pos=48&elckey=-8042297126546053989&pageType=20&p=1&sid=551932308696630685&jobAge=7977&relb=100&brelb=100&bscr=12552.29022729068&scr=12552.29022729068&searchTestGroup=1_2_1&iid=-2035980205945015534
Guest Relation Executive,Jooble Verified Employer,Chennai,2026-09-18,https://in.jooble.org/desc/7839701104987657905?ckey=lead+generation+executive&rgn=4921&pos=54&elckey=-8042297126546053989&pageType=20&p=1&sid=551932308696630685&jobAge=3561&relb=100&brelb=100&bscr=12235.370088562402&scr=12235.370088562402&searchTestGroup=1_2_1&iid=-1738799048262367367,https://www.teamblind.com,Actively Hiring,Guest Relation Executive,Jooble,https://www.teamblind.com,https://in.jooble.org/desc/7839701104987657905?ckey=lead+generation+executive&rgn=4921&pos=54&elckey=-8042297126546053989&pageType=20&p=1&sid=551932308696630685&jobAge=3561&relb=100&brelb=100&bscr=12235.370088562402&scr=12235.370088562402&searchTestGroup=1_2_1&iid=-1738799048262367367
Vessel Accounts Executive,Jooble Verified Employer,Chennai,2026-09-18,https://in.jooble.org/desc/7372758688859005770?ckey=lead+generation+executive&rgn=4921&pos=59&elckey=-8042297126546053989&pageType=20&p=1&sid=551932308696630685&jobAge=753&relb=100&brelb=100&bscr=11744.564023042914&scr=11744.564023042914&searchTestGroup=1_2_1&iid=5414278036247327240,https://www.teamblind.com,Actively Hiring,Vessel Accounts Executive,Jooble,https://www.teamblind.com,https://in.jooble.org/desc/7372758688859005770?ckey=lead+generation+executive&rgn=4921&pos=59&elckey=-8042297126546053989&pageType=20&p=1&sid=551932308696630685&jobAge=753&relb=100&brelb=100&bscr=11744.564023042914&scr=11744.564023042914&searchTestGroup=1_2_1&iid=5414278036247327240
Field Executive - Customer Experience - Ambattur(Chennai),Jooble Verified Employer,Chennai,2026-09-18,https://in.jooble.org/desc/-3457152769234425445?ckey=lead+generation+executive&rgn=4921&pos=61&elckey=-8042297126546053989&pageType=20&p=1&sid=551932308696630685&jobAge=1481&relb=110&brelb=110&bscr=11688.633713456245&scr=11688.633713456245&searchTestGroup=1_2_1&iid=3562591483700891723,https://www.teamblind.com,Actively Hiring,Field Executive - Customer Experience - Ambattur(Chennai),Jooble,https://www.teamblind.com,https://in.jooble.org/desc/-3457152769234425445?ckey=lead+generation+executive&rgn=4921&pos=61&elckey=-8042297126546053989&pageType=20&p=1&sid=551932308696630685&jobAge=1481&relb=110&brelb=110&bscr=11688.633713456245&scr=11688.633713456245&searchTestGroup=1_2_1&iid=3562591483700891723
Admin Executive,Jooble Verified Employer,Chennai,2026-09-18,https://in.jooble.org/desc/-896907063019195774?ckey=lead+generation+executive&rgn=4921&pos=62&elckey=-8042297126546053989&pageType=20&p=1&sid=551932308696630685&jobAge=1113&relb=100&brelb=100&bscr=11673.671181206784&scr=11673.671181206784&searchTestGroup=1_2_1&iid=-1583683200608339152,https://www.teamblind.com,Actively Hiring,Admin Executive,Jooble,https://www.teamblind.com,https://in.jooble.org/desc/-896907063019195774?ckey=lead+generation+executive&rgn=4921&pos=62&elckey=-8042297126546053989&pageType=20&p=1&sid=551932308696630685&jobAge=1113&relb=100&brelb=100&bscr=11673.671181206784&scr=11673.671181206784&searchTestGroup=1_2_1&iid=-1583683200608339152
Civil Executive,Jooble Verified Employer,Chennai,2026-09-18,https://in.jooble.org/desc/-4564795121015643624?ckey=lead+generation+executive&rgn=4921&pos=67&elckey=-8042297126546053989&pageType=20&p=1&sid=551932308696630685&jobAge=249&relb=100&brelb=100&bscr=10739.733497330015&scr=10739.733497330015&searchTestGroup=1_2_1&iid=-8406358432908576130,https://www.teamblind.com,Actively Hiring,Civil Executive,Jooble,https://www.teamblind.com,https://in.jooble.org/desc/-4564795121015643624?ckey=lead+generation+executive&rgn=4921&pos=67&elckey=-8042297126546053989&pageType=20&p=1&sid=551932308696630685&jobAge=249&relb=100&brelb=100&bscr=10739.733497330015&scr=10739.733497330015&searchTestGroup=1_2_1&iid=-8406358432908576130
Hiring For Airport Ground Staff Executive Freshers,Jooble Verified Employer,Chennai,2026-09-18,https://in.jooble.org/desc/-3758962617612888385?ckey=lead+generation+executive&rgn=4921&pos=69&elckey=-8042297126546053989&pageType=20&p=1&sid=551932308696630685&jobAge=153&relb=100&brelb=100&bscr=10617.64231065272&scr=10617.64231065272&searchTestGroup=1_2_1&iid=4761045437289699447,https://www.teamblind.com,Actively Hiring,Hiring For Airport Ground Staff Executive Freshers,Jooble,https://www.teamblind.com,https://in.jooble.org/desc/-3758962617612888385?ckey=lead+generation+executive&rgn=4921&pos=69&elckey=-8042297126546053989&pageType=20&p=1&sid=551932308696630685&jobAge=153&relb=100&brelb=100&bscr=10617.64231065272&scr=10617.64231065272&searchTestGroup=1_2_1&iid=4761045437289699447
Airline Ticketing Executive / Travel Consultant / airport ground staff,Jooble Verified Employer,Chennai,2026-09-18,https://in.jooble.org/desc/-1257876087806495149?ckey=lead+generation+executive&rgn=4921&pos=73&elckey=-8042297126546053989&pageType=20&p=1&sid=551932308696630685&jobAge=201&relb=100&brelb=100&bscr=10072.158799562694&scr=10072.158799562694&searchTestGroup=1_2_1&iid=5625765780239365107,https://www.teamblind.com,Actively Hiring,Airline Ticketing Executive / Travel Consultant / airport ground staff,Jooble,https://www.teamblind.com,https://in.jooble.org/desc/-1257876087806495149?ckey=lead+generation+executive&rgn=4921&pos=73&elckey=-8042297126546053989&pageType=20&p=1&sid=551932308696630685&jobAge=201&relb=100&brelb=100&bscr=10072.158799562694&scr=10072.158799562694&searchTestGroup=1_2_1&iid=5625765780239365107
Business Development Executive - CBS011 -Chennai,CapActix Business Solutions,"Chennai, Tamil Nadu, India",2026-09-14,https://www.linkedin.com/jobs/view/4467137731,https://www.capactixbusiness.com,Actively Hiring,"Company: CapActix Business Solutions | Location: Chennai, Tamil Nadu, India | Role: Business Development Executive - CBS011 -Chennai | Source: LinkedIn | Actively hiring qualified talent.",LinkedIn,https://www.capactixbusiness.com,https://www.linkedin.com/jobs/view/4467137731
Lead Generation Executive,INZPIRE IOT SOLUTIONS PRIVATE LIMITED,"Chengalpattu, Tamil Nadu, India",2026-09-16,https://www.linkedin.com/jobs/view/4464188618,https://www.inzpireiot.com,Actively Hiring,"Company: INZPIRE IOT SOLUTIONS PRIVATE LIMITED | Location: Chengalpattu, Tamil Nadu, India | Role: Lead Generation Executive | Source: LinkedIn | Actively hiring qualified talent.",LinkedIn,https://www.inzpireiot.com,https://www.linkedin.com/jobs/view/4464188618
Business Development Executive,Medagg Healthcare Pvt Ltd,"Sholinganallur, Tamil Nadu, India",2026-09-13,https://www.linkedin.com/jobs/view/4466168917,https://www.medagghealthcare.com,Actively Hiring,"Company: Medagg Healthcare Pvt Ltd | Location: Sholinganallur, Tamil Nadu, India | Role: Business Development Executive | Source: LinkedIn | Actively hiring qualified talent.",LinkedIn,https://www.medagghealthcare.com,https://www.linkedin.com/jobs/view/4466168917
Hiring Business Development Field Executive for Chennai - ( Job ID - 24224),EH Jobs,"Chennai, Tamil Nadu, India",2026-09-12,https://www.linkedin.com/jobs/view/4466104491,https://ehscareers.com,Actively Hiring,"Company: EH Jobs | Location: Chennai, Tamil Nadu, India | Role: Hiring Business Development Field Executive for Chennai - ( Job ID - 24224) | Source: LinkedIn | Actively hiring qualified talent.",LinkedIn,https://ehscareers.com,https://www.linkedin.com/jobs/view/4466104491
Business Development Executive,GROWAI Edtech,"Chennai, Tamil Nadu, India",2026-09-18,https://www.linkedin.com/jobs/view/4468475118,https://www.growaiedtech.com,Actively Hiring,"Company: GROWAI Edtech | Location: Chennai, Tamil Nadu, India | Role: Business Development Executive | Source: LinkedIn | Actively hiring qualified talent.",LinkedIn,https://www.growaiedtech.com,https://www.linkedin.com/jobs/view/4468475118
Telesales Executive,DETRON India CNC Rotary Tables,"Chennai, Tamil Nadu, India",2026-09-17,https://www.linkedin.com/jobs/view/4468092164,https://www.detroncncrotarytables.com,Actively Hiring,"Company: DETRON India CNC Rotary Tables | Location: Chennai, Tamil Nadu, India | Role: Telesales Executive | Source: LinkedIn | Actively hiring qualified talent.",LinkedIn,https://www.detroncncrotarytables.com,https://www.linkedin.com/jobs/view/4468092164
Inside Sales Executive - International Calling - Royapet,Sanvi Engineering And Business Consulting Solutions,"Guindy, Tamil Nadu, India",2026-09-15,https://www.linkedin.com/jobs/view/4467169582,https://sanvibs.com,Actively Hiring,"Company: Sanvi Engineering And Business Consulting Solutions | Location: Guindy, Tamil Nadu, India | Role: Inside Sales Executive - International Calling - Royapet | Source: LinkedIn | Actively hiring qualified talent.",LinkedIn,https://sanvibs.com,https://www.linkedin.com/jobs/view/4467169582
Sales Executive,WEMAKE SOLUTIONS PVT LTD,Greater Chennai Area,2026-09-14,https://www.linkedin.com/jobs/view/4464838394,https://www.wemakecreators.com,Actively Hiring,Company: WEMAKE SOLUTIONS PVT LTD | Location: Greater Chennai Area | Role: Sales Executive | Source: LinkedIn | Actively hiring qualified talent.,LinkedIn,https://www.wemakecreators.com,https://www.linkedin.com/jobs/view/4464838394
Business Development Executive (BDE),SRK SOLUTIONS LIMITED,Greater Chennai Area,2026-09-13,https://www.linkedin.com/jobs/view/4466552200,https://www.srk.com,Actively Hiring,Company: SRK SOLUTIONS LIMITED | Location: Greater Chennai Area | Role: Business Development Executive (BDE) | Source: LinkedIn | Actively hiring qualified talent.,LinkedIn,https://www.srk.com,https://www.linkedin.com/jobs/view/4466552200
Business Development Executive -Inside Sales,LMES Academy,"Chennai, Tamil Nadu, India",2026-09-17,https://www.linkedin.com/jobs/view/4468077332,https://www.lmesacademy.com,Actively Hiring,"Company: LMES Academy | Location: Chennai, Tamil Nadu, India | Role: Business Development Executive -Inside Sales | Source: LinkedIn | Actively hiring qualified talent.",LinkedIn,https://www.lmesacademy.com,https://www.linkedin.com/jobs/view/4468077332
Business Development Executive,Alitemat Technologies Private Limited,"Chennai, Tamil Nadu, India",2026-09-16,https://www.linkedin.com/jobs/view/4467847425,https://www.alitemat.com,Actively Hiring,"Company: Alitemat Technologies Private Limited | Location: Chennai, Tamil Nadu, India | Role: Business Development Executive | Source: LinkedIn | Actively hiring qualified talent.",LinkedIn,https://www.alitemat.com,https://www.linkedin.com/jobs/view/4467847425
MARKETING EXECUTIVE,AATMIA DIGITAL MARKETING AND SECURITY PRIVATE LIMITED,"Chennai, Tamil Nadu, India",2026-09-16,https://www.linkedin.com/jobs/view/4467847684,https://www.aatmiadigitalmarketingandsecurity.com,Actively Hiring,"Company: AATMIA DIGITAL MARKETING AND SECURITY PRIVATE LIMITED | Location: Chennai, Tamil Nadu, India | Role: MARKETING EXECUTIVE | Source: LinkedIn | Actively hiring qualified talent.",LinkedIn,https://www.aatmiadigitalmarketingandsecurity.com,https://www.linkedin.com/jobs/view/4467847684
Business Development Executive - IT,Circle Communications,"Chennai, Tamil Nadu, India",2026-09-15,https://www.linkedin.com/jobs/view/4467170663,https://www.circlecommunications.in,Actively Hiring,"Company: Circle Communications | Location: Chennai, Tamil Nadu, India | Role: Business Development Executive - IT | Source: LinkedIn | Actively hiring qualified talent.",LinkedIn,https://www.circlecommunications.in,https://www.linkedin.com/jobs/view/4467170663
Inside Sales Executive | Inbound Leads,scanO,"Egmore, Tamil Nadu, India",2026-09-12,https://www.linkedin.com/jobs/view/4466854394,https://www.scano.ai,Actively Hiring,"Company: scanO | Location: Egmore, Tamil Nadu, India | Role: Inside Sales Executive | Inbound Leads | Source: LinkedIn | Actively hiring qualified talent.",LinkedIn,https://www.scano.ai,https://www.linkedin.com/jobs/view/4466854394
Business Development Executive,HomeLane,"Chennai, Tamil Nadu, India",2026-09-16,https://www.linkedin.com/jobs/view/4467838908,https://www.homelane.com,Actively Hiring,"Company: HomeLane | Location: Chennai, Tamil Nadu, India | Role: Business Development Executive | Source: LinkedIn | Actively hiring qualified talent.",LinkedIn,https://www.homelane.com,https://www.linkedin.com/jobs/view/4467838908
Sales Executive,Lentera Technologies Private Limited,"Chennai, Tamil Nadu, India",2026-09-15,https://www.linkedin.com/jobs/view/4467197740,https://www.lentera.com,Actively Hiring,"Company: Lentera Technologies Private Limited | Location: Chennai, Tamil Nadu, India | Role: Sales Executive | Source: LinkedIn | Actively hiring qualified talent.",LinkedIn,https://www.lentera.com,https://www.linkedin.com/jobs/view/4467197740
Business Development Executive,"Boston Institute of Analytics - Sholinganallur, Chennai Campus","Sholinganallur, Tamil Nadu, India",2026-09-14,https://www.linkedin.com/jobs/view/4466842654,https://www.bostoninstituteofanalyticssholinganallurchennaicampus.com,Actively Hiring,"Company: Boston Institute of Analytics - Sholinganallur, Chennai Campus | Location: Sholinganallur, Tamil Nadu, India | Role: Business Development Executive | Source: LinkedIn | Actively hiring qualified talent.",LinkedIn,https://www.bostoninstituteofanalyticssholinganallurchennaicampus.com,https://www.linkedin.com/jobs/view/4466842654
Business Development Executive - sterloCare,sterlo,"Chennai, Tamil Nadu, India",2026-09-16,https://www.linkedin.com/jobs/view/4468036072,https://www.sterlo.com,Actively Hiring,"Company: sterlo | Location: Chennai, Tamil Nadu, India | Role: Business Development Executive - sterloCare | Source: LinkedIn | Actively hiring qualified talent.",LinkedIn,https://www.sterlo.com,https://www.linkedin.com/jobs/view/4468036072
Business Development Executive - Digital & Media,Circle Communications,"Chennai, Tamil Nadu, India",2026-09-15,https://www.linkedin.com/jobs/view/4467173638,https://www.circlecommunications.in,Actively Hiring,"Company: Circle Communications | Location: Chennai, Tamil Nadu, India | Role: Business Development Executive - Digital & Media | Source: LinkedIn | Actively hiring qualified talent.",LinkedIn,https://www.circlecommunications.in,https://www.linkedin.com/jobs/view/4467173638
Sales Executive – B2B SaaS (Field + Inside Sales) | Chennai,kCube Consultancy Services (P) Ltd,"Chennai, Tamil Nadu, India",2026-09-12,https://www.linkedin.com/jobs/view/4467035680,https://kcubeconsulting.com,Actively Hiring,"Company: kCube Consultancy Services (P) Ltd | Location: Chennai, Tamil Nadu, India | Role: Sales Executive – B2B SaaS (Field + Inside Sales) | Chennai | Source: LinkedIn | Actively hiring qualified talent.",LinkedIn,https://kcubeconsulting.com,https://www.linkedin.com/jobs/view/4467035680
Field Sales Executive,findbhk.com,"Chennai, Tamil Nadu, India",2026-09-15,https://www.linkedin.com/jobs/view/4467192077,https://www.findbhkcom.com,Actively Hiring,"Company: findbhk.com | Location: Chennai, Tamil Nadu, India | Role: Field Sales Executive | Source: LinkedIn | Actively hiring qualified talent.",LinkedIn,https://www.findbhkcom.com,https://www.linkedin.com/jobs/view/4467192077
"Senior Field Sales Executive in Tamil Nadu, Mumbai, Bangalore, Kerala Estate, Andhra Pradesh, Chennai, Delhi, Hyderabad",AyuSynk.ai,"Chennai, Tamil Nadu, India",2026-09-15,https://www.linkedin.com/jobs/view/4468843954,https://www.ayusynkai.com,Actively Hiring,"Company: AyuSynk.ai | Location: Chennai, Tamil Nadu, India | Role: Senior Field Sales Executive in Tamil Nadu, Mumbai, Bangalore, Kerala Estate, Andhra Pradesh, Chennai, Delhi, Hyderabad | Source: LinkedIn | Actively hiring qualified talent.",LinkedIn,https://www.ayusynkai.com,https://www.linkedin.com/jobs/view/4468843954
Telesales Executive,XLT Engineers Private Limited,"Chennai, Tamil Nadu, India",2026-09-13,https://www.linkedin.com/jobs/view/4466195576,https://www.xltengineers.com,Actively Hiring,"Company: XLT Engineers Private Limited | Location: Chennai, Tamil Nadu, India | Role: Telesales Executive | Source: LinkedIn | Actively hiring qualified talent.",LinkedIn,https://www.xltengineers.com,https://www.linkedin.com/jobs/view/4466195576
Marketing Executive,Ayur.AI,"Chennai, Tamil Nadu, India",2026-09-16,https://www.linkedin.com/jobs/view/4467508339,https://www.ayurai.com,Actively Hiring,"Company: Ayur.AI | Location: Chennai, Tamil Nadu, India | Role: Marketing Executive | Source: LinkedIn | Actively hiring qualified talent.",LinkedIn,https://www.ayurai.com,https://www.linkedin.com/jobs/view/4467508339
Senior Executive - Digital Sales,ADP,"Chennai, Tamil Nadu, India",2026-09-16,https://www.linkedin.com/jobs/view/4466681821,https://www.adp.com,Actively Hiring,"Company: ADP | Location: Chennai, Tamil Nadu, India | Role: Senior Executive - Digital Sales | Source: LinkedIn | Actively hiring qualified talent.",LinkedIn,https://www.adp.com,https://www.linkedin.com/jobs/view/4466681821
Business Development Executive,Chennai Chess Club,"Chennai, Tamil Nadu, India",2026-09-16,https://www.linkedin.com/jobs/view/4467846139,https://www.chennaichessclub.com,Actively Hiring,"Company: Chennai Chess Club | Location: Chennai, Tamil Nadu, India | Role: Business Development Executive | Source: LinkedIn | Actively hiring qualified talent.",LinkedIn,https://www.chennaichessclub.com,https://www.linkedin.com/jobs/view/4467846139
Sales & Servicing Executive,IndiaMART InterMESH Limited,"Chennai, Tamil Nadu, India",2026-09-16,https://www.linkedin.com/jobs/view/4469124145,https://www.indiamartintermesh.com,Actively Hiring,"Company: IndiaMART InterMESH Limited | Location: Chennai, Tamil Nadu, India | Role: Sales & Servicing Executive | Source: LinkedIn | Actively hiring qualified talent.",LinkedIn,https://www.indiamartintermesh.com,https://www.linkedin.com/jobs/view/4469124145
Marketing Executive,International Certification Services Pvt. Ltd.,"Chennai, Tamil Nadu, India",2026-09-13,https://www.linkedin.com/jobs/view/4466173985,https://www.internationalcertification.com,Actively Hiring,"Company: International Certification Services Pvt. Ltd. | Location: Chennai, Tamil Nadu, India | Role: Marketing Executive | Source: LinkedIn | Actively hiring qualified talent.",LinkedIn,https://www.internationalcertification.com,https://www.linkedin.com/jobs/view/4466173985
Sales Executive,Thompsons HR Consulting Pvt Ltd,"Poonamallee, Tamil Nadu, India",2026-09-15,https://www.linkedin.com/jobs/view/4468375617,https://thompsonshr.com,Actively Hiring,"Company: Thompsons HR Consulting Pvt Ltd | Location: Poonamallee, Tamil Nadu, India | Role: Sales Executive | Source: LinkedIn | Actively hiring qualified talent.",LinkedIn,https://thompsonshr.com,https://www.linkedin.com/jobs/view/4468375617
Recruitment ATS Business Development Executive,Vybog,Greater Chennai Area,2026-09-17,https://www.linkedin.com/jobs/view/4469552514,https://www.vybog.com,Actively Hiring,Company: Vybog | Location: Greater Chennai Area | Role: Recruitment ATS Business Development Executive | Source: LinkedIn | Actively hiring qualified talent.,LinkedIn,https://www.vybog.com,https://www.linkedin.com/jobs/view/4469552514
MARKETING EXECUTIVE,ARAVIND CERAMICS PRIVATE LIMITED,Greater Chennai Area,2026-09-18,https://www.linkedin.com/jobs/view/4469581882,https://www.aravindceramics.com,Actively Hiring,Company: ARAVIND CERAMICS PRIVATE LIMITED | Location: Greater Chennai Area | Role: MARKETING EXECUTIVE | Source: LinkedIn | Actively hiring qualified talent.,LinkedIn,https://www.aravindceramics.com,https://www.linkedin.com/jobs/view/4469581882
Sales Executive – Sustainable Energy & Smart Solutions,VHAN Confiance (OPC) Private Limited,"Chennai, Tamil Nadu, India",2026-09-18,https://www.linkedin.com/jobs/view/4468461837,https://www.vhanconfianceopc.com,Actively Hiring,"Company: VHAN Confiance (OPC) Private Limited | Location: Chennai, Tamil Nadu, India | Role: Sales Executive – Sustainable Energy & Smart Solutions | Source: LinkedIn | Actively hiring qualified talent.",LinkedIn,https://www.vhanconfianceopc.com,https://www.linkedin.com/jobs/view/4468461837
Walk-in || Tele Marketing Executive,Relyon  facility Services private limited,Chennai(Okkiyam Thuraipakkam),2026-09-13,https://www.naukri.com/job-listings-tele-marketing-executive-relyonservice-chennai-0-to-2-years-150926005239,https://www.relyonfacility.com,Actively Hiring,"Coordinate for client meetings, site visits and requirement discussions. Preferred cand...",Naukri,https://www.relyonfacility.com,https://www.naukri.com/job-listings-tele-marketing-executive-relyonservice-chennai-0-to-2-years-150926005239
Walk-in || Business Development Executive,ACTE Technologies pvt ltd,Chennai,2026-09-14,https://www.naukri.com/job-listings-business-development-executive-acte-technologies-pvt-ltd-chennai-0-to-2-years-220826009792,https://www.acteonline.org,Actively Hiring,"Any graduate with strong communication, sales & business development skillsTarget-drive...",Naukri,https://www.acteonline.org,https://www.naukri.com/job-listings-business-development-executive-acte-technologies-pvt-ltd-chennai-0-to-2-years-220826009792
Walk-in || Business Development Executive,BrandsMart Packaging Company India Pvt Ltd,Chennai,2026-09-13,https://www.naukri.com/job-listings-business-development-executive-brandsmart-packaging-company-india-pvt-ltd-chennai-0-to-3-years-150926029154,https://www.brandsmartpackagingcompany.com,Actively Hiring,". Bachelors degree in Marketing, Business Administration, Commerce, or a related fieldE...",Naukri,https://www.brandsmartpackagingcompany.com,https://www.naukri.com/job-listings-business-development-executive-brandsmart-packaging-company-india-pvt-ltd-chennai-0-to-3-years-150926029154
Business Development Executive,Reliance Retail,Chennai,2026-09-16,https://www.naukri.com/job-listings-business-development-executive-reliance-retail-chennai-0-to-2-years-180926021125,https://www.relianceretail.com,Actively Hiring,Prior experience in sales (any industry). Willingness and interest in field-based work,Naukri,https://www.relianceretail.com,https://www.naukri.com/job-listings-business-development-executive-reliance-retail-chennai-0-to-2-years-180926021125
Lead Generation Specialist,Franchise Alpha,Chennai,2026-09-11,https://www.naukri.com/job-listings-lead-generation-specialist-franchise-alpha-chennai-1-to-2-years-090926920411,https://franchisealpha.com,Actively Hiring,"While prior experience as an independent contractor is beneficial, we also welcome indi...",Naukri,https://franchisealpha.com,https://www.naukri.com/job-listings-lead-generation-specialist-franchise-alpha-chennai-1-to-2-years-090926920411
Lead Generation Specialist,Fynro Advisory Services,Chennai(Perungudi),2026-09-11,https://www.naukri.com/job-listings-lead-generation-specialist-fynro-advisory-services-chennai-5-to-8-years-280826007183,https://www.fynroadvisory.com,Actively Hiring,The ideal candidate should be comfortable having consultative conversations and buildin...,Naukri,https://www.fynroadvisory.com,https://www.naukri.com/job-listings-lead-generation-specialist-fynro-advisory-services-chennai-5-to-8-years-280826007183
Telemarketing Executive / Business Development Executive (US Market),Acts Biotech,"Hybrid - Chennai, Kolkata, Bengaluru",2026-09-11,https://www.naukri.com/job-listings-telemarketing-executive-business-development-executive-us-market-acts-biotech-kolkata-chennai-bengaluru-0-to-5-years-120926016648,https://www.actsbiotech.com,Actively Hiring,Job TitleTelemarketing Executive / Business Development Executive (US Market)LocationR...,Naukri,https://www.actsbiotech.com,https://www.naukri.com/job-listings-telemarketing-executive-business-development-executive-us-market-acts-biotech-kolkata-chennai-bengaluru-0-to-5-years-120926016648
Business Development Executives,Expogroup,"Chennai, Kolkata, Mumbai, New Delhi, Hyderabad, Pune, Bengaluru",2026-08-28,https://www.naukri.com/job-listings-business-development-executives-expogroup-kolkata-mumbai-new-delhi-hyderabad-pune-chennai-bengaluru-0-to-2-years-200326501250,https://expogr.com,Actively Hiring,Ability to meet sales targets and contribute to business growth. Disclaimer: This job d...,Naukri,https://expogr.com,https://www.naukri.com/job-listings-business-development-executives-expogroup-kolkata-mumbai-new-delhi-hyderabad-pune-chennai-bengaluru-0-to-2-years-200326501250
Intern Roles (Sales / Marketing / Lead Generation),ARA Global,Chennai,2026-06-20,https://www.naukri.com/job-listings-intern-roles-sales-marketing-lead-generation-aras-global-consulting-client-chennai-0-to-2-years-270126501949,https://araglobalinc.com,Actively Hiring,Role: Intern Roles (Sales / Marketing / Lead Generation) | Company: ARA Global | Location: Chennai,Naukri,https://araglobalinc.com,https://www.naukri.com/job-listings-intern-roles-sales-marketing-lead-generation-aras-global-consulting-client-chennai-0-to-2-years-270126501949
Business Development Executive - Senior/Lead,Cloud Destinations Infotech,Remote,2026-09-04,https://www.naukri.com/job-listings-business-development-executive-senior-lead-cloud-destinations-infotech-chennai-5-to-10-years-030926021285,https://clouddestinations.com,Actively Hiring,"Company DescriptionCloud Destinations, headquartered in Silicon Valley, specializes in...",Naukri,https://clouddestinations.com,https://www.naukri.com/job-listings-business-development-executive-senior-lead-cloud-destinations-infotech-chennai-5-to-10-years-030926021285
Inside Sales Executive | Inbound Leads,Scano,Chennai,2026-09-15,https://www.naukri.com/job-listings-inside-sales-executive-inbound-leads-scano-chennai-0-to-2-years-170926504170,https://www.scano.ai,Actively Hiring,"Product sales experience in SaaS, healthtech, dental, edtech, fintech or B2B is strongl...",Naukri,https://www.scano.ai,https://www.naukri.com/job-listings-inside-sales-executive-inbound-leads-scano-chennai-0-to-2-years-170926504170
Business Development Executive,Justsee Info Service,Chennai,2026-08-28,https://www.naukri.com/job-listings-business-development-executive-company-info-justsee-info-service-p-ltd-chennai-0-to-3-years-070325503042,https://justsee.in,Actively Hiring,Company Info JustSee Info Service (P) Ltd is looking for Business Development Executive...,Naukri,https://justsee.in,https://www.naukri.com/job-listings-business-development-executive-company-info-justsee-info-service-p-ltd-chennai-0-to-3-years-070325503042
SALES ( Business Development Executive ),Alphonso Edu,"Chennai, Mumbai, New Delhi, Pune, Bengaluru",2026-08-28,https://www.naukri.com/job-listings-sales-business-development-executive-alphonso-edu-mumbai-new-delhi-pune-chennai-bengaluru-0-to-3-years-241023500545,https://www.alefeducation.com,Actively Hiring,"Lead Generation: Identify potential clients and generate leads through various means,...",Naukri,https://www.alefeducation.com,https://www.naukri.com/job-listings-sales-business-development-executive-alphonso-edu-mumbai-new-delhi-pune-chennai-bengaluru-0-to-3-years-241023500545
Telecaller - Lead Generation For Business and Personal Loans,Finnup Solutions,Chennai,2026-08-28,https://www.naukri.com/job-listings-telecaller-lead-generation-for-business-and-personal-loans-finnup-chennai-2-to-7-years-101024500598,https://finnup.in,Actively Hiring,Telecaller - Lead Generation for Business and Personal Loans    Role:  We are seeking ...,Naukri,https://finnup.in,https://www.naukri.com/job-listings-telecaller-lead-generation-for-business-and-personal-loans-finnup-chennai-2-to-7-years-101024500598
BUSINESS DEVELOPMENT EXECUTIVE- SOFTWARE PRODUCTS,Objective Info Solutions,"Chennai, Kolkata, Mumbai, New Delhi, Hyderabad, Pune, Bengaluru",2026-08-28,https://www.naukri.com/job-listings-business-development-executive-software-products-objective-solutions-kolkata-mumbai-new-delhi-hyderabad-pune-chennai-bengaluru-0-to-1-years-300723500222,https://www.objectiveinfo.com,Actively Hiring,"Negotiation, price positioning and re-enforcement skills requiredCandidate with 6 month...",Naukri,https://www.objectiveinfo.com,https://www.naukri.com/job-listings-business-development-executive-software-products-objective-solutions-kolkata-mumbai-new-delhi-hyderabad-pune-chennai-bengaluru-0-to-1-years-300723500222
Opening For Business Development Executive - Sports Nutrition,Parag Milk Foods,"Chennai, Kochi, Bengaluru",2026-08-28,https://www.naukri.com/job-listings-opening-for-business-development-executive-sports-nutrition-parag-milk-foods-kochi-chennai-bengaluru-0-to-5-years-200826021712,https://www.paragmilkfoods.com,Actively Hiring,Role & responsibilities  Business DevelopmentIdentify and develop new business opportun...,Naukri,https://www.paragmilkfoods.com,https://www.naukri.com/job-listings-opening-for-business-development-executive-sports-nutrition-parag-milk-foods-kochi-chennai-bengaluru-0-to-5-years-200826021712
Lead Generation Specialist,EGS Computers,Chennai,2026-08-28,https://www.naukri.com/job-listings-lead-generation-specialist-egs-computers-india-pvt-ltd-chennai-2-to-7-years-080426501209,https://www.egscomputers.com,Actively Hiring,Minimum Experience : - Experience: 2+ years of tele-calling experience with a focus on ...,Naukri,https://www.egscomputers.com,https://www.naukri.com/job-listings-lead-generation-specialist-egs-computers-india-pvt-ltd-chennai-2-to-7-years-080426501209
Business Devlopment  Executive /  Business Devlopment Manager,Apricot Logistics Solution,Chennai,2026-09-14,https://www.naukri.com/job-listings-business-devlopment-executive-business-devlopment-manager-questhr-greater-noida-chennai-5-to-7-years-160926016359,https://apricotlogistics.com,Actively Hiring,Business Development Executive / Business Development Manager Freight Forwarding Job Su...,Naukri,https://apricotlogistics.com,https://www.naukri.com/job-listings-business-devlopment-executive-business-devlopment-manager-questhr-greater-noida-chennai-5-to-7-years-160926016359
Business Development Executive,Baby Joy Fertility & IVF Centre (P) Ltd,"Chennai, Kolkata, Mumbai, New Delhi, Hyderabad, Pune, Bengaluru",2026-08-28,https://www.naukri.com/job-listings-business-development-executive-baby-joy-fertility-ivf-centre-p-ltd-kolkata-mumbai-new-delhi-hyderabad-pune-chennai-bengaluru-0-to-3-years-191224500753,https://www.babyjoyfertilityivfcentrepltd.com,Actively Hiring,"Promoting IVF/Fertility centre to Doctors, Hospitals, Clinics etc.   Explaining USP s...",Naukri,https://www.babyjoyfertilityivfcentrepltd.com,https://www.naukri.com/job-listings-business-development-executive-baby-joy-fertility-ivf-centre-p-ltd-kolkata-mumbai-new-delhi-hyderabad-pune-chennai-bengaluru-0-to-3-years-191224500753
Business Development Executive,Code99 It Academy,Chennai(Velachery),2026-09-14,https://www.naukri.com/job-listings-business-development-executive-code99-it-academy-chennai-0-to-1-years-160926012504,https://www.code99itacademy.com,Actively Hiring,Responsibilities:Handle provided leads and convert them into admissions.Explain courses...,Naukri,https://www.code99itacademy.com,https://www.naukri.com/job-listings-business-development-executive-code99-it-academy-chennai-0-to-1-years-160926012504
Business Development Executive,Ashtrix Robotics And Research Centre,Chennai(Mogappair),2026-09-15,https://www.naukri.com/job-listings-business-development-executive-ashtrix-robotics-and-research-centre-chennai-0-to-3-years-170926909038,https://ashtrix.in,Actively Hiring,"Business Development Executive at Ashtrix Robotics Interact with parents, explain robo...",Naukri,https://ashtrix.in,https://www.naukri.com/job-listings-business-development-executive-ashtrix-robotics-and-research-centre-chennai-0-to-3-years-170926909038
"Electrician, Driver and Business Development Executive",MALABAR GOLD & DIAMONDS,"Chennai, Kanchipuram, Thiruvallur",2026-08-28,https://www.naukri.com/job-listings-electrician-driver-and-business-development-executive-malabar-gold-diamonds-chennai-kanchipuram-thiruvallur-0-to-5-years-270826021161,https://www.malabargolddiamonds.com,Actively Hiring,Purchase and deliver required items for the showroom as per the requirementOperate AC &...,Naukri,https://www.malabargolddiamonds.com,https://www.naukri.com/job-listings-electrician-driver-and-business-development-executive-malabar-gold-diamonds-chennai-kanchipuram-thiruvallur-0-to-5-years-270826021161
Business Development Executive - Immediate Hiring,PlanetSpark,"Chennai, Hyderabad, Ahmedabad",2026-09-17,https://www.naukri.com/job-listings-business-development-executive-immediate-hiring-planetspark-hyderabad-ahmedabad-chennai-0-to-5-years-170325011275,https://www.planetspark.in,Actively Hiring,PlanetSpark is hiring BDE/Sales Associates. Freshers & 2023-25 graduates can apply. Ins...,Naukri,https://www.planetspark.in,https://www.naukri.com/job-listings-business-development-executive-immediate-hiring-planetspark-hyderabad-ahmedabad-chennai-0-to-5-years-170325011275
Business Development Executive,Doctutorials Edutech,Remote,2026-09-17,https://www.naukri.com/job-listings-business-development-executive-doctutorials-edutech-chennai-0-to-3-years-190926019381,https://www.doctutorialsedutech.com,Actively Hiring,Website Link: https://www.doctutorials.com/ Position Overview: The Sales Executive will...,Naukri,https://www.doctutorialsedutech.com,https://www.naukri.com/job-listings-business-development-executive-doctutorials-edutech-chennai-0-to-3-years-190926019381
Business Development Executive 2026 Graduates,IndiaMART,Chennai(Nungambakkam +2),2026-09-04,https://www.naukri.com/job-listings-business-development-executive-2026-graduates-indiamart-chennai-0-to-3-years-250526002826,https://www.indiamart.com,Actively Hiring,Role & responsibilities  • Generate leads from the assigned database and identify key d...,Naukri,https://www.indiamart.com,https://www.naukri.com/job-listings-business-development-executive-2026-graduates-indiamart-chennai-0-to-3-years-250526002826
Business Development Executive MBA Freshers 2026 | Field Sales,IndiaMART,Chennai(Nungambakkam +1),2026-09-04,https://www.naukri.com/job-listings-business-development-executive-mba-freshers-2026-field-sales-indiamart-chennai-0-to-0-years-060526013119,https://www.indiamart.com,Actively Hiring,Preferred candidate profile . MBA / PGDM (Marketing & Sales) 2026 pass-outsMust have a ...,Naukri,https://www.indiamart.com,https://www.naukri.com/job-listings-business-development-executive-mba-freshers-2026-field-sales-indiamart-chennai-0-to-0-years-060526013119
Business Development Executive,Instant Ventures,Chennai,2026-09-16,https://www.naukri.com/job-listings-business-development-executive-instant-ventures-chennai-0-to-3-years-180926500028,https://www.instantventures.com,Actively Hiring,"Bring clear communication, ownership and a willingness to learn the power market",Naukri,https://www.instantventures.com,https://www.naukri.com/job-listings-business-development-executive-instant-ventures-chennai-0-to-3-years-180926500028
Business Development Executive,Charvion Global Services,Chennai(Padur),2026-09-12,https://www.naukri.com/job-listings-business-development-executive-charvion-global-services-chennai-0-to-2-years-140926910323,https://www.charvionglobal.com,Actively Hiring,"Responsibilities:* Cold call leads, close deals.* Generate revenue through client acqui...",Naukri,https://www.charvionglobal.com,https://www.naukri.com/job-listings-business-development-executive-charvion-global-services-chennai-0-to-2-years-140926910323
Business Development Executive,K12 Techno Services,"Chennai, Hyderabad, Bengaluru",2026-09-11,https://www.naukri.com/job-listings-business-development-executive-k12-techno-services-hyderabad-chennai-bengaluru-0-to-5-years-110926013987,https://www.k12techno.com,Actively Hiring,Eligibility: Bachelors Degree in any discipline Freshers and experienced candidates wel...,Naukri,https://www.k12techno.com,https://www.naukri.com/job-listings-business-development-executive-k12-techno-services-hyderabad-chennai-bengaluru-0-to-5-years-110926013987
Business Development Executive,Epiic Tech,Chennai,2026-09-18,https://www.naukri.com/job-listings-business-development-executive-epiic-tech-chennai-0-to-5-years-210926001103,https://www.epiic.com,Actively Hiring,Responsibilities:We are looking for a Business development Executive for our companyB2B...,Naukri,https://www.epiic.com,https://www.naukri.com/job-listings-business-development-executive-epiic-tech-chennai-0-to-5-years-210926001103
IT Sales / Business Development Executive,Solidtrust Technologies India,Chennai,2026-09-12,https://www.naukri.com/job-listings-it-sales-business-development-executive-solidtrust-technologies-india-private-limited-chennai-0-to-4-years-140926501089,https://www.solidtrust.in,Actively Hiring,Develop and execute sales strategies to achieve business objectives and expand the cus...,Naukri,https://www.solidtrust.in,https://www.naukri.com/job-listings-it-sales-business-development-executive-solidtrust-technologies-india-private-limited-chennai-0-to-4-years-140926501089
Executive - Business Development,Photon,Chennai,2026-08-28,https://www.naukri.com/job-listings-executive-business-development-photon-infotech-p-ltd-chennai-0-to-3-years-080726502263,https://www.photon.com,Actively Hiring,"Greetings Everyone                  Who are we   For the past 20 years, we have powere...",Naukri,https://www.photon.com,https://www.naukri.com/job-listings-executive-business-development-photon-infotech-p-ltd-chennai-0-to-3-years-080726502263
Management Employee Sales Executive Lead Analyst,Zero Gravity Photography,Chennai,2026-08-28,https://www.naukri.com/job-listings-management-employee-sales-executive-lead-analyst-zero-gravity-photography-chennai-0-to-1-years-030326500145,https://zerogravity.photography,Actively Hiring,Preferred Language: English & TamilExperience: 0 to 5 years in sales or business analys...,Naukri,https://zerogravity.photography,https://www.naukri.com/job-listings-management-employee-sales-executive-lead-analyst-zero-gravity-photography-chennai-0-to-1-years-030326500145
Business Development Executive,Orion Water Treatment,"Hybrid - Chennai(Sriperumbudur ), Kochi(Kumbalangi), Noida(G Block Sector 63)",2026-09-17,https://www.naukri.com/job-listings-business-development-executive-orion-water-treatment-kochi-noida-chennai-0-to-2-years-190926013904,https://www.orionwatertreatment.com,Actively Hiring,Sales and Business Development Market Analysis Client Relationship Management Sales Rep...,Naukri,https://www.orionwatertreatment.com,https://www.naukri.com/job-listings-business-development-executive-orion-water-treatment-kochi-noida-chennai-0-to-2-years-190926013904
Business Development Executive / Manager,Leading Client,Chennai,2026-09-14,https://www.naukri.com/job-listings-business-development-executive-manager-purview-india-consulting-and-services-llp-chennai-4-to-6-years-160926931238,https://leadclient.com,Actively Hiring,Proficiency in CRM software and Microsoft Office applicationsProven experience in busin...,Naukri,https://leadclient.com,https://www.naukri.com/job-listings-business-development-executive-manager-purview-india-consulting-and-services-llp-chennai-4-to-6-years-160926931238
Business Development Executive,Vibedu International Education,"Chennai(Velachery), Madurai(Kalavasal), Coimbatore(RS Puram )",2026-09-16,https://www.naukri.com/job-listings-business-development-executive-vibedu-international-education-madurai-chennai-coimbatore-0-to-3-years-180926038206,https://www.vibeduinternationaleducation.com,Actively Hiring,We are looking for an energetic and target-oriented Business Development Executive to e...,Naukri,https://www.vibeduinternationaleducation.com,https://www.naukri.com/job-listings-business-development-executive-vibedu-international-education-madurai-chennai-coimbatore-0-to-3-years-180926038206
Business Development Executive,Regent Campus D2,Hybrid - Chennai,2026-09-14,https://www.naukri.com/job-listings-business-development-executive-regent-campus-d2-chennai-0-to-2-years-160926030468,https://www.regentcampusd2.com,Actively Hiring,Job Description: Business Development Executive EdTechPosition: Business Development Ex...,Naukri,https://www.regentcampusd2.com,https://www.naukri.com/job-listings-business-development-executive-regent-campus-d2-chennai-0-to-2-years-160926030468
Business Development Executive,Incaz Business Consulting,Chennai(Guduvancheri),2026-09-17,https://www.naukri.com/job-listings-business-development-executive-incaz-business-consulting-chennai-0-to-2-years-190926019745,https://www.incazbusinessconsulting.com,Actively Hiring,Responsibilities:* Manage existing client relationships* Meet sales targets through B2B...,Naukri,https://www.incazbusinessconsulting.com,https://www.naukri.com/job-listings-business-development-executive-incaz-business-consulting-chennai-0-to-2-years-190926019745
Business Development Executive  EdTech / STEM,TriHusLab,"Hybrid - Chennai, Coimbatore, Bengaluru",2026-09-12,https://www.naukri.com/job-listings-business-development-executive-edtech-stem-trihuslab-chennai-coimbatore-bengaluru-0-to-2-years-140926020886,https://www.trihuslab.com,Actively Hiring,"Contact and visit schools across Chennai, connect with decision-makers, generate leads...",Naukri,https://www.trihuslab.com,https://www.naukri.com/job-listings-business-development-executive-edtech-stem-trihuslab-chennai-coimbatore-bengaluru-0-to-2-years-140926020886
Business Development Executive,Desher Publishing Services,Chennai,2026-08-28,https://www.naukri.com/job-listings-business-development-executive-desher-publishing-services-private-limited-chennai-0-to-3-years-220523500480,https://www.desherpublishing.com,Actively Hiring,Willingness to work in US and UK shift or any other shifts as per company requirement B...,Naukri,https://www.desherpublishing.com,https://www.naukri.com/job-listings-business-development-executive-desher-publishing-services-private-limited-chennai-0-to-3-years-220523500480
Executive - Business Development,Leading Client,"Chennai, Hyderabad",2026-09-11,https://www.naukri.com/job-listings-executive-business-development-contactx-resource-management-pvt-ltd-hyderabad-chennai-5-to-7-years-070926905329,https://leadclient.com,Actively Hiring,"Qualified Minimum Experience: 5+years . Skills is required- Experience in CEMS, Water A...",Naukri,https://leadclient.com,https://www.naukri.com/job-listings-executive-business-development-contactx-resource-management-pvt-ltd-hyderabad-chennai-5-to-7-years-070926905329
Business Development Executive,IndiaMART,Chennai(Maduravoyal +1),2026-09-04,https://www.naukri.com/job-listings-business-development-executive-indiamart-chennai-0-to-2-years-050626009112,https://www.indiamart.com,Actively Hiring,"Role & responsibilities Build and maintain strong client relationships, acting as the p...",Naukri,https://www.indiamart.com,https://www.naukri.com/job-listings-business-development-executive-indiamart-chennai-0-to-2-years-050626009112
Business Development Executive,IndiaMART,Chennai(Nungambakkam +1),2026-09-04,https://www.naukri.com/job-listings-business-development-executive-indiamart-chennai-0-to-3-years-030726016195,https://www.indiamart.com,Actively Hiring,"Role & responsibilities Build and maintain strong client relationships, acting as the p...",Naukri,https://www.indiamart.com,https://www.naukri.com/job-listings-business-development-executive-indiamart-chennai-0-to-3-years-030726016195
Business Development Executive,IndiaMART,Chennai,2026-09-04,https://www.naukri.com/job-listings-business-development-executive-indiamart-chennai-0-to-3-years-020726009288,https://www.indiamart.com,Actively Hiring,male candidates preferredPreferred candidate profile . MBA Fresher or 9 + Months Sales ...,Naukri,https://www.indiamart.com,https://www.naukri.com/job-listings-business-development-executive-indiamart-chennai-0-to-3-years-020726009288
Jr Business Development Executive,Zaigo Infotech,Chennai,2026-09-15,https://www.naukri.com/job-listings-jr-business-development-executive-zaigo-infotech-software-solutions-pvt-ltd-chennai-0-to-3-years-170926501051,https://www.zaigoinfotech.com,Actively Hiring,Develop and implement effective sales strategies to achieve business goals. Generate l...,Naukri,https://www.zaigoinfotech.com,https://www.naukri.com/job-listings-jr-business-development-executive-zaigo-infotech-software-solutions-pvt-ltd-chennai-0-to-3-years-170926501051
Business Development Executive,Calxmap,Hybrid - Chennai,2026-09-14,https://www.naukri.com/job-listings-business-development-executive-calxmap-chennai-0-to-3-years-160926031883,https://www.calxmap.in,Actively Hiring,Roles and ResponsibilitiesManage existing client relationships to maintain strong partn...,Naukri,https://www.calxmap.in,https://www.naukri.com/job-listings-business-development-executive-calxmap-chennai-0-to-3-years-160926031883
Senior Business Development Executive,Wrench Wise Edutech,Chennai(Pallikaranai),2026-09-14,https://www.naukri.com/job-listings-senior-business-development-executive-wrench-wise-edutech-chennai-0-to-4-years-160926023468,https://www.wrench-wise.com,Actively Hiring,Key Responsibilities:* Connect with inbound and outbound leads* Present product value a...,Naukri,https://www.wrench-wise.com,https://www.naukri.com/job-listings-senior-business-development-executive-wrench-wise-edutech-chennai-0-to-4-years-160926023468
Business Development Executive,Asprcm Solutions,Chennai,2026-09-16,https://www.naukri.com/job-listings-business-development-executive-asprcm-solutions-chennai-0-to-1-years-180926019103,https://asprcm.greythr.com,Actively Hiring,Hiring: Business Development Executive US Market | MBA Freshers WelcomeASP-RCM Solutio...,Naukri,https://asprcm.greythr.com,https://www.naukri.com/job-listings-business-development-executive-asprcm-solutions-chennai-0-to-1-years-180926019103
Business Development Executive,Network Rhinos,"Chennai, Bengaluru",2026-08-28,https://www.naukri.com/job-listings-business-development-executive-network-rhinos-chennai-bengaluru-0-to-2-years-070525501418,https://networkrhinos.com,Actively Hiring,Key Skills Required . Experience,Naukri,https://networkrhinos.com,https://www.naukri.com/job-listings-business-development-executive-network-rhinos-chennai-bengaluru-0-to-2-years-070525501418
Lead Conversion Executive,Aastra Technologies,Chennai(Tambaram),2026-09-04,https://www.naukri.com/job-listings-lead-conversion-executive-aastra-technologies-chennai-0-to-2-years-240326020803,https://aastratech.com,Actively Hiring,Required Skills & Qualifications  Good communication and interpersonal skills,Naukri,https://aastratech.com,https://www.naukri.com/job-listings-lead-conversion-executive-aastra-technologies-chennai-0-to-2-years-240326020803
Business Development Executive,Innovus Meditech,Chennai,2026-08-28,https://www.naukri.com/job-listings-business-development-executive-innovus-meditech-chennai-0-to-2-years-050925504195,http://www.innovusmeditech.com,Actively Hiring,Innovus Meditech is looking for Business Development Executive to join our dynamic team...,Naukri,http://www.innovusmeditech.com,https://www.naukri.com/job-listings-business-development-executive-innovus-meditech-chennai-0-to-2-years-050925504195
Immediate Hiring For Business Development Executive / Managers,ExTravelMoney,"Chennai, Hyderabad, Bengaluru",2026-08-28,https://www.naukri.com/job-listings-immediate-hiring-for-business-development-executive-managers-extravelmoney-hyderabad-chennai-bengaluru-0-to-3-years-250826023367,https://www.extravelmoney.com,Actively Hiring,"Graduate in any discipline preferredExperience in B2B sales, channel sales, partner acq...",Naukri,https://www.extravelmoney.com,https://www.naukri.com/job-listings-immediate-hiring-for-business-development-executive-managers-extravelmoney-hyderabad-chennai-bengaluru-0-to-3-years-250826023367
Business Development Executive (BDE) -Counselors,Network Rhinos,"Chennai, Bengaluru",2026-08-28,https://www.naukri.com/job-listings-business-development-executive-bde-counselors-network-rhinos-chennai-bengaluru-0-to-3-years-070525501382,https://networkrhinos.com,Actively Hiring,Key Skills Required . Strong communication and problem-solving skills . Good organizati...,Naukri,https://networkrhinos.com,https://www.naukri.com/job-listings-business-development-executive-bde-counselors-network-rhinos-chennai-bengaluru-0-to-3-years-070525501382
Business Development Executive - Female Only,Q Way Technologies,Chennai(Guindy),2026-09-16,https://www.naukri.com/job-listings-business-development-executive-female-only-q-way-technologies-chennai-0-to-6-years-180926014258,https://www.qway.com,Actively Hiring,Ready to work in US shifts Minimum Bachelors degree 1 years of successful sales or Inte...,Naukri,https://www.qway.com,https://www.naukri.com/job-listings-business-development-executive-female-only-q-way-technologies-chennai-0-to-6-years-180926014258
Business Development Executive,Captalent Hr,"Chennai(Perungudi), Bengaluru(Whitefield)",2026-08-28,https://www.naukri.com/job-listings-business-development-executive-captalent-hr-chennai-bengaluru-0-to-3-years-100726027882,https://captalenthr.com,Actively Hiring,Key Responsibilities: . Identify and generate new business opportunities through field ...,Naukri,https://captalenthr.com,https://www.naukri.com/job-listings-business-development-executive-captalent-hr-chennai-bengaluru-0-to-3-years-100726027882
Business Development Executive - Engineering Software,Solidtrust Technologies India,Chennai,2026-09-12,https://www.naukri.com/job-listings-business-development-executive-engineering-software-solidtrust-technologies-india-private-limited-chennai-0-to-5-years-140926501090,https://www.solidtrust.in,Actively Hiring,Develop and execute business development plans to achieve sales targets and expand the...,Naukri,https://www.solidtrust.in,https://www.naukri.com/job-listings-business-development-executive-engineering-software-solidtrust-technologies-india-private-limited-chennai-0-to-5-years-140926501090
Field Sales Executive,AGR Infotech India,"Chennai, Kolkata, Mumbai, New Delhi, Hyderabad, Pune, Bengaluru",2026-08-28,https://www.naukri.com/job-listings-field-sales-executive-agr-infotech-india-kolkata-mumbai-new-delhi-hyderabad-pune-chennai-bengaluru-0-to-3-years-200326501503,https://www.agrinfotech.com,Actively Hiring,"Proven experience in sales and marketing, preferably in a similar industry or role",Naukri,https://www.agrinfotech.com,https://www.naukri.com/job-listings-field-sales-executive-agr-infotech-india-kolkata-mumbai-new-delhi-hyderabad-pune-chennai-bengaluru-0-to-3-years-200326501503
Executive - Business Development,Leading Client,"Chennai, Hyderabad",2026-09-04,https://www.naukri.com/job-listings-executive-business-development-contactx-resource-management-pvt-ltd-hyderabad-chennai-5-to-10-years-040926909372,https://leadclient.com,Actively Hiring,"Required Qualifications & Skills Experience in CEMS, Water Analysis & AAQMS is required...",Naukri,https://leadclient.com,https://www.naukri.com/job-listings-executive-business-development-contactx-resource-management-pvt-ltd-hyderabad-chennai-5-to-10-years-040926909372
Business Development Executive-Fresher,Sunbrilo Technology,Chennai,2026-09-11,https://www.naukri.com/job-listings-business-development-executive-fresher-sunbrilo-technology-chennai-0-to-1-years-110926914080,https://www.sunbrilotechnology.com,Actively Hiring,We are hiring for- Role: Business Development Executive Fresher (Staff Augmentation)Loc...,Naukri,https://www.sunbrilotechnology.com,https://www.naukri.com/job-listings-business-development-executive-fresher-sunbrilo-technology-chennai-0-to-1-years-110926914080
International Sales & Business Development Executive/Senior Executive,Springbord Systems,Chennai,2026-08-28,https://www.naukri.com/job-listings-international-sales-business-development-executive-senior-executive-springbord-systems-chennai-0-to-3-years-220525505308,https://www.springbordsystems.com,Actively Hiring,"Shift TimingsJob ExperienceImmediate Joiners preferred, 30 Days Notice Period, Requirem...",Naukri,https://www.springbordsystems.com,https://www.naukri.com/job-listings-international-sales-business-development-executive-senior-executive-springbord-systems-chennai-0-to-3-years-220525505308
Business Development Executive - (Freshers To 5Years Experience),LMES Academy,"Chennai(Urapakkam +1), Chengalpattu",2026-09-11,https://www.naukri.com/job-listings-business-development-executive-freshers-to-5years-experience-lmes-academy-chengalpattu-chennai-0-to-5-years-080926009689,https://www.lmesacademy.com,Actively Hiring,Company Name:LMES Academy Private Limited.Role:Business Development Executive (EdTech)...,Naukri,https://www.lmesacademy.com,https://www.naukri.com/job-listings-business-development-executive-freshers-to-5years-experience-lmes-academy-chengalpattu-chennai-0-to-5-years-080926009689
Client Relationship & Business Development Executive For HR Solutions,Faithfully Yours Management Consultancy Pvt Ltd,Chennai(Shenoy Nagar),2026-09-11,https://www.naukri.com/job-listings-client-relationship-business-development-executive-for-hr-solutions-faithfully-yours-management-consultants-chennai-0-to-3-years-100926013624,https://www.fymc.co.in,Actively Hiring,Fresher or candidate with up to approximately 3 years of experienceFreshers and candida...,Naukri,https://www.fymc.co.in,https://www.naukri.com/job-listings-client-relationship-business-development-executive-for-hr-solutions-faithfully-yours-management-consultants-chennai-0-to-3-years-100926013624
Business Development Executive,Meii Ai,Chennai,2026-09-11,https://www.naukri.com/job-listings-business-development-executive-meii-ai-chennai-0-to-2-years-290826011975,https://www.meiiai.com,Actively Hiring,"Shift Timing: 4:00 PM 1:00 AM (Night Shift, aligned with US / International markets) . ...",Naukri,https://www.meiiai.com,https://www.naukri.com/job-listings-business-development-executive-meii-ai-chennai-0-to-2-years-290826011975
Business Development Executive,Unscripted,Chennai(Perambur),2026-09-15,https://www.naukri.com/job-listings-business-development-executive-unscripted-chennai-0-to-2-years-170926909707,https://unscripted-website.vercel.app,Actively Hiring,"We are looking for a Business Development Executive, someone who can spot opportunities...",Naukri,https://unscripted-website.vercel.app,https://www.naukri.com/job-listings-business-development-executive-unscripted-chennai-0-to-2-years-170926909707
Telecaller/Customer Care Executive,SPARKLINE BIZ SOLUTIONS,Chennai(Korattur +2),2026-09-11,https://www.naukri.com/job-listings-telecaller-customer-care-executive-sparkline-biz-solutions-chennai-1-to-2-years-070926013969,https://www.sparklinebiz.com,Actively Hiring,"Generate leads through field visits, referrals, online promotions. Manage social media ...",Naukri,https://www.sparklinebiz.com,https://www.naukri.com/job-listings-telecaller-customer-care-executive-sparkline-biz-solutions-chennai-1-to-2-years-070926013969
Business Development Executive,JS Global Hospital,Chennai,2026-09-15,https://www.naukri.com/job-listings-business-development-executive-js-global-hospital-chennai-0-to-3-years-281025009072,https://www.jsglobalhospital.com,Actively Hiring,fluency in English / local language.CRM knowledge preferred,Naukri,https://www.jsglobalhospital.com,https://www.naukri.com/job-listings-business-development-executive-js-global-hospital-chennai-0-to-3-years-281025009072
Business Development Executive - Chennai  / Madurai / Thiruvannamalai,Dynamic Lifts,"Chennai(Kolathur), Madurai(Periyar), Tiruvannamalai(Annamalai)",2026-09-11,https://www.naukri.com/job-listings-business-development-executive-chennai-madurai-thiruvannamalai-dynamic-lifts-madurai-tiruvannamalai-chennai-0-to-5-years-100926015534,https://www.dynamic.global,Actively Hiring,Freshers / Experienced from any industry with Two Wheeler and valid driving license can...,Naukri,https://www.dynamic.global,https://www.naukri.com/job-listings-business-development-executive-chennai-madurai-thiruvannamalai-dynamic-lifts-madurai-tiruvannamalai-chennai-0-to-5-years-100926015534
Business Development Executive,M V Hospital,Chennai,2026-09-11,https://www.naukri.com/job-listings-business-development-executive-m-v-hospital-chennai-0-to-2-years-070926008894,https://www.mvhospital.com,Actively Hiring,freshers and candidates with 02 years of experience can apply own two-wheeler preferred...,Naukri,https://www.mvhospital.com,https://www.naukri.com/job-listings-business-development-executive-m-v-hospital-chennai-0-to-2-years-070926008894
Business Development Executive,Firsst Packs,Chennai(Mount Road),2026-09-11,https://www.naukri.com/job-listings-business-development-executive-firsst-packs-chennai-0-to-6-years-120926015732,https://firsstpacks.com,Actively Hiring,Preferred candidate profile,Naukri,https://firsstpacks.com,https://www.naukri.com/job-listings-business-development-executive-firsst-packs-chennai-0-to-6-years-120926015732
Business Development/ Sales Executive - Automobile Industry,Amrutha Business Solution,Chennai(Mylapore +3),2026-09-11,https://www.naukri.com/job-listings-business-development-sales-executive-automobile-industry-amrutha-business-solution-chennai-0-to-3-years-070926007663,https://www.amruthabusinesssolution.com,Actively Hiring,"Bachelors degree in Business, Marketing or related streams MBA in Marketing is preferre...",Naukri,https://www.amruthabusinesssolution.com,https://www.naukri.com/job-listings-business-development-sales-executive-automobile-industry-amrutha-business-solution-chennai-0-to-3-years-070926007663
Walk-in || Business Development Executive - IT Saas,BSM Electronic Services,Chennai(Porur),2026-09-11,https://www.naukri.com/job-listings-business-development-executive-it-saas-bsm-electronic-services-chennai-0-to-5-years-110926004194,https://www.bsmelectronic.com,Actively Hiring,Key ResponsibilitiesIdentify and develop new business opportunities for IT Services and...,Naukri,https://www.bsmelectronic.com,https://www.naukri.com/job-listings-business-development-executive-it-saas-bsm-electronic-services-chennai-0-to-5-years-110926004194
Business Development Executive EdTech / STEM,Venkatesh Sruthi,Chennai(MRC Nagar),2026-09-12,https://www.naukri.com/job-listings-business-development-executive-edtech-stem-venkatesh-sruthi-chennai-0-to-2-years-140926020593,https://shruthi-venkatesh.github.io,Actively Hiring,"Contact and visit schools across Chennai, connect with decision-makers, generate leads...",Naukri,https://shruthi-venkatesh.github.io,https://www.naukri.com/job-listings-business-development-executive-edtech-stem-venkatesh-sruthi-chennai-0-to-2-years-140926020593
Business Development Executive,RTS Refrateck Solutions (opc),Chennai,2026-09-12,https://www.naukri.com/job-listings-business-development-executive-rts-refrateck-solutions-opc-chennai-0-to-4-years-140926907408,https://www.rtsrefrateckopc.com,Actively Hiring,Responsibilities:* Coordinate with team members for tender preparation * Close deals wi...,Naukri,https://www.rtsrefrateckopc.com,https://www.naukri.com/job-listings-business-development-executive-rts-refrateck-solutions-opc-chennai-0-to-4-years-140926907408
Business Development Executive / Manager,Beta Corporate Management Services Pvt. Ltd,Chennai(Guindy),2026-09-11,https://www.naukri.com/job-listings-business-development-executive-manager-beta-corporate-management-services-chennai-0-to-5-years-120926014342,https://betacorporates.com,Actively Hiring,"Maintain regular records of client meetings, leads, and sales activities. s. Freshers a...",Naukri,https://betacorporates.com,https://www.naukri.com/job-listings-business-development-executive-manager-beta-corporate-management-services-chennai-0-to-5-years-120926014342
Walk-in || Business Development Executive,Shaaspace India,Chennai(Kodambakkam),2026-09-11,https://www.naukri.com/job-listings-business-development-executive-shaaspace-india-private-limited-chennai-0-to-5-years-090926028453,https://www.shaaspace.com,Actively Hiring,We are hiring a Business Development Executive (BDE) with 05+ years of experience. Fre...,Naukri,https://www.shaaspace.com,https://www.naukri.com/job-listings-business-development-executive-shaaspace-india-private-limited-chennai-0-to-5-years-090926028453
Business Development Executive,Shriram Life Insurance,Chennai,2026-09-11,https://www.naukri.com/job-listings-business-development-executive-naukri-e-hire-campaign-chennai-0-to-4-years-090926025020,https://www.shriramlifeinsurance.co,Actively Hiring,". Job Requirements : . 0-4 years of experience in B2B or B2C sales, direct sales, or re...",Naukri,https://www.shriramlifeinsurance.co,https://www.naukri.com/job-listings-business-development-executive-naukri-e-hire-campaign-chennai-0-to-4-years-090926025020
Business Development Executive(Archiect&design backgound),Company,"El Sheikh Zayed City, Giza Governorate, Egypt",2026-09-14,https://jobs.workable.com/view/xsbLduuUqbRLPmbiKAyukZ/business-development-executive(archiect%26design-backgound)-in-el-sheikh-zayed-city-at-company,https://www.boeing.com,Actively Hiring,"Workplace: On_site | Type: Full-time | We are looking for an experienced and driven Business Development Executive – Architects & Design Offices to join our team. The successful candidate will be responsible for developing and maintaining strong relationships with architects, interior designers, consultants, design offices, developers, a",Workable,https://www.boeing.com,https://jobs.workable.com/view/xsbLduuUqbRLPmbiKAyukZ/business-development-executive(archiect%26design-backgound)-in-el-sheikh-zayed-city-at-company
General Application,Cogram,Remote / Various,2026-09-12,https://www.workatastartup.com/companies/cogram,https://www.cogram.com,Actively Hiring,Cogram is hiring for 6 jobs. The AI Platform for Architects and Engineers,Work at a Startup,https://www.cogram.com,https://www.workatastartup.com/companies/cogram
General Application,Healthtech 1,Remote / Various,2026-09-12,https://www.workatastartup.com/companies/healthtech-1,https://www.healthtech1.com,Actively Hiring,"Healthtech 1 is hiring for 2 jobs. Navigating patients to the right place, first time.",Work at a Startup,https://www.healthtech1.com,https://www.workatastartup.com/companies/healthtech-1
General Application,Camber,Remote / Various,2026-09-12,https://www.workatastartup.com/companies/camber-2,https://www.camber.io,Actively Hiring,Camber is hiring for 13 jobs. Admin automation for healthcare,Work at a Startup,https://www.camber.io,https://www.workatastartup.com/companies/camber-2
General Application,Vooma,Remote / Various,2026-09-12,https://www.workatastartup.com/companies/vooma,https://www.vooma.com,Actively Hiring,Vooma is hiring for 11 jobs. Automation platform for logistics,Work at a Startup,https://www.vooma.com,https://www.workatastartup.com/companies/vooma
Account Executive,See all 6 jobs ›,Remote / Various,2026-09-12,https://www.workatastartup.com/jobs/71015,https://jobs.ikea.com,Actively Hiring,"Account ExecutiveSan Francisco, CA, US / Chicago, IL, USfulltimeWill sponsor$150 - $2503+ yearsView jobAI Software EngineerSan Francisco, CA, US / Palo Alto, CA, USfulltimeWill sponsor$100K - $200K3+ yearsView jobDeployment StrategistSan Francisco, CA, USfulltimeWill sponsor$120K - $190K3+ yearsView jobSee all 6 jobs › | Salary: $150 - $2503 | YC Batch: N/A",Work at a Startup,https://jobs.ikea.com,https://www.workatastartup.com/jobs/71015
AI Software Engineer,See all 6 jobs ›,Remote / Various,2026-09-12,https://www.workatastartup.com/jobs/60818,https://jobs.ikea.com,Actively Hiring,"Account ExecutiveSan Francisco, CA, US / Chicago, IL, USfulltimeWill sponsor$150 - $2503+ yearsView jobAI Software EngineerSan Francisco, CA, US / Palo Alto, CA, USfulltimeWill sponsor$100K - $200K3+ yearsView jobDeployment StrategistSan Francisco, CA, USfulltimeWill sponsor$120K - $190K3+ yearsView jobSee all 6 jobs › | Salary: $100K - $200K | YC Batch: N/A",Work at a Startup,https://jobs.ikea.com,https://www.workatastartup.com/jobs/60818
Deployment Strategist,See all 6 jobs ›,Remote / Various,2026-09-12,https://www.workatastartup.com/jobs/92591,https://jobs.ikea.com,Actively Hiring,"Account ExecutiveSan Francisco, CA, US / Chicago, IL, USfulltimeWill sponsor$150 - $2503+ yearsView jobAI Software EngineerSan Francisco, CA, US / Palo Alto, CA, USfulltimeWill sponsor$100K - $200K3+ yearsView jobDeployment StrategistSan Francisco, CA, USfulltimeWill sponsor$120K - $190K3+ yearsView jobSee all 6 jobs › | Salary: $120K - $190K | YC Batch: N/A",Work at a Startup,https://jobs.ikea.com,https://www.workatastartup.com/jobs/92591
General Application,Lightly,Remote / Various,2026-09-12,https://www.workatastartup.com/companies/lightly,https://www.lightly.ai,Actively Hiring,Lightly(S21) | YC Batch: S21,Work at a Startup,https://www.lightly.ai,https://www.workatastartup.com/companies/lightly
General Application,Open,Remote / Various,2026-09-12,https://www.workatastartup.com/companies/open,https://www.open.com,Actively Hiring,Open is hiring for 2 jobs. Enterprise AI customer support,Work at a Startup,https://www.open.com,https://www.workatastartup.com/companies/open
Lead Generation Executive,hotReloads,"Bengaluru, Karnataka, India",2026-09-09,https://wellfound.com/jobs/4691323-lead-generation-executive,https://hotreloads.com,Actively Hiring,"Company : Hotreloads Digital Private Limited Location : Bengaluru (in office) Type : Full-time or contract Experience : 1 to 3 years in outbound sales or lead generation Compensation : ₹4.5L to ₹7L fixed per year, plus incentives on qualified meetings and closed projects About us Hotreloads is a software development studio in Bengaluru. We build products end to end across web, mobile, backend and AI for clients in India, the UAE and Europe. We are a small team and the founders are hands-on with",Wellfound,https://hotreloads.com,https://wellfound.com/jobs/4691323-lead-generation-executive
B2B Lead Generation Executive,sembark Travel software,"Jaipur, Rajasthan, India / Rajasthan, India / Jaipur, Rajasthan, India",2026-09-10,https://wellfound.com/jobs/4697821-b2b-lead-generation-executive,https://sembark.com/,Actively Hiring,"Responsibilities: ● Conduct outbound prospecting activities to identify and qualify leads through cold calling, email outreach, and social media engagement. ● Actively engage with potential customers to understand their needs, educate them on our products/services, and identify sales opportunities. ● Follow up on leads generated from marketing campaigns and outbound prospecting efforts to schedule qualified sales demos. ● Maintain a high volume of outbound calls and emails while adhering to esta",Wellfound,https://sembark.com/,https://wellfound.com/jobs/4697821-b2b-lead-generation-executive
Lead Generation Executive,Antier Solutions,"Sahibzada Ajit Singh Nagar, Punjab, India",2026-09-15,https://wellfound.com/jobs/4718554-lead-generation-executive,https://www.antiersolutions.com/,Actively Hiring,"We’re looking for a Web3-native lead generation specialist to build a qualified B2B pipeline for Instanodes. The ideal candidate understands the blockchain ecosystem, knows where to find relevant projects and decision-makers, and can turn research into qualified opportunities. Responsibilities Research and identify prospects across protocols, DeFi, DApps, wallets, exchanges, L2s, rollups, validators, and Web3 infrastructure companies. Source prospects through X, LinkedIn, Telegram, Discord, GitH",Wellfound,https://www.antiersolutions.com/,https://wellfound.com/jobs/4718554-lead-generation-executive
Sales Development Specialist,Briidge.one,"Atlanta, Georgia, United States / Austin, Texas, United States / Boston, Massachusetts, United States / California, United States / Chicago, Illinois, United States / Dallas, Texas, United States / Denver, Colorado, United States / Los Angeles, California, United States / Miami, Florida, United States / Missouri, United States / New York, New York, United States / Ohio, United States / Pennsylvania, United States / Philadelphia, Pennsylvania, United States / Phoenix, Arizona, United States / San Diego, California, United States / Seattle, Washington, United States / Texas, United States / Virginia, United States / Washington, District of Columbia, United States / San Francisco, California, United States / San Jose, California, United States / England, United Kingdom / Berkeley, California, United States / Florida, United States / Toronto, Ontario, Canada / Las Vegas, Nevada, United States / Amsterdam, North Holland, Netherlands / Montreal, Québec, Canada / Manchester, England, United Kingdom / New Jersey, United States / Ontario, Canada / Melbourne, Victoria, Australia / Washington, United States / Colorado, United States / Kentucky, United States / San Mateo, California, United States / Georgia, United States / Calgary, Alberta, Canada / Alberta, Canada / Stockholm, Stockholm County, Sweden / Nevada, United States / Los Altos, California, United States / Montana, United States / Alaska, United States / Rio de Janeiro, State of Rio de Janeiro, Brazil / Hawaii, United States / New York, United States / Perth, Western Australia, Australia / Sydney, New South Wales, Australia / Naples, Florida, United States / Lombardy, Italy / Edinburgh, Scotland, United Kingdom / Livermore, California, United States / Virginia Beach, Virginia, United States / Brisbane, Queensland, Australia / Birmingham, England, United Kingdom / Stuttgart, Baden-Württemberg, Germany / Los Gatos, California, United States / State of São Paulo, Brazil / Eindhoven, North Brabant, Netherlands / Glasgow, Scotland, United Kingdom / Rotterdam, South Holland, Netherlands / Adelaide, South Australia, Australia / Liverpool, England, United Kingdom / Dundee, Scotland, United Kingdom / Canberra, Australian Capital Territory, Australia / California City, California, United States / California, United States / New South Wales, Australia / England, United Kingdom / State of Santa Catarina, Brazil / California, United States / Las Vegas, Nevada, United States / Washington, Texas, United States",2026-08-31,https://wellfound.com/jobs/4656830-lead-generation-executive-clone,https://www.briidge.one,Actively Hiring,"About Us Briidge.one is a custom AI and software transformation company helping established businesses turn fragmented operations, legacy systems and proprietary data into intelligent digital infrastructure. We work with businesses that have outgrown generic SaaS tools and need technology built around the way they actually operate. Our work includes: Custom AI powered business systems Internal operational platforms and dashboards Client portals and visibility systems AI reporting and query assis",Wellfound,https://www.briidge.one,https://wellfound.com/jobs/4656830-lead-generation-executive-clone
Business Development Executive – LinkedIn / LinkedIn Lead Generation,DevOptiv,"Sahibzada Ajit Singh Nagar, Punjab, India",2026-08-24,https://wellfound.com/jobs/4627285-business-development-executive-linkedin-linkedin-lead-generation,https://devoptiv.com,Actively Hiring,"We’re looking for an experienced LinkedIn Outreach / Business Development Executive to join our team! 🌟 🔹 Key Responsibilities: • Generate B2B leads through LinkedIn & other channels • 🎯 Identify ICP and target decision-makers • 🔎 Work with LinkedIn Sales Navigator, Apollo & other sales tools • 👥 Handle multiple client accounts • ✍️ Draft personalized outreach messages & follow-ups • 📞 Achieve monthly targets for leads, calls & meeting bookings • 📊 Track account-wise performance and campaign act",Wellfound,https://devoptiv.com,https://wellfound.com/jobs/4627285-business-development-executive-linkedin-linkedin-lead-generation
🚀 Sales Partner / Lead Generation Contractor — 30% Recurring Commission,Hostvia,"Bengaluru, Karnataka, India / Gurgaon, Haryana, India / Mumbai, Maharashtra, India / Noida, Uttar Pradesh, India / Uttar Pradesh, India / Punjab, India / Greater Noida, Uttar Pradesh, India",2026-09-07,https://wellfound.com/jobs/4688487-sales-partner-lead-generation-contractor-30-recurring-commission,https://hostvia.in,Actively Hiring,"Hostvia | Remote | Contractor I'm looking for someone who can help me find potential clients and close deals for Hostvia. We work with hotels, Airbnb hosts and property owners, helping them with OTA and Airbnb management. The work is pretty straightforward: 🔎 Find potential property owners 📩 Reach out to them 📞 Talk to interested prospects 🤝 Help close the deal 💰 Commission You get 30% of whatever Hostvia earns from the client. And here's the good part — as long as we retain the client, you keep",Wellfound,https://hostvia.in,https://wellfound.com/jobs/4688487-sales-partner-lead-generation-contractor-30-recurring-commission
Digital Marketing & Lead Generation-Intern,CognixNexus,"Pune, Maharashtra, India",2026-08-31,https://wellfound.com/jobs/4657069-digital-marketing-lead-generation-intern,https://cognixnexus.com,Actively Hiring,Role Overview We are looking for a highly motivated and execution-focused intern who will directly contribute to our lead generation and business growth efforts across domestic and international markets. This is a hands-on role where you will learn real-world B2B sales and digital marketing in the AI & Cloud domain. Key Responsibilities Lead Generation & Outreach • Research and identify target companies and potential clients in India and international markets. • Identify relevant decision-makers,Wellfound,https://cognixnexus.com,https://wellfound.com/jobs/4657069-digital-marketing-lead-generation-intern
LinkedIn Lead Generation Intern,Budhana Tech,"Pune, Maharashtra, India",2026-08-25,https://wellfound.com/jobs/4628491-linkedin-lead-generation-intern,https://www.budhanatech.com/,Actively Hiring,"LinkedIn Lead Generation (Internship) Location: Remote (Work from Home) Type: Full-Time Internship Duration - 4 months Share your resume at hr@budhanatech.com or whatsapp at 9157736001 Stipend: ₹5,000/month + 2% Incentive per Lead Conversion About the Role We are looking for enthusiastic and driven LinkedIn Lead Generation (BDE) Interns to join our growing team. This is a great opportunity for candidates from Marketing, BBA, or MBA backgrounds who are eager to learn and kick-start their career i",Wellfound,https://www.budhanatech.com/,https://wellfound.com/jobs/4628491-linkedin-lead-generation-intern
LinkedIn Outreach & Lead Generation Specialist(Part-Time),Infinite Possibilities,"New Delhi, Delhi, India",2026-07-23,https://wellfound.com/jobs/4505555-linkedin-outreach-lead-generation-specialist-part-time,https://www.infinitepossibilities.ai,Actively Hiring,"Company Description Agentic Private Markets is a fast-growing startup transforming how Private Equity and Venture Capital teams work through AI-native tools. The platform combines advanced large language models, robust infrastructure, and deep private markets expertise to reduce deal noise and surface insights quickly. Its agents help investment teams evaluate opportunities, prepare for investment committee meetings, and scale knowledge across the organization. The company operates at the inters",Wellfound,https://www.infinitepossibilities.ai,https://wellfound.com/jobs/4505555-linkedin-outreach-lead-generation-specialist-part-time
Lead Generation (US shift),Skillfi,"Dover, Delaware, United States",2026-07-10,https://wellfound.com/jobs/4452715-lead-generation-us-shift,https://www.skillfi.com,Actively Hiring,"We are seeking an experienced and results-driven Lead Generation professional to join our team, working on the US shift to drive business growth and revenue. The successful candidate will be responsible for managing existing accounts, generating new leads, and consistently meeting revenue targets through effective sales techniques. This is an excellent opportunity for a motivated and ambitious individual to join a dynamic and fast-paced team. Key Responsibilities Manage existing accounts to buil",Wellfound,https://www.skillfi.com,https://wellfound.com/jobs/4452715-lead-generation-us-shift
Sales Development Representative (SDR),Weborbitlab,India,2026-09-10,https://wellfound.com/jobs/4697944-sales-development-representative-sdr,https://weborbitlab.com,Actively Hiring,"We are seeking a driven Sales Development Representative (SDR) to act as the first point of contact for potential customers. You will be responsible for driving revenue growth by generating, researching, and qualifying new business opportunities before handing them off to the Account Executive team. Key Responsibilities Conduct high-volume outbound prospecting via phone, email, and social media (e.g., LinkedIn). Identify and qualify inbound and outbound leads to build a healthy sales pipeline. S",Wellfound,https://weborbitlab.com,https://wellfound.com/jobs/4697944-sales-development-representative-sdr
Sales Development Representative (SDR),HolmesOps.AI,"Bengaluru, Karnataka, India / Delhi, India / Hyderabad, Telangana, India / Mumbai, Maharashtra, India / New Delhi, Delhi, India",2026-09-02,https://wellfound.com/jobs/4664484-sales-development-representative-sdr,https://holmesops.ai,Actively Hiring,"Sales Development Representative (SDR) Company: Holmes AI HolmesOps.ai Location: India (Remote) Experience: 3-5 Years Employment Type: Full-time Role Overview As a Sales Development Representative, you will be responsible for identifying potential customers, engaging decision-makers, understanding their business and procurement challenges, and generating qualified sales opportunities for the Account Executive/Sales team. The ideal candidate should have 3 years of B2B sales/ SDR/ Business Develop",Wellfound,https://holmesops.ai,https://wellfound.com/jobs/4664484-sales-development-representative-sdr
Sales Development Representative (SDR) | Founding Team,Blinkins Media,"Mumbai, Maharashtra, India",2026-08-19,https://wellfound.com/jobs/4607023-sales-development-representative-sdr-founding-team,https://blinkins.media,Actively Hiring,"Sales Development Representative (SDR) — Blinkins Media Full-Time | Remote | ₹20,000/month Base + Uncapped Performance Incentives ⚠️ IMPORTANT — APPLICATION REQUIRED: To be considered for this role, you must complete the application form here: tally.so/r/KYrzEX (please copy this link to access the form). Applications submitted without completing the form will not be reviewed. About the Opportunity Blinkins Media is a B2B outbound agency helping companies build predictable sales pipelines through",Wellfound,https://blinkins.media,https://wellfound.com/jobs/4607023-sales-development-representative-sdr-founding-team
Sales development Representative,Velocity,"Karnataka, India",2026-08-12,https://wellfound.com/jobs/4577356-sales-development-representative,https://www.velocity.in,Actively Hiring,"Job Description Sales Development Representative (SDR) 📍 HSR Layout, Bangalore | Day Shift About Velocity Velocity is a leading eCommerce growth platform enabling 4,000+ D2C and digital-first brands to scale through funding, logistics, payments, and AI-powered solutions. We are building a high-performance outbound sales team focused on growth, discipline, and results. Role Overview This is a performance-driven outbound sales role. You will be responsible for high-volume prospecting, initiating c",Wellfound,https://www.velocity.in,https://wellfound.com/jobs/4577356-sales-development-representative
Sales Development Representative (SDR),CredShields,"Bengaluru, Karnataka, India / Karnataka, India / Karnataka, India",2026-09-07,https://wellfound.com/jobs/4307336-sales-development-representative-sdr,https://credshields.com,Actively Hiring,"About CredShields CredShields is building the next generation of offensive cybersecurity infrastructure through AI-powered penetration testing and continuous security validation. Our platform enables organizations to move beyond static, point-in-time assessments toward continuous, real-world security testing that identifies and remediates vulnerabilities before they can be exploited. Founded by a globally recognized team of cybersecurity researchers with Hall of Fame acknowledgements from Google",Wellfound,https://credshields.com,https://wellfound.com/jobs/4307336-sales-development-representative-sdr
Sales Development Representative (SDR),SalesUP,"New Delhi, Delhi, India",2026-01-19,https://wellfound.com/jobs/3768594-sales-development-representative-sdr,https://salesup.club,Actively Hiring,"Sales Development Representative (SDR) - SalesUP Location: Remote (India) Employment Type: Full-time Salary: ₹20,000 - ₹30,000 per month About SalesUP SalesUP is a B2B sales development outsourcing company that partners with global businesses to accelerate their pipeline growth. We work with VPs of Sales, Marketing leaders, and B2B founders across industries—helping them book qualified meetings and drive revenue without the overhead of building in-house SDR teams. The Role We're looking for hung",Wellfound,https://salesup.club,https://wellfound.com/jobs/3768594-sales-development-representative-sdr
Business Development Representative,CRUV,"Bengaluru, Karnataka, India",2026-08-19,https://wellfound.com/jobs/4607062-business-development-representative,https://cruv.org/,Actively Hiring,"Location: Bangalore,HSR Layout Work Mode: Work From Office Experience: 1-4 Years Employment Type: Full Time We are looking for a motivated and energetic Business Development Representative (BDR) to join our team in Bengaluru. This role is ideal for candidates who are interested in sales, client engagement, lead generation, and business growth. The candidate will work closely with the sales and business development team to identify potential clients and support revenue generation activities Key R",Wellfound,https://cruv.org/,https://wellfound.com/jobs/4607062-business-development-representative
Business Development Representative,DataBrain,"Tamil Nadu, India",2026-07-23,https://wellfound.com/jobs/4223965-2-business-development-representative,https://usedatabrain.com,Actively Hiring,"About DataBrain DataBrain is an AI-powered analytics platform that helps companies move from dashboards to decisions. Teams use DataBrain to embed analytics, metrics, and AI-powered insights directly into their products, and we’re building toward agentic analytics: AI agents that monitor business performance, surface opportunities and risks, and help teams act automatically. Customers like Spendflo, SpotDraft, Freightify, and EpochOS use DataBrain to power analytics for thousands of users. About",Wellfound,https://usedatabrain.com,https://wellfound.com/jobs/4223965-2-business-development-representative
Business Development Associate,uprio,"Bengaluru, Karnataka, India / Hyderabad, Telangana, India / Tamil Nadu, India",2026-09-17,https://wellfound.com/jobs/4728246-business-development-associate,https://www.uprio.com/,Actively Hiring,"Salary: INR 300000.0 - 500000.0 | Role: Business Development Associate | Company: uprio | Location: Bengaluru, Karnataka, India / Hyderabad, Telangana, India / Tamil Nadu, India",Wellfound,https://www.uprio.com/,https://wellfound.com/jobs/4728246-business-development-associate
Business Development Representative / Lead Generator — COMMISSION ONLY at STEP AI,Digital Gateway. STEP AI,"Boston, Massachusetts, United States / California, United States / Chicago, Illinois, United States / New York, New York, United States / Seattle, Washington, United States / Texas, United States / Washington, District of Columbia, United States / Florida, United States / Toronto, Ontario, Canada / Maine, United States / British Columbia, Canada / Ontario, Canada / Calgary, Alberta, Canada / Alberta, Canada / New York, United States / Tampa, Florida, United States / Kansas City, Missouri, United States / California City, California, United States",2026-09-04,https://wellfound.com/jobs/4677994-business-development-lead-generator-commission-only-at-step-ai-clone,https://step-ai.digital,Actively Hiring,"Commission Only — Startup Environment — Business Development / Lead Generation Role Important Compensation & Role Disclaimer Please read this section carefully before applying. This is a 100% commission-only independent contractor role. There is: • No base salary • No hourly pay • No monthly retainer • No guaranteed income • No paid training (you are not on payroll while you ramp up) • No employee benefits • No paid tools, paid software or paid accounts provided — you use your own outreach stack",Wellfound,https://step-ai.digital,https://wellfound.com/jobs/4677994-business-development-lead-generator-commission-only-at-step-ai-clone
Business Development Executive,TechUp Labs,"Surat, Gujarat, India",2026-08-25,https://wellfound.com/jobs/4607121-business-development-executive,http://techuplabs.com,Actively Hiring,"Company Overview: TechUp Labs is looking for a Business Development Executive who is driven, proactive, and passionate about building business opportunities and creating meaningful client relationships. We are looking for someone with prior experience in the service industry who understands client acquisition, lead generation, relationship management, and the complete business development cycle. The ideal candidate should be comfortable identifying prospects, initiating conversations, understand",Wellfound,http://techuplabs.com,https://wellfound.com/jobs/4607121-business-development-executive
Business Development Executive,MetaUpSpace,"Mumbai, Maharashtra, India",2026-08-21,https://wellfound.com/jobs/4607038-business-development-executive,https://www.metaupspace.com/,Actively Hiring,"Job Details: Role: Business Development Executive (BDE) Location: Mumbai Duration: 3-Month Probation to Full Time Employment Type: Full-Time Full Time CTC: ₹4.5– ₹6 LPA (Fixed +Variable) Experience Required: 1+ years Freshers with Relevant Internship Experience are encouraged to apply Position Summary: We are seeking a Business Development Executive to own the end-to-end sales lifecycle, from market research and lead generation to high-level negotiation and deal closure. In this role, you will l",Wellfound,https://www.metaupspace.com/,https://wellfound.com/jobs/4607038-business-development-executive
Business Development Executive (Brand Partnerships),Midnight Media,"Delhi, India / Mumbai, Maharashtra, India / Maharashtra, India / Thane, Maharashtra, India / Navi Mumbai, Maharashtra, India / Karnataka, India",2026-08-06,https://wellfound.com/jobs/4557441-business-development-executive-brand-partnerships,https://midnightmedia.in,Actively Hiring,"🚀 We're Hiring: Business Development Executive (Brand Partnerships) Midnight Media is looking for a driven Business Development Executive to help us build long-term partnerships with brands for creator and influencer marketing campaigns. If you enjoy sales, outreach, networking, and closing deals, this role is for you. What You'll Do Identify and research D2C brands across fashion, beauty, skincare, fitness, wellness, food, lifestyle, home, consumer tech, and other growing categories. Reach out",Wellfound,https://midnightmedia.in,https://wellfound.com/jobs/4557441-business-development-executive-brand-partnerships
Business Development Executive,Samaaro,"Bengaluru, Karnataka, India",2026-07-27,https://wellfound.com/jobs/4520965-business-development-executive,https://samaaro.com,Actively Hiring,"* About the Company * Samaaro is an AI-powered event marketing platform that enables marketing teams to turn events into a measurable growth channel by planning, promoting, executing, and measuring their business impact. We are building for marketing teams as they scale their event GTM, and we solve two hard problems for them: getting the right people in the room, and proving the ROI of events. Recognized by YourStory as one of the Top 30 Most Innovative Startups in India, Samaaro works with phe",Wellfound,https://samaaro.com,https://wellfound.com/jobs/4520965-business-development-executive
Business Development Executive job,Weborbitlab,India,2026-08-30,https://wellfound.com/jobs/4480919-business-development-executive-job,https://weborbitlab.com,Actively Hiring,"Role Overview As a Business Development Executive, you will be the bridge between our technical solutions and our clients' business needs. You will be responsible for identifying new market opportunities, cultivating relationships with prospective clients, and effectively communicating how our AI automation services can drive tangible value for their businesses. Responsibilities Lead Generation & Prospecting: Proactively identify and engage potential clients in target industries who can benefit",Wellfound,https://weborbitlab.com,https://wellfound.com/jobs/4480919-business-development-executive-job
Business Development Executive,Weborbitlab,India,2026-07-17,https://wellfound.com/jobs/4480917-business-development-executive,https://weborbitlab.com,Actively Hiring,"Role Overview As a Business Development Executive, you will be the bridge between our technical solutions and our clients' business needs. You will be responsible for identifying new market opportunities, cultivating relationships with prospective clients, and effectively communicating how our AI automation services can drive tangible value for their businesses. Responsibilities Lead Generation & Prospecting: Proactively identify and engage potential clients in target industries who can benefit",Wellfound,https://weborbitlab.com,https://wellfound.com/jobs/4480917-business-development-executive
Business Development Executive - IT Services (AI & Web),Solvornx Solutions,"Tamil Nadu, India",2026-06-23,https://wellfound.com/jobs/4377478-business-development-executive-it-services-ai-web,https://solvornx.com/,Actively Hiring,"Company : Solvornx Solutions Pvt. Ltd. Location : Chennai (on-site / hybrid) Experience : 1+ year in B2B IT services / software sales Type: Full-time About Solvornx Solvornx is an AI-powered engineering studio building web, mobile, SaaS, and AI products for clients across insurance, fintech, e-commerce, and manufacturing. We're a fast-moving team that ships real products and we're looking for someone who can own the sales pipeline end to end. The Role This is a full-cycle sales role. You own the",Wellfound,https://solvornx.com/,https://wellfound.com/jobs/4377478-business-development-executive-it-services-ai-web
Business Development Executive,ServiceHive,"New Delhi, Delhi, India",2026-09-03,https://wellfound.com/jobs/4238488-business-development-executive,https://servicehive.tech,Actively Hiring,"Key Responsibilities: Compensation Structure Base Salary: Fixed (as per experience and company standards) — does not include incentives Performance Incentive: 1.5% – 7.5% per deal/revenue generated Lead Generation & Prospecting Identify potential clients across startups, SMEs, and enterprises Build a qualified pipeline using cold calls, emails, LinkedIn, and outbound strategies Research target companies, decision-makers, and industry trends Client Engagement & Pitching Connect with founders, CFO",Wellfound,https://servicehive.tech,https://wellfound.com/jobs/4238488-business-development-executive
Inside Sales,1to1help,"Bengaluru, Karnataka, India",2026-09-15,https://wellfound.com/jobs/4718634-inside-sales,https://1to1help.com,Actively Hiring,"Job Purpose The Inside Sales Intern will support the sales team in lead generation, client outreach, and business development activities. This role is ideal for individuals looking to gain hands-on experience in sales, communication, and client engagement within a fast-paced environment. The candidate will assist in driving revenue growth by connecting with potential clients and supporting the end-to-end sales process. Key Responsibilities • Conduct outbound calls and emails to generate leads an",Wellfound,https://1to1help.com,https://wellfound.com/jobs/4718634-inside-sales
Inside Sales Associate,Rimigo,"Karnataka, India",2026-09-07,https://wellfound.com/jobs/4688463-inside-sales-associate,https://www.rimigo.com,Actively Hiring,"The Role As an Inside Sales Associate at Rimigo, you will be the primary point of contact for travellers looking to plan and book their next trip. This is a consultative, client-facing role where you will take ownership of the customer's journey — from understanding their travel preferences and designing the right trip to final booking confirmation and pre- and post-booking assistance. What You’ll Do Speak with travellers and understand their trip requirements Build strong relationships and act",Wellfound,https://www.rimigo.com,https://wellfound.com/jobs/4688463-inside-sales-associate
Founding Demand Generation Lead,Alloy River,"Toronto, Ontario, Canada",2026-08-21,https://wellfound.com/jobs/4618120-founding-demand-generation-lead,https://alloyriver.com,Actively Hiring,"About Alloy River Alloy River builds agentic applied AI for finance and accounting. Accounting today is fragmented, manual, and reactive. We believe it should be intelligent, structured, and operationally decisive. Our mission is to transform finance from a slow, labor-intensive, reporting function into a real-time, strategic engine for profit and control. We re-architected the general ledger from first principles, and layered automation, workflow orchestration, and applied AI directly into its",Wellfound,https://alloyriver.com,https://wellfound.com/jobs/4618120-founding-demand-generation-lead
Demand Generation,Lorikeet,United States,2026-09-16,https://wellfound.com/jobs/4594783-demand-generation,https://www.lorikeetcx.ai,Actively Hiring,"About Us Lorikeet is redefining what customer support looks like — and we're just getting started. We build AI that handles complex, high-volume support for fintechs, healthtechs, marketplaces, and delivery services. Not chatbot-tier AI. The kind that actually resolves tickets, gives support teams their time back, and raises the bar for what software can do. We're backed by over $50M USD from QED, Blackbird, and Square Peg, with backing from operators like Claire Hughes Johnson (ex-Stripe COO) a",Wellfound,https://www.lorikeetcx.ai,https://wellfound.com/jobs/4594783-demand-generation
"Demand Generation Manager, Industrials & Manufacturing",commercetools,"North Carolina, United States",2026-08-24,https://wellfound.com/jobs/4452953-demand-generation-manager-industrials-manufacturing,http://www.commercetools.com,Actively Hiring,"About commercetools Real innovation starts with a strong foundation, and at commercetools, that comes from the perfect balance of our product and our people. Behind every leap forward is a collective of builders, explorers, doers, makers, and problem-solvers. The kind of people who not only created composable commerce but also shaped the culture of experimentation that idea unlocked. Together they are the engine of commerce innovation today. At commercetools, we power the next era of commerce fo",Wellfound,http://www.commercetools.com,https://wellfound.com/jobs/4452953-demand-generation-manager-industrials-manufacturing
Lead Sales Representative,NeuralFactoryAI,"Noida, Uttar Pradesh, India",2026-07-13,https://wellfound.com/jobs/4463590-lead-sales-representative,https://www.neuralfactoryai.com/,Actively Hiring,"🚀 We’re Hiring — and we’re building something BIG. At NeuralFactoryAI, we’re solving a problem most manufacturers don’t even realize they have: 👉 Factories are losing CRORES due to tiny inefficiencies 👉 Even a 1 gram overfill = massive annual loss 👉 And no one is fixing it at scale We are. We’re building AI-driven manufacturing systems to deliver: ⚡ Zero Dosing Error ⚡ Zero Manual Dependency ⚡ Zero Yield Loss And now, we’re looking for a Lead Sales Representative to help us scale this mission. 📍",Wellfound,https://www.neuralfactoryai.com/,https://wellfound.com/jobs/4463590-lead-sales-representative
Sales Representative,RoleColorAI,"Tamil Nadu, India",2026-08-19,https://wellfound.com/jobs/4607090-sales-representative,https://rolecolorfinder.com,Actively Hiring,"About RoleColorFinder RoleColorFinder is a behavioral leadership assessment platform built to solve a problem most HR tools ignore: people don't fail because of their personality — they fail because they're in the wrong role under pressure. Our proprietary Red/Yellow/Green/Blue framework measures how people actually perform under stress, not just how they describe themselves on a survey. We call the cost of getting this wrong the ""Behavioral Tax,"" and we help HR leaders, ops leaders, and school",Wellfound,https://rolecolorfinder.com,https://wellfound.com/jobs/4607090-sales-representative
Sales Representative — Hotel Industry,Theryxstudio,"Gujarat, India",2026-09-19,https://wellfound.com/jobs/4656824-sales-representative-hotel-industry,https://theryxstudio.in,Actively Hiring,"We’re looking for a B2B Sales Representative — Hospitality to help us bring Hotel Friendly to hotels across India. You’ll be responsible for identifying potential hotel clients, reaching out to owners and managers, presenting Hotel Friendly, building relationships, and helping turn conversations into customers. What we’re looking for: Strong communication and confidence Comfortable with outreach and sales conversations Self-driven and willing to learn Comfortable handling rejection and following",Wellfound,https://theryxstudio.in,https://wellfound.com/jobs/4656824-sales-representative-hotel-industry
Sales Representative – Event Lead Management SaaS Product,tutordock.ai,"Hyderabad, Telangana, India",2026-08-31,https://wellfound.com/jobs/4657018-sales-representative-event-lead-management-saas-product,https://tutordock.ai,Actively Hiring,"Lead Recorder is a stealth-stage startup building the next generation of event lead capture and management software. Our platform enables field sales representatives to make the most of their conversations and meetings at events by ensuring each conversation is captured, transcribed for the marketing team to initiate successful nurture campaigns, ensure MQLs conversion to SQLs and ROI from the events. We're growing our early go-to-market team and looking for a driven, entry-level Sales Represent",Wellfound,https://tutordock.ai,https://wellfound.com/jobs/4657018-sales-representative-event-lead-management-saas-product
Sales Development Representative (SDR) — Remote India,Reece,"Davenport, Iowa, United States",2026-08-25,https://wellfound.com/jobs/4628458-sales-development-representative-sdr-remote-india-clone,https://callreece.ai,Actively Hiring,"Reece is hiring a remote Sales Development Representative (SDR) in India to help build outbound sales for our US small-business market. Reece builds AI receptionist software that helps small businesses answer and manage customer calls. You’ll work directly with the founder and own focused prospecting, qualification, and accurate follow-up. What you’ll do Research and prospect appropriate US small and midsize businesses. Cold-call owners and decision-makers. Use truthful email and LinkedIn outrea",Wellfound,https://callreece.ai,https://wellfound.com/jobs/4628458-sales-development-representative-sdr-remote-india-clone
Technical Sales Specialist / Inside Sales (LIMS & ELN),NRV LAB INFORMATICS,"Bengaluru, Karnataka, India",2026-09-07,https://wellfound.com/jobs/4688353-technical-sales-specialist-inside-sales-lims-eln,https://nrvlabinformatics.org/,Actively Hiring,"Job Title: Technical Sales Specialist / Inside Sales (LIMS & ELN) Company: NRV Lab Informatics Location: 100% Remote Target Markets: India (Primary Sales) & GCC (Pre-Sales Support) Employment Type: Full-time About Us NRV Lab Informatics are fast-growing consultancy and product providers specializing in digital transformation for modern laboratories. Based in the UAE (Ajman Free Zone), we hold exclusive partnerships with leading platforms like TRAZiT and MediLIMS, and provide specialized applicat",Wellfound,https://nrvlabinformatics.org/,https://wellfound.com/jobs/4688353-technical-sales-specialist-inside-sales-lims-eln
BUSINESS DEVELOPMENT & MARKET EXPANSION LEAD,Friss India,"California, United States / Dubai, United Arab Emirates / New York, New York, United States / California, United States / Washington, District of Columbia, United States / Alberta, Canada / Hyderabad, Telangana, India / United Arab Emirates",2026-09-14,https://wellfound.com/jobs/4716575-business-development-market-expansion-lead,https://www.frissindia.in,Actively Hiring,"BUSINESS DEVELOPMENT EXPERT — BUILD MARKETS. CREATE REVENUE. GO GLOBAL. Friss India | Remote | Worldwide | Full-Time | 5+ Years Experience 🚀 WE ARE NOT HIRING A TRADITIONAL SALESPERSON. WE ARE HIRING A BUSINESS BUILDER. Friss India is looking for an exceptionally driven Business Development Expert who can take complete ownership of market expansion, strategic partnerships, client acquisition and revenue generation across India, GCC & Europe. This is a high-ownership, self-starter role for someon",Wellfound,https://www.frissindia.in,https://wellfound.com/jobs/4716575-business-development-market-expansion-lead
